ts,run_id,event,strategy,asset,slug,left_s,bn_px,up_ask,up_bid,up_spread,up_bid_sz,up_ask_sz,up_n_bids,up_n_asks,up_age_ms,dn_ask,dn_bid,dn_spread,dn_bid_sz,dn_ask_sz,dn_n_bids,dn_n_asks,dn_age_ms,fill_up,fill_dn,cost_up,cost_dn,dump_side,dump_px,dump_bid,dump_bid_src,dump_rec,cl_open,cl_close,cl_delta_pct,settle_dir,settle_src,clob_up_bid,clob_dn_bid,entry_fees,dump_fee,pnl,cum_pnl,cap,w,l,flags,
2026-03-08T20:07:23.083639570+00:00,R0308_200647,ENTRY,S3,btc,btc-updown-5m-1773000300,157,67230.24,0.49,0.47,0.02,42.2,52.8,47,51,0,0.53,0.51,0.02,52.8,42.2,51,47,0,0.491,0.531,5,5,,,,,,,,,,,,,,,,,,,,,
2026-03-08T20:07:24.111537234+00:00,R0308_200647,ENTRY,S3,eth,eth-updown-5m-1773000300,156,1960.08,0.52,0.51,0.01,5.5,8,51,48,0,0.49,0.48,0.01,8,5.5,48,51,0,0.521,0.491,5,5,,,,,,,,,,,,,,,,,,,,,
2026-03-08T20:07:24.111800561+00:00,R0308_200647,ENTRY,S3,sol,sol-updown-5m-1773000300,156,82.26,0.53,0.52,0.01,22.4,14,50,47,0,0.48,0.47,0.01,14,22.4,47,50,0,0.531,0.481,5,5,,,,,,,,,,,,,,,,,,,,,
2026-03-08T20:07:35.615149754+00:00,R0308_200647,ENTRY,S3,xrp,xrp-updown-5m-1773000300,145,1.35,0.5,0.49,0.01,15,10,49,48,0,0.51,0.5,0.01,10,15,48,49,0,0.501,0.511,5,5,,,,,,,,,,,,,,,,,,,,,
2026-03-08T20:10:10.233914239+00:00,R0308_200647,ENTRY,S3,sol,sol-updown-5m-1773000600,290,82.25,0.5,0.49,0.01,14.9,27,49,50,0,0.51,0.5,0.01,27,14.9,50,49,0,0.501,0.511,5,5,,,,,,,,,,,,,,,,,,,,,
2026-03-08T20:10:10.234069804+00:00,R0308_200647,ENTRY,S3,xrp,xrp-updown-5m-1773000600,290,1.35,0.49,0.48,0.01,36,26,48,51,0,0.52,0.51,0.01,26,36,51,48,0,0.491,0.521,5,5,,,,,,,,,,,,,,,,,,,,,
2026-03-08T20:10:14.362789895+00:00,R0308_200647,ENTRY,S3,btc,btc-updown-5m-1773000600,286,67191.67,0.5,0.49,0.01,216.4,81.3,49,50,0,0.51,0.5,0.01,81.3,216.4,50,49,0,0.501,0.511,5,5,,,,,,,,,,,,,,,,,,,,,
2026-03-08T20:12:30.563577636+00:00,R0308_200647,ENTRY,S3,eth,eth-updown-5m-1773000600,150,1958.86,0.53,0.52,0.01,101.4,13,52,47,0,0.48,0.47,0.01,13,101.4,47,52,0,0.531,0.481,5,5,,,,,,,,,,,,,,,,,,,,,
2026-03-08T20:14:31.783445984+00:00,R0308_200647,DUMP,S3,sol,sol-updown-5m-1773000600,29,82.16,,,,,,,,,,,,,14.7,,3,96,,,,,UP,0.03,0.03,REAL,0.2994,82.27,82.15,-0.1409,,,,,,,,,,,,,MAKER_FILL
2026-03-08T20:14:32.816085967+00:00,R0308_200647,DUMP,S3,eth,eth-updown-5m-1773000600,28,1956.38,,,,,,,,,,,,,11.5,,2,97,,,,,UP,0.02,0.02,REAL,0.1883,1958.74,1956.26,-0.1266,,,,,,,,,,,,,MAKER_FILL
2026-03-08T20:14:33.847251961+00:00,R0308_200647,DUMP,S3,xrp,xrp-updown-5m-1773000600,27,1.35,,,,,,,,,,,,,40,,10,28,,,,,UP,0.099,0.1,REAL,1.0081,1.35,1.35,-0.0554,,,,,,,,,,,,,TAKER_FORCE
2026-03-08T20:14:33.847423861+00:00,R0308_200647,DUMP,S3,btc,btc-updown-5m-1773000600,27,67116.39,,,,,,,,,,,,,0,,0,95,,,,,UP,0.199,0.2,EST,1.986,67204.55,67107.69,-0.1441,,,,,,,,,,,,,TAKER_FORCE|EST_BID
2026-03-08T20:15:00.919202291+00:00,R0308_200647,SETTLE,S3,xrp,xrp-updown-5m-1773000600,0,1.35,,,0.01,,,,,,,,0.01,,,,,,,,,,,0.099,,,1.35,1.35,-0.0769,DOWN,CL,0,0.99,0.3088,0.0568,0.2396,0.2396,100.2396,1,0,,,
2026-03-08T20:15:00.919361821+00:00,R0308_200647,SETTLE,S3,sol,sol-updown-5m-1773000600,0,82.12,,,0.01,,,,,,,,0.01,,,,,,,,,,,0.03,,,82.27,82.13,-0.1676,DOWN,CL,0,0.99,0.3087,0.0182,-0.2428,-0.2428,99.7572,0,1,,,
2026-03-08T20:15:00.919440300+00:00,R0308_200647,SETTLE,S3,btc,btc-updown-5m-1773000600,0,67100.21,,,0.01,,,,,,,,0.01,,,,,,,,,,,0.199,,,67204.55,67101.29,-0.1536,DOWN,CL,0,0.99,0.3087,0.0994,1.3626,1.3626,101.3626,1,0,,,
2026-03-08T20:15:00.919529664+00:00,R0308_200647,SETTLE,S3,eth,eth-updown-5m-1773000600,0,1954.66,,,0.01,,,,,,,,0.01,,,,,,,,,,,0.02,,,1958.74,1954.94,-0.194,DOWN,CL,0,0.99,0.3087,0.0115,0.263,0.263,100.263,1,0,,,
2026-03-08T20:15:10.376819417+00:00,R0308_200647,ENTRY,S3,btc,btc-updown-5m-1773000900,290,67097.39,0.53,0.52,0.01,25.5,244.8,52,47,0,0.48,0.47,0.01,244.8,25.5,47,52,0,0.531,0.481,5,5,,,,,,,,,,,,,,,,,,,,,
2026-03-08T20:15:10.377060800+00:00,R0308_200647,ENTRY,S3,eth,eth-updown-5m-1773000900,290,1955.13,0.53,0.52,0.01,38,81,52,47,0,0.48,0.47,0.01,81,38,47,52,0,0.531,0.481,5,5,,,,,,,,,,,,,,,,,,,,,
2026-03-08T20:15:10.377133891+00:00,R0308_200647,ENTRY,S3,sol,sol-updown-5m-1773000900,290,82.12,0.49,0.48,0.01,15,51.8,48,51,0,0.52,0.51,0.01,51.8,15,51,48,0,0.491,0.521,5,5,,,,,,,,,,,,,,,,,,,,,
2026-03-08T20:15:10.377232160+00:00,R0308_200647,ENTRY,S3,xrp,xrp-updown-5m-1773000900,290,1.35,0.5,0.49,0.01,10,29.2,49,50,0,0.51,0.5,0.01,29.2,10,50,49,0,0.501,0.511,5,5,,,,,,,,,,,,,,,,,,,,,
2026-03-08T20:19:33.889862749+00:00,R0308_200647,DUMP,S3,xrp,xrp-updown-5m-1773000900,27,1.35,,,,,,,,,,,,,0,,0,99,,,,,DN,0.199,0.2,EST,1.9472,1.35,1.35,0.1236,,,,,,,,,,,,,TAKER_FORCE|EST_BID
2026-03-08T20:19:33.889993486+00:00,R0308_200647,DUMP,S3,sol,sol-updown-5m-1773000900,27,82.35,,,,,,,,,,,,,0,,0,99,,,,,DN,0.099,0.1,EST,0.9501,82.14,82.36,0.2758,,,,,,,,,,,,,TAKER_FORCE|EST_BID
2026-03-08T20:19:33.890054688+00:00,R0308_200647,DUMP,S3,btc,btc-updown-5m-1773000900,27,67190.1,,,,,,,,,,,,,7163.5,,2,83,,,,,DN,0.019,0.02,REAL,0.1975,67102.8,67191.52,0.1322,,,,,,,,,,,,,TAKER_FORCE
2026-03-08T20:19:33.890120368+00:00,R0308_200647,DUMP,S3,eth,eth-updown-5m-1773000900,27,1959.5,,,,,,,,,,,,,0,,0,99,,,,,DN,0.099,0.1,EST,1.0291,1955.44,1959.38,0.2014,,,,,,,,,,,,,TAKER_FORCE|EST_BID
2026-03-08T20:20:00.966710388+00:00,R0308_200647,SETTLE,S3,xrp,xrp-updown-5m-1773000900,0,1.35,,,0.01,,,,,,,,0.01,,,,,,,,,,,0.199,,,1.35,1.35,0.1049,UP,CL,0.99,0,0.3087,0.0975,1.521,3.1434,103.1434,4,1,,,
2026-03-08T20:20:00.966882448+00:00,R0308_200647,SETTLE,S3,sol,sol-updown-5m-1773000900,0,82.3,,,0.01,,,,,,,,0.01,,,,,,,,,,,0.099,,,82.14,82.33,0.2337,UP,CL,0.999,0,0.3088,0.0535,0.7711,2.3936,102.3936,4,1,,,
2026-03-08T20:20:00.966978172+00:00,R0308_200647,SETTLE,S3,btc,btc-updown-5m-1773000900,0,67179.71,,,0.01,,,,,,,,0.01,,,,,,,,,,,0.019,,,67102.8,67183.75,0.1206,UP,CL,0.99,0,0.3087,0.0121,-0.7072,0.9153,100.9153,3,2,,,
2026-03-08T20:20:00.967070191+00:00,R0308_200647,SETTLE,S3,eth,eth-updown-5m-1773000900,0,1959.02,,,0.01,,,,,,,,0.01,,,,,,,,,,,0.099,,,1955.44,1959.17,0.1908,UP,CL,0.99,0,0.3087,0.058,0.0786,1.701,101.701,4,1,,,
2026-03-08T20:20:10.397122324+00:00,R0308_200647,ENTRY,S3,btc,btc-updown-5m-1773001200,290,67178.02,0.5,0.49,0.01,175.2,152.6,49,50,0,0.51,0.5,0.01,152.6,175.2,50,49,0,0.501,0.511,5,5,,,,,,,,,,,,,,,,,,,,,
2026-03-08T20:20:10.397284609+00:00,R0308_200647,ENTRY,S3,eth,eth-updown-5m-1773001200,290,1959.21,0.52,0.51,0.01,41.2,88.1,51,48,0,0.49,0.48,0.01,88.1,41.2,48,51,0,0.521,0.491,5,5,,,,,,,,,,,,,,,,,,,,,
2026-03-08T20:20:10.397373684+00:00,R0308_200647,ENTRY,S3,xrp,xrp-updown-5m-1773001200,290,1.35,0.48,0.47,0.01,29.5,7,47,52,0,0.53,0.52,0.01,7,29.5,52,47,0,0.481,0.531,5,5,,,,,,,,,,,,,,,,,,,,,
2026-03-08T20:24:31.363720314+00:00,R0308_200647,DUMP,S3,xrp,xrp-updown-5m-1773001200,29,1.35,,,,,,,,,,,,,15,,81,8,,,,,DN,0.28,0.89,REAL,2.6365,1.35,1.35,0.0084,,,,,,,,,,,,,MAKER_FILL
2026-03-08T20:24:33.441076042+00:00,R0308_200647,DUMP,S3,btc,btc-updown-5m-1773001200,27,67053.15,,,,,,,,,,,,,752.3,,2,97,,,,,UP,0.019,0.02,REAL,0.1896,67184.99,67074.87,-0.1639,,,,,,,,,,,,,TAKER_FORCE
2026-03-08T20:24:33.441207791+00:00,R0308_200647,DUMP,S3,eth,eth-updown-5m-1773001200,27,1954.05,,,,,,,,,,,,,0,,0,99,,,,,UP,0.199,0.2,EST,1.9098,1959.22,1956.5,-0.1388,,,,,,,,,,,,,TAKER_FORCE|EST_BID
2026-03-08T20:25:00.935613199+00:00,R0308_200647,SETTLE,S3,btc,btc-updown-5m-1773001200,0,67052.83,,,0.01,,,,,,,,0.01,,,,,,,,,,,0.019,,,67184.99,67048.97,-0.2025,DOWN,CL,0,0.99,0.3087,0.0116,-0.346,2.94,102.94,6,3,,,
2026-03-08T20:25:00.935851167+00:00,R0308_200647,SETTLE,S3,eth,eth-updown-5m-1773001200,0,1954.68,,,0.01,,,,,,,,0.01,,,,,,,,,,,0.199,,,1959.22,1954.72,-0.2294,DOWN,CL,0,0.99,0.3088,0.0956,1.6887,4.9747,104.9747,7,2,,,
2026-03-08T20:25:00.935938339+00:00,R0308_200647,SETTLE,S3,xrp,xrp-updown-5m-1773001200,0,1.35,,,0.01,,,,,,,,0.01,,,,,,,,,,,0.28,,,1.35,1.35,-0.0705,DOWN,CL,0,0.99,0.3087,0.131,1.8871,5.1731,105.1731,7,2,,,
2026-03-08T20:25:10.418227053+00:00,R0308_200647,ENTRY,S3,eth,eth-updown-5m-1773001500,290,1954.65,0.51,0.5,0.01,17,22,50,49,0,0.5,0.49,0.01,22,17,49,50,0,0.511,0.501,5,5,,,,,,,,,,,,,,,,,,,,,
2026-03-08T20:25:10.418381045+00:00,R0308_200647,ENTRY,S3,sol,sol-updown-5m-1773001500,290,82.19,0.52,0.47,0.05,20,18,47,48,0,0.53,0.48,0.05,18,20,48,47,0,0.521,0.531,5,5,,,,,,,,,,,,,,,,,,,WIDE_SPREAD_UP|WIDE_SPREAD_DN,,
2026-03-08T20:25:10.418475448+00:00,R0308_200647,ENTRY,S3,xrp,xrp-updown-5m-1773001500,290,1.35,0.5,0.48,0.02,21,14,48,50,0,0.52,0.5,0.02,14,21,50,48,0,0.501,0.521,5,5,,,,,,,,,,,,,,,,,,,,,
2026-03-08T20:25:50.367540205+00:00,R0308_200647,ENTRY,S3,btc,btc-updown-5m-1773001500,250,67065.04,0.51,0.5,0.01,143.1,3,50,48,0,0.5,0.49,0.01,3,143.1,48,50,0,0.511,0.501,5,5,,,,,,,,,,,,,,,,,,,,,
2026-03-08T20:29:31.992235129+00:00,R0308_200647,DUMP,S3,xrp,xrp-updown-5m-1773001500,29,1.35,,,,,,,,,,,,,20,,44,47,,,,,DN,0.5,0.52,REAL,4.7985,1.35,1.35,0.0302,,,,,,,,,,,,,MAKER_FILL
2026-03-08T20:29:31.992349711+00:00,R0308_200647,DUMP,S3,eth,eth-updown-5m-1773001500,29,1956.83,,,,,,,,,,,,,284,,3,96,,,,,DN,0.03,0.03,REAL,0.2994,1954.46,1957.07,0.1334,,,,,,,,,,,,,MAKER_FILL
2026-03-08T20:29:31.992408941+00:00,R0308_200647,DUMP,S3,btc,btc-updown-5m-1773001500,29,67071.42,,,,,,,,,,,,,206.3,,41,45,,,,,DN,0.41,0.46,REAL,4.0918,67050.68,67084.74,0.0508,,,,,,,,,,,,,MAKER_FILL
2026-03-08T20:29:33.220225412+00:00,R0308_200647,DUMP,S3,sol,sol-updown-5m-1773001500,27,82.22,,,,,,,,,,,,,29.7,,19,78,,,,,DN,0.209,0.21,REAL,1.968,82.17,82.22,0.0494,,,,,,,,,,,,,TAKER_FORCE
2026-03-08T20:30:00.615143205+00:00,R0308_200647,SETTLE,S3,xrp,xrp-updown-5m-1773001500,0,1.35,,,0.02,,,,,,,,0.02,,,,,,,,,,,0.5,,,1.35,1.35,-0.0171,DOWN,CL,0,0.99,0.3056,0.1559,4.1254,10.6412,110.6412,9,3,,,
2026-03-08T20:30:00.615322485+00:00,R0308_200647,SETTLE,S3,eth,eth-updown-5m-1773001500,0,1956.3,,,0.01,,,,,,,,0.01,,,,,,,,,,,0.03,,,1954.46,1956.19,0.0882,UP,CL,0.99,0,0.3087,0.0182,-0.2428,6.273,106.273,8,4,,,
2026-03-08T20:30:00.615456197+00:00,R0308_200647,SETTLE,S3,sol,sol-updown-5m-1773001500,0,82.19,,,0.05,,,,,,,,0.05,,,,,,,,,,,0.209,,,82.17,82.19,0.0227,UP,CL,0.99,0,0.2963,0.0973,1.1714,7.6871,107.6871,9,3,,,
2026-03-08T20:30:00.615580164+00:00,R0308_200647,SETTLE,S3,btc,btc-updown-5m-1773001500,0,67031.8,,,0.01,,,,,,,,0.01,,,,,,,,,,,0.41,,,67050.68,67033.78,-0.0252,DOWN,CL,0,0.99,0.3087,0.1479,3.5351,10.0509,110.0509,9,3,,,
2026-03-08T20:30:10.354980335+00:00,R0308_200647,ENTRY,S3,btc,btc-updown-5m-1773001800,290,67028.45,0.5,0.49,0.01,63.4,642.5,49,50,0,0.51,0.5,0.01,642.5,63.4,50,49,0,0.501,0.511,5,5,,,,,,,,,,,,,,,,,,,,,
2026-03-08T20:30:10.355124472+00:00,R0308_200647,ENTRY,S3,sol,sol-updown-5m-1773001800,290,82.18,0.49,0.48,0.01,98.8,43,48,51,0,0.52,0.51,0.01,43,98.8,51,48,0,0.491,0.521,5,5,,,,,,,,,,,,,,,,,,,,,
2026-03-08T20:30:10.355209481+00:00,R0308_200647,ENTRY,S3,xrp,xrp-updown-5m-1773001800,290,1.35,0.51,0.49,0.02,10,42.1,49,49,0,0.51,0.49,0.02,42.1,10,49,49,0,0.511,0.511,5,5,,,,,,,,,,,,,,,,,,,,,
2026-03-08T20:30:18.865052453+00:00,R0308_200647,ENTRY,S3,eth,eth-updown-5m-1773001800,282,1956.64,0.53,0.52,0.01,26,30,52,47,0,0.48,0.47,0.01,30,26,47,52,0,0.531,0.481,5,5,,,,,,,,,,,,,,,,,,,,,
2026-03-08T20:34:33.834210218+00:00,R0308_200647,DUMP,S3,xrp,xrp-updown-5m-1773001800,27,1.36,,,,,,,,,,,,,0,,0,28,,,,,DN,0.099,0.1,EST,0.9687,1.35,1.36,0.2527,,,,,,,,,,,,,TAKER_FORCE|EST_BID
2026-03-08T20:34:33.834326323+00:00,R0308_200647,DUMP,S3,sol,sol-updown-5m-1773001800,27,82.44,,,,,,,,,,,,,0,,0,99,,,,,DN,0.099,0.1,EST,0.9501,82.21,82.43,0.2665,,,,,,,,,,,,,TAKER_FORCE|EST_BID
2026-03-08T20:34:33.834379193+00:00,R0308_200647,DUMP,S3,btc,btc-updown-5m-1773001800,27,67262.28,,,,,,,,,,,,,0,,0,99,,,,,DN,0.049,0.05,EST,0.4795,67056.73,67259.77,0.3028,,,,,,,,,,,,,TAKER_FORCE|EST_BID
2026-03-08T20:34:33.834409338+00:00,R0308_200647,DUMP,S3,eth,eth-updown-5m-1773001800,27,1961.31,,,,,,,,,,,,,0,,0,98,,,,,DN,0.099,0.1,EST,1.0291,1956.56,1961.13,0.2339,,,,,,,,,,,,,TAKER_FORCE|EST_BID
2026-03-08T20:35:00.080783488+00:00,R0308_200647,SETTLE,S3,xrp,xrp-updown-5m-1773001800,0,1.36,,,0.02,,,,,,,,0.02,,,,,,,,,,,0.099,,,1.35,1.36,0.3618,UP,CL,0.99,0,0.3056,0.0545,0.3933,15.4981,115.4981,12,4,,,
2026-03-08T20:35:00.080898731+00:00,R0308_200647,SETTLE,S3,sol,sol-updown-5m-1773001800,0,82.56,,,0.01,,,,,,,,0.01,,,,,,,,,,,0.099,,,82.21,82.55,0.4046,UP,CL,0.99,0,0.3088,0.0535,0.7711,15.876,115.876,12,4,,,
2026-03-08T20:35:00.080969858+00:00,R0308_200647,SETTLE,S3,btc,btc-updown-5m-1773001800,0,67364.01,,,0.01,,,,,,,,0.01,,,,,,,,,,,0.049,,,67056.73,67359.07,0.4509,UP,CL,0.99,0,0.3087,0.0285,0.1222,15.2271,115.2271,12,4,,,
2026-03-08T20:35:00.081040475+00:00,R0308_200647,SETTLE,S3,eth,eth-updown-5m-1773001800,0,1964.04,,,0.01,,,,,,,,0.01,,,,,,,,,,,0.099,,,1956.56,1963.81,0.3706,UP,CL,0.99,0,0.3087,0.058,0.0786,15.1835,115.1835,12,4,,,
2026-03-08T20:35:10.604647595+00:00,R0308_200647,ENTRY,S3,btc,btc-updown-5m-1773002100,290,67368.92,0.51,0.5,0.01,123.1,24,50,49,0,0.5,0.49,0.01,24,123.1,49,50,0,0.511,0.501,5,5,,,,,,,,,,,,,,,,,,,,,
2026-03-08T20:35:10.604882849+00:00,R0308_200647,ENTRY,S3,eth,eth-updown-5m-1773002100,290,1964.25,0.51,0.5,0.01,31.9,113,50,49,0,0.5,0.49,0.01,113,31.9,49,50,0,0.511,0.501,5,5,,,,,,,,,,,,,,,,,,,,,
2026-03-08T20:35:10.604975419+00:00,R0308_200647,ENTRY,S3,sol,sol-updown-5m-1773002100,290,82.56,0.53,0.52,0.01,56.4,107.6,52,47,0,0.48,0.47,0.01,107.6,56.4,47,52,0,0.531,0.481,5,5,,,,,,,,,,,,,,,,,,,,,
2026-03-08T20:35:10.605061428+00:00,R0308_200647,ENTRY,S3,xrp,xrp-updown-5m-1773002100,290,1.36,0.51,0.5,0.01,14,12,50,49,0,0.5,0.49,0.01,12,14,49,50,0,0.511,0.501,5,5,,,,,,,,,,,,,,,,,,,,,
2026-03-08T20:39:31.495695574+00:00,R0308_200647,DUMP,S3,btc,btc-updown-5m-1773002100,29,67420,,,,,,,,,,,,,6.7,,10,89,,,,,DN,0.1,0.1,REAL,0.998,67363.45,67413.54,0.0744,,,,,,,,,,,,,MAKER_FILL
2026-03-08T20:39:33.570986554+00:00,R0308_200647,DUMP,S3,xrp,xrp-updown-5m-1773002100,27,1.36,,,,,,,,,,,,,1474.9,,1,30,,,,,DN,0.01,0.01,REAL,0.0998,1.36,1.36,0.0988,,,,,,,,,,,,,TAKER_FORCE
2026-03-08T20:39:33.571095268+00:00,R0308_200647,DUMP,S3,eth,eth-updown-5m-1773002100,27,1966.79,,,,,,,,,,,,,0,,0,99,,,,,DN,0.199,0.2,EST,1.986,1963.86,1966.62,0.1406,,,,,,,,,,,,,TAKER_FORCE|EST_BID
2026-03-08T20:39:33.571151382+00:00,R0308_200647,DUMP,S3,sol,sol-updown-5m-1773002100,27,82.72,,,,,,,,,,,,,0,,0,99,,,,,DN,0.099,0.1,EST,1.0291,82.56,82.73,0.2066,,,,,,,,,,,,,TAKER_FORCE|EST_BID
2026-03-08T20:40:00.993338608+00:00,R0308_200647,SETTLE,S3,xrp,xrp-updown-5m-1773002100,0,1.36,,,0.01,,,,,,,,0.01,,,,,,,,,,,0.01,,,1.36,1.36,0.0684,UP,CL,0.999,0,0.3087,0.0062,-0.4304,16.0397,116.0397,15,5,,,
2026-03-08T20:40:00.993483486+00:00,R0308_200647,SETTLE,S3,eth,eth-updown-5m-1773002100,0,1965.17,,,0.01,,,,,,,,0.01,,,,,,,,,,,0.199,,,1963.86,1966.38,0.1283,UP,CL,0.999,0,0.3087,0.0994,1.3626,17.8327,117.8327,16,4,,,
2026-03-08T20:40:00.993584678+00:00,R0308_200647,SETTLE,S3,btc,btc-updown-5m-1773002100,0,67364.64,,,0.01,,,,,,,,0.01,,,,,,,,,,,0.1,,,67363.45,67397.89,0.0511,UP,CL,0.999,0,0.3087,0.0561,0.4179,16.8879,116.8879,16,4,,,
2026-03-08T20:40:00.993665250+00:00,R0308_200647,SETTLE,S3,sol,sol-updown-5m-1773002100,0,82.66,,,0.01,,,,,,,,0.01,,,,,,,,,,,0.099,,,82.56,82.71,0.1901,UP,CL,0.999,0,0.3087,0.058,0.0786,16.5487,116.5487,16,4,,,
2026-03-08T20:40:10.617741531+00:00,R0308_200647,ENTRY,S3,btc,btc-updown-5m-1773002400,290,67381.44,0.51,0.5,0.01,39,125.7,50,49,0,0.5,0.49,0.01,125.7,39,49,50,0,0.511,0.501,5,5,,,,,,,,,,,,,,,,,,,,,
2026-03-08T20:40:10.618338591+00:00,R0308_200647,ENTRY,S3,eth,eth-updown-5m-1773002400,290,1965.92,0.49,0.48,0.01,10,199.1,48,51,0,0.52,0.51,0.01,199.1,10,51,48,0,0.491,0.521,5,5,,,,,,,,,,,,,,,,,,,,,
2026-03-08T20:40:16.882648330+00:00,R0308_200647,ENTRY,S3,sol,sol-updown-5m-1773002400,284,82.7,0.49,0.48,0.01,147.6,25.3,48,51,0,0.52,0.51,0.01,25.3,147.6,51,48,0,0.491,0.521,5,5,,,,,,,,,,,,,,,,,,,,,
2026-03-08T20:40:43.369394899+00:00,R0308_200647,ENTRY,S3,xrp,xrp-updown-5m-1773002400,257,1.36,0.49,0.48,0.01,23.7,72.7,48,49,0,0.52,0.51,0.01,72.7,23.7,49,48,0,0.491,0.521,5,5,,,,,,,,,,,,,,,,,,,,,
2026-03-08T20:44:33.850588884+00:00,R0308_200647,DUMP,S3,eth,eth-updown-5m-1773002400,27,1965.66,,,,,,,,,,,,,60,,30,68,,,,,UP,0.299,0.3,REAL,3.0448,1966.42,1965.39,-0.0524,,,,,,,,,,,,,TAKER_FORCE
2026-03-08T20:44:33.850700051+00:00,R0308_200647,DUMP,S3,btc,btc-updown-5m-1773002400,27,67357.45,,,,,,,,,,,,,635.9,,25,73,,,,,UP,0.22,0.25,REAL,2.1526,67398.32,67356.61,-0.0619,,,,,,,,,,,,,MAKER_FILL
2026-03-08T20:44:33.850774764+00:00,R0308_200647,DUMP,S3,sol,sol-updown-5m-1773002400,27,82.71,,,,,,,,,,,,,10,,26,73,,,,,DN,0.26,0.26,REAL,2.4952,82.71,82.71,0.0008,,,,,,,,,,,,,MAKER_FILL
2026-03-08T20:44:33.850831829+00:00,R0308_200647,DUMP,S3,xrp,xrp-updown-5m-1773002400,27,1.36,,,,,,,,,,,,,26,,11,28,,,,,UP,0.129,0.13,REAL,1.3136,1.36,1.36,-0.0801,,,,,,,,,,,,,TAKER_FORCE
2026-03-08T20:45:01.020177255+00:00,R0308_200647,SETTLE,S3,eth,eth-updown-5m-1773002400,0,1964.87,,,0.01,,,,,,,,0.01,,,,,,,,,,,0.299,,,1966.42,1965.36,-0.0535,DOWN,CL,0,0.99,0.3088,0.1334,2.1996,20.0983,120.0983,19,5,,,
2026-03-08T20:45:01.020347432+00:00,R0308_200647,SETTLE,S3,btc,btc-updown-5m-1773002400,0,67342.76,,,0.01,,,,,,,,0.01,,,,,,,,,,,0.22,,,67398.32,67346.29,-0.0772,DOWN,CL,0,0.99,0.3087,0.1049,1.719,19.6177,119.6177,19,5,,,
2026-03-08T20:45:01.020470387+00:00,R0308_200647,SETTLE,S3,sol,sol-updown-5m-1773002400,0,82.65,,,0.01,,,,,,,,0.01,,,,,,,,,,,0.26,,,82.71,82.68,-0.0363,DOWN,CL,0,0.99,0.3088,0.1225,1.8134,19.7121,119.7121,19,5,,,
2026-03-08T20:45:01.020615135+00:00,R0308_200647,SETTLE,S3,xrp,xrp-updown-5m-1773002400,0,1.36,,,0.01,,,,,,,,0.01,,,,,,,,,,,0.129,,,1.36,1.36,-0.103,DOWN,CL,0,0.99,0.3088,0.0715,0.5303,18.4291,118.4291,19,5,,,
2026-03-08T20:47:02.146785589+00:00,R0308_200647,ENTRY,S3,eth,eth-updown-5m-1773002700,178,1965.37,0.48,0.47,0.01,88,41.6,47,52,0,0.53,0.52,0.01,41.6,88,52,47,0,0.481,0.531,5,5,,,,,,,,,,,,,,,,,,,,,
2026-03-08T20:47:03.196537691+00:00,R0308_200647,ENTRY,S3,btc,btc-updown-5m-1773002700,177,67342.68,0.49,0.48,0.01,78.8,14,48,51,0,0.52,0.51,0.01,14,78.8,51,48,0,0.491,0.521,5,5,,,,,,,,,,,,,,,,,,,,,
2026-03-08T20:48:48.297411297+00:00,R0308_200647,ENTRY,S3,sol,sol-updown-5m-1773002700,72,82.67,0.48,0.47,0.01,5,19.8,47,52,0,0.53,0.52,0.01,19.8,5,52,47,0,0.481,0.531,5,5,,,,,,,,,,,,,,,,,,,,,
2026-03-08T20:49:31.263345155+00:00,R0308_200647,DUMP,S3,btc,btc-updown-5m-1773002700,29,67390.51,,,,,,,,,,,,,41.3,,34,58,,,,,DN,0.33,0.41,REAL,3.167,67345.93,67388.03,0.0625,,,,,,,,,,,,,MAKER_FILL
2026-03-08T20:49:33.343359520+00:00,R0308_200647,DUMP,S3,eth,eth-updown-5m-1773002700,27,1966.23,,,,,,,,,,,,,131,,14,80,,,,,DN,0.15,0.19,REAL,1.4124,1965.35,1966.22,0.0442,,,,,,,,,,,,,MAKER_FILL
2026-03-08T20:49:33.343540994+00:00,R0308_200647,DUMP,S3,sol,sol-updown-5m-1773002700,27,82.7,,,,,,,,,,,,,18,,49,50,,,,,DN,0.46,0.49,REAL,4.3315,82.68,82.69,0.0084,,,,,,,,,,,,,MAKER_FILL
2026-03-08T20:50:00.686954400+00:00,R0308_200647,SETTLE,S3,eth,eth-updown-5m-1773002700,0,1964.58,,,0.01,,,,,,,,0.01,,,,,,,,,,,0.15,,,1965.35,1964.83,-0.0261,DOWN,CL,0,0.99,0.3087,0.0828,0.5839,24.7449,124.7449,23,5,,,
2026-03-08T20:50:00.687142824+00:00,R0308_200647,SETTLE,S3,btc,btc-updown-5m-1773002700,0,67331.49,,,0.01,,,,,,,,0.01,,,,,,,,,,,0.33,,,67345.93,67327.63,-0.0272,DOWN,CL,0,0.99,0.3088,0.1407,2.5079,26.669,126.669,23,5,,,
2026-03-08T20:50:00.687240241+00:00,R0308_200647,SETTLE,S3,sol,sol-updown-5m-1773002700,0,82.62,,,0.01,,,,,,,,0.01,,,,,,,,,,,0.46,,,82.68,82.64,-0.056,DOWN,CL,0,0.99,0.3087,0.1614,3.7278,27.8888,127.8888,23,5,,,
2026-03-08T20:50:21.620084053+00:00,R0308_200647,ENTRY,S3,eth,eth-updown-5m-1773003000,279,1965.13,0.53,0.52,0.01,107.4,37,52,47,0,0.48,0.47,0.01,37,107.4,47,52,0,0.531,0.481,5,5,,,,,,,,,,,,,,,,,,,,,
2026-03-08T20:51:00.746105791+00:00,R0308_205043,ENTRY,S3,xrp,xrp-updown-5m-1773003000,240,1.36,0.51,0.5,0.01,19,8,49,48,0,0.5,0.49,0.01,8,19,48,49,0,0.511,0.501,5,5,,,,,,,,,,,,,,,,,,,,,
2026-03-08T20:51:02.551351998+00:00,R0308_200647,ENTRY,S3,btc,btc-updown-5m-1773003000,238,67350.76,0.53,0.52,0.01,327.6,63.6,52,47,0,0.48,0.47,0.01,63.6,327.6,47,52,0,0.531,0.481,5,5,,,,,,,,,,,,,,,,,,,,,
2026-03-08T20:51:02.811783847+00:00,R0308_205043,ENTRY,S3,btc,btc-updown-5m-1773003000,238,67350.76,0.53,0.52,0.01,379,116.6,52,47,0,0.48,0.47,0.01,116.6,379,47,52,0,0.531,0.481,5,5,,,,,,,,,,,,,,,,,,,,,
2026-03-08T20:51:08.780738541+00:00,R0308_200647,ENTRY,S3,xrp,xrp-updown-5m-1773003000,232,1.36,0.48,0.47,0.01,1,42,46,52,0,0.53,0.52,0.01,42,1,52,46,0,0.481,0.531,5,5,,,,,,,,,,,,,,,,,,,,,
2026-03-08T20:54:31.177013536+00:00,R0308_200647,DUMP,S3,btc,btc-updown-5m-1773003000,29,67273.49,,,,,,,,,,,,,53.1,,16,79,,,,,UP,0.16,0.17,REAL,1.5066,67352.8,67253.34,-0.1477,,,,,,,,,,,,,MAKER_FILL
2026-03-08T20:54:33.261021125+00:00,R0308_200647,DUMP,S3,xrp,xrp-updown-5m-1773003000,27,1.35,,,,,,,,,,,,,0,,0,35,,,,,UP,0.099,0.1,EST,1.0291,1.36,1.35,-0.1798,,,,,,,,,,,,,TAKER_FORCE|EST_BID
2026-03-08T20:54:33.261168528+00:00,R0308_200647,DUMP,S3,eth,eth-updown-5m-1773003000,27,1960.4,,,,,,,,,,,,,0,,0,92,,,,,UP,0.099,0.1,EST,0.9322,1965.43,1960.2,-0.266,,,,,,,,,,,,,TAKER_FORCE|EST_BID
2026-03-08T20:55:00.422209904+00:00,R0308_200647,SETTLE,S3,xrp,xrp-updown-5m-1773003000,0,1.35,,,0.01,,,,,,,,0.01,,,,,,,,,,,0.099,,,1.36,1.35,-0.1829,DOWN,CL,0,0.99,0.3087,0.058,0.0786,31.0592,131.0592,26,5,,,
2026-03-08T20:55:00.422320230+00:00,R0308_200647,SETTLE,S3,btc,btc-updown-5m-1773003000,0,67263.93,,,0.01,,,,,,,,0.01,,,,,,,,,,,0.16,,,67352.8,67254.34,-0.1462,DOWN,CL,0,0.99,0.3087,0.0791,1.5138,32.4944,132.4944,26,5,,,
2026-03-08T20:55:00.422380471+00:00,R0308_200647,SETTLE,S3,eth,eth-updown-5m-1773003000,0,1960.38,,,0.01,,,,,,,,0.01,,,,,,,,,,,0.099,,,1965.43,1960.16,-0.2679,DOWN,CL,0,0.99,0.3087,0.0525,0.966,31.9466,131.9466,26,5,,,
2026-03-08T20:55:11.670957913+00:00,R0308_205043,ENTRY,S3,eth,eth-updown-5m-1773003300,289,1960.32,0.48,0.47,0.01,60,21,47,52,0,0.53,0.52,0.01,21,60,52,47,0,0.481,0.531,5,5,,,,,,,,,,,,,,,,,,,,,
2026-03-08T20:55:11.671125465+00:00,R0308_205043,ENTRY,S3,xrp,xrp-updown-5m-1773003300,289,1.35,0.5,0.48,0.02,44.6,18,45,50,0,0.52,0.5,0.02,18,44.6,50,45,0,0.501,0.521,5,5,,,,,,,,,,,,,,,,,,,,,
2026-03-08T20:55:11.952060643+00:00,R0308_200647,ENTRY,S3,eth,eth-updown-5m-1773003300,289,1960.32,0.48,0.47,0.01,51.6,12.8,47,52,0,0.53,0.52,0.01,12.8,51.6,52,47,0,0.481,0.531,5,5,,,,,,,,,,,,,,,,,,,,,
2026-03-08T20:55:11.952219622+00:00,R0308_200647,ENTRY,S3,xrp,xrp-updown-5m-1773003300,289,1.35,0.5,0.48,0.02,22.8,104,47,50,0,0.52,0.5,0.02,104,22.8,50,47,0,0.501,0.521,5,5,,,,,,,,,,,,,,,,,,,,,
2026-03-08T20:55:12.705604812+00:00,R0308_205043,ENTRY,S3,btc,btc-updown-5m-1773003300,288,67263.93,0.51,0.49,0.02,47.6,40.2,49,49,0,0.51,0.49,0.02,40.2,47.6,49,49,0,0.511,0.511,5,5,,,,,,,,,,,,,,,,,,,,,
2026-03-08T20:55:13.122181346+00:00,R0308_200647,ENTRY,S3,btc,btc-updown-5m-1773003300,287,67263.93,0.5,0.49,0.01,8,65.7,49,50,0,0.51,0.5,0.01,65.7,8,50,49,0,0.501,0.511,5,5,,,,,,,,,,,,,,,,,,,,,
2026-03-08T20:56:31.565522312+00:00,R0308_205043,ENTRY,S3,sol,sol-updown-5m-1773003300,209,82.45,0.49,0.48,0.01,24.5,36.7,48,51,0,0.52,0.51,0.01,36.7,24.5,51,48,0,0.491,0.521,5,5,,,,,,,,,,,,,,,,,,,,,
2026-03-08T20:56:31.658038767+00:00,R0308_200647,ENTRY,S3,sol,sol-updown-5m-1773003300,209,82.45,0.49,0.48,0.01,24.5,19.1,48,51,0,0.52,0.51,0.01,19.1,24.5,51,48,0,0.491,0.521,5,5,,,,,,,,,,,,,,,,,,,,,
2026-03-08T20:59:31.899907214+00:00,R0308_205043,DUMP,S3,btc,btc-updown-5m-1773003300,29,67219.61,,,,,,,,,,,,,5,,19,75,,,,,UP,0.21,0.22,REAL,2.0548,67254.27,67209.97,-0.0659,,,,,,,,,,,,,MAKER_FILL
2026-03-08T20:59:33.895566853+00:00,R0308_200647,DUMP,S3,btc,btc-updown-5m-1773003300,27,67219.61,,,,,,,,,,,,,10.1,,19,77,,,,,UP,0.19,0.2,REAL,1.8962,67254.38,67210.32,-0.0655,,,,,,,,,,,,,MAKER_FILL
2026-03-08T20:59:33.895680555+00:00,R0308_200647,DUMP,S3,xrp,xrp-updown-5m-1773003300,27,1.35,,,,,,,,,,,,,383.1,,2,23,,,,,UP,0.019,0.02,REAL,0.1896,1.35,1.35,-0.0906,,,,,,,,,,,,,TAKER_FORCE
2026-03-08T20:59:33.895746975+00:00,R0308_200647,DUMP,S3,eth,eth-updown-5m-1773003300,27,1958.37,,,,,,,,,,,,,0.9,,2,97,,,,,UP,0.019,0.02,REAL,0.1975,1960.14,1958.12,-0.103,,,,,,,,,,,,,TAKER_FORCE
2026-03-08T20:59:33.895838343+00:00,R0308_200647,DUMP,S3,sol,sol-updown-5m-1773003300,27,82.29,,,,,,,,,,,,,0,,0,99,,,,,UP,0.099,0.1,EST,1.0081,82.45,82.28,-0.2005,,,,,,,,,,,,,TAKER_FORCE|EST_BID
2026-03-08T20:59:33.966643438+00:00,R0308_205043,DUMP,S3,eth,eth-updown-5m-1773003300,27,1958.37,,,,,,,,,,,,,0.9,,2,97,,,,,UP,0.019,0.02,REAL,0.1975,1960.15,1958.12,-0.1032,,,,,,,,,,,,,TAKER_FORCE
2026-03-08T20:59:33.966825091+00:00,R0308_205043,DUMP,S3,xrp,xrp-updown-5m-1773003300,27,1.35,,,,,,,,,,,,,383.1,,2,23,,,,,UP,0.019,0.02,REAL,0.1896,1.35,1.35,-0.0907,,,,,,,,,,,,,TAKER_FORCE
2026-03-08T20:59:33.966905633+00:00,R0308_205043,DUMP,S3,sol,sol-updown-5m-1773003300,27,82.29,,,,,,,,,,,,,0,,0,99,,,,,UP,0.099,0.1,EST,1.0081,82.45,82.28,-0.2002,,,,,,,,,,,,,TAKER_FORCE|EST_BID
2026-03-08T21:00:00.077939871+00:00,R0308_205043,SETTLE,S3,eth,eth-updown-5m-1773003300,0,1958.75,,,0.01,,,,,,,,0.01,,,,,,,,,,,0.019,,,1960.15,1958.38,-0.09,DOWN,CL,0,0.99,0.3087,0.0121,-0.7072,-0.7072,99.2928,0,1,,,
2026-03-08T21:00:00.078099081+00:00,R0308_205043,SETTLE,S3,xrp,xrp-updown-5m-1773003300,0,1.35,,,0.02,,,,,,,,0.02,,,,,,,,,,,0.019,,,1.35,1.35,-0.0851,DOWN,CL,0,0.99,0.3056,0.0116,-0.5307,-0.5307,99.4693,0,1,,,
2026-03-08T21:00:00.078188166+00:00,R0308_205043,SETTLE,S3,sol,sol-updown-5m-1773003300,0,82.33,,,0.01,,,,,,,,0.01,,,,,,,,,,,0.099,,,82.45,82.31,-0.1687,DOWN,CL,0,0.99,0.3088,0.0568,0.2396,0.2396,100.2396,1,0,,,
2026-03-08T21:00:00.078273204+00:00,R0308_205043,SETTLE,S3,btc,btc-updown-5m-1773003300,0,67238.8,,,0.02,,,,,,,,0.02,,,,,,,,,,,0.21,,,67254.27,67218.94,-0.0525,DOWN,CL,0,0.99,0.3056,0.1015,1.4324,1.4324,101.4324,1,0,,,
2026-03-08T21:00:00.085339661+00:00,R0308_200647,SETTLE,S3,btc,btc-updown-5m-1773003300,0,67238.8,,,0.01,,,,,,,,0.01,,,,,,,,,,,0.19,,,67254.38,67218.94,-0.0527,DOWN,CL,0,0.99,0.3087,0.096,1.2762,34.8151,134.8151,29,5,,,
2026-03-08T21:00:00.085442056+00:00,R0308_200647,SETTLE,S3,xrp,xrp-updown-5m-1773003300,0,1.35,,,0.02,,,,,,,,0.02,,,,,,,,,,,0.019,,,1.35,1.35,-0.085,DOWN,CL,0,0.99,0.3056,0.0116,-0.5307,33.0082,133.0082,28,6,,,
2026-03-08T21:00:00.085522898+00:00,R0308_200647,SETTLE,S3,eth,eth-updown-5m-1773003300,0,1958.75,,,0.01,,,,,,,,0.01,,,,,,,,,,,0.019,,,1960.14,1958.38,-0.0898,DOWN,CL,0,0.99,0.3087,0.0121,-0.7072,32.8318,132.8318,28,6,,,
2026-03-08T21:00:00.085582818+00:00,R0308_200647,SETTLE,S3,sol,sol-updown-5m-1773003300,0,82.33,,,0.01,,,,,,,,0.01,,,,,,,,,,,0.099,,,82.45,82.31,-0.1689,DOWN,CL,0,0.99,0.3088,0.0568,0.2396,33.7785,133.7785,29,5,,,
2026-03-08T21:00:12.716428388+00:00,R0308_200647,ENTRY,S3,eth,eth-updown-5m-1773003600,288,1958.68,0.52,0.51,0.01,306.2,134.2,51,48,0,0.49,0.48,0.01,134.2,306.2,48,51,0,0.521,0.491,5,5,,,,,,,,,,,,,,,,,,,,,
2026-03-08T21:00:12.888459664+00:00,R0308_205043,ENTRY,S3,eth,eth-updown-5m-1773003600,288,1958.68,0.52,0.51,0.01,254.5,169.3,51,48,0,0.49,0.48,0.01,169.3,254.5,48,51,0,0.521,0.491,5,5,,,,,,,,,,,,,,,,,,,,,
2026-03-08T21:00:26.346222292+00:00,R0308_200647,ENTRY,S3,btc,btc-updown-5m-1773003600,274,67244.13,0.53,0.51,0.02,136,115.7,51,46,0,0.49,0.47,0.02,115.7,136,46,51,0,0.531,0.491,5,5,,,,,,,,,,,,,,,,,,,,,
2026-03-08T21:00:26.545454132+00:00,R0308_205043,ENTRY,S3,btc,btc-updown-5m-1773003600,274,67244.13,0.53,0.51,0.02,37.6,84.4,51,46,0,0.49,0.47,0.02,84.4,37.6,46,51,0,0.531,0.491,5,5,,,,,,,,,,,,,,,,,,,,,
2026-03-08T21:01:45.175545780+00:00,R0308_200647,ENTRY,S3,xrp,xrp-updown-5m-1773003600,195,1.35,0.52,0.51,0.01,84.1,47,51,48,0,0.49,0.48,0.01,47,84.1,48,51,0,0.521,0.491,5,5,,,,,,,,,,,,,,,,,,,,,
2026-03-08T21:01:45.211265139+00:00,R0308_205043,ENTRY,S3,xrp,xrp-updown-5m-1773003600,195,1.35,0.52,0.51,0.01,84.1,47,51,48,0,0.49,0.48,0.01,47,84.1,48,51,0,0.521,0.491,5,5,,,,,,,,,,,,,,,,,,,,,
2026-03-08T21:04:31.111992884+00:00,R0308_205043,DUMP,S3,eth,eth-updown-5m-1773003600,29,1957.86,,,,,,,,,,,,,10,,16,83,,,,,UP,0.16,0.16,REAL,1.5355,1958.38,1958,-0.0194,,,,,,,,,,,,,MAKER_FILL
2026-03-08T21:04:31.206367856+00:00,R0308_200647,DUMP,S3,eth,eth-updown-5m-1773003600,29,1957.86,,,,,,,,,,,,,10,,16,83,,,,,UP,0.16,0.16,REAL,1.5355,1958.38,1958,-0.0194,,,,,,,,,,,,,MAKER_FILL
2026-03-08T21:04:32.142528589+00:00,R0308_205043,DUMP,S3,btc,btc-updown-5m-1773003600,28,67190.01,,,,,,,,,,,,,22.7,,15,67,,,,,UP,0.24,0.27,REAL,2.2599,67219.03,67182.72,-0.054,,,,,,,,,,,,,MAKER_FILL
2026-03-08T21:04:32.236093440+00:00,R0308_200647,DUMP,S3,btc,btc-updown-5m-1773003600,28,67190.01,,,,,,,,,,,,,1.4,,16,67,,,,,UP,0.25,0.25,REAL,2.354,67219.03,67182.72,-0.054,,,,,,,,,,,,,MAKER_FILL
2026-03-08T21:04:33.173528936+00:00,R0308_205043,DUMP,S3,xrp,xrp-updown-5m-1773003600,27,1.35,,,,,,,,,,,,,119.3,,3,91,,,,,UP,0.029,0.03,REAL,0.2783,1.35,1.35,-0.0639,,,,,,,,,,,,,TAKER_FORCE
2026-03-08T21:04:33.307774548+00:00,R0308_200647,DUMP,S3,xrp,xrp-updown-5m-1773003600,27,1.35,,,,,,,,,,,,,119.3,,3,91,,,,,UP,0.029,0.03,REAL,0.2783,1.35,1.35,-0.0609,,,,,,,,,,,,,TAKER_FORCE
2026-03-08T21:05:00.444941131+00:00,R0308_205043,SETTLE,S3,eth,eth-updown-5m-1773003600,0,1958.89,,,0.01,,,,,,,,0.01,,,,,,,,,,,0.16,,,1958.38,1958.73,0.0177,UP,CL,0.9,0.01,0.3088,0.0855,0.832,1.2661,101.2661,3,2,,,
2026-03-08T21:05:00.445103516+00:00,R0308_205043,SETTLE,S3,xrp,xrp-updown-5m-1773003600,0,1.35,,,0.01,,,,,,,,0.01,,,,,,,,,,,0.029,,,1.35,1.35,-0.0107,DOWN,CL,0,0.99,0.3088,0.0169,0.136,0.5701,100.5701,3,2,,,
2026-03-08T21:05:00.445195124+00:00,R0308_205043,SETTLE,S3,btc,btc-updown-5m-1773003600,0,67236,,,0.02,,,,,,,,0.02,,,,,,,,,,,0.24,,,67219.03,67220.79,0.0026,UP,CL,0.68,0.05,0.3056,0.1161,1.4385,1.8726,101.8726,3,2,,,
2026-03-08T21:05:00.579636181+00:00,R0308_200647,SETTLE,S3,xrp,xrp-updown-5m-1773003600,0,1.35,,,0.01,,,,,,,,0.01,,,,,,,,,,,0.029,,,1.35,1.35,-0.0107,DOWN,CL,0,0.99,0.3088,0.0169,0.136,33.9528,133.9528,31,7,,,
2026-03-08T21:05:00.579804976+00:00,R0308_200647,SETTLE,S3,btc,btc-updown-5m-1773003600,0,67236,,,0.02,,,,,,,,0.02,,,,,,,,,,,0.25,,,67219.03,67220.79,0.0026,UP,CL,0.68,0.1,0.3056,0.1193,1.5371,35.3539,135.3539,31,7,,,
2026-03-08T21:05:00.579897155+00:00,R0308_200647,SETTLE,S3,eth,eth-updown-5m-1773003600,0,1958.89,,,0.01,,,,,,,,0.01,,,,,,,,,,,0.16,,,1958.38,1958.73,0.0177,UP,CL,0.9,0.01,0.3088,0.0855,0.832,34.6488,134.6488,31,7,,,
2026-03-08T21:10:10.656595144+00:00,R0308_200647,ENTRY,S3,eth,eth-updown-5m-1773004200,290,1950.66,0.53,0.51,0.02,150,47.7,51,47,0,0.49,0.47,0.02,47.7,150,47,51,0,0.531,0.491,5,5,,,,,,,,,,,,,,,,,,,,,
2026-03-08T21:10:10.656801465+00:00,R0308_200647,ENTRY,S3,sol,sol-updown-5m-1773004200,290,81.97,0.53,0.52,0.01,10,85.9,52,47,0,0.48,0.47,0.01,85.9,10,47,52,0,0.531,0.481,5,5,,,,,,,,,,,,,,,,,,,,,
2026-03-08T21:10:10.739721151+00:00,R0308_205043,ENTRY,S3,eth,eth-updown-5m-1773004200,290,1950.66,0.53,0.51,0.02,150,47.7,51,47,0,0.49,0.47,0.02,47.7,150,47,51,0,0.531,0.491,5,5,,,,,,,,,,,,,,,,,,,,,
2026-03-08T21:10:10.739847822+00:00,R0308_205043,ENTRY,S3,sol,sol-updown-5m-1773004200,290,81.97,0.53,0.52,0.01,10,77.8,52,47,0,0.48,0.47,0.01,77.8,10,47,52,0,0.531,0.481,5,5,,,,,,,,,,,,,,,,,,,,,
2026-03-08T21:10:44.638707015+00:00,R0308_205043,ENTRY,S3,btc,btc-updown-5m-1773004200,256,66903.09,0.52,0.5,0.02,544.5,30,50,48,0,0.5,0.48,0.02,30,544.5,48,50,0,0.521,0.501,5,5,,,,,,,,,,,,,,,,,,,,,
2026-03-08T21:10:45.247803316+00:00,R0308_200647,ENTRY,S3,btc,btc-updown-5m-1773004200,255,66903.09,0.51,0.5,0.01,423.5,31,50,49,0,0.5,0.49,0.01,31,423.5,49,50,0,0.511,0.501,5,5,,,,,,,,,,,,,,,,,,,,,
2026-03-08T21:13:46.807613998+00:00,R0308_205043,ENTRY,S3,xrp,xrp-updown-5m-1773004200,74,1.35,0.48,0.47,0.01,17.2,8,22,52,0,0.53,0.52,0.01,8,17.2,52,22,0,0.481,0.531,5,5,,,,,,,,,,,,,,,,,,,,,
2026-03-08T21:13:47.110221337+00:00,R0308_200647,ENTRY,S3,xrp,xrp-updown-5m-1773004200,73,1.35,0.51,0.49,0.02,18,18,48,49,0,0.51,0.49,0.02,18,18,49,48,0,0.511,0.511,5,5,,,,,,,,,,,,,,,,,,,,,
2026-03-08T21:14:31.109857955+00:00,R0308_200647,DUMP,S3,btc,btc-updown-5m-1773004200,29,66852.01,,,,,,,,,,,,,39.6,,5,89,,,,,UP,0.05,0.05,REAL,0.4892,66951.43,66844.05,-0.1604,,,,,,,,,,,,,MAKER_FILL
2026-03-08T21:14:31.109974471+00:00,R0308_200647,DUMP,S3,xrp,xrp-updown-5m-1773004200,29,1.35,,,,,,,,,,,,,10,,9,23,,,,,DN,0.09,0.1,REAL,0.8806,1.35,1.35,0.0419,,,,,,,,,,,,,MAKER_FILL
2026-03-08T21:14:32.057156525+00:00,R0308_205043,DUMP,S3,xrp,xrp-updown-5m-1773004200,28,1.35,,,,,,,,,,,,,14,,8,24,,,,,DN,0.09,0.09,REAL,0.8475,1.35,1.35,0.0423,,,,,,,,,,,,,MAKER_FILL
2026-03-08T21:14:33.093117534+00:00,R0308_205043,DUMP,S3,sol,sol-updown-5m-1773004200,27,81.89,,,,,,,,,,,,,3.7,,6,91,,,,,UP,0.059,0.06,REAL,0.5556,82,81.9,-0.1269,,,,,,,,,,,,,TAKER_FORCE
2026-03-08T21:14:33.093212567+00:00,R0308_205043,DUMP,S3,btc,btc-updown-5m-1773004200,27,66852.01,,,,,,,,,,,,,524.1,,2,91,,,,,UP,0.019,0.02,REAL,0.1823,66951.43,66846.06,-0.1574,,,,,,,,,,,,,TAKER_FORCE
2026-03-08T21:14:33.093255523+00:00,R0308_205043,DUMP,S3,eth,eth-updown-5m-1773004200,27,1950.02,,,,,,,,,,,,,16,,25,74,,,,,UP,0.249,0.25,REAL,2.3446,1950.78,1950.09,-0.0354,,,,,,,,,,,,,TAKER_FORCE
2026-03-08T21:14:33.173368315+00:00,R0308_200647,DUMP,S3,eth,eth-updown-5m-1773004200,27,1950.02,,,,,,,,,,,,,16,,25,74,,,,,UP,0.25,0.25,REAL,2.354,1950.78,1950.06,-0.0371,,,,,,,,,,,,,MAKER_FILL
2026-03-08T21:14:33.173468585+00:00,R0308_200647,DUMP,S3,sol,sol-updown-5m-1773004200,27,81.89,,,,,,,,,,,,,3.7,,6,91,,,,,UP,0.059,0.06,REAL,0.5556,82,81.9,-0.126,,,,,,,,,,,,,TAKER_FORCE
2026-03-08T21:15:00.436801235+00:00,R0308_200647,SETTLE,S3,btc,btc-updown-5m-1773004200,0,66783.3,,,0.01,,,,,,,,0.01,,,,,,,,,,,0.05,,,66951.43,66779.13,-0.2574,DOWN,CL,0,0.99,0.3087,0.029,0.1315,36.4533,136.4533,34,7,,,
2026-03-08T21:15:00.436967245+00:00,R0308_200647,SETTLE,S3,xrp,xrp-updown-5m-1773004200,0,1.35,,,0.02,,,,,,,,0.02,,,,,,,,,,,0.09,,,1.35,1.35,-0.0819,DOWN,CL,0,0.99,0.3056,0.0501,0.3097,36.6315,136.6315,34,7,,,
2026-03-08T21:15:00.437058874+00:00,R0308_200647,SETTLE,S3,eth,eth-updown-5m-1773004200,0,1948.88,,,0.02,,,,,,,,0.02,,,,,,,,,,,0.25,,,1950.78,1948.62,-0.1111,DOWN,CL,0,0.99,0.3056,0.1103,2.1214,38.4432,138.4432,34,7,,,
2026-03-08T21:15:00.437143090+00:00,R0308_200647,SETTLE,S3,sol,sol-updown-5m-1773004200,0,81.84,,,0.01,,,,,,,,0.01,,,,,,,,,,,0.059,,,82,81.83,-0.2066,DOWN,CL,0,0.99,0.3087,0.0327,0.6091,36.931,136.931,34,7,,,
2026-03-08T21:15:00.465903355+00:00,R0308_205043,SETTLE,S3,sol,sol-updown-5m-1773004200,0,81.84,,,0.01,,,,,,,,0.01,,,,,,,,,,,0.059,,,82,81.83,-0.2066,DOWN,CL,0,0.99,0.3087,0.0327,0.6091,3.4497,103.4497,6,2,,,
2026-03-08T21:15:00.466063627+00:00,R0308_205043,SETTLE,S3,btc,btc-updown-5m-1773004200,0,66783.3,,,0.02,,,,,,,,0.02,,,,,,,,,,,0.019,,,66951.43,66779.13,-0.2574,DOWN,CL,0,0.99,0.3056,0.0112,-0.1544,2.6861,102.6861,5,3,,,
2026-03-08T21:15:00.466110917+00:00,R0308_205043,SETTLE,S3,eth,eth-updown-5m-1773004200,0,1948.88,,,0.02,,,,,,,,0.02,,,,,,,,,,,0.249,,,1950.78,1948.62,-0.1111,DOWN,CL,0,0.99,0.3056,0.1101,2.1123,4.9528,104.9528,6,2,,,
2026-03-08T21:15:00.466156326+00:00,R0308_205043,SETTLE,S3,xrp,xrp-updown-5m-1773004200,0,1.35,,,0.01,,,,,,,,0.01,,,,,,,,,,,0.09,,,1.35,1.35,-0.0819,DOWN,CL,0,0.99,0.3087,0.0532,-0.0102,2.8303,102.8303,5,3,,,
2026-03-08T21:15:10.926621485+00:00,R0308_200647,ENTRY,S3,eth,eth-updown-5m-1773004500,290,1948.18,0.51,0.5,0.01,58,25,50,49,0,0.5,0.49,0.01,25,58,49,50,0,0.511,0.501,5,5,,,,,,,,,,,,,,,,,,,,,
2026-03-08T21:15:10.926779343+00:00,R0308_200647,ENTRY,S3,sol,sol-updown-5m-1773004500,290,81.83,0.52,0.5,0.02,7,125,50,48,0,0.5,0.48,0.02,125,7,48,50,0,0.521,0.501,5,5,,,,,,,,,,,,,,,,,,,,,
2026-03-08T21:15:10.979631843+00:00,R0308_205043,ENTRY,S3,eth,eth-updown-5m-1773004500,290,1948.18,0.51,0.48,0.03,18.4,38,48,49,0,0.52,0.49,0.03,38,18.4,49,48,0,0.511,0.521,5,5,,,,,,,,,,,,,,,,,,,WIDE_SPREAD_UP|WIDE_SPREAD_DN,,
2026-03-08T21:15:10.979777633+00:00,R0308_205043,ENTRY,S3,sol,sol-updown-5m-1773004500,290,81.83,0.52,0.5,0.02,7,125,50,48,0,0.5,0.48,0.02,125,7,48,50,0,0.521,0.501,5,5,,,,,,,,,,,,,,,,,,,,,
2026-03-08T21:15:13.055438678+00:00,R0308_205043,ENTRY,S3,xrp,xrp-updown-5m-1773004500,287,1.35,0.53,0.52,0.01,50,28,52,47,0,0.48,0.47,0.01,28,50,47,52,0,0.531,0.481,5,5,,,,,,,,,,,,,,,,,,,,,
2026-03-08T21:15:34.047090111+00:00,R0308_200647,ENTRY,S3,xrp,xrp-updown-5m-1773004500,266,1.35,0.52,0.51,0.01,42,36,51,45,0,0.49,0.48,0.01,36,42,45,51,0,0.521,0.491,5,5,,,,,,,,,,,,,,,,,,,,,
2026-03-08T21:19:32.691814901+00:00,R0308_205043,DUMP,S3,eth,eth-updown-5m-1773004500,28,1947.68,,,,,,,,,,,,,5,,14,85,,,,,UP,0.14,0.14,REAL,1.3699,1948.67,1947.63,-0.0535,,,,,,,,,,,,,MAKER_FILL
2026-03-08T21:19:32.777727911+00:00,R0308_200647,DUMP,S3,eth,eth-updown-5m-1773004500,28,1947.68,,,,,,,,,,,,,5,,14,85,,,,,UP,0.14,0.14,REAL,1.3699,1948.67,1947.63,-0.0535,,,,,,,,,,,,,MAKER_FILL
2026-03-08T21:19:32.777853090+00:00,R0308_200647,DUMP,S3,sol,sol-updown-5m-1773004500,28,81.87,,,,,,,,,,,,,7,,22,75,,,,,DN,0.23,0.23,REAL,2.2954,81.83,81.87,0.0522,,,,,,,,,,,,,MAKER_FILL
2026-03-08T21:19:33.748722479+00:00,R0308_205043,DUMP,S3,sol,sol-updown-5m-1773004500,27,81.87,,,,,,,,,,,,,6,,22,76,,,,,DN,0.23,0.23,REAL,2.2954,81.83,81.87,0.051,,,,,,,,,,,,,MAKER_FILL
2026-03-08T21:19:33.748846837+00:00,R0308_205043,DUMP,S3,xrp,xrp-updown-5m-1773004500,27,1.35,,,,,,,,,,,,,276.4,,2,29,,,,,DN,0.019,0.02,REAL,0.1975,1.35,1.35,0.0969,,,,,,,,,,,,,TAKER_FORCE
2026-03-08T21:19:33.809161560+00:00,R0308_200647,DUMP,S3,xrp,xrp-updown-5m-1773004500,27,1.35,,,,,,,,,,,,,276.4,,2,29,,,,,DN,0.019,0.02,REAL,0.1935,1.35,1.35,0.0969,,,,,,,,,,,,,TAKER_FORCE
2026-03-08T21:20:00.216232401+00:00,R0308_205043,SETTLE,S3,eth,eth-updown-5m-1773004500,0,1948.07,,,0.03,,,,,,,,0.03,,,,,,,,,,,0.14,,,1948.67,1948,-0.0345,DOWN,CL,0,0.99,0.3025,0.0736,0.5907,5.988,105.988,8,4,,,
2026-03-08T21:20:00.217080290+00:00,R0308_205043,SETTLE,S3,sol,sol-updown-5m-1773004500,0,81.9,,,0.02,,,,,,,,0.02,,,,,,,,,,,0.23,,,81.83,81.9,0.0843,UP,CL,0.99,0,0.3056,0.1105,1.4762,6.8736,106.8736,8,4,,,
2026-03-08T21:20:00.217247662+00:00,R0308_205043,SETTLE,S3,xrp,xrp-updown-5m-1773004500,0,1.35,,,0.01,,,,,,,,0.01,,,,,,,,,,,0.019,,,1.35,1.35,0.0961,UP,CL,0.99,0,0.3087,0.0121,-0.7072,4.6902,104.6902,7,5,,,
2026-03-08T21:20:00.943285613+00:00,R0308_200647,SETTLE,S3,eth,eth-updown-5m-1773004500,0,1948.08,,,0.01,,,,,,,,0.01,,,,,,,,,,,0.14,,,1948.67,1948,-0.0345,DOWN,CL,0,0.99,0.3087,0.0736,0.9675,40.461,140.461,38,7,,,
2026-03-08T21:20:00.943604003+00:00,R0308_200647,SETTLE,S3,sol,sol-updown-5m-1773004500,0,81.9,,,0.02,,,,,,,,0.02,,,,,,,,,,,0.23,,,81.83,81.9,0.0843,UP,CL,0.99,0,0.3056,0.1105,1.4762,40.9697,140.9697,38,7,,,
2026-03-08T21:20:00.943636062+00:00,R0308_200647,SETTLE,S3,xrp,xrp-updown-5m-1773004500,0,1.35,,,0.01,,,,,,,,0.01,,,,,,,,,,,0.019,,,1.35,1.35,0.0961,UP,CL,0.99,0,0.3088,0.0119,-0.5302,38.9633,138.9633,37,8,,,
2026-03-08T21:20:13.053629723+00:00,R0308_205043,ENTRY,S3,btc,btc-updown-5m-1773004800,287,66879.45,0.53,0.52,0.01,314.2,173.9,52,47,0,0.48,0.47,0.01,173.9,314.2,47,52,0,0.531,0.481,5,5,,,,,,,,,,,,,,,,,,,,,
2026-03-08T21:20:13.545362873+00:00,R0308_200647,ENTRY,S3,btc,btc-updown-5m-1773004800,287,66879.45,0.53,0.52,0.01,384.6,220.7,52,47,0,0.48,0.47,0.01,220.7,384.6,47,52,0,0.531,0.481,5,5,,,,,,,,,,,,,,,,,,,,,
2026-03-08T21:20:39.912207099+00:00,R0308_200647,ENTRY,S3,eth,eth-updown-5m-1773004800,261,1948.18,0.52,0.51,0.01,138.7,41.1,51,48,0,0.49,0.48,0.01,41.1,138.7,48,51,0,0.521,0.491,5,5,,,,,,,,,,,,,,,,,,,,,
2026-03-08T21:20:40.375246695+00:00,R0308_205043,ENTRY,S3,eth,eth-updown-5m-1773004800,260,1948.19,0.52,0.51,0.01,138.7,36.1,51,48,0,0.49,0.48,0.01,36.1,138.7,48,51,0,0.521,0.491,5,5,,,,,,,,,,,,,,,,,,,,,
2026-03-08T21:22:00.988906507+00:00,R0308_200647,ENTRY,S3,xrp,xrp-updown-5m-1773004800,180,1.35,0.53,0.52,0.01,10.9,31.9,49,46,0,0.48,0.47,0.01,31.9,10.9,46,49,0,0.531,0.481,5,5,,,,,,,,,,,,,,,,,,,,,
2026-03-08T21:22:01.037845663+00:00,R0308_205043,ENTRY,S3,xrp,xrp-updown-5m-1773004800,179,1.35,0.53,0.52,0.01,10.9,83,49,47,0,0.48,0.47,0.01,83,10.9,47,49,0,0.531,0.481,5,5,,,,,,,,,,,,,,,,,,,,,
2026-03-08T21:24:33.002192424+00:00,R0308_205043,DUMP,S3,btc,btc-updown-5m-1773004800,27,66970.68,,,,,,,,,,,,,1119.5,,3,89,,,,,DN,0.029,0.03,REAL,0.3015,66865.14,66952.37,0.1305,,,,,,,,,,,,,TAKER_FORCE
2026-03-08T21:24:33.002304582+00:00,R0308_205043,DUMP,S3,eth,eth-updown-5m-1773004800,27,1952.4,,,,,,,,,,,,,0,,0,99,,,,,DN,0.099,0.1,EST,1.0081,1947.96,1952.25,0.2199,,,,,,,,,,,,,TAKER_FORCE|EST_BID
2026-03-08T21:24:33.002347187+00:00,R0308_205043,DUMP,S3,xrp,xrp-updown-5m-1773004800,27,1.35,,,,,,,,,,,,,330.6,,1,94,,,,,DN,0.01,0.01,REAL,0.104,1.35,1.35,0.1501,,,,,,,,,,,,,TAKER_FORCE
2026-03-08T21:24:33.214950646+00:00,R0308_200647,DUMP,S3,eth,eth-updown-5m-1773004800,27,1952.4,,,,,,,,,,,,,0,,0,99,,,,,DN,0.099,0.1,EST,1.0081,1947.96,1952.09,0.2117,,,,,,,,,,,,,TAKER_FORCE|EST_BID
2026-03-08T21:24:33.215034632+00:00,R0308_200647,DUMP,S3,btc,btc-updown-5m-1773004800,27,66970.68,,,,,,,,,,,,,7229.9,,1,90,,,,,DN,0.01,0.01,REAL,0.104,66865.14,66952.37,0.1305,,,,,,,,,,,,,TAKER_FORCE
2026-03-08T21:24:33.215078158+00:00,R0308_200647,DUMP,S3,xrp,xrp-updown-5m-1773004800,27,1.35,,,,,,,,,,,,,330.6,,1,93,,,,,DN,0.01,0.01,REAL,0.104,1.35,1.35,0.1475,,,,,,,,,,,,,TAKER_FORCE
2026-03-08T21:25:00.412466576+00:00,R0308_205043,SETTLE,S3,btc,btc-updown-5m-1773004800,0,66985.89,,,0.01,,,,,,,,0.01,,,,,,,,,,,0.029,,,66865.14,66976.16,0.166,UP,CL,0.99,0,0.3087,0.0183,-0.6094,6.1477,106.1477,9,6,,,
2026-03-08T21:25:00.412629251+00:00,R0308_205043,SETTLE,S3,eth,eth-updown-5m-1773004800,0,1952.49,,,0.01,,,,,,,,0.01,,,,,,,,,,,0.099,,,1947.96,1952.2,0.2175,UP,CL,0.999,0,0.3088,0.0568,0.2396,6.9966,106.9966,10,5,,,
2026-03-08T21:25:00.412728151+00:00,R0308_205043,SETTLE,S3,xrp,xrp-updown-5m-1773004800,0,1.35,,,0.01,,,,,,,,0.01,,,,,,,,,,,0.01,,,1.35,1.35,0.139,UP,CL,0.99,0,0.3087,0.0064,-0.795,5.962,105.962,9,6,,,
2026-03-08T21:25:00.645571426+00:00,R0308_200647,SETTLE,S3,eth,eth-updown-5m-1773004800,0,1952.49,,,0.01,,,,,,,,0.01,,,,,,,,,,,0.099,,,1947.96,1952.2,0.2175,UP,CL,0.999,0,0.3088,0.0568,0.2396,41.6466,141.6466,40,8,,,
2026-03-08T21:25:00.645682583+00:00,R0308_200647,SETTLE,S3,btc,btc-updown-5m-1773004800,0,66985.89,,,0.01,,,,,,,,0.01,,,,,,,,,,,0.01,,,66865.14,66976.16,0.166,UP,CL,0.99,0,0.3087,0.0064,-0.795,40.612,140.612,39,9,,,
2026-03-08T21:25:00.645735453+00:00,R0308_200647,SETTLE,S3,xrp,xrp-updown-5m-1773004800,0,1.35,,,0.01,,,,,,,,0.01,,,,,,,,,,,0.01,,,1.35,1.35,0.139,UP,CL,0.99,0,0.3087,0.0064,-0.795,40.612,140.612,39,9,,,
2026-03-08T21:25:10.123543943+00:00,R0308_200647,ENTRY,S3,btc,btc-updown-5m-1773005100,290,66985.89,0.51,0.5,0.01,27.7,407.1,50,49,0,0.5,0.49,0.01,407.1,27.7,49,50,0,0.511,0.501,5,5,,,,,,,,,,,,,,,,,,,,,
2026-03-08T21:25:10.123652507+00:00,R0308_200647,ENTRY,S3,eth,eth-updown-5m-1773005100,290,1952.5,0.52,0.51,0.01,3,175,51,48,0,0.49,0.48,0.01,175,3,48,51,0,0.521,0.491,5,5,,,,,,,,,,,,,,,,,,,,,
2026-03-08T21:25:10.123716203+00:00,R0308_200647,ENTRY,S3,sol,sol-updown-5m-1773005100,290,82.06,0.5,0.49,0.01,6.2,112.6,48,50,0,0.51,0.5,0.01,112.6,6.2,50,48,0,0.501,0.511,5,5,,,,,,,,,,,,,,,,,,,,,
2026-03-08T21:25:10.123797355+00:00,R0308_200647,ENTRY,S3,xrp,xrp-updown-5m-1773005100,290,1.35,0.53,0.52,0.01,25.2,10,52,47,0,0.48,0.47,0.01,10,25.2,47,52,0,0.531,0.481,5,5,,,,,,,,,,,,,,,,,,,,,
2026-03-08T21:25:10.958249152+00:00,R0308_205043,ENTRY,S3,btc,btc-updown-5m-1773005100,290,66985.89,0.51,0.5,0.01,75,438.1,50,49,0,0.5,0.49,0.01,438.1,75,49,50,0,0.511,0.501,5,5,,,,,,,,,,,,,,,,,,,,,
2026-03-08T21:25:10.958409725+00:00,R0308_205043,ENTRY,S3,eth,eth-updown-5m-1773005100,290,1952.5,0.52,0.51,0.01,3,187,51,48,0,0.49,0.48,0.01,187,3,48,51,0,0.521,0.491,5,5,,,,,,,,,,,,,,,,,,,,,
2026-03-08T21:25:10.958526140+00:00,R0308_205043,ENTRY,S3,sol,sol-updown-5m-1773005100,290,82.06,0.5,0.49,0.01,20.2,101.6,48,50,0,0.51,0.5,0.01,101.6,20.2,50,48,0,0.501,0.511,5,5,,,,,,,,,,,,,,,,,,,,,
2026-03-08T21:25:10.958621824+00:00,R0308_205043,ENTRY,S3,xrp,xrp-updown-5m-1773005100,290,1.35,0.53,0.52,0.01,25.2,10,52,47,0,0.48,0.47,0.01,10,25.2,47,52,0,0.531,0.481,5,5,,,,,,,,,,,,,,,,,,,,,
2026-03-08T21:29:33.756027787+00:00,R0308_200647,DUMP,S3,eth,eth-updown-5m-1773005100,27,1952.17,,,,,,,,,,,,,20.7,,25,74,,,,,UP,0.249,0.25,REAL,2.3896,1952.24,1952,-0.0125,,,,,,,,,,,,,TAKER_FORCE
2026-03-08T21:29:33.756135459+00:00,R0308_200647,DUMP,S3,xrp,xrp-updown-5m-1773005100,27,1.35,,,,,,,,,,,,,10,,22,77,,,,,UP,0.219,0.22,REAL,2.0621,1.35,1.35,-0.0241,,,,,,,,,,,,,TAKER_FORCE
2026-03-08T21:29:33.756190602+00:00,R0308_200647,DUMP,S3,btc,btc-updown-5m-1773005100,27,66968.3,,,,,,,,,,,,,24,,24,73,,,,,UP,0.239,0.24,REAL,2.3386,66980.32,66960.34,-0.0298,,,,,,,,,,,,,TAKER_FORCE
2026-03-08T21:29:33.756244743+00:00,R0308_200647,DUMP,S3,sol,sol-updown-5m-1773005100,27,82.01,,,,,,,,,,,,,7,,15,83,,,,,UP,0.12,0.16,REAL,1.1976,82.06,82.01,-0.0569,,,,,,,,,,,,,MAKER_FILL
2026-03-08T21:29:33.808811053+00:00,R0308_205043,DUMP,S3,xrp,xrp-updown-5m-1773005100,27,1.35,,,,,,,,,,,,,17,,21,78,,,,,UP,0.209,0.21,REAL,1.968,1.35,1.35,-0.0241,,,,,,,,,,,,,TAKER_FORCE
2026-03-08T21:29:33.808916011+00:00,R0308_205043,DUMP,S3,eth,eth-updown-5m-1773005100,27,1952.17,,,,,,,,,,,,,29,,24,74,,,,,UP,0.239,0.24,REAL,2.2937,1952.24,1952,-0.0125,,,,,,,,,,,,,TAKER_FORCE
2026-03-08T21:29:33.808990633+00:00,R0308_205043,DUMP,S3,btc,btc-updown-5m-1773005100,27,66968.3,,,,,,,,,,,,,22.6,,23,73,,,,,UP,0.239,0.24,REAL,2.3386,66980.32,66960.34,-0.0298,,,,,,,,,,,,,TAKER_FORCE
2026-03-08T21:29:33.809067179+00:00,R0308_205043,DUMP,S3,sol,sol-updown-5m-1773005100,27,82.01,,,,,,,,,,,,,14,,15,83,,,,,UP,0.12,0.16,REAL,1.1976,82.06,82.01,-0.0569,,,,,,,,,,,,,MAKER_FILL
2026-03-08T21:30:00.054887120+00:00,R0308_205043,SETTLE,S3,xrp,xrp-updown-5m-1773005100,0,1.35,,,0.01,,,,,,,,0.01,,,,,,,,,,,0.209,,,1.35,1.35,-0.0509,DOWN,CL,0,0.99,0.3087,0.0973,1.957,7.5491,107.5491,11,7,,,
2026-03-08T21:30:00.055003676+00:00,R0308_205043,SETTLE,S3,eth,eth-updown-5m-1773005100,0,1951.25,,,0.01,,,,,,,,0.01,,,,,,,,,,,0.239,,,1952.24,1951.13,-0.0568,DOWN,CL,0,0.99,0.3088,0.1091,2.0591,7.6513,107.6513,11,7,,,
2026-03-08T21:30:00.055072700+00:00,R0308_205043,SETTLE,S3,btc,btc-updown-5m-1773005100,0,66936.05,,,0.01,,,,,,,,0.01,,,,,,,,,,,0.239,,,66980.32,66929.82,-0.0754,DOWN,CL,0,0.99,0.3087,0.1112,1.8986,7.4908,107.4908,11,7,,,
2026-03-08T21:30:00.055107803+00:00,R0308_205043,SETTLE,S3,sol,sol-updown-5m-1773005100,0,82,,,0.01,,,,,,,,0.01,,,,,,,,,,,0.12,,,82.06,82,-0.0742,DOWN,CL,0,0.99,0.3087,0.0659,0.6077,6.1999,106.1999,11,7,,,
2026-03-08T21:30:01.023331287+00:00,R0308_200647,SETTLE,S3,eth,eth-updown-5m-1773005100,0,1951.35,,,0.01,,,,,,,,0.01,,,,,,,,,,,0.249,,,1952.24,1951.13,-0.0568,DOWN,CL,0,0.99,0.3088,0.1122,2.152,42.2085,142.2085,41,10,,,
2026-03-08T21:30:01.023438989+00:00,R0308_200647,SETTLE,S3,xrp,xrp-updown-5m-1773005100,0,1.35,,,0.01,,,,,,,,0.01,,,,,,,,,,,0.219,,,1.35,1.35,-0.0509,DOWN,CL,0,0.99,0.3087,0.1007,2.0477,42.1043,142.1043,41,10,,,
2026-03-08T21:30:01.023508895+00:00,R0308_200647,SETTLE,S3,btc,btc-updown-5m-1773005100,0,66936.42,,,0.01,,,,,,,,0.01,,,,,,,,,,,0.239,,,66980.32,66929.82,-0.0754,DOWN,CL,0,0.99,0.3087,0.1112,1.8986,41.9551,141.9551,41,10,,,
2026-03-08T21:30:01.023552681+00:00,R0308_200647,SETTLE,S3,sol,sol-updown-5m-1773005100,0,82,,,0.01,,,,,,,,0.01,,,,,,,,,,,0.12,,,82.06,82,-0.0742,DOWN,CL,0,0.99,0.3087,0.0659,0.6077,40.6642,140.6642,41,10,,,
2026-03-08T21:30:33.615917927+00:00,R0308_200647,ENTRY,S3,btc,btc-updown-5m-1773005400,267,66938.49,0.51,0.5,0.01,484.9,403,50,49,0,0.5,0.49,0.01,403,484.9,49,50,0,0.511,0.501,5,5,,,,,,,,,,,,,,,,,,,,,
2026-03-08T21:30:33.886147605+00:00,R0308_205043,ENTRY,S3,btc,btc-updown-5m-1773005400,267,66938.48,0.51,0.5,0.01,390.9,474,50,49,0,0.5,0.49,0.01,474,390.9,49,50,0,0.511,0.501,5,5,,,,,,,,,,,,,,,,,,,,,
2026-03-08T21:30:40.272125401+00:00,R0308_205043,ENTRY,S3,xrp,xrp-updown-5m-1773005400,260,1.35,0.53,0.52,0.01,33,24,51,47,0,0.48,0.47,0.01,24,33,47,51,0,0.531,0.481,5,5,,,,,,,,,,,,,,,,,,,,,
2026-03-08T21:30:45.259089868+00:00,R0308_200647,ENTRY,S3,xrp,xrp-updown-5m-1773005400,255,1.35,0.53,0.52,0.01,10,28,52,47,0,0.48,0.47,0.01,28,10,47,52,0,0.531,0.481,5,5,,,,,,,,,,,,,,,,,,,,,
2026-03-08T21:30:54.610698282+00:00,R0308_200647,ENTRY,S3,eth,eth-updown-5m-1773005400,246,1951.47,0.51,0.5,0.01,10,84,49,49,0,0.5,0.49,0.01,84,10,49,49,0,0.511,0.501,5,5,,,,,,,,,,,,,,,,,,,,,
2026-03-08T21:30:54.610829219+00:00,R0308_200647,ENTRY,S3,sol,sol-updown-5m-1773005400,246,82.01,0.52,0.51,0.01,23,21,51,46,0,0.49,0.48,0.01,21,23,46,51,0,0.521,0.491,5,5,,,,,,,,,,,,,,,,,,,,,
2026-03-08T21:30:54.982619098+00:00,R0308_205043,ENTRY,S3,eth,eth-updown-5m-1773005400,246,1951.47,0.49,0.47,0.02,94,6,47,51,0,0.53,0.51,0.02,6,94,51,47,0,0.491,0.531,5,5,,,,,,,,,,,,,,,,,,,,,
2026-03-08T21:30:54.982829475+00:00,R0308_205043,ENTRY,S3,sol,sol-updown-5m-1773005400,246,82.01,0.53,0.51,0.02,5,5,51,47,0,0.49,0.47,0.02,5,5,47,51,0,0.531,0.491,5,5,,,,,,,,,,,,,,,,,,,,,
2026-03-08T21:34:31.462498657+00:00,R0308_200647,DUMP,S3,btc,btc-updown-5m-1773005400,29,67005.91,,,,,,,,,,,,,12,,12,77,,,,,DN,0.13,0.17,REAL,1.2974,66929.82,66996.59,0.0998,,,,,,,,,,,,,MAKER_FILL
2026-03-08T21:34:32.643420515+00:00,R0308_205043,DUMP,S3,btc,btc-updown-5m-1773005400,28,67005.91,,,,,,,,,,,,,259.1,,11,81,,,,,DN,0.12,0.12,REAL,1.1976,66929.82,66998.08,0.102,,,,,,,,,,,,,MAKER_FILL
2026-03-08T21:34:33.532681601+00:00,R0308_200647,DUMP,S3,eth,eth-updown-5m-1773005400,27,1953.22,,,,,,,,,,,,,146.3,,3,96,,,,,DN,0.029,0.03,REAL,0.2894,1951.13,1953.06,0.0988,,,,,,,,,,,,,TAKER_FORCE
2026-03-08T21:34:33.532784827+00:00,R0308_200647,DUMP,S3,xrp,xrp-updown-5m-1773005400,27,1.35,,,,,,,,,,,,,7.7,,3,96,,,,,DN,0.029,0.03,REAL,0.3015,1.35,1.35,0.0657,,,,,,,,,,,,,TAKER_FORCE
2026-03-08T21:34:33.532827612+00:00,R0308_200647,DUMP,S3,sol,sol-updown-5m-1773005400,27,82.06,,,,,,,,,,,,,9.1,,6,93,,,,,DN,0.059,0.06,REAL,0.6008,82,82.06,0.0735,,,,,,,,,,,,,TAKER_FORCE
2026-03-08T21:34:33.677432899+00:00,R0308_205043,DUMP,S3,eth,eth-updown-5m-1773005400,27,1953.22,,,,,,,,,,,,,146.3,,3,96,,,,,DN,0.029,0.03,REAL,0.2731,1951.13,1953.06,0.0988,,,,,,,,,,,,,TAKER_FORCE
2026-03-08T21:34:33.677508002+00:00,R0308_205043,DUMP,S3,sol,sol-updown-5m-1773005400,27,82.06,,,,,,,,,,,,,9.1,,6,93,,,,,DN,0.059,0.06,REAL,0.6008,82,82.06,0.0735,,,,,,,,,,,,,TAKER_FORCE
2026-03-08T21:34:33.677529504+00:00,R0308_205043,DUMP,S3,xrp,xrp-updown-5m-1773005400,27,1.35,,,,,,,,,,,,,7.7,,3,96,,,,,DN,0.029,0.03,REAL,0.3015,1.35,1.35,0.0645,,,,,,,,,,,,,TAKER_FORCE
2026-03-08T21:35:00.878144796+00:00,R0308_200647,SETTLE,S3,eth,eth-updown-5m-1773005400,0,1952.24,,,0.01,,,,,,,,0.01,,,,,,,,,,,0.029,,,1951.13,1952.05,0.0472,UP,CL,0.99,0,0.3087,0.0176,-0.2522,46.5105,146.5105,44,11,,,
2026-03-08T21:35:00.878240650+00:00,R0308_200647,SETTLE,S3,xrp,xrp-updown-5m-1773005400,0,1.35,,,0.01,,,,,,,,0.01,,,,,,,,,,,0.029,,,1.35,1.35,-0.0168,DOWN,CL,0,0.99,0.3087,0.0166,0.3428,47.1054,147.1054,45,10,,,
2026-03-08T21:35:00.878286981+00:00,R0308_200647,SETTLE,S3,sol,sol-updown-5m-1773005400,0,81.98,,,0.01,,,,,,,,0.01,,,,,,,,,,,0.059,,,82,81.99,-0.0115,DOWN,CL,0,0.99,0.3088,0.0333,0.4075,47.1701,147.1701,45,10,,,
2026-03-08T21:35:00.878332970+00:00,R0308_200647,SETTLE,S3,btc,btc-updown-5m-1773005400,0,66950.87,,,0.01,,,,,,,,0.01,,,,,,,,,,,0.13,,,66929.82,66933.92,0.0061,UP,CL,0.17,0.7,0.3087,0.0705,0.7028,47.4655,147.4655,45,10,CL_CLOB_SPLIT,,
2026-03-08T21:35:01.204184497+00:00,R0308_205043,SETTLE,S3,btc,btc-updown-5m-1773005400,0,66950.86,,,0.01,,,,,,,,0.01,,,,,,,,,,,0.12,,,66929.82,66927.39,-0.0036,DOWN,CL,0.06,0.82,0.3087,0.0646,0.7809,12.8955,112.8955,15,7,,,
2026-03-08T21:35:01.204269185+00:00,R0308_205043,SETTLE,S3,eth,eth-updown-5m-1773005400,0,1952.37,,,0.02,,,,,,,,0.02,,,,,,,,,,,0.029,,,1951.13,1951.71,0.0296,UP,CL,0.99,0,0.3056,0.0166,0.1342,12.2488,112.2488,15,7,,,
2026-03-08T21:35:01.204298378+00:00,R0308_205043,SETTLE,S3,sol,sol-updown-5m-1773005400,0,81.98,,,0.02,,,,,,,,0.02,,,,,,,,,,,0.059,,,82,81.98,-0.0263,DOWN,CL,0,0.99,0.3056,0.0327,0.4006,12.5152,112.5152,15,7,,,
2026-03-08T21:35:01.204325540+00:00,R0308_205043,SETTLE,S3,xrp,xrp-updown-5m-1773005400,0,1.35,,,0.01,,,,,,,,0.01,,,,,,,,,,,0.029,,,1.35,1.35,-0.0353,DOWN,CL,0,0.99,0.3087,0.0166,0.3428,12.4574,112.4574,15,7,,,
2026-03-08T21:35:33.477654268+00:00,R0308_200647,ENTRY,S3,eth,eth-updown-5m-1773005700,267,1952.15,0.53,0.51,0.02,22,59.5,51,47,0,0.49,0.47,0.02,59.5,22,47,51,0,0.531,0.491,5,5,,,,,,,,,,,,,,,,,,,,,
2026-03-08T21:35:33.477841380+00:00,R0308_200647,ENTRY,S3,sol,sol-updown-5m-1773005700,267,81.98,0.51,0.5,0.01,7,65,50,49,0,0.5,0.49,0.01,65,7,49,50,0,0.511,0.501,5,5,,,,,,,,,,,,,,,,,,,,,
2026-03-08T21:35:33.477944646+00:00,R0308_200647,ENTRY,S3,xrp,xrp-updown-5m-1773005700,267,1.35,0.5,0.49,0.01,2,28,49,50,0,0.51,0.5,0.01,28,2,50,49,0,0.501,0.511,5,5,,,,,,,,,,,,,,,,,,,,,
2026-03-08T21:35:33.934485683+00:00,R0308_205043,ENTRY,S3,eth,eth-updown-5m-1773005700,267,1952.15,0.53,0.52,0.01,10,104,52,47,0,0.48,0.47,0.01,104,10,47,52,0,0.531,0.481,5,5,,,,,,,,,,,,,,,,,,,,,
2026-03-08T21:35:33.934663831+00:00,R0308_205043,ENTRY,S3,sol,sol-updown-5m-1773005700,267,81.98,0.51,0.5,0.01,7,60,50,49,0,0.5,0.49,0.01,60,7,49,50,0,0.511,0.501,5,5,,,,,,,,,,,,,,,,,,,,,
2026-03-08T21:35:33.934785505+00:00,R0308_205043,ENTRY,S3,xrp,xrp-updown-5m-1773005700,267,1.35,0.5,0.49,0.01,10,22,49,50,0,0.51,0.5,0.01,22,10,50,49,0,0.501,0.511,5,5,,,,,,,,,,,,,,,,,,,,,
2026-03-08T21:39:31.300309272+00:00,R0308_200647,DUMP,S3,xrp,xrp-updown-5m-1773005700,29,1.35,,,,,,,,,,,,,28,,79,19,,,,,UP,0.5,0.8,REAL,4.99,1.35,1.35,-0.0319,,,,,,,,,,,,,MAKER_FILL
2026-03-08T21:39:32.052864044+00:00,R0308_205043,DUMP,S3,xrp,xrp-updown-5m-1773005700,28,1.35,,,,,,,,,,,,,13.2,,80,18,,,,,UP,0.5,0.81,REAL,4.99,1.35,1.35,-0.0305,,,,,,,,,,,,,MAKER_FILL
2026-03-08T21:39:33.093808483+00:00,R0308_205043,DUMP,S3,eth,eth-updown-5m-1773005700,27,1953.42,,,,,,,,,,,,,592.9,,6,93,,,,,DN,0.059,0.06,REAL,0.6133,1952.55,1953.29,0.038,,,,,,,,,,,,,TAKER_FORCE
2026-03-08T21:39:33.093884367+00:00,R0308_205043,DUMP,S3,sol,sol-updown-5m-1773005700,27,82.05,,,,,,,,,,,,,53.2,,3,96,,,,,DN,0.029,0.03,REAL,0.2894,82.02,82.05,0.0447,,,,,,,,,,,,,TAKER_FORCE
2026-03-08T21:39:33.379923990+00:00,R0308_200647,DUMP,S3,eth,eth-updown-5m-1773005700,27,1953.42,,,,,,,,,,,,,592.9,,6,93,,,,,DN,0.059,0.06,REAL,0.6008,1952.55,1953.29,0.038,,,,,,,,,,,,,TAKER_FORCE
2026-03-08T21:39:33.379988928+00:00,R0308_200647,DUMP,S3,sol,sol-updown-5m-1773005700,27,82.06,,,,,,,,,,,,,53.2,,3,96,,,,,DN,0.029,0.03,REAL,0.2894,82.02,82.05,0.0447,,,,,,,,,,,,,TAKER_FORCE
2026-03-08T21:40:00.454931328+00:00,R0308_205043,SETTLE,S3,eth,eth-updown-5m-1773005700,0,1952.6,,,0.01,,,,,,,,0.01,,,,,,,,,,,0.059,,,1952.55,1952.44,-0.0054,DOWN,CL,0.99,0,0.3087,0.0327,0.6091,14.3821,114.3821,19,7,,,
2026-03-08T21:40:00.455019332+00:00,R0308_205043,SETTLE,S3,xrp,xrp-updown-5m-1773005700,0,1.35,,,0.01,,,,,,,,0.01,,,,,,,,,,,0.5,,,1.35,1.35,-0.0717,DOWN,CL,0,0.99,0.3087,0.1559,4.3101,18.083,118.083,19,7,,,
2026-03-08T21:40:00.455048405+00:00,R0308_205043,SETTLE,S3,sol,sol-updown-5m-1773005700,0,82.02,,,0.01,,,,,,,,0.01,,,,,,,,,,,0.029,,,82.02,82.01,-0.0035,DOWN,CL,0.99,0,0.3087,0.0172,-0.0622,13.7108,113.7108,18,8,,,
2026-03-08T21:40:00.601139616+00:00,R0308_200647,SETTLE,S3,eth,eth-updown-5m-1773005700,0,1952.6,,,0.02,,,,,,,,0.02,,,,,,,,,,,0.059,,,1952.55,1952.44,-0.0054,DOWN,CL,0.99,0,0.3056,0.0327,0.4006,48.3641,148.3641,48,11,,,
2026-03-08T21:40:00.601213968+00:00,R0308_200647,SETTLE,S3,sol,sol-updown-5m-1773005700,0,82.02,,,0.01,,,,,,,,0.01,,,,,,,,,,,0.029,,,82.02,82.01,-0.0035,DOWN,CL,0.99,0,0.3087,0.0172,-0.0622,47.9014,147.9014,47,12,,,
2026-03-08T21:40:00.601244034+00:00,R0308_200647,SETTLE,S3,xrp,xrp-updown-5m-1773005700,0,1.35,,,0.01,,,,,,,,0.01,,,,,,,,,,,0.5,,,1.35,1.35,-0.0717,DOWN,CL,0,0.99,0.3087,0.1559,4.3101,52.2736,152.2736,48,11,,,
2026-03-08T21:40:10.093967076+00:00,R0308_200647,ENTRY,S3,sol,sol-updown-5m-1773006000,290,82.02,0.53,0.52,0.01,38,17,52,47,0,0.48,0.47,0.01,17,38,47,52,0,0.531,0.481,5,5,,,,,,,,,,,,,,,,,,,,,
2026-03-08T21:40:13.078138620+00:00,R0308_205043,ENTRY,S3,sol,sol-updown-5m-1773006000,287,82.02,0.53,0.52,0.01,35,10,52,47,0,0.48,0.47,0.01,10,35,47,52,0,0.531,0.481,5,5,,,,,,,,,,,,,,,,,,,,,
2026-03-08T21:40:40.557742867+00:00,R0308_205043,ENTRY,S3,btc,btc-updown-5m-1773006000,260,66972.49,0.53,0.52,0.01,85.1,291.9,52,47,0,0.48,0.47,0.01,291.9,85.1,47,52,0,0.531,0.481,5,5,,,,,,,,,,,,,,,,,,,,,
2026-03-08T21:40:40.579658289+00:00,R0308_200647,ENTRY,S3,btc,btc-updown-5m-1773006000,260,66972.49,0.53,0.52,0.01,81.1,447.9,52,47,0,0.48,0.47,0.01,447.9,81.1,47,52,0,0.531,0.481,5,5,,,,,,,,,,,,,,,,,,,,,
2026-03-08T21:40:44.702809371+00:00,R0308_205043,ENTRY,S3,xrp,xrp-updown-5m-1773006000,256,1.35,0.51,0.5,0.01,0.6,59,49,49,0,0.5,0.49,0.01,59,0.6,49,49,0,0.511,0.501,5,5,,,,,,,,,,,,,,,,,,,,,
2026-03-08T21:40:44.874414799+00:00,R0308_200647,ENTRY,S3,xrp,xrp-updown-5m-1773006000,256,1.35,0.51,0.5,0.01,0.6,67,49,49,0,0.5,0.49,0.01,67,0.6,49,49,0,0.511,0.501,5,5,,,,,,,,,,,,,,,,,,,,,
2026-03-08T21:40:55.197887756+00:00,R0308_205043,ENTRY,S3,eth,eth-updown-5m-1773006000,245,1952.8,0.53,0.52,0.01,112.8,5,52,47,0,0.48,0.47,0.01,5,112.8,47,52,0,0.531,0.481,5,5,,,,,,,,,,,,,,,,,,,,,
2026-03-08T21:40:55.399362112+00:00,R0308_200647,ENTRY,S3,eth,eth-updown-5m-1773006000,245,1952.8,0.53,0.52,0.01,112.8,5,52,47,0,0.48,0.47,0.01,5,112.8,47,52,0,0.531,0.481,5,5,,,,,,,,,,,,,,,,,,,,,
2026-03-08T21:44:33.917841861+00:00,R0308_200647,DUMP,S3,xrp,xrp-updown-5m-1773006000,27,1.35,,,,,,,,,,,,,5,,12,23,,,,,DN,0.179,0.18,REAL,1.7864,1.35,1.35,0.0258,,,,,,,,,,,,,TAKER_FORCE
2026-03-08T21:44:33.917945368+00:00,R0308_200647,DUMP,S3,sol,sol-updown-5m-1773006000,27,82.2,,,,,,,,,,,,,0,,0,99,,,,,DN,0.099,0.1,EST,1.0291,82.01,82.16,0.1834,,,,,,,,,,,,,TAKER_FORCE|EST_BID
2026-03-08T21:44:33.917999800+00:00,R0308_200647,DUMP,S3,btc,btc-updown-5m-1773006000,27,66996.01,,,,,,,,,,,,,20,,10,89,,,,,DN,0.099,0.1,REAL,1.0291,66956.25,66989.88,0.0502,,,,,,,,,,,,,TAKER_FORCE
2026-03-08T21:44:33.918053550+00:00,R0308_200647,DUMP,S3,eth,eth-updown-5m-1773006000,27,1954.35,,,,,,,,,,,,,32,,5,94,,,,,DN,0.049,0.05,REAL,0.5094,1952.45,1953.72,0.0651,,,,,,,,,,,,,TAKER_FORCE
2026-03-08T21:44:33.937690495+00:00,R0308_205043,DUMP,S3,sol,sol-updown-5m-1773006000,27,82.2,,,,,,,,,,,,,0,,0,99,,,,,DN,0.099,0.1,EST,1.0291,82.01,82.16,0.1834,,,,,,,,,,,,,TAKER_FORCE|EST_BID
2026-03-08T21:44:33.937843115+00:00,R0308_205043,DUMP,S3,xrp,xrp-updown-5m-1773006000,27,1.35,,,,,,,,,,,,,5,,12,23,,,,,DN,0.179,0.18,REAL,1.7864,1.35,1.35,0.0258,,,,,,,,,,,,,TAKER_FORCE
2026-03-08T21:44:33.937906551+00:00,R0308_205043,DUMP,S3,btc,btc-updown-5m-1773006000,27,66996.01,,,,,,,,,,,,,20,,10,89,,,,,DN,0.099,0.1,REAL,1.0291,66956.25,66989.88,0.0502,,,,,,,,,,,,,TAKER_FORCE
2026-03-08T21:44:33.937966121+00:00,R0308_205043,DUMP,S3,eth,eth-updown-5m-1773006000,27,1954.35,,,,,,,,,,,,,32,,5,94,,,,,DN,0.049,0.05,REAL,0.5094,1952.45,1953.72,0.0651,,,,,,,,,,,,,TAKER_FORCE
2026-03-08T21:45:00.143240515+00:00,R0308_205043,SETTLE,S3,sol,sol-updown-5m-1773006000,0,82.21,,,0.01,,,,,,,,0.01,,,,,,,,,,,0.099,,,82.01,82.21,0.2428,UP,CL,0.99,0,0.3087,0.058,0.0786,18.7086,118.7086,21,8,,,
2026-03-08T21:45:00.143394297+00:00,R0308_205043,SETTLE,S3,xrp,xrp-updown-5m-1773006000,0,1.35,,,0.01,,,,,,,,0.01,,,,,,,,,,,0.179,,,1.35,1.35,0.0415,UP,CL,0.99,0,0.3087,0.0917,1.1707,19.8008,119.8008,21,8,,,
2026-03-08T21:45:00.143494267+00:00,R0308_205043,SETTLE,S3,btc,btc-updown-5m-1773006000,0,67022.99,,,0.01,,,,,,,,0.01,,,,,,,,,,,0.099,,,66956.25,67018.15,0.0924,UP,CL,0.99,0,0.3087,0.058,0.0786,18.7086,118.7086,21,8,,,
2026-03-08T21:45:00.143581869+00:00,R0308_205043,SETTLE,S3,eth,eth-updown-5m-1773006000,0,1954.45,,,0.01,,,,,,,,0.01,,,,,,,,,,,0.049,,,1952.45,1954.41,0.1006,UP,CL,0.99,0,0.3087,0.0303,-0.4135,18.2165,118.2165,20,9,,,
2026-03-08T21:45:00.265867825+00:00,R0308_200647,SETTLE,S3,xrp,xrp-updown-5m-1773006000,0,1.35,,,0.01,,,,,,,,0.01,,,,,,,,,,,0.179,,,1.35,1.35,0.0415,UP,CL,0.99,0,0.3087,0.0917,1.1707,53.7827,153.7827,50,12,,,
2026-03-08T21:45:00.265972333+00:00,R0308_200647,SETTLE,S3,sol,sol-updown-5m-1773006000,0,82.21,,,0.01,,,,,,,,0.01,,,,,,,,,,,0.099,,,82.01,82.22,0.2472,UP,CL,0.99,0,0.3087,0.058,0.0786,52.6906,152.6906,50,12,,,
2026-03-08T21:45:00.266031712+00:00,R0308_200647,SETTLE,S3,btc,btc-updown-5m-1773006000,0,67022.99,,,0.01,,,,,,,,0.01,,,,,,,,,,,0.099,,,66956.25,67018.17,0.0925,UP,CL,0.99,0,0.3087,0.058,0.0786,52.6906,152.6906,50,12,,,
2026-03-08T21:45:00.266090531+00:00,R0308_200647,SETTLE,S3,eth,eth-updown-5m-1773006000,0,1954.39,,,0.01,,,,,,,,0.01,,,,,,,,,,,0.049,,,1952.45,1954.33,0.0965,UP,CL,0.99,0,0.3087,0.0303,-0.4135,52.1985,152.1985,49,13,,,
2026-03-08T21:45:10.692241556+00:00,R0308_205043,ENTRY,S3,btc,btc-updown-5m-1773006300,290,67022.98,0.52,0.51,0.01,294.7,398.7,51,48,0,0.49,0.48,0.01,398.7,294.7,48,51,0,0.521,0.491,5,5,,,,,,,,,,,,,,,,,,,,,
2026-03-08T21:45:10.809200879+00:00,R0308_200647,ENTRY,S3,btc,btc-updown-5m-1773006300,290,67022.98,0.52,0.51,0.01,212.6,434.4,51,48,0,0.49,0.48,0.01,434.4,212.6,48,51,0,0.521,0.491,5,5,,,,,,,,,,,,,,,,,,,,,
2026-03-08T21:45:12.935342376+00:00,R0308_205043,ENTRY,S3,xrp,xrp-updown-5m-1773006300,288,1.35,0.53,0.51,0.02,65,66,51,47,0,0.49,0.47,0.02,66,65,47,51,0,0.531,0.491,5,5,,,,,,,,,,,,,,,,,,,,,
2026-03-08T21:45:13.915475382+00:00,R0308_200647,ENTRY,S3,xrp,xrp-updown-5m-1773006300,287,1.35,0.53,0.51,0.02,57,17,51,47,0,0.49,0.47,0.02,17,57,47,51,0,0.531,0.491,5,5,,,,,,,,,,,,,,,,,,,,,
2026-03-08T21:45:31.738670989+00:00,R0308_205043,ENTRY,S3,eth,eth-updown-5m-1773006300,269,1954.45,0.51,0.5,0.01,93,12,50,49,0,0.5,0.49,0.01,12,93,49,50,0,0.511,0.501,5,5,,,,,,,,,,,,,,,,,,,,,
2026-03-08T21:45:31.856683871+00:00,R0308_200647,ENTRY,S3,eth,eth-updown-5m-1773006300,269,1954.45,0.52,0.5,0.02,93,14,50,48,0,0.5,0.48,0.02,14,93,48,50,0,0.521,0.501,5,5,,,,,,,,,,,,,,,,,,,,,
2026-03-08T21:45:41.247829354+00:00,R0308_205043,ENTRY,S3,sol,sol-updown-5m-1773006300,259,82.22,0.52,0.51,0.01,26,17,51,48,0,0.49,0.48,0.01,17,26,48,51,0,0.521,0.491,5,5,,,,,,,,,,,,,,,,,,,,,
2026-03-08T21:45:41.376726158+00:00,R0308_200647,ENTRY,S3,sol,sol-updown-5m-1773006300,259,82.22,0.52,0.51,0.01,26.1,10,51,48,0,0.49,0.48,0.01,10,26.1,48,51,0,0.521,0.491,5,5,,,,,,,,,,,,,,,,,,,,,
2026-03-08T21:49:31.637672243+00:00,R0308_200647,DUMP,S3,btc,btc-updown-5m-1773006300,29,66994.4,,,,,,,,,,,,,20,,14,83,,,,,UP,0.13,0.14,REAL,1.2476,67017.16,66987.63,-0.0441,,,,,,,,,,,,,MAKER_FILL
2026-03-08T21:49:31.637774106+00:00,R0308_200647,DUMP,S3,eth,eth-updown-5m-1773006300,29,1953.05,,,,,,,,,,,,,3.6,,6,92,,,,,UP,0.04,0.06,REAL,0.3839,1954.42,1953.01,-0.0717,,,,,,,,,,,,,MAKER_FILL
2026-03-08T21:49:31.804671182+00:00,R0308_205043,DUMP,S3,btc,btc-updown-5m-1773006300,29,66994.4,,,,,,,,,,,,,30,,13,84,,,,,UP,0.13,0.14,REAL,1.2476,67017.16,66987.63,-0.0441,,,,,,,,,,,,,MAKER_FILL
2026-03-08T21:49:31.804795960+00:00,R0308_205043,DUMP,S3,eth,eth-updown-5m-1773006300,29,1953.05,,,,,,,,,,,,,37.8,,4,93,,,,,UP,0.04,0.04,REAL,0.3914,1954.42,1953.01,-0.0717,,,,,,,,,,,,,MAKER_FILL
2026-03-08T21:49:32.674589468+00:00,R0308_200647,DUMP,S3,sol,sol-updown-5m-1773006300,28,82.16,,,,,,,,,,,,,16.7,,11,87,,,,,UP,0.06,0.12,REAL,0.5758,82.21,82.16,-0.0654,,,,,,,,,,,,,MAKER_FILL
2026-03-08T21:49:32.839654340+00:00,R0308_205043,DUMP,S3,sol,sol-updown-5m-1773006300,28,82.16,,,,,,,,,,,,,7.7,,12,86,,,,,UP,0.06,0.13,REAL,0.5758,82.21,82.16,-0.0654,,,,,,,,,,,,,MAKER_FILL
2026-03-08T21:49:33.704690652+00:00,R0308_200647,DUMP,S3,xrp,xrp-updown-5m-1773006300,27,1.35,,,,,,,,,,,,,10,,33,64,,,,,DN,0.329,0.33,REAL,3.3503,1.35,1.35,0.0101,,,,,,,,,,,,,TAKER_FORCE
2026-03-08T21:49:33.876679660+00:00,R0308_205043,DUMP,S3,xrp,xrp-updown-5m-1773006300,27,1.35,,,,,,,,,,,,,18,,33,63,,,,,DN,0.329,0.33,REAL,3.3503,1.35,1.35,0.0101,,,,,,,,,,,,,TAKER_FORCE
2026-03-08T21:50:00.225228306+00:00,R0308_205043,SETTLE,S3,btc,btc-updown-5m-1773006300,0,67001.1,,,0.01,,,,,,,,0.01,,,,,,,,,,,0.13,,,67017.16,66996.28,-0.0312,DOWN,CL,0,0.99,0.3088,0.0678,1.0543,20.5988,120.5988,24,9,,,
2026-03-08T21:50:00.225368558+00:00,R0308_205043,SETTLE,S3,xrp,xrp-updown-5m-1773006300,0,1.35,,,0.02,,,,,,,,0.02,,,,,,,,,,,0.329,,,1.35,1.35,0.0008,UP,CL,0.06,0.25,0.3056,0.1405,2.3204,21.8649,121.8649,24,9,CL_CLOB_SPLIT,,
2026-03-08T21:50:00.225432143+00:00,R0308_205043,SETTLE,S3,sol,sol-updown-5m-1773006300,0,82.16,,,0.01,,,,,,,,0.01,,,,,,,,,,,0.06,,,82.21,82.15,-0.0681,DOWN,CL,0,0.99,0.3088,0.0338,0.4165,19.961,119.961,24,9,,,
2026-03-08T21:50:00.225516671+00:00,R0308_205043,SETTLE,S3,eth,eth-updown-5m-1773006300,0,1953.37,,,0.01,,,,,,,,0.01,,,,,,,,,,,0.04,,,1954.42,1953.21,-0.0615,DOWN,CL,0,0.99,0.3087,0.0235,0.0392,19.5837,119.5837,24,9,,,
2026-03-08T21:50:00.930277381+00:00,R0308_200647,SETTLE,S3,sol,sol-updown-5m-1773006300,0,82.16,,,0.01,,,,,,,,0.01,,,,,,,,,,,0.06,,,82.21,82.15,-0.0681,DOWN,CL,0,0.99,0.3088,0.0338,0.4165,53.943,153.943,53,13,,,
2026-03-08T21:50:00.930377531+00:00,R0308_200647,SETTLE,S3,xrp,xrp-updown-5m-1773006300,0,1.35,,,0.02,,,,,,,,0.02,,,,,,,,,,,0.329,,,1.35,1.35,0.0008,UP,CL,0.06,0.25,0.3056,0.1405,2.3204,55.8468,155.8468,53,13,CL_CLOB_SPLIT,,
2026-03-08T21:50:00.930448969+00:00,R0308_200647,SETTLE,S3,btc,btc-updown-5m-1773006300,0,67001.74,,,0.01,,,,,,,,0.01,,,,,,,,,,,0.13,,,67017.16,66995.45,-0.0324,DOWN,CL,0,0.99,0.3088,0.0678,1.0543,54.5808,154.5808,53,13,,,
2026-03-08T21:50:00.930508659+00:00,R0308_200647,SETTLE,S3,eth,eth-updown-5m-1773006300,0,1953.37,,,0.02,,,,,,,,0.02,,,,,,,,,,,0.04,,,1954.42,1953.21,-0.0615,DOWN,CL,0,0.99,0.3056,0.023,0.0353,53.5617,153.5617,53,13,,,
2026-03-08T21:50:10.485188719+00:00,R0308_200647,ENTRY,S3,sol,sol-updown-5m-1773006600,290,82.17,0.5,0.49,0.01,47,5,49,50,0,0.51,0.5,0.01,5,47,50,49,0,0.501,0.511,5,5,,,,,,,,,,,,,,,,,,,,,
2026-03-08T21:50:10.759850750+00:00,R0308_205043,ENTRY,S3,sol,sol-updown-5m-1773006600,290,82.17,0.5,0.49,0.01,47,12,49,50,0,0.51,0.5,0.01,12,47,50,49,0,0.501,0.511,5,5,,,,,,,,,,,,,,,,,,,,,
2026-03-08T21:50:12.696707657+00:00,R0308_200647,ENTRY,S3,eth,eth-updown-5m-1773006600,288,1953.58,0.53,0.52,0.01,56,31.1,52,47,0,0.48,0.47,0.01,31.1,56,47,52,0,0.531,0.481,5,5,,,,,,,,,,,,,,,,,,,,,
2026-03-08T21:50:12.834277635+00:00,R0308_205043,ENTRY,S3,eth,eth-updown-5m-1773006600,288,1953.58,0.53,0.52,0.01,46.3,37.1,52,47,0,0.48,0.47,0.01,37.1,46.3,47,52,0,0.531,0.481,5,5,,,,,,,,,,,,,,,,,,,,,
2026-03-08T21:50:21.056183127+00:00,R0308_200647,ENTRY,S3,xrp,xrp-updown-5m-1773006600,279,1.35,0.51,0.5,0.01,8.6,25.5,47,30,0,0.5,0.49,0.01,25.5,8.6,30,47,0,0.511,0.501,5,5,,,,,,,,,,,,,,,,,,,,,
2026-03-08T21:50:21.257144840+00:00,R0308_205043,ENTRY,S3,xrp,xrp-updown-5m-1773006600,279,1.35,0.51,0.49,0.02,29.6,31.5,47,30,0,0.51,0.49,0.02,31.5,29.6,30,47,0,0.511,0.511,5,5,,,,,,,,,,,,,,,,,,,,,
2026-03-08T21:54:31.895159271+00:00,R0308_200647,DUMP,S3,eth,eth-updown-5m-1773006600,29,1952.71,,,,,,,,,,,,,8,,12,84,,,,,UP,0.06,0.14,REAL,0.565,1953.2,1952.19,-0.052,,,,,,,,,,,,,MAKER_FILL
2026-03-08T21:54:31.895273844+00:00,R0308_200647,DUMP,S3,xrp,xrp-updown-5m-1773006600,29,1.35,,,,,,,,,,,,,15,,22,77,,,,,UP,0.22,0.22,REAL,2.1526,1.35,1.35,-0.0159,,,,,,,,,,,,,MAKER_FILL
2026-03-08T21:54:31.895340265+00:00,R0308_200647,DUMP,S3,sol,sol-updown-5m-1773006600,29,82.13,,,,,,,,,,,,,14,,30,66,,,,,UP,0.3,0.3,REAL,2.994,82.15,82.14,-0.0182,,,,,,,,,,,,,MAKER_FILL
2026-03-08T21:54:32.085705535+00:00,R0308_205043,DUMP,S3,eth,eth-updown-5m-1773006600,28,1952.71,,,,,,,,,,,,,70,,17,80,,,,,UP,0.06,0.19,REAL,0.565,1953.2,1952.19,-0.0518,,,,,,,,,,,,,MAKER_FILL
2026-03-08T21:54:32.085853729+00:00,R0308_205043,DUMP,S3,xrp,xrp-updown-5m-1773006600,28,1.35,,,,,,,,,,,,,10,,22,77,,,,,UP,0.22,0.22,REAL,2.1526,1.35,1.35,-0.016,,,,,,,,,,,,,MAKER_FILL
2026-03-08T21:54:33.119953045+00:00,R0308_205043,DUMP,S3,sol,sol-updown-5m-1773006600,27,82.13,,,,,,,,,,,,,66,,27,67,,,,,UP,0.29,0.3,REAL,2.8942,82.15,82.14,-0.0209,,,,,,,,,,,,,MAKER_FILL
2026-03-08T21:55:00.150140395+00:00,R0308_200647,SETTLE,S3,eth,eth-updown-5m-1773006600,0,1953.88,,,0.01,,,,,,,,0.01,,,,,,,,,,,0.06,,,1953.2,1953.71,0.0258,UP,CL,0.99,0,0.3087,0.0366,-0.3055,57.0474,157.0474,56,14,,,
2026-03-08T21:55:00.150281188+00:00,R0308_200647,SETTLE,S3,xrp,xrp-updown-5m-1773006600,0,1.35,,,0.01,,,,,,,,0.01,,,,,,,,,,,0.22,,,1.35,1.35,0.0198,UP,CL,0.99,0,0.3087,0.107,1.5646,58.9175,158.9175,57,13,,,
2026-03-08T21:55:00.150352075+00:00,R0308_200647,SETTLE,S3,sol,sol-updown-5m-1773006600,0,82.18,,,0.01,,,,,,,,0.01,,,,,,,,,,,0.3,,,82.15,82.16,0.0098,UP,CL,0.99,0,0.3087,0.1284,2.4783,59.8312,159.8312,57,13,,,
2026-03-08T21:55:00.397038848+00:00,R0308_205043,SETTLE,S3,eth,eth-updown-5m-1773006600,0,1953.88,,,0.01,,,,,,,,0.01,,,,,,,,,,,0.06,,,1953.2,1953.71,0.0258,UP,CL,0.99,0,0.3087,0.0366,-0.3055,23.0694,123.0694,27,10,,,
2026-03-08T21:55:00.397246642+00:00,R0308_205043,SETTLE,S3,sol,sol-updown-5m-1773006600,0,82.18,,,0.01,,,,,,,,0.01,,,,,,,,,,,0.29,,,82.15,82.17,0.0143,UP,CL,0.99,0,0.3087,0.1259,2.3829,25.7578,125.7578,28,9,,,
2026-03-08T21:55:00.397351469+00:00,R0308_205043,SETTLE,S3,xrp,xrp-updown-5m-1773006600,0,1.35,,,0.02,,,,,,,,0.02,,,,,,,,,,,0.22,,,1.35,1.35,0.02,UP,CL,0.99,0,0.3056,0.1049,1.5268,24.9017,124.9017,28,9,,,
2026-03-08T21:55:10.613841134+00:00,R0308_200647,ENTRY,S3,btc,btc-updown-5m-1773006900,290,67020.21,0.53,0.52,0.01,434.2,50,52,47,0,0.48,0.47,0.01,50,434.2,47,52,0,0.531,0.481,5,5,,,,,,,,,,,,,,,,,,,,,
2026-03-08T21:55:10.894889670+00:00,R0308_205043,ENTRY,S3,btc,btc-updown-5m-1773006900,290,67020.21,0.53,0.52,0.01,424.2,54.4,52,47,0,0.48,0.47,0.01,54.4,424.2,47,52,0,0.531,0.481,5,5,,,,,,,,,,,,,,,,,,,,,
2026-03-08T21:55:52.946177355+00:00,R0308_205043,ENTRY,S3,eth,eth-updown-5m-1773006900,248,1953.87,0.53,0.51,0.02,85,16,51,45,0,0.49,0.47,0.02,16,85,45,51,0,0.531,0.491,5,5,,,,,,,,,,,,,,,,,,,,,
2026-03-08T21:55:52.946337378+00:00,R0308_205043,ENTRY,S3,xrp,xrp-updown-5m-1773006900,248,1.35,0.5,0.49,0.01,72,7,25,50,0,0.51,0.5,0.01,7,72,50,25,0,0.501,0.511,5,5,,,,,,,,,,,,,,,,,,,,,
2026-03-08T21:55:53.494580187+00:00,R0308_200647,ENTRY,S3,eth,eth-updown-5m-1773006900,247,1953.87,0.53,0.52,0.01,67.8,106,52,47,0,0.48,0.47,0.01,106,67.8,47,52,0,0.531,0.481,5,5,,,,,,,,,,,,,,,,,,,,,
2026-03-08T21:55:53.494690422+00:00,R0308_200647,ENTRY,S3,xrp,xrp-updown-5m-1773006900,247,1.35,0.51,0.5,0.01,21,56,50,49,0,0.5,0.49,0.01,56,21,49,50,0,0.511,0.501,5,5,,,,,,,,,,,,,,,,,,,,,
2026-03-08T21:56:00.377369488+00:00,R0308_205043,ENTRY,S3,sol,sol-updown-5m-1773006900,240,82.19,0.53,0.52,0.01,10,32.6,52,47,0,0.48,0.47,0.01,32.6,10,47,52,0,0.531,0.481,5,5,,,,,,,,,,,,,,,,,,,,,
2026-03-08T21:56:00.837177514+00:00,R0308_200647,ENTRY,S3,sol,sol-updown-5m-1773006900,240,82.18,0.51,0.49,0.02,57.7,29,49,49,0,0.51,0.49,0.02,29,57.7,49,49,0,0.511,0.511,5,5,,,,,,,,,,,,,,,,,,,,,
2026-03-08T21:59:31.549575341+00:00,R0308_200647,DUMP,S3,btc,btc-updown-5m-1773006900,29,66967.39,,,,,,,,,,,,,12.7,,18,79,,,,,UP,0.17,0.18,REAL,1.6008,66999.89,66959.64,-0.0601,,,,,,,,,,,,,MAKER_FILL
2026-03-08T21:59:33.632279760+00:00,R0308_200647,DUMP,S3,eth,eth-updown-5m-1773006900,27,1952.93,,,,,,,,,,,,,45,,7,92,,,,,UP,0.069,0.07,REAL,0.6497,1953.67,1952.83,-0.0431,,,,,,,,,,,,,TAKER_FORCE
2026-03-08T21:59:33.632396286+00:00,R0308_200647,DUMP,S3,xrp,xrp-updown-5m-1773006900,27,1.35,,,,,,,,,,,,,31,,5,90,,,,,UP,0.049,0.05,REAL,0.4795,1.35,1.35,-0.0483,,,,,,,,,,,,,TAKER_FORCE
2026-03-08T21:59:33.632465960+00:00,R0308_200647,DUMP,S3,sol,sol-updown-5m-1773006900,27,82.21,,,,,,,,,,,,,818.5,,7,88,,,,,DN,0.09,0.11,REAL,0.8806,82.16,82.21,0.0561,,,,,,,,,,,,,MAKER_FILL
2026-03-08T21:59:33.923126583+00:00,R0308_205043,DUMP,S3,btc,btc-updown-5m-1773006900,27,66967.39,,,,,,,,,,,,,228.3,,16,79,,,,,UP,0.159,0.16,REAL,1.4972,66999.89,66960.22,-0.0592,,,,,,,,,,,,,TAKER_FORCE
2026-03-08T21:59:33.923226965+00:00,R0308_205043,DUMP,S3,eth,eth-updown-5m-1773006900,27,1952.93,,,,,,,,,,,,,10,,7,92,,,,,UP,0.069,0.07,REAL,0.6497,1953.67,1952.83,-0.0431,,,,,,,,,,,,,TAKER_FORCE
2026-03-08T21:59:33.923271823+00:00,R0308_205043,DUMP,S3,xrp,xrp-updown-5m-1773006900,27,1.35,,,,,,,,,,,,,31,,5,93,,,,,UP,0.049,0.05,REAL,0.489,1.35,1.35,-0.0483,,,,,,,,,,,,,TAKER_FORCE
2026-03-08T21:59:33.923314266+00:00,R0308_205043,DUMP,S3,sol,sol-updown-5m-1773006900,27,82.22,,,,,,,,,,,,,755.2,,8,88,,,,,DN,0.07,0.11,REAL,0.7277,82.16,82.21,0.0561,,,,,,,,,,,,,MAKER_FILL
2026-03-08T22:00:00.247425243+00:00,R0308_205043,SETTLE,S3,btc,btc-updown-5m-1773006900,0,67020.01,,,0.01,,,,,,,,0.01,,,,,,,,,,,0.159,,,66999.89,66993.9,-0.009,DOWN,CL,0.99,0,0.3087,0.0787,1.5047,28.4839,128.4839,30,10,,,
2026-03-08T22:00:00.247563812+00:00,R0308_205043,SETTLE,S3,eth,eth-updown-5m-1773006900,0,1953.95,,,0.02,,,,,,,,0.02,,,,,,,,,,,0.069,,,1953.67,1953.34,-0.0173,DOWN,CL,0.06,0.89,0.3056,0.0378,0.4896,27.4687,127.4687,30,10,,,
2026-03-08T22:00:00.247635871+00:00,R0308_205043,SETTLE,S3,xrp,xrp-updown-5m-1773006900,0,1.35,,,0.01,,,,,,,,0.01,,,,,,,,,,,0.049,,,1.35,1.35,-0.0282,DOWN,CL,0,0.99,0.3087,0.0291,-0.0641,26.9151,126.9151,29,11,,,
2026-03-08T22:00:00.247663412+00:00,R0308_205043,SETTLE,S3,sol,sol-updown-5m-1773006900,0,82.26,,,0.01,,,,,,,,0.01,,,,,,,,,,,0.07,,,82.16,82.24,0.0924,UP,CL,0.99,0,0.3087,0.0423,-0.2072,26.772,126.772,29,11,,,
2026-03-08T22:00:00.864122249+00:00,R0308_200647,SETTLE,S3,btc,btc-updown-5m-1773006900,0,66992.11,,,0.01,,,,,,,,0.01,,,,,,,,,,,0.17,,,66999.89,67007.03,0.0106,UP,CL,0.99,0,0.3087,0.0917,0.7829,61.8732,161.8732,59,14,,,
2026-03-08T22:00:00.864211563+00:00,R0308_200647,SETTLE,S3,eth,eth-updown-5m-1773006900,0,1952.93,,,0.01,,,,,,,,0.01,,,,,,,,,,,0.069,,,1953.67,1953.47,-0.0104,DOWN,CL,0,0.99,0.3087,0.0378,0.6982,61.7885,161.7885,59,14,,,
2026-03-08T22:00:00.864254859+00:00,R0308_200647,SETTLE,S3,xrp,xrp-updown-5m-1773006900,0,1.35,,,0.01,,,,,,,,0.01,,,,,,,,,,,0.049,,,1.35,1.35,-0.0191,DOWN,CL,0,0.99,0.3087,0.0285,0.1222,61.2125,161.2125,59,14,,,
2026-03-08T22:00:00.864296301+00:00,R0308_200647,SETTLE,S3,sol,sol-updown-5m-1773006900,0,82.18,,,0.02,,,,,,,,0.02,,,,,,,,,,,0.09,,,82.16,82.25,0.1028,UP,CL,0.99,0,0.3056,0.0501,0.3097,61.3999,161.3999,59,14,,,
2026-03-08T22:05:16.772699113+00:00,R0308_205043,ENTRY,S3,sol,sol-updown-5m-1773007500,284,80.35,0.51,0.5,0.01,19.5,37.8,49,49,0,0.5,0.49,0.01,37.8,19.5,49,49,0,0.511,0.501,5,5,,,,,,,,,,,,,,,,,,,,,
2026-03-08T22:05:16.892205999+00:00,R0308_200647,ENTRY,S3,sol,sol-updown-5m-1773007500,284,80.37,0.51,0.5,0.01,10.9,28.5,50,49,0,0.5,0.49,0.01,28.5,10.9,49,50,0,0.511,0.501,5,5,,,,,,,,,,,,,,,,,,,,,
2026-03-08T22:05:17.808461801+00:00,R0308_205043,ENTRY,S3,eth,eth-updown-5m-1773007500,283,1920,0.48,0.47,0.01,10.4,53,47,50,0,0.53,0.52,0.01,53,10.4,50,47,0,0.481,0.531,5,5,,,,,,,,,,,,,,,,,,,,,
2026-03-08T22:05:24.267643440+00:00,R0308_200647,ENTRY,S3,eth,eth-updown-5m-1773007500,276,1919.77,0.53,0.49,0.04,212.3,13,48,47,0,0.51,0.47,0.04,13,212.3,47,48,0,0.531,0.511,5,5,,,,,,,,,,,,,,,,,,,WIDE_SPREAD_UP|WIDE_SPREAD_DN,,
2026-03-08T22:05:26.284565270+00:00,R0308_205043,ENTRY,S3,xrp,xrp-updown-5m-1773007500,274,1.32,0.53,0.52,0.01,8.3,20.4,38,38,0,0.48,0.47,0.01,20.4,8.3,38,38,0,0.531,0.481,5,5,,,,,,,,,,,,,,,,,,,,,
2026-03-08T22:05:26.346926761+00:00,R0308_200647,ENTRY,S3,xrp,xrp-updown-5m-1773007500,274,1.32,0.53,0.52,0.01,8.3,20.4,37,38,0,0.48,0.47,0.01,20.4,8.3,38,37,0,0.531,0.481,5,5,,,,,,,,,,,,,,,,,,,,,
2026-03-08T22:05:44.198542342+00:00,R0308_200647,ENTRY,S3,btc,btc-updown-5m-1773007500,256,65923.99,0.51,0.5,0.01,187.7,24,50,47,0,0.5,0.49,0.01,24,187.7,47,50,0,0.511,0.501,5,5,,,,,,,,,,,,,,,,,,,,,
2026-03-08T22:05:44.282985626+00:00,R0308_205043,ENTRY,S3,btc,btc-updown-5m-1773007500,256,65923.99,0.53,0.5,0.03,174.7,25,50,47,0,0.5,0.47,0.03,25,174.7,47,50,0,0.531,0.501,5,5,,,,,,,,,,,,,,,,,,,WIDE_SPREAD_UP|WIDE_SPREAD_DN,,
2026-03-08T22:09:33.310956668+00:00,R0308_200647,DUMP,S3,eth,eth-updown-5m-1773007500,27,1932.45,,,,,,,,,,,,,8.8,,1,108,,,,,DN,0.01,0.001,REAL,0.0978,1917.91,1931.54,0.7105,,,,,,,,,,,,,TAKER_FORCE
2026-03-08T22:09:33.311044540+00:00,R0308_200647,DUMP,S3,sol,sol-updown-5m-1773007500,27,81.14,,,,,,,,,,,,,0,,0,103,,,,,DN,0.049,0.05,EST,0.489,80.57,81.17,0.7402,,,,,,,,,,,,,TAKER_FORCE|EST_BID
2026-03-08T22:09:33.311087015+00:00,R0308_200647,DUMP,S3,btc,btc-updown-5m-1773007500,27,66039.15,,,,,,,,,,,,,730.8,,1,123,,,,,DN,0.01,0.01,REAL,0.0998,65837.27,66060.22,0.3386,,,,,,,,,,,,,TAKER_FORCE
2026-03-08T22:09:33.311130309+00:00,R0308_200647,DUMP,S3,xrp,xrp-updown-5m-1773007500,27,1.33,,,,,,,,,,,,,0,,0,30,,,,,DN,0.049,0.05,EST,0.5094,1.33,1.33,0.4625,,,,,,,,,,,,,TAKER_FORCE|EST_BID
2026-03-08T22:09:33.482293130+00:00,R0308_205043,DUMP,S3,xrp,xrp-updown-5m-1773007500,27,1.33,,,,,,,,,,,,,0,,0,30,,,,,DN,0.049,0.05,EST,0.5094,1.33,1.33,0.5265,,,,,,,,,,,,,TAKER_FORCE|EST_BID
2026-03-08T22:09:33.482396136+00:00,R0308_205043,DUMP,S3,sol,sol-updown-5m-1773007500,27,81.12,,,,,,,,,,,,,0,,0,103,,,,,DN,0.049,0.05,EST,0.489,80.53,81.17,0.7898,,,,,,,,,,,,,TAKER_FORCE|EST_BID
2026-03-08T22:09:33.482422866+00:00,R0308_205043,DUMP,S3,btc,btc-updown-5m-1773007500,27,66031.05,,,,,,,,,,,,,724.8,,1,124,,,,,DN,0.01,0.01,REAL,0.0998,65822.25,66060.22,0.3615,,,,,,,,,,,,,TAKER_FORCE
2026-03-08T22:09:33.482449866+00:00,R0308_205043,DUMP,S3,eth,eth-updown-5m-1773007500,27,1932.25,,,,,,,,,,,,,8.8,,1,106,,,,,DN,0.01,0.001,REAL,0.0942,1917.88,1931.54,0.712,,,,,,,,,,,,,TAKER_FORCE
2026-03-08T22:10:00.557144549+00:00,R0308_200647,SETTLE,S3,eth,eth-updown-5m-1773007500,0,1930.21,,,0.04,,,,,,,,0.04,,,,,,,,,,,0.01,,,1917.91,1930.5,0.6564,UP,CL,0.999,0,0.2994,0.0061,-0.7914,62.2119,162.2119,62,15,,,
2026-03-08T22:10:00.557243929+00:00,R0308_200647,SETTLE,S3,sol,sol-updown-5m-1773007500,0,81.08,,,0.01,,,,,,,,0.01,,,,,,,,,,,0.049,,,80.57,81.1,0.6514,UP,CL,0.999,0,0.3087,0.0291,-0.0641,62.9392,162.9392,62,15,,,
2026-03-08T22:10:00.557369719+00:00,R0308_200647,SETTLE,S3,btc,btc-updown-5m-1773007500,0,66015.21,,,0.01,,,,,,,,0.01,,,,,,,,,,,0.01,,,65837.27,66024.72,0.2847,UP,CL,0.999,0,0.3087,0.0062,-0.4304,62.5729,162.5729,62,15,,,
2026-03-08T22:10:00.557410109+00:00,R0308_200647,SETTLE,S3,xrp,xrp-updown-5m-1773007500,0,1.33,,,0.01,,,,,,,,0.01,,,,,,,,,,,0.049,,,1.33,1.33,0.4637,UP,CL,0.999,0,0.3087,0.0303,-0.4135,62.5898,162.5898,62,15,,,
2026-03-08T22:10:01.033972862+00:00,R0308_205043,SETTLE,S3,xrp,xrp-updown-5m-1773007500,0,1.33,,,0.01,,,,,,,,0.01,,,,,,,,,,,0.049,,,1.33,1.33,0.5227,UP,CL,0.999,0,0.3087,0.0303,-0.4135,28.2888,128.2888,31,13,,,
2026-03-08T22:10:01.034073193+00:00,R0308_205043,SETTLE,S3,sol,sol-updown-5m-1773007500,0,81.1,,,0.01,,,,,,,,0.01,,,,,,,,,,,0.049,,,80.53,81.09,0.697,UP,CL,0.999,0,0.3087,0.0291,-0.0641,28.6382,128.6382,31,13,,,
2026-03-08T22:10:01.034112483+00:00,R0308_205043,SETTLE,S3,btc,btc-updown-5m-1773007500,0,66020.68,,,0.03,,,,,,,,0.03,,,,,,,,,,,0.01,,,65822.25,66024.61,0.3074,UP,CL,0.999,0,0.3025,0.0062,-0.7927,27.9096,127.9096,31,13,,,
2026-03-08T22:10:01.034140765+00:00,R0308_205043,SETTLE,S3,eth,eth-updown-5m-1773007500,0,1930.68,,,0.01,,,,,,,,0.01,,,,,,,,,,,0.01,,,1917.88,1929.82,0.6225,UP,CL,0.999,0,0.3087,0.0058,0.1746,28.8768,128.8768,32,12,,,
2026-03-08T22:10:15.212376596+00:00,R0308_200647,ENTRY,S3,btc,btc-updown-5m-1773007800,285,66023.51,0.52,0.5,0.02,107.9,18.9,50,48,0,0.5,0.48,0.02,18.9,107.9,48,50,0,0.521,0.501,5,5,,,,,,,,,,,,,,,,,,,,,
2026-03-08T22:10:15.728001139+00:00,R0308_205043,ENTRY,S3,btc,btc-updown-5m-1773007800,285,66023.5,0.51,0.5,0.01,161.9,210.4,50,49,0,0.5,0.49,0.01,210.4,161.9,49,50,0,0.511,0.501,5,5,,,,,,,,,,,,,,,,,,,,,
2026-03-08T22:11:05.523995347+00:00,R0308_200647,ENTRY,S3,eth,eth-updown-5m-1773007800,235,1931.09,0.53,0.52,0.01,15,66,51,47,0,0.48,0.47,0.01,66,15,47,51,0,0.531,0.481,5,5,,,,,,,,,,,,,,,,,,,,,
2026-03-08T22:11:22.093933413+00:00,R0308_205043,ENTRY,S3,eth,eth-updown-5m-1773007800,218,1930.96,0.5,0.49,0.01,136.7,114.4,49,50,0,0.51,0.5,0.01,114.4,136.7,50,49,0,0.501,0.511,5,5,,,,,,,,,,,,,,,,,,,,,
2026-03-08T22:12:11.533662339+00:00,R0308_205043,ENTRY,S3,xrp,xrp-updown-5m-1773007800,169,1.33,0.52,0.51,0.01,28.3,8,51,48,0,0.49,0.48,0.01,8,28.3,48,51,0,0.521,0.491,5,5,,,,,,,,,,,,,,,,,,,,,
2026-03-08T22:12:11.574849445+00:00,R0308_200647,ENTRY,S3,xrp,xrp-updown-5m-1773007800,169,1.33,0.52,0.5,0.02,16.3,8,50,48,0,0.5,0.48,0.02,8,16.3,48,50,0,0.521,0.501,5,5,,,,,,,,,,,,,,,,,,,,,
2026-03-08T22:12:13.760065541+00:00,R0308_205043,ENTRY,S3,sol,sol-updown-5m-1773007800,167,81.11,0.53,0.51,0.02,103.6,10,51,47,0,0.49,0.47,0.02,10,103.6,47,51,0,0.531,0.491,5,5,,,,,,,,,,,,,,,,,,,,,
2026-03-08T22:12:13.786055969+00:00,R0308_200647,ENTRY,S3,sol,sol-updown-5m-1773007800,167,81.11,0.53,0.51,0.02,103.6,10,51,47,0,0.49,0.47,0.02,10,103.6,47,51,0,0.531,0.491,5,5,,,,,,,,,,,,,,,,,,,,,
2026-03-08T22:14:31.608513921+00:00,R0308_205043,DUMP,S3,eth,eth-updown-5m-1773007800,29,1932.03,,,,,,,,,,,,,45,,63,35,,,,,UP,0.5,0.63,REAL,4.99,1931.06,1931.05,-0.0004,,,,,,,,,,,,,MAKER_FILL
2026-03-08T22:14:31.608694703+00:00,R0308_205043,DUMP,S3,xrp,xrp-updown-5m-1773007800,29,1.33,,,,,,,,,,,,,50,,57,38,,,,,UP,0.5,0.57,REAL,4.7985,1.33,1.33,-0.0236,,,,,,,,,,,,,MAKER_FILL
2026-03-08T22:14:31.608786912+00:00,R0308_205043,DUMP,S3,sol,sol-updown-5m-1773007800,29,81.23,,,,,,,,,,,,,10,,9,88,,,,,DN,0.1,0.1,REAL,1.0183,81.12,81.23,0.1289,,,,,,,,,,,,,MAKER_FILL
2026-03-08T22:14:31.935406798+00:00,R0308_200647,DUMP,S3,xrp,xrp-updown-5m-1773007800,29,1.33,,,,,,,,,,,,,42,,58,38,,,,,UP,0.5,0.58,REAL,4.7985,1.33,1.33,-0.0219,,,,,,,,,,,,,MAKER_FILL
2026-03-08T22:14:31.935520630+00:00,R0308_200647,DUMP,S3,btc,btc-updown-5m-1773007800,29,66035.3,,,,,,,,,,,,,10,,53,46,,,,,UP,0.5,0.53,REAL,4.7985,66038.19,66037.14,-0.0016,,,,,,,,,,,,,MAKER_FILL
2026-03-08T22:14:32.642186885+00:00,R0308_205043,DUMP,S3,btc,btc-updown-5m-1773007800,28,66035.3,,,,,,,,,,,,,40,,53,46,,,,,UP,0.47,0.53,REAL,4.5988,66038.19,66037.14,-0.0016,,,,,,,,,,,,,MAKER_FILL
2026-03-08T22:14:32.967812761+00:00,R0308_200647,DUMP,S3,eth,eth-updown-5m-1773007800,28,1931.98,,,,,,,,,,,,,41,,65,33,,,,,UP,0.37,0.65,REAL,3.484,1931.06,1930.88,-0.0094,,,,,,,,,,,,,MAKER_FILL
2026-03-08T22:14:34.000094057+00:00,R0308_200647,DUMP,S3,sol,sol-updown-5m-1773007800,26,81.22,,,,,,,,,,,,,2.5,,7,86,,,,,DN,0.069,0.07,REAL,0.7026,81.12,81.23,0.1261,,,,,,,,,,,,,TAKER_FORCE
2026-03-08T22:15:00.967272262+00:00,R0308_205043,SETTLE,S3,eth,eth-updown-5m-1773007800,0,1930.92,,,0.01,,,,,,,,0.01,,,,,,,,,,,0.5,,,1931.06,1930.57,-0.025,DOWN,CL,0.99,0,0.3087,0.1559,4.3101,31.9167,131.9167,33,15,,,
2026-03-08T22:15:00.967431112+00:00,R0308_205043,SETTLE,S3,xrp,xrp-updown-5m-1773007800,0,1.33,,,0.01,,,,,,,,0.01,,,,,,,,,,,0.5,,,1.33,1.33,0.0294,UP,CL,0.99,0,0.3088,0.1591,4.2207,31.8273,131.8273,33,15,,,
2026-03-08T22:15:00.967534298+00:00,R0308_205043,SETTLE,S3,sol,sol-updown-5m-1773007800,0,81.29,,,0.02,,,,,,,,0.02,,,,,,,,,,,0.1,,,81.12,81.29,0.1989,UP,CL,0.99,0,0.3056,0.0573,0.0716,27.6782,127.6782,33,15,,,
2026-03-08T22:15:00.967631976+00:00,R0308_205043,SETTLE,S3,btc,btc-updown-5m-1773007800,0,66069.6,,,0.01,,,,,,,,0.01,,,,,,,,,,,0.47,,,66038.19,66069.59,0.0476,UP,CL,0.99,0,0.3087,0.1554,4.0112,31.6178,131.6178,33,15,,,
2026-03-08T22:15:01.030440529+00:00,R0308_200647,SETTLE,S3,eth,eth-updown-5m-1773007800,0,1930.92,,,0.01,,,,,,,,0.01,,,,,,,,,,,0.37,,,1931.06,1930.57,-0.025,DOWN,CL,0.99,0,0.3087,0.1372,3.4331,64.737,164.737,63,18,,,
2026-03-08T22:15:01.030627502+00:00,R0308_200647,SETTLE,S3,xrp,xrp-updown-5m-1773007800,0,1.33,,,0.02,,,,,,,,0.02,,,,,,,,,,,0.5,,,1.33,1.33,0.0294,UP,CL,0.99,0,0.3056,0.1559,4.1254,65.4294,165.4294,63,18,,,
2026-03-08T22:15:01.030725599+00:00,R0308_200647,SETTLE,S3,sol,sol-updown-5m-1773007800,0,81.29,,,0.02,,,,,,,,0.02,,,,,,,,,,,0.069,,,81.12,81.29,0.1989,UP,CL,0.99,0,0.3056,0.0409,-0.2277,61.0763,161.0763,62,19,,,
2026-03-08T22:15:01.030854213+00:00,R0308_200647,SETTLE,S3,btc,btc-updown-5m-1773007800,0,66069.6,,,0.02,,,,,,,,0.02,,,,,,,,,,,0.5,,,66038.19,66069.59,0.0476,UP,CL,0.99,0,0.3056,0.1559,4.1254,65.4294,165.4294,63,18,,,
2026-03-08T22:15:10.499904724+00:00,R0308_205043,ENTRY,S3,btc,btc-updown-5m-1773008100,290,66066.49,0.49,0.48,0.01,362.4,136.6,48,51,0,0.52,0.51,0.01,131.6,362.4,51,48,0,0.491,0.521,5,5,,,,,,,,,,,,,,,,,,,,,
2026-03-08T22:15:10.500080719+00:00,R0308_205043,ENTRY,S3,eth,eth-updown-5m-1773008100,290,1931.89,0.5,0.49,0.01,27.2,15,49,50,0,0.51,0.5,0.01,15,27.2,50,49,0,0.501,0.511,5,5,,,,,,,,,,,,,,,,,,,,,
2026-03-08T22:15:10.500184195+00:00,R0308_205043,ENTRY,S3,sol,sol-updown-5m-1773008100,290,81.29,0.51,0.47,0.04,10,19.2,47,49,0,0.53,0.49,0.04,19.2,10,49,47,0,0.511,0.531,5,5,,,,,,,,,,,,,,,,,,,WIDE_SPREAD_UP|WIDE_SPREAD_DN,,
2026-03-08T22:15:10.504012819+00:00,R0308_200647,ENTRY,S3,btc,btc-updown-5m-1773008100,290,66066.49,0.49,0.48,0.01,410.4,131.6,48,51,0,0.52,0.51,0.01,131.6,410.4,51,48,0,0.491,0.521,5,5,,,,,,,,,,,,,,,,,,,,,
2026-03-08T22:15:10.504093621+00:00,R0308_200647,ENTRY,S3,eth,eth-updown-5m-1773008100,290,1931.89,0.5,0.49,0.01,37.4,15,49,50,0,0.51,0.5,0.01,15,37.4,50,49,0,0.501,0.511,5,5,,,,,,,,,,,,,,,,,,,,,
2026-03-08T22:15:10.504134122+00:00,R0308_200647,ENTRY,S3,sol,sol-updown-5m-1773008100,290,81.29,0.51,0.47,0.04,10,19.2,47,49,0,0.53,0.49,0.04,19.2,10,49,47,0,0.511,0.531,5,5,,,,,,,,,,,,,,,,,,,WIDE_SPREAD_UP|WIDE_SPREAD_DN,,
2026-03-08T22:15:12.594526837+00:00,R0308_200647,ENTRY,S3,xrp,xrp-updown-5m-1773008100,288,1.33,0.49,0.48,0.01,21,24.5,48,51,0,0.52,0.51,0.01,24.5,21,51,48,0,0.491,0.521,5,5,,,,,,,,,,,,,,,,,,,,,
2026-03-08T22:15:25.300219418+00:00,R0308_205043,ENTRY,S3,xrp,xrp-updown-5m-1773008100,275,1.33,0.48,0.47,0.01,8,62,47,52,0,0.53,0.52,0.01,62,8,52,47,0,0.481,0.531,5,5,,,,,,,,,,,,,,,,,,,,,
2026-03-08T22:19:33.237245591+00:00,R0308_205043,DUMP,S3,sol,sol-updown-5m-1773008100,27,80.97,,,,,,,,,,,,,0,,0,99,,,,,UP,0.049,0.05,EST,0.4795,81.29,81.03,-0.319,,,,,,,,,,,,,TAKER_FORCE|EST_BID
2026-03-08T22:19:33.237381707+00:00,R0308_205043,DUMP,S3,eth,eth-updown-5m-1773008100,27,1926.96,,,,,,,,,,,,,180.5,,4,95,,,,,UP,0.039,0.04,REAL,0.3892,1930.83,1927.33,-0.181,,,,,,,,,,,,,TAKER_FORCE
2026-03-08T22:19:33.237448277+00:00,R0308_205043,DUMP,S3,xrp,xrp-updown-5m-1773008100,27,1.33,,,,,,,,,,,,,1201.1,,1,98,,,,,UP,0.01,0.01,REAL,0.104,1.33,1.33,-0.2359,,,,,,,,,,,,,TAKER_FORCE
2026-03-08T22:19:33.237512354+00:00,R0308_205043,DUMP,S3,btc,btc-updown-5m-1773008100,27,65868.66,,,,,,,,,,,,,6194.1,,1,98,,,,,UP,0.01,0.01,REAL,0.1018,66064.95,65919.2,-0.2206,,,,,,,,,,,,,TAKER_FORCE
2026-03-08T22:19:34.008862843+00:00,R0308_200647,DUMP,S3,eth,eth-updown-5m-1773008100,26,1926.96,,,,,,,,,,,,,145.3,,4,95,,,,,UP,0.039,0.04,REAL,0.3892,1930.83,1927.33,-0.181,,,,,,,,,,,,,TAKER_FORCE
2026-03-08T22:19:34.008969834+00:00,R0308_200647,DUMP,S3,sol,sol-updown-5m-1773008100,26,80.96,,,,,,,,,,,,,0,,0,99,,,,,UP,0.049,0.05,EST,0.4795,81.29,81.03,-0.319,,,,,,,,,,,,,TAKER_FORCE|EST_BID
2026-03-08T22:19:34.009029384+00:00,R0308_200647,DUMP,S3,xrp,xrp-updown-5m-1773008100,26,1.33,,,,,,,,,,,,,1186.1,,1,98,,,,,UP,0.01,0.01,REAL,0.1018,1.33,1.33,-0.2359,,,,,,,,,,,,,TAKER_FORCE
2026-03-08T22:19:34.009079189+00:00,R0308_200647,DUMP,S3,btc,btc-updown-5m-1773008100,26,65864.35,,,,,,,,,,,,,6182.5,,1,98,,,,,UP,0.01,0.01,REAL,0.1018,66064.95,65919.2,-0.2206,,,,,,,,,,,,,TAKER_FORCE
2026-03-08T22:20:00.224793179+00:00,R0308_200647,SETTLE,S3,eth,eth-updown-5m-1773008100,0,1926.16,,,0.01,,,,,,,,0.01,,,,,,,,,,,0.039,,,1930.83,1925.66,-0.2677,DOWN,CL,0,0.99,0.3087,0.0234,-0.1582,72.602,172.602,65,20,,,
2026-03-08T22:20:00.224974522+00:00,R0308_200647,SETTLE,S3,sol,sol-updown-5m-1773008100,0,80.9,,,0.04,,,,,,,,0.04,,,,,,,,,,,0.049,,,81.29,80.88,-0.4986,DOWN,CL,0,0.99,0.2994,0.0285,-0.4322,72.3279,172.3279,65,20,,,
2026-03-08T22:20:00.225060853+00:00,R0308_200647,SETTLE,S3,xrp,xrp-updown-5m-1773008100,0,1.33,,,0.01,,,,,,,,0.01,,,,,,,,,,,0.01,,,1.33,1.33,-0.3403,DOWN,CL,0,0.99,0.3088,0.0063,-0.6163,72.1439,172.1439,65,20,,,
2026-03-08T22:20:00.225148384+00:00,R0308_200647,SETTLE,S3,btc,btc-updown-5m-1773008100,0,65774.2,,,0.01,,,,,,,,0.01,,,,,,,,,,,0.01,,,66064.95,65772.21,-0.4431,DOWN,CL,0,0.99,0.3088,0.0063,-0.6163,72.1439,172.1439,65,20,,,
2026-03-08T22:20:00.570179928+00:00,R0308_205043,SETTLE,S3,sol,sol-updown-5m-1773008100,0,80.9,,,0.04,,,,,,,,0.04,,,,,,,,,,,0.049,,,81.29,80.88,-0.4986,DOWN,CL,0,0.99,0.2994,0.0285,-0.4322,39.788,139.788,36,16,,,
2026-03-08T22:20:00.570318437+00:00,R0308_205043,SETTLE,S3,eth,eth-updown-5m-1773008100,0,1926.16,,,0.01,,,,,,,,0.01,,,,,,,,,,,0.039,,,1930.83,1925.66,-0.2677,DOWN,CL,0,0.99,0.3087,0.0234,-0.1582,40.0621,140.0621,36,16,,,
2026-03-08T22:20:00.570362123+00:00,R0308_205043,SETTLE,S3,xrp,xrp-updown-5m-1773008100,0,1.33,,,0.01,,,,,,,,0.01,,,,,,,,,,,0.01,,,1.33,1.33,-0.3403,DOWN,CL,0,0.99,0.3087,0.0064,-0.795,39.4252,139.4252,36,16,,,
2026-03-08T22:20:00.570403996+00:00,R0308_205043,SETTLE,S3,btc,btc-updown-5m-1773008100,0,65774.2,,,0.01,,,,,,,,0.01,,,,,,,,,,,0.01,,,66064.95,65772.21,-0.4431,DOWN,CL,0,0.99,0.3088,0.0063,-0.6163,39.604,139.604,36,16,,,
2026-03-08T22:20:10.054939129+00:00,R0308_205043,ENTRY,S3,btc,btc-updown-5m-1773008400,290,65728.32,0.48,0.47,0.01,5,121,46,52,0,0.53,0.52,0.01,121,5,52,46,0,0.481,0.531,5,5,,,,,,,,,,,,,,,,,,,,,
2026-03-08T22:20:11.088842650+00:00,R0308_205043,ENTRY,S3,eth,eth-updown-5m-1773008400,289,1925.75,0.48,0.47,0.01,66.2,5,47,52,0,0.53,0.52,0.01,5,66.2,52,47,0,0.481,0.531,5,5,,,,,,,,,,,,,,,,,,,,,
2026-03-08T22:20:11.785982398+00:00,R0308_200647,ENTRY,S3,eth,eth-updown-5m-1773008400,289,1926.08,0.5,0.49,0.01,293.5,5,49,50,0,0.51,0.5,0.01,5,293.5,50,49,0,0.501,0.511,5,5,,,,,,,,,,,,,,,,,,,,,
2026-03-08T22:20:11.786088759+00:00,R0308_200647,ENTRY,S3,xrp,xrp-updown-5m-1773008400,289,1.33,0.48,0.47,0.01,73,10,47,38,0,0.53,0.52,0.01,10,73,38,47,0,0.481,0.531,5,5,,,,,,,,,,,,,,,,,,,,,
2026-03-08T22:20:12.126010305+00:00,R0308_205043,ENTRY,S3,sol,sol-updown-5m-1773008400,288,80.87,0.51,0.5,0.01,52,24,50,49,0,0.5,0.49,0.01,24,52,49,50,0,0.511,0.501,5,5,,,,,,,,,,,,,,,,,,,,,
2026-03-08T22:20:12.126126650+00:00,R0308_205043,ENTRY,S3,xrp,xrp-updown-5m-1773008400,288,1.33,0.49,0.48,0.01,57.3,24.9,48,38,0,0.52,0.51,0.01,24.9,57.3,38,48,0,0.491,0.521,5,5,,,,,,,,,,,,,,,,,,,,,
2026-03-08T22:20:12.819386276+00:00,R0308_200647,ENTRY,S3,sol,sol-updown-5m-1773008400,288,80.87,0.51,0.5,0.01,67,1,50,49,0,0.5,0.49,0.01,1,67,49,50,0,0.511,0.501,5,5,,,,,,,,,,,,,,,,,,,,,
2026-03-08T22:20:15.027714647+00:00,R0308_200647,ENTRY,S3,btc,btc-updown-5m-1773008400,285,65724.81,0.48,0.47,0.01,38.7,121,47,52,0,0.53,0.52,0.01,121,38.7,52,47,0,0.481,0.531,5,5,,,,,,,,,,,,,,,,,,,,,
2026-03-08T22:24:32.375192654+00:00,R0308_200647,DUMP,S3,sol,sol-updown-5m-1773008400,28,80.86,,,,,,,,,,,,,14,,38,52,,,,,UP,0.35,0.38,REAL,3.4247,80.88,80.86,-0.0213,,,,,,,,,,,,,MAKER_FILL
2026-03-08T22:24:32.375299155+00:00,R0308_200647,DUMP,S3,xrp,xrp-updown-5m-1773008400,28,1.33,,,,,,,,,,,,,14,,31,68,,,,,UP,0.29,0.31,REAL,3.0146,1.33,1.33,-0.0307,,,,,,,,,,,,,MAKER_FILL
2026-03-08T22:24:32.438022181+00:00,R0308_205043,DUMP,S3,sol,sol-updown-5m-1773008400,28,80.86,,,,,,,,,,,,,14,,38,52,,,,,UP,0.36,0.38,REAL,3.5225,80.88,80.86,-0.0226,,,,,,,,,,,,,MAKER_FILL
2026-03-08T22:24:32.438164936+00:00,R0308_205043,DUMP,S3,xrp,xrp-updown-5m-1773008400,28,1.33,,,,,,,,,,,,,42,,30,68,,,,,UP,0.29,0.3,REAL,2.9532,1.33,1.33,-0.0337,,,,,,,,,,,,,MAKER_FILL
2026-03-08T22:24:33.410069823+00:00,R0308_200647,DUMP,S3,btc,btc-updown-5m-1773008400,27,65658.33,,,,,,,,,,,,,50,,4,94,,,,,UP,0.039,0.04,REAL,0.4054,65764.38,65671.74,-0.1409,,,,,,,,,,,,,TAKER_FORCE
2026-03-08T22:24:33.410155301+00:00,R0308_200647,DUMP,S3,eth,eth-updown-5m-1773008400,27,1921.8,,,,,,,,,,,,,429.7,,2,97,,,,,UP,0.019,0.02,REAL,0.1896,1925.58,1921.75,-0.1988,,,,,,,,,,,,,TAKER_FORCE
2026-03-08T22:24:33.474039329+00:00,R0308_205043,DUMP,S3,btc,btc-updown-5m-1773008400,27,65658.33,,,,,,,,,,,,,50,,4,94,,,,,UP,0.039,0.04,REAL,0.4054,65769.31,65671.74,-0.1484,,,,,,,,,,,,,TAKER_FORCE
2026-03-08T22:24:33.474144918+00:00,R0308_205043,DUMP,S3,eth,eth-updown-5m-1773008400,27,1921.8,,,,,,,,,,,,,429.7,,2,97,,,,,UP,0.019,0.02,REAL,0.1975,1925.6,1921.75,-0.2,,,,,,,,,,,,,TAKER_FORCE
2026-03-08T22:25:00.718109034+00:00,R0308_200647,SETTLE,S3,sol,sol-updown-5m-1773008400,0,80.94,,,0.01,,,,,,,,0.01,,,,,,,,,,,0.35,,,80.88,80.91,0.0409,UP,CL,0.99,0,0.3087,0.1419,2.8271,73.7643,173.7643,66,23,,,
2026-03-08T22:25:00.718177036+00:00,R0308_200647,SETTLE,S3,xrp,xrp-updown-5m-1773008400,0,1.33,,,0.01,,,,,,,,0.01,,,,,,,,,,,0.29,,,1.33,1.33,-0.0005,DOWN,CL,0,0.99,0.3087,0.1338,1.9882,72.9254,172.9254,66,23,,,
2026-03-08T22:25:00.718205859+00:00,R0308_200647,SETTLE,S3,btc,btc-updown-5m-1773008400,0,65667.62,,,0.01,,,,,,,,0.01,,,,,,,,,,,0.039,,,65764.38,65662.11,-0.1555,DOWN,CL,0,0.99,0.3087,0.0243,-0.5115,70.4257,170.4257,65,24,,,
2026-03-08T22:25:00.718233861+00:00,R0308_200647,SETTLE,S3,eth,eth-updown-5m-1773008400,0,1922.82,,,0.01,,,,,,,,0.01,,,,,,,,,,,0.019,,,1925.58,1922.33,-0.1686,DOWN,CL,0,0.99,0.3087,0.0116,-0.346,70.5912,170.5912,65,24,,,
2026-03-08T22:25:00.772018546+00:00,R0308_205043,SETTLE,S3,btc,btc-updown-5m-1773008400,0,65667.62,,,0.01,,,,,,,,0.01,,,,,,,,,,,0.039,,,65769.31,65662.11,-0.163,DOWN,CL,0,0.99,0.3087,0.0243,-0.5115,37.707,137.707,36,20,,,
2026-03-08T22:25:00.772102013+00:00,R0308_205043,SETTLE,S3,eth,eth-updown-5m-1773008400,0,1922.82,,,0.01,,,,,,,,0.01,,,,,,,,,,,0.019,,,1925.6,1922.33,-0.1698,DOWN,CL,0,0.99,0.3087,0.0121,-0.7072,37.5114,137.5114,36,20,,,
2026-03-08T22:25:00.772130055+00:00,R0308_205043,SETTLE,S3,sol,sol-updown-5m-1773008400,0,80.94,,,0.01,,,,,,,,0.01,,,,,,,,,,,0.36,,,80.88,80.91,0.0396,UP,CL,0.99,0,0.3087,0.1437,2.9251,41.1436,141.1436,37,19,,,
2026-03-08T22:25:00.772157426+00:00,R0308_205043,SETTLE,S3,xrp,xrp-updown-5m-1773008400,0,1.33,,,0.01,,,,,,,,0.01,,,,,,,,,,,0.29,,,1.33,1.33,-0.0035,DOWN,CL,0,0.99,0.3088,0.131,2.1103,40.3288,140.3288,37,19,,,
2026-03-08T22:25:10.145296529+00:00,R0308_205043,ENTRY,S3,btc,btc-updown-5m-1773008700,290,65660.79,0.53,0.52,0.01,549.8,462.2,52,47,0,0.48,0.47,0.01,462.2,549.8,47,52,0,0.531,0.481,5,5,,,,,,,,,,,,,,,,,,,,,
2026-03-08T22:25:10.145467427+00:00,R0308_205043,ENTRY,S3,sol,sol-updown-5m-1773008700,290,80.92,0.52,0.51,0.01,68.8,45.9,51,48,0,0.49,0.48,0.01,45.9,68.8,48,51,0,0.521,0.491,5,5,,,,,,,,,,,,,,,,,,,,,
2026-03-08T22:25:10.181396852+00:00,R0308_200647,ENTRY,S3,btc,btc-updown-5m-1773008700,290,65660.79,0.53,0.52,0.01,549.8,462.2,52,47,0,0.48,0.47,0.01,462.2,549.8,47,52,0,0.531,0.481,5,5,,,,,,,,,,,,,,,,,,,,,
2026-03-08T22:25:10.181586168+00:00,R0308_200647,ENTRY,S3,sol,sol-updown-5m-1773008700,290,80.92,0.52,0.51,0.01,68.8,45.9,51,48,0,0.49,0.48,0.01,45.9,68.8,48,51,0,0.521,0.491,5,5,,,,,,,,,,,,,,,,,,,,,
2026-03-08T22:25:14.322905186+00:00,R0308_200647,ENTRY,S3,eth,eth-updown-5m-1773008700,286,1922.83,0.53,0.52,0.01,42.1,30,52,47,0,0.48,0.47,0.01,30,42.1,47,52,0,0.531,0.481,5,5,,,,,,,,,,,,,,,,,,,,,
2026-03-08T22:25:14.410972717+00:00,R0308_205043,ENTRY,S3,eth,eth-updown-5m-1773008700,286,1922.83,0.53,0.52,0.01,42.1,30,52,47,0,0.48,0.47,0.01,30,42.1,47,52,0,0.531,0.481,5,5,,,,,,,,,,,,,,,,,,,,,
2026-03-08T22:29:33.240863370+00:00,R0308_200647,DUMP,S3,btc,btc-updown-5m-1773008700,27,65927.33,,,,,,,,,,,,,0,,0,104,,,,,DN,0.049,0.05,EST,0.5094,65662.6,65926.56,0.402,,,,,,,,,,,,,TAKER_FORCE|EST_BID
2026-03-08T22:29:33.240951544+00:00,R0308_200647,DUMP,S3,sol,sol-updown-5m-1773008700,27,81.34,,,,,,,,,,,,,0,,0,97,,,,,DN,0.049,0.05,EST,0.499,80.91,81.33,0.5225,,,,,,,,,,,,,TAKER_FORCE|EST_BID
2026-03-08T22:29:33.240993236+00:00,R0308_200647,DUMP,S3,eth,eth-updown-5m-1773008700,27,1929.81,,,,,,,,,,,,,0,,0,99,,,,,DN,0.049,0.05,EST,0.5094,1922.22,1929.6,0.3841,,,,,,,,,,,,,TAKER_FORCE|EST_BID
2026-03-08T22:29:33.688140396+00:00,R0308_205043,DUMP,S3,eth,eth-updown-5m-1773008700,27,1929.81,,,,,,,,,,,,,0,,0,99,,,,,DN,0.049,0.05,EST,0.5094,1922.22,1929.6,0.3841,,,,,,,,,,,,,TAKER_FORCE|EST_BID
2026-03-08T22:29:33.688267016+00:00,R0308_205043,DUMP,S3,btc,btc-updown-5m-1773008700,27,65927.33,,,,,,,,,,,,,0,,0,103,,,,,DN,0.049,0.05,EST,0.5094,65662.6,65926.56,0.402,,,,,,,,,,,,,TAKER_FORCE|EST_BID
2026-03-08T22:29:33.688303462+00:00,R0308_205043,DUMP,S3,sol,sol-updown-5m-1773008700,27,81.34,,,,,,,,,,,,,0,,0,98,,,,,DN,0.049,0.05,EST,0.499,80.91,81.33,0.5225,,,,,,,,,,,,,TAKER_FORCE|EST_BID
2026-03-08T22:30:00.315702797+00:00,R0308_200647,SETTLE,S3,btc,btc-updown-5m-1773008700,0,65915.08,,,0.01,,,,,,,,0.01,,,,,,,,,,,0.049,,,65662.6,65911.76,0.3795,UP,CL,0.999,0,0.3087,0.0303,-0.4135,74.4815,174.4815,67,26,,,
2026-03-08T22:30:00.315830018+00:00,R0308_200647,SETTLE,S3,sol,sol-updown-5m-1773008700,0,81.3,,,0.01,,,,,,,,0.01,,,,,,,,,,,0.049,,,80.91,81.3,0.486,UP,CL,0.99,0,0.3088,0.0297,-0.2425,74.6525,174.6525,67,26,,,
2026-03-08T22:30:00.315859654+00:00,R0308_200647,SETTLE,S3,eth,eth-updown-5m-1773008700,0,1929.84,,,0.01,,,,,,,,0.01,,,,,,,,,,,0.049,,,1922.22,1929.6,0.3838,UP,CL,0.99,0,0.3087,0.0303,-0.4135,74.4815,174.4815,67,26,,,
2026-03-08T22:30:00.846825766+00:00,R0308_205043,SETTLE,S3,eth,eth-updown-5m-1773008700,0,1929.83,,,0.01,,,,,,,,0.01,,,,,,,,,,,0.049,,,1922.22,1929.6,0.3838,UP,CL,0.99,0,0.3087,0.0303,-0.4135,41.6218,141.6218,38,22,,,
2026-03-08T22:30:00.846935881+00:00,R0308_205043,SETTLE,S3,btc,btc-updown-5m-1773008700,0,65915.09,,,0.01,,,,,,,,0.01,,,,,,,,,,,0.049,,,65662.6,65911.76,0.3795,UP,CL,0.999,0,0.3087,0.0303,-0.4135,41.6218,141.6218,38,22,,,
2026-03-08T22:30:00.846978076+00:00,R0308_205043,SETTLE,S3,sol,sol-updown-5m-1773008700,0,81.31,,,0.01,,,,,,,,0.01,,,,,,,,,,,0.049,,,80.91,81.3,0.486,UP,CL,0.99,0,0.3088,0.0297,-0.2425,41.7927,141.7927,38,22,,,
2026-03-08T22:30:10.314809440+00:00,R0308_205043,ENTRY,S3,btc,btc-updown-5m-1773009000,290,65918.9,0.51,0.5,0.01,381.3,348.9,50,49,0,0.5,0.49,0.01,348.9,381.3,49,50,0,0.511,0.501,5,5,,,,,,,,,,,,,,,,,,,,,
2026-03-08T22:30:10.314983242+00:00,R0308_205043,ENTRY,S3,eth,eth-updown-5m-1773009000,290,1930.01,0.51,0.5,0.01,301,42.1,50,49,0,0.5,0.49,0.01,42.1,301,49,50,0,0.511,0.501,5,5,,,,,,,,,,,,,,,,,,,,,
2026-03-08T22:30:10.315086867+00:00,R0308_205043,ENTRY,S3,sol,sol-updown-5m-1773009000,290,81.31,0.51,0.49,0.02,62,79.7,49,49,0,0.51,0.49,0.02,79.7,62,49,49,0,0.511,0.511,5,5,,,,,,,,,,,,,,,,,,,,,
2026-03-08T22:30:10.881797139+00:00,R0308_200647,ENTRY,S3,btc,btc-updown-5m-1773009000,290,65918.91,0.51,0.5,0.01,503,83.3,50,49,0,0.5,0.49,0.01,83.3,503,49,50,0,0.511,0.501,5,5,,,,,,,,,,,,,,,,,,,,,
2026-03-08T22:30:10.881902978+00:00,R0308_200647,ENTRY,S3,eth,eth-updown-5m-1773009000,290,1930.01,0.51,0.5,0.01,19,153.6,50,49,0,0.5,0.49,0.01,153.6,19,49,50,0,0.511,0.501,5,5,,,,,,,,,,,,,,,,,,,,,
2026-03-08T22:30:10.881964681+00:00,R0308_200647,ENTRY,S3,sol,sol-updown-5m-1773009000,290,81.31,0.5,0.49,0.01,10,65.3,49,50,0,0.51,0.5,0.01,65.3,10,50,49,0,0.501,0.511,5,5,,,,,,,,,,,,,,,,,,,,,
2026-03-08T22:33:02.714165450+00:00,R0308_200647,ENTRY,S3,xrp,xrp-updown-5m-1773009000,118,1.34,0.49,0.48,0.01,8,5.5,48,51,0,0.52,0.51,0.01,5.5,8,51,48,0,0.491,0.521,5,5,,,,,,,,,,,,,,,,,,,,,
2026-03-08T22:33:03.645147229+00:00,R0308_205043,ENTRY,S3,xrp,xrp-updown-5m-1773009000,117,1.34,0.51,0.5,0.01,7.9,53.4,50,49,0,0.5,0.49,0.01,53.4,7.9,49,50,0,0.511,0.501,5,5,,,,,,,,,,,,,,,,,,,,,
2026-03-08T22:34:31.563806650+00:00,R0308_200647,DUMP,S3,sol,sol-updown-5m-1773009000,29,81.48,,,,,,,,,,,,,58.6,,2,96,,,,,DN,0.02,0.02,REAL,0.1957,81.3,81.48,0.2166,,,,,,,,,,,,,MAKER_FILL
2026-03-08T22:34:31.741982177+00:00,R0308_205043,DUMP,S3,sol,sol-updown-5m-1773009000,29,81.48,,,,,,,,,,,,,53.5,,2,96,,,,,DN,0.02,0.02,REAL,0.1957,81.3,81.48,0.2166,,,,,,,,,,,,,MAKER_FILL
2026-03-08T22:34:33.625077945+00:00,R0308_200647,DUMP,S3,btc,btc-updown-5m-1773009000,27,66034.07,,,,,,,,,,,,,13030.2,,1,98,,,,,DN,0.01,0.01,REAL,0.0998,65911.4,66034.71,0.1871,,,,,,,,,,,,,TAKER_FORCE
2026-03-08T22:34:33.625176494+00:00,R0308_200647,DUMP,S3,xrp,xrp-updown-5m-1773009000,27,1.34,,,,,,,,,,,,,14,,9,28,,,,,DN,0.089,0.09,REAL,0.8541,1.34,1.34,0.1181,,,,,,,,,,,,,TAKER_FORCE
2026-03-08T22:34:33.625197997+00:00,R0308_200647,DUMP,S3,eth,eth-updown-5m-1773009000,27,1933.68,,,,,,,,,,,,,2.1,,3,96,,,,,DN,0.029,0.03,REAL,0.2894,1929.65,1933.26,0.1871,,,,,,,,,,,,,TAKER_FORCE
2026-03-08T22:34:33.810706050+00:00,R0308_205043,DUMP,S3,eth,eth-updown-5m-1773009000,27,1933.68,,,,,,,,,,,,,931.3,,2,97,,,,,DN,0.019,0.02,REAL,0.1896,1929.65,1933.29,0.1887,,,,,,,,,,,,,TAKER_FORCE
2026-03-08T22:34:33.810830709+00:00,R0308_205043,DUMP,S3,xrp,xrp-updown-5m-1773009000,27,1.34,,,,,,,,,,,,,38.3,,8,28,,,,,DN,0.089,0.09,REAL,0.8882,1.34,1.34,0.1166,,,,,,,,,,,,,TAKER_FORCE
2026-03-08T22:34:33.810860904+00:00,R0308_205043,DUMP,S3,btc,btc-updown-5m-1773009000,27,66034.07,,,,,,,,,,,,,13030.2,,1,98,,,,,DN,0.01,0.01,REAL,0.0998,65911.4,66033.39,0.1851,,,,,,,,,,,,,TAKER_FORCE
2026-03-08T22:35:00.083592022+00:00,R0308_205043,SETTLE,S3,eth,eth-updown-5m-1773009000,0,1934.98,,,0.01,,,,,,,,0.01,,,,,,,,,,,0.019,,,1929.65,1935.12,0.2838,UP,CL,0.99,0,0.3087,0.0116,-0.346,40.6198,140.6198,38,25,,,
2026-03-08T22:35:00.083680956+00:00,R0308_205043,SETTLE,S3,xrp,xrp-updown-5m-1773009000,0,1.34,,,0.01,,,,,,,,0.01,,,,,,,,,,,0.089,,,1.34,1.34,0.1765,UP,CL,0.99,0,0.3087,0.0506,0.3136,41.2794,141.2794,39,24,,,
2026-03-08T22:35:00.083708898+00:00,R0308_205043,SETTLE,S3,btc,btc-updown-5m-1773009000,0,66060.96,,,0.01,,,,,,,,0.01,,,,,,,,,,,0.01,,,65911.4,66060.88,0.2268,UP,CL,0.99,0,0.3087,0.0062,-0.4304,40.5354,140.5354,38,25,,,
2026-03-08T22:35:00.083735809+00:00,R0308_205043,SETTLE,S3,sol,sol-updown-5m-1773009000,0,81.56,,,0.02,,,,,,,,0.02,,,,,,,,,,,0.02,,,81.3,81.57,0.33,UP,CL,0.99,0,0.3056,0.012,-0.3372,40.6286,140.6286,38,25,,,
2026-03-08T22:35:00.872309414+00:00,R0308_200647,SETTLE,S3,sol,sol-updown-5m-1773009000,0,81.58,,,0.01,,,,,,,,0.01,,,,,,,,,,,0.02,,,81.3,81.57,0.3285,UP,CL,0.99,0,0.3087,0.012,-0.145,73.6805,173.6805,67,29,,,
2026-03-08T22:35:00.872404087+00:00,R0308_200647,SETTLE,S3,btc,btc-updown-5m-1773009000,0,66060.96,,,0.01,,,,,,,,0.01,,,,,,,,,,,0.01,,,65911.4,66060.58,0.2263,UP,CL,0.99,0,0.3087,0.0062,-0.4304,73.3951,173.3951,67,29,,,
2026-03-08T22:35:00.872433902+00:00,R0308_200647,SETTLE,S3,xrp,xrp-updown-5m-1773009000,0,1.34,,,0.01,,,,,,,,0.01,,,,,,,,,,,0.089,,,1.34,1.34,0.1763,UP,CL,0.99,0,0.3088,0.0486,0.68,74.5056,174.5056,68,28,,,
2026-03-08T22:35:00.872461143+00:00,R0308_200647,SETTLE,S3,eth,eth-updown-5m-1773009000,0,1935.17,,,0.01,,,,,,,,0.01,,,,,,,,,,,0.029,,,1929.65,1935.07,0.2811,UP,CL,0.99,0,0.3087,0.0176,-0.2522,73.5734,173.5734,67,29,,,
2026-03-08T22:35:57.800193649+00:00,R0308_205043,ENTRY,S3,xrp,xrp-updown-5m-1773009300,243,1.34,0.5,0.48,0.02,30,42,47,50,0,0.52,0.5,0.02,42,30,50,47,0,0.501,0.521,5,5,,,,,,,,,,,,,,,,,,,,,
2026-03-08T22:35:58.550969516+00:00,R0308_200647,ENTRY,S3,xrp,xrp-updown-5m-1773009300,242,1.34,0.49,0.48,0.01,22.2,35,48,51,0,0.52,0.51,0.01,35,22.2,51,48,0,0.491,0.521,5,5,,,,,,,,,,,,,,,,,,,,,
2026-03-08T22:36:17.781103629+00:00,R0308_205043,ENTRY,S3,btc,btc-updown-5m-1773009300,223,66037.8,0.48,0.47,0.01,29,242.4,47,52,0,0.53,0.52,0.01,242.4,29,52,47,0,0.481,0.531,5,5,,,,,,,,,,,,,,,,,,,,,
2026-03-08T22:36:18.283796930+00:00,R0308_200647,ENTRY,S3,btc,btc-updown-5m-1773009300,222,66042.41,0.48,0.47,0.01,210.4,508.9,47,52,0,0.53,0.52,0.01,508.9,210.4,52,47,0,0.481,0.531,5,5,,,,,,,,,,,,,,,,,,,,,
2026-03-08T22:36:46.033138111+00:00,R0308_205043,ENTRY,S3,eth,eth-updown-5m-1773009300,194,1934.99,0.5,0.49,0.01,21,219.3,49,50,0,0.51,0.5,0.01,219.3,21,50,49,0,0.501,0.511,5,5,,,,,,,,,,,,,,,,,,,,,
2026-03-08T22:36:46.033271021+00:00,R0308_205043,ENTRY,S3,sol,sol-updown-5m-1773009300,194,81.56,0.49,0.48,0.01,8.2,48,48,51,0,0.52,0.51,0.01,48,8.2,51,48,0,0.491,0.521,5,5,,,,,,,,,,,,,,,,,,,,,
2026-03-08T22:36:46.593229047+00:00,R0308_200647,ENTRY,S3,eth,eth-updown-5m-1773009300,194,1935.3,0.51,0.5,0.01,173.4,5,50,49,0,0.5,0.49,0.01,5,173.4,49,50,0,0.511,0.501,5,5,,,,,,,,,,,,,,,,,,,,,
2026-03-08T22:36:46.593331221+00:00,R0308_200647,ENTRY,S3,sol,sol-updown-5m-1773009300,194,81.58,0.51,0.5,0.01,133.3,26,50,48,0,0.5,0.49,0.01,26,133.3,48,50,0,0.511,0.501,5,5,,,,,,,,,,,,,,,,,,,,,
2026-03-08T22:39:31.111027653+00:00,R0308_200647,DUMP,S3,xrp,xrp-updown-5m-1773009300,29,1.34,,,,,,,,,,,,,17,,45,52,,,,,DN,0.46,0.46,REAL,4.4146,1.34,1.34,0.003,,,,,,,,,,,,,MAKER_FILL
2026-03-08T22:39:31.111116827+00:00,R0308_200647,DUMP,S3,eth,eth-updown-5m-1773009300,29,1937.99,,,,,,,,,,,,,76.9,,11,87,,,,,DN,0.11,0.11,REAL,1.0978,1935.27,1937.57,0.1187,,,,,,,,,,,,,MAKER_FILL
2026-03-08T22:39:31.467858259+00:00,R0308_205043,DUMP,S3,xrp,xrp-updown-5m-1773009300,29,1.34,,,,,,,,,,,,,52,,47,52,,,,,DN,0.44,0.47,REAL,4.2226,1.34,1.34,0.003,,,,,,,,,,,,,MAKER_FILL
2026-03-08T22:39:31.467986593+00:00,R0308_205043,DUMP,S3,eth,eth-updown-5m-1773009300,29,1937.93,,,,,,,,,,,,,95,,12,86,,,,,DN,0.11,0.12,REAL,1.0763,1935.27,1937.57,0.1187,,,,,,,,,,,,,MAKER_FILL
2026-03-08T22:39:31.468046844+00:00,R0308_205043,DUMP,S3,sol,sol-updown-5m-1773009300,29,81.63,,,,,,,,,,,,,21.8,,24,73,,,,,DN,0.24,0.26,REAL,2.3033,81.58,81.63,0.06,,,,,,,,,,,,,MAKER_FILL
2026-03-08T22:39:32.143737423+00:00,R0308_200647,DUMP,S3,sol,sol-updown-5m-1773009300,28,81.63,,,,,,,,,,,,,40.2,,26,73,,,,,DN,0.24,0.26,REAL,2.3952,81.58,81.64,0.0752,,,,,,,,,,,,,MAKER_FILL
2026-03-08T22:39:33.175633476+00:00,R0308_200647,DUMP,S3,btc,btc-updown-5m-1773009300,27,66006.58,,,,,,,,,,,,,27,,14,83,,,,,UP,0.159,0.16,REAL,1.6528,66069.4,66011.95,-0.087,,,,,,,,,,,,,TAKER_FORCE
2026-03-08T22:39:33.531673561+00:00,R0308_205043,DUMP,S3,btc,btc-updown-5m-1773009300,27,66006.58,,,,,,,,,,,,,203,,15,83,,,,,UP,0.159,0.16,REAL,1.6528,66069.4,66011.95,-0.087,,,,,,,,,,,,,TAKER_FORCE
2026-03-08T22:40:00.632191021+00:00,R0308_205043,SETTLE,S3,xrp,xrp-updown-5m-1773009300,0,1.34,,,0.02,,,,,,,,0.02,,,,,,,,,,,0.44,,,1.34,1.34,0.0343,UP,CL,0.99,0,0.3056,0.1478,3.7493,43.9151,143.9151,40,27,,,
2026-03-08T22:40:00.632307848+00:00,R0308_205043,SETTLE,S3,eth,eth-updown-5m-1773009300,0,1937.32,,,0.01,,,,,,,,0.01,,,,,,,,,,,0.11,,,1935.27,1937.23,0.1011,UP,CL,0.99,0,0.3087,0.0599,0.6877,40.8536,140.8536,40,27,,,
2026-03-08T22:40:00.632367257+00:00,R0308_205043,SETTLE,S3,btc,btc-updown-5m-1773009300,0,66021.99,,,0.01,,,,,,,,0.01,,,,,,,,,,,0.159,,,66069.4,66017.31,-0.0788,DOWN,CL,0,0.99,0.3087,0.0869,0.6734,40.8392,140.8392,40,27,,,
2026-03-08T22:40:00.632451805+00:00,R0308_205043,SETTLE,S3,sol,sol-updown-5m-1773009300,0,81.65,,,0.01,,,,,,,,0.01,,,,,,,,,,,0.24,,,81.58,81.65,0.0901,UP,CL,0.99,0,0.3088,0.1094,2.0684,42.2343,142.2343,40,27,,,
2026-03-08T22:40:00.825915498+00:00,R0308_200647,SETTLE,S3,btc,btc-updown-5m-1773009300,0,66021.99,,,0.01,,,,,,,,0.01,,,,,,,,,,,0.159,,,66069.4,66017.31,-0.0788,DOWN,CL,0,0.99,0.3087,0.0869,0.6734,74.3514,174.3514,69,31,,,
2026-03-08T22:40:00.826021488+00:00,R0308_200647,SETTLE,S3,xrp,xrp-updown-5m-1773009300,0,1.34,,,0.01,,,,,,,,0.01,,,,,,,,,,,0.46,,,1.34,1.34,0.0343,UP,CL,0.99,0,0.3088,0.149,4.1401,77.8182,177.8182,69,31,,,
2026-03-08T22:40:00.826080888+00:00,R0308_200647,SETTLE,S3,eth,eth-updown-5m-1773009300,0,1937.33,,,0.01,,,,,,,,0.01,,,,,,,,,,,0.11,,,1935.27,1937.23,0.1011,UP,CL,0.99,0,0.3087,0.0611,0.5127,74.1908,174.1908,69,31,,,
2026-03-08T22:40:00.826139166+00:00,R0308_200647,SETTLE,S3,sol,sol-updown-5m-1773009300,0,81.66,,,0.01,,,,,,,,0.01,,,,,,,,,,,0.24,,,81.58,81.65,0.0901,UP,CL,0.99,0,0.3087,0.1138,1.7574,75.4355,175.4355,69,31,,,
2026-03-08T22:40:14.358479778+00:00,R0308_205043,ENTRY,S3,eth,eth-updown-5m-1773009600,286,1937.77,0.53,0.52,0.01,265.5,17,52,47,0,0.48,0.47,0.01,17,265.5,47,52,0,0.531,0.481,5,5,,,,,,,,,,,,,,,,,,,,,
2026-03-08T22:40:14.486590572+00:00,R0308_200647,ENTRY,S3,eth,eth-updown-5m-1773009600,286,1937.77,0.53,0.52,0.01,265.5,17,52,47,0,0.48,0.47,0.01,17,265.5,47,52,0,0.531,0.481,5,5,,,,,,,,,,,,,,,,,,,,,
2026-03-08T22:41:36.914375332+00:00,R0308_200647,ENTRY,S3,btc,btc-updown-5m-1773009600,204,66037.43,0.53,0.52,0.01,452,408.4,52,47,0,0.48,0.47,0.01,408.4,452,47,52,0,0.531,0.481,5,5,,,,,,,,,,,,,,,,,,,,,
2026-03-08T22:41:37.005034593+00:00,R0308_205043,ENTRY,S3,btc,btc-updown-5m-1773009600,203,66037.43,0.53,0.52,0.01,469,406.5,52,47,0,0.48,0.47,0.01,406.5,469,47,52,0,0.531,0.481,5,5,,,,,,,,,,,,,,,,,,,,,
2026-03-08T22:43:11.951347592+00:00,R0308_200647,ENTRY,S3,xrp,xrp-updown-5m-1773009600,109,1.34,0.5,0.49,0.01,8,50.8,49,50,0,0.51,0.5,0.01,50.8,8,50,49,0,0.501,0.511,5,5,,,,,,,,,,,,,,,,,,,,,
2026-03-08T22:43:12.247744226+00:00,R0308_205043,ENTRY,S3,xrp,xrp-updown-5m-1773009600,108,1.34,0.5,0.49,0.01,8,78.8,49,50,0,0.51,0.5,0.01,78.8,8,50,49,0,0.501,0.511,5,5,,,,,,,,,,,,,,,,,,,,,
2026-03-08T22:44:32.738691389+00:00,R0308_205043,DUMP,S3,btc,btc-updown-5m-1773009600,28,66043.58,,,,,,,,,,,,,10,,30,69,,,,,DN,0.29,0.3,REAL,3.0146,66015.09,66037.78,0.0344,,,,,,,,,,,,,MAKER_FILL
2026-03-08T22:44:33.061802822+00:00,R0308_200647,DUMP,S3,btc,btc-updown-5m-1773009600,27,66043.58,,,,,,,,,,,,,125,,29,70,,,,,DN,0.289,0.29,REAL,3.0042,66015.09,66042.65,0.0417,,,,,,,,,,,,,TAKER_FORCE
2026-03-08T22:44:33.061914310+00:00,R0308_200647,DUMP,S3,eth,eth-updown-5m-1773009600,27,1938.56,,,,,,,,,,,,,17,,20,79,,,,,DN,0.199,0.2,REAL,2.0686,1937.13,1938.16,0.0531,,,,,,,,,,,,,TAKER_FORCE
2026-03-08T22:44:33.061971025+00:00,R0308_200647,DUMP,S3,xrp,xrp-updown-5m-1773009600,27,1.34,,,,,,,,,,,,,7,,37,62,,,,,DN,0.369,0.37,REAL,3.6106,1.34,1.34,0.0303,,,,,,,,,,,,,TAKER_FORCE
2026-03-08T22:44:33.784118187+00:00,R0308_205043,DUMP,S3,xrp,xrp-updown-5m-1773009600,27,1.34,,,,,,,,,,,,,7,,36,62,,,,,DN,0.369,0.37,REAL,3.6106,1.34,1.34,0.0303,,,,,,,,,,,,,TAKER_FORCE
2026-03-08T22:44:33.784226411+00:00,R0308_205043,DUMP,S3,eth,eth-updown-5m-1773009600,27,1938.56,,,,,,,,,,,,,15,,19,79,,,,,DN,0.189,0.19,REAL,1.9647,1937.13,1938.16,0.0531,,,,,,,,,,,,,TAKER_FORCE
2026-03-08T22:45:00.509866466+00:00,R0308_200647,SETTLE,S3,btc,btc-updown-5m-1773009600,0,66045.09,,,0.01,,,,,,,,0.01,,,,,,,,,,,0.289,,,66015.09,66048.38,0.0504,UP,CL,0.99,0,0.3087,0.1335,1.9781,82.7398,182.7398,73,31,,,
2026-03-08T22:45:00.509971724+00:00,R0308_200647,SETTLE,S3,eth,eth-updown-5m-1773009600,0,1937.95,,,0.01,,,,,,,,0.01,,,,,,,,,,,0.199,,,1937.13,1937.95,0.0419,UP,CL,0.99,0,0.3087,0.1036,1.0725,81.8342,181.8342,73,31,,,
2026-03-08T22:45:00.510032055+00:00,R0308_200647,SETTLE,S3,xrp,xrp-updown-5m-1773009600,0,1.34,,,0.01,,,,,,,,0.01,,,,,,,,,,,0.369,,,1.34,1.34,0.0356,UP,CL,0.99,0,0.3087,0.1424,3.1395,83.9012,183.9012,73,31,,,
2026-03-08T22:45:01.027585761+00:00,R0308_205043,SETTLE,S3,btc,btc-updown-5m-1773009600,0,66051.7,,,0.01,,,,,,,,0.01,,,,,,,,,,,0.29,,,66015.09,66048.38,0.0504,UP,CL,0.99,0,0.3087,0.1338,1.9882,49.3329,149.3329,44,27,,,
2026-03-08T22:45:01.027726433+00:00,R0308_205043,SETTLE,S3,xrp,xrp-updown-5m-1773009600,0,1.34,,,0.01,,,,,,,,0.01,,,,,,,,,,,0.369,,,1.34,1.34,0.0356,UP,CL,0.99,0,0.3087,0.1424,3.1395,50.4841,150.4841,44,27,,,
2026-03-08T22:45:01.027836158+00:00,R0308_205043,SETTLE,S3,eth,eth-updown-5m-1773009600,0,1937.96,,,0.01,,,,,,,,0.01,,,,,,,,,,,0.189,,,1937.13,1937.95,0.0419,UP,CL,0.99,0,0.3087,0.0996,0.9725,48.3172,148.3172,44,27,,,
2026-03-08T22:50:10.237819877+00:00,R0308_205043,ENTRY,S3,sol,sol-updown-5m-1773010200,290,82.29,0.48,0.47,0.01,10,80.4,47,52,0,0.53,0.52,0.01,80.4,10,52,47,0,0.481,0.531,5,5,,,,,,,,,,,,,,,,,,,,,
2026-03-08T22:50:10.944721897+00:00,R0308_200647,ENTRY,S3,sol,sol-updown-5m-1773010200,290,82.29,0.48,0.47,0.01,38,101,47,52,0,0.53,0.52,0.01,101,38,52,47,0,0.481,0.531,5,5,,,,,,,,,,,,,,,,,,,,,
2026-03-08T22:51:04.671690681+00:00,R0308_205043,ENTRY,S3,eth,eth-updown-5m-1773010200,236,1941.48,0.49,0.47,0.02,314.2,647.1,47,51,0,0.53,0.51,0.02,647.1,314.2,51,47,0,0.491,0.531,5,5,,,,,,,,,,,,,,,,,,,,,
2026-03-08T22:51:04.671853246+00:00,R0308_205043,ENTRY,S3,xrp,xrp-updown-5m-1773010200,236,1.34,0.49,0.48,0.01,68.2,40.7,48,51,0,0.52,0.51,0.01,40.7,68.2,51,48,0,0.491,0.521,5,5,,,,,,,,,,,,,,,,,,,,,
2026-03-08T22:51:04.788596283+00:00,R0308_200647,ENTRY,S3,eth,eth-updown-5m-1773010200,236,1941.48,0.49,0.48,0.01,120.3,647.1,48,51,0,0.52,0.51,0.01,647.1,120.3,51,48,0,0.491,0.521,5,5,,,,,,,,,,,,,,,,,,,,,
2026-03-08T22:51:04.788721412+00:00,R0308_200647,ENTRY,S3,xrp,xrp-updown-5m-1773010200,236,1.34,0.5,0.49,0.01,48.7,10,49,49,0,0.51,0.5,0.01,10,48.7,49,49,0,0.501,0.511,5,5,,,,,,,,,,,,,,,,,,,,,
2026-03-08T22:51:08.106216079+00:00,R0308_200647,ENTRY,S3,btc,btc-updown-5m-1773010200,232,66148.51,0.48,0.47,0.01,5.1,322.3,47,52,0,0.53,0.52,0.01,322.3,5.1,52,47,0,0.481,0.531,5,5,,,,,,,,,,,,,,,,,,,,,
2026-03-08T22:51:09.836730778+00:00,R0308_205043,ENTRY,S3,btc,btc-updown-5m-1773010200,231,66152.12,0.48,0.47,0.01,331.3,17.9,47,52,0,0.53,0.52,0.01,17.9,331.3,52,47,0,0.481,0.531,5,5,,,,,,,,,,,,,,,,,,,,,
2026-03-08T22:54:33.087976526+00:00,R0308_200647,DUMP,S3,sol,sol-updown-5m-1773010200,27,82.05,,,,,,,,,,,,,0,,0,99,,,,,UP,0.049,0.05,EST,0.5094,82.33,82.05,-0.3339,,,,,,,,,,,,,TAKER_FORCE|EST_BID
2026-03-08T22:54:33.088069968+00:00,R0308_200647,DUMP,S3,btc,btc-updown-5m-1773010200,27,66201.81,,,,,,,,,,,,,12.8,,11,88,,,,,DN,0.109,0.11,REAL,1.0264,66164.83,66201.92,0.0561,,,,,,,,,,,,,TAKER_FORCE
2026-03-08T22:54:33.088130749+00:00,R0308_200647,DUMP,S3,eth,eth-updown-5m-1773010200,27,1942.98,,,,,,,,,,,,,48,,19,79,,,,,DN,0.189,0.19,REAL,1.8138,1942.48,1942.91,0.0221,,,,,,,,,,,,,TAKER_FORCE
2026-03-08T22:54:33.088182837+00:00,R0308_200647,DUMP,S3,xrp,xrp-updown-5m-1773010200,27,1.34,,,,,,,,,,,,,8,,37,61,,,,,DN,0.369,0.37,REAL,3.6106,1.34,1.34,0.0038,,,,,,,,,,,,,TAKER_FORCE
2026-03-08T22:54:33.201163751+00:00,R0308_205043,DUMP,S3,sol,sol-updown-5m-1773010200,27,82.05,,,,,,,,,,,,,0,,0,99,,,,,UP,0.049,0.05,EST,0.5094,82.33,82.05,-0.3339,,,,,,,,,,,,,TAKER_FORCE|EST_BID
2026-03-08T22:54:33.201259356+00:00,R0308_205043,DUMP,S3,eth,eth-updown-5m-1773010200,27,1942.98,,,,,,,,,,,,,42.7,,19,79,,,,,DN,0.189,0.19,REAL,1.7797,1942.48,1942.91,0.0221,,,,,,,,,,,,,TAKER_FORCE
2026-03-08T22:54:33.201301269+00:00,R0308_205043,DUMP,S3,xrp,xrp-updown-5m-1773010200,27,1.34,,,,,,,,,,,,,8,,37,61,,,,,DN,0.369,0.37,REAL,3.5413,1.34,1.34,0.0038,,,,,,,,,,,,,TAKER_FORCE
2026-03-08T22:54:33.201342951+00:00,R0308_205043,DUMP,S3,btc,btc-updown-5m-1773010200,27,66201.81,,,,,,,,,,,,,29.5,,11,88,,,,,DN,0.109,0.11,REAL,1.0264,66164.83,66201.92,0.0561,,,,,,,,,,,,,TAKER_FORCE
2026-03-08T22:55:00.301514890+00:00,R0308_205043,SETTLE,S3,sol,sol-updown-5m-1773010200,0,82.04,,,0.01,,,,,,,,0.01,,,,,,,,,,,0.049,,,82.33,82.05,-0.3424,DOWN,CL,0,0.99,0.3087,0.0303,-0.4135,53.0314,153.0314,46,28,,,
2026-03-08T22:55:00.301683726+00:00,R0308_205043,SETTLE,S3,eth,eth-updown-5m-1773010200,0,1943.13,,,0.02,,,,,,,,0.02,,,,,,,,,,,0.189,,,1942.48,1943.22,0.038,UP,CL,0.99,0,0.3056,0.0902,1.5671,55.012,155.012,47,27,,,
2026-03-08T22:55:00.301802063+00:00,R0308_205043,SETTLE,S3,xrp,xrp-updown-5m-1773010200,0,1.34,,,0.01,,,,,,,,0.01,,,,,,,,,,,0.369,,,1.34,1.35,0.0177,UP,CL,0.99,0,0.3088,0.1397,3.2762,56.721,156.721,47,27,,,
2026-03-08T22:55:00.301908975+00:00,R0308_205043,SETTLE,S3,btc,btc-updown-5m-1773010200,0,66232.18,,,0.01,,,,,,,,0.01,,,,,,,,,,,0.109,,,66164.83,66229.47,0.0977,UP,CL,0.99,0,0.3087,0.0572,1.0555,54.5003,154.5003,47,27,,,
2026-03-08T22:55:00.597691882+00:00,R0308_200647,SETTLE,S3,sol,sol-updown-5m-1773010200,0,82.04,,,0.01,,,,,,,,0.01,,,,,,,,,,,0.049,,,82.33,82.03,-0.3577,DOWN,CL,0,0.99,0.3087,0.0303,-0.4135,86.5383,186.5383,75,32,,,
2026-03-08T22:55:00.597832805+00:00,R0308_200647,SETTLE,S3,btc,btc-updown-5m-1773010200,0,66232.18,,,0.01,,,,,,,,0.01,,,,,,,,,,,0.109,,,66164.83,66229.05,0.0971,UP,CL,0.99,0,0.3087,0.0572,1.0555,88.0072,188.0072,76,31,,,
2026-03-08T22:55:00.597861217+00:00,R0308_200647,SETTLE,S3,eth,eth-updown-5m-1773010200,0,1943.12,,,0.01,,,,,,,,0.01,,,,,,,,,,,0.189,,,1942.48,1943.17,0.0356,UP,CL,0.99,0,0.3088,0.0919,1.5964,88.5482,188.5482,76,31,,,
2026-03-08T22:55:00.597888999+00:00,R0308_200647,SETTLE,S3,xrp,xrp-updown-5m-1773010200,0,1.34,,,0.01,,,,,,,,0.01,,,,,,,,,,,0.369,,,1.34,1.35,0.0161,UP,CL,0.99,0,0.3087,0.1424,3.1395,90.0912,190.0912,76,31,,,
2026-03-08T22:55:10.102866616+00:00,R0308_200647,ENTRY,S3,btc,btc-updown-5m-1773010500,290,66242,0.53,0.52,0.01,690.4,312.7,52,47,0,0.48,0.47,0.01,312.7,690.4,47,52,0,0.531,0.481,5,5,,,,,,,,,,,,,,,,,,,,,
2026-03-08T22:55:10.102978034+00:00,R0308_200647,ENTRY,S3,eth,eth-updown-5m-1773010500,290,1943.67,0.5,0.49,0.01,348.4,289.2,49,50,0,0.51,0.5,0.01,289.2,348.4,50,49,0,0.501,0.511,5,5,,,,,,,,,,,,,,,,,,,,,
2026-03-08T22:55:10.103084715+00:00,R0308_200647,ENTRY,S3,sol,sol-updown-5m-1773010500,290,82.05,0.49,0.48,0.01,93.7,942.3,48,51,0,0.52,0.51,0.01,942.3,93.7,51,48,0,0.491,0.521,5,5,,,,,,,,,,,,,,,,,,,,,
2026-03-08T22:55:10.103146899+00:00,R0308_200647,ENTRY,S3,xrp,xrp-updown-5m-1773010500,290,1.35,0.53,0.52,0.01,24.2,7.3,52,47,0,0.48,0.47,0.01,7.3,24.2,47,52,0,0.531,0.481,5,5,,,,,,,,,,,,,,,,,,,,,
2026-03-08T22:55:10.756515882+00:00,R0308_205043,ENTRY,S3,btc,btc-updown-5m-1773010500,290,66241.99,0.53,0.52,0.01,920.1,194.5,52,47,0,0.48,0.47,0.01,194.5,920.1,47,52,0,0.531,0.481,5,5,,,,,,,,,,,,,,,,,,,,,
2026-03-08T22:55:10.756685678+00:00,R0308_205043,ENTRY,S3,eth,eth-updown-5m-1773010500,290,1943.68,0.5,0.49,0.01,404.4,270.4,49,50,0,0.51,0.5,0.01,270.4,404.4,50,49,0,0.501,0.511,5,5,,,,,,,,,,,,,,,,,,,,,
2026-03-08T22:55:10.756807521+00:00,R0308_205043,ENTRY,S3,sol,sol-updown-5m-1773010500,290,82.05,0.49,0.48,0.01,93.7,939,48,51,0,0.52,0.51,0.01,932,93.7,51,48,0,0.491,0.521,5,5,,,,,,,,,,,,,,,,,,,,,
2026-03-08T22:55:10.756908584+00:00,R0308_205043,ENTRY,S3,xrp,xrp-updown-5m-1773010500,290,1.35,0.53,0.52,0.01,31,0.3,52,47,0,0.48,0.47,0.01,0.3,31,47,52,0,0.531,0.481,5,5,,,,,,,,,,,,,,,,,,,,,
2026-03-08T22:59:31.876523836+00:00,R0308_205043,DUMP,S3,eth,eth-updown-5m-1773010500,29,1942.42,,,,,,,,,,,,,5,,25,74,,,,,UP,0.25,0.25,REAL,2.495,1943.25,1942.35,-0.0463,,,,,,,,,,,,,MAKER_FILL
2026-03-08T22:59:32.579394167+00:00,R0308_200647,DUMP,S3,btc,btc-updown-5m-1773010500,28,66215.76,,,,,,,,,,,,,46.9,,33,64,,,,,UP,0.34,0.35,REAL,3.2015,66230.17,66219.13,-0.0167,,,,,,,,,,,,,MAKER_FILL
2026-03-08T22:59:32.909454008+00:00,R0308_205043,DUMP,S3,xrp,xrp-updown-5m-1773010500,28,1.34,,,,,,,,,,,,,7,,34,61,,,,,UP,0.34,0.34,REAL,3.2015,1.35,1.34,-0.0187,,,,,,,,,,,,,MAKER_FILL
2026-03-08T22:59:32.909557264+00:00,R0308_205043,DUMP,S3,btc,btc-updown-5m-1773010500,28,66215.76,,,,,,,,,,,,,42.6,,35,64,,,,,UP,0.33,0.35,REAL,3.1073,66230.17,66219.67,-0.0159,,,,,,,,,,,,,MAKER_FILL
2026-03-08T22:59:33.609172495+00:00,R0308_200647,DUMP,S3,eth,eth-updown-5m-1773010500,27,1942.42,,,,,,,,,,,,,16,,22,76,,,,,UP,0.219,0.22,REAL,2.1856,1943.25,1942.34,-0.0467,,,,,,,,,,,,,TAKER_FORCE
2026-03-08T22:59:33.609255431+00:00,R0308_200647,DUMP,S3,sol,sol-updown-5m-1773010500,27,81.94,,,,,,,,,,,,,54.1,,6,93,,,,,UP,0.059,0.06,REAL,0.6008,82.04,81.94,-0.1276,,,,,,,,,,,,,TAKER_FORCE
2026-03-08T22:59:33.609321159+00:00,R0308_200647,DUMP,S3,xrp,xrp-updown-5m-1773010500,27,1.34,,,,,,,,,,,,,7,,37,61,,,,,UP,0.35,0.37,REAL,3.2957,1.35,1.34,-0.0207,,,,,,,,,,,,,MAKER_FILL
2026-03-08T22:59:33.941719329+00:00,R0308_205043,DUMP,S3,sol,sol-updown-5m-1773010500,27,81.94,,,,,,,,,,,,,43.5,,6,93,,,,,UP,0.059,0.06,REAL,0.6008,82.04,81.94,-0.1274,,,,,,,,,,,,,TAKER_FORCE
2026-03-08T23:00:00.271701829+00:00,R0308_205043,SETTLE,S3,xrp,xrp-updown-5m-1773010500,0,1.35,,,0.01,,,,,,,,0.01,,,,,,,,,,,0.34,,,1.35,1.35,0.034,UP,CL,0.99,0,0.3087,0.1458,2.496,61.4261,161.4261,50,28,,,
2026-03-08T23:00:00.271810964+00:00,R0308_205043,SETTLE,S3,sol,sol-updown-5m-1773010500,0,81.99,,,0.01,,,,,,,,0.01,,,,,,,,,,,0.059,,,82.04,81.97,-0.0881,DOWN,CL,0,0.99,0.3088,0.0353,-0.1463,58.7838,158.7838,49,29,,,
2026-03-08T23:00:00.271840088+00:00,R0308_205043,SETTLE,S3,eth,eth-updown-5m-1773010500,0,1943.31,,,0.01,,,,,,,,0.01,,,,,,,,,,,0.25,,,1943.25,1943.14,-0.0055,DOWN,CL,0.48,0.32,0.3087,0.117,1.854,60.7842,160.7842,50,28,CL_CLOB_SPLIT,,
2026-03-08T23:00:00.271868180+00:00,R0308_205043,SETTLE,S3,btc,btc-updown-5m-1773010500,0,66236.8,,,0.01,,,,,,,,0.01,,,,,,,,,,,0.33,,,66230.17,66239.15,0.0136,UP,CL,0.99,0,0.3087,0.1436,2.3942,61.3243,161.3243,50,28,,,
2026-03-08T23:00:00.822728014+00:00,R0308_200647,SETTLE,S3,btc,btc-updown-5m-1773010500,0,66250.42,,,0.01,,,,,,,,0.01,,,,,,,,,,,0.34,,,66230.17,66238.75,0.013,UP,CL,0.99,0,0.3087,0.1458,2.496,94.8256,194.8256,79,32,,,
2026-03-08T23:00:00.822845210+00:00,R0308_200647,SETTLE,S3,eth,eth-updown-5m-1773010500,0,1943.85,,,0.01,,,,,,,,0.01,,,,,,,,,,,0.219,,,1943.25,1943.14,-0.0055,DOWN,CL,0.4,0.32,0.3087,0.1067,1.5549,93.8846,193.8846,79,32,CL_CLOB_SPLIT,,
2026-03-08T23:00:00.822882727+00:00,R0308_200647,SETTLE,S3,sol,sol-updown-5m-1773010500,0,82.02,,,0.01,,,,,,,,0.01,,,,,,,,,,,0.059,,,82.04,81.98,-0.0827,DOWN,CL,0,0.99,0.3088,0.0353,-0.1463,92.1833,192.1833,78,33,,,
2026-03-08T23:00:00.822921196+00:00,R0308_200647,SETTLE,S3,xrp,xrp-updown-5m-1773010500,0,1.35,,,0.01,,,,,,,,0.01,,,,,,,,,,,0.35,,,1.35,1.35,0.034,UP,CL,0.99,0,0.3087,0.1478,2.5979,94.9276,194.9276,79,32,,,
2026-03-08T23:00:10.286089786+00:00,R0308_200647,ENTRY,S3,sol,sol-updown-5m-1773010800,290,82,0.52,0.51,0.01,22.8,62.6,51,48,0,0.49,0.48,0.01,62.6,22.8,48,51,0,0.521,0.491,5,5,,,,,,,,,,,,,,,,,,,,,
2026-03-08T23:00:10.750536524+00:00,R0308_205043,ENTRY,S3,sol,sol-updown-5m-1773010800,290,81.99,0.52,0.51,0.01,17.8,72.6,51,48,0,0.49,0.48,0.01,72.6,17.8,48,51,0,0.521,0.491,5,5,,,,,,,,,,,,,,,,,,,,,
2026-03-08T23:00:11.791470387+00:00,R0308_205043,ENTRY,S3,btc,btc-updown-5m-1773010800,289,66265.75,0.53,0.52,0.01,459.2,5,52,47,0,0.48,0.47,0.01,5,459.2,47,52,0,0.531,0.481,5,5,,,,,,,,,,,,,,,,,,,,,
2026-03-08T23:00:19.755858348+00:00,R0308_200647,ENTRY,S3,btc,btc-updown-5m-1773010800,281,66245.75,0.53,0.52,0.01,244.1,513.8,52,47,0,0.48,0.47,0.01,513.8,244.1,47,52,0,0.531,0.481,5,5,,,,,,,,,,,,,,,,,,,,,
2026-03-08T23:00:26.172829659+00:00,R0308_200647,ENTRY,S3,eth,eth-updown-5m-1773010800,274,1943.7,0.52,0.51,0.01,233,78,51,48,0,0.49,0.48,0.01,78,233,48,51,0,0.521,0.491,5,5,,,,,,,,,,,,,,,,,,,,,
2026-03-08T23:00:26.368775917+00:00,R0308_205043,ENTRY,S3,eth,eth-updown-5m-1773010800,274,1943.64,0.52,0.51,0.01,228,130.5,51,48,0,0.49,0.48,0.01,130.5,228,48,51,0,0.521,0.491,5,5,,,,,,,,,,,,,,,,,,,,,
2026-03-08T23:00:30.300610247+00:00,R0308_200647,ENTRY,S3,xrp,xrp-updown-5m-1773010800,270,1.35,0.52,0.51,0.01,67.1,43,51,48,0,0.49,0.48,0.01,43,67.1,48,51,0,0.521,0.491,5,5,,,,,,,,,,,,,,,,,,,,,
2026-03-08T23:00:30.619125787+00:00,R0308_205043,ENTRY,S3,xrp,xrp-updown-5m-1773010800,270,1.35,0.5,0.49,0.01,70.3,21,49,50,0,0.51,0.5,0.01,21,70.3,50,49,0,0.501,0.511,5,5,,,,,,,,,,,,,,,,,,,,,
2026-03-08T23:04:33.171126859+00:00,R0308_205043,DUMP,S3,eth,eth-updown-5m-1773010800,27,1948.61,,,,,,,,,,,,,0,,0,99,,,,,DN,0.099,0.1,EST,1.0081,1943.14,1948.16,0.2585,,,,,,,,,,,,,TAKER_FORCE|EST_BID
2026-03-08T23:04:33.171241192+00:00,R0308_205043,DUMP,S3,xrp,xrp-updown-5m-1773010800,27,1.35,,,,,,,,,,,,,0,,0,98,,,,,DN,0.099,0.1,EST,0.9687,1.35,1.35,0.2458,,,,,,,,,,,,,TAKER_FORCE|EST_BID
2026-03-08T23:04:33.171302253+00:00,R0308_205043,DUMP,S3,sol,sol-updown-5m-1773010800,27,82.28,,,,,,,,,,,,,0,,0,99,,,,,DN,0.049,0.05,EST,0.499,81.97,82.26,0.3562,,,,,,,,,,,,,TAKER_FORCE|EST_BID
2026-03-08T23:04:33.171325158+00:00,R0308_205043,DUMP,S3,btc,btc-updown-5m-1773010800,27,66352.14,,,,,,,,,,,,,218.7,,2,97,,,,,DN,0.019,0.02,REAL,0.1975,66239.1,66345.64,0.1609,,,,,,,,,,,,,TAKER_FORCE
2026-03-08T23:04:33.227700581+00:00,R0308_200647,DUMP,S3,eth,eth-updown-5m-1773010800,27,1948.89,,,,,,,,,,,,,0,,0,99,,,,,DN,0.099,0.1,EST,1.0081,1943.14,1948.16,0.2585,,,,,,,,,,,,,TAKER_FORCE|EST_BID
2026-03-08T23:04:33.227799360+00:00,R0308_200647,DUMP,S3,sol,sol-updown-5m-1773010800,27,82.28,,,,,,,,,,,,,0,,0,99,,,,,DN,0.049,0.05,EST,0.499,81.97,82.26,0.3562,,,,,,,,,,,,,TAKER_FORCE|EST_BID
2026-03-08T23:04:33.227829105+00:00,R0308_200647,DUMP,S3,btc,btc-updown-5m-1773010800,27,66352.14,,,,,,,,,,,,,213.1,,2,97,,,,,DN,0.019,0.02,REAL,0.1975,66239.1,66345.64,0.1609,,,,,,,,,,,,,TAKER_FORCE
2026-03-08T23:04:33.227862516+00:00,R0308_200647,DUMP,S3,xrp,xrp-updown-5m-1773010800,27,1.35,,,,,,,,,,,,,0,,0,98,,,,,DN,0.099,0.1,EST,1.0081,1.35,1.35,0.2458,,,,,,,,,,,,,TAKER_FORCE|EST_BID
2026-03-08T23:05:00.348335689+00:00,R0308_205043,SETTLE,S3,eth,eth-updown-5m-1773010800,0,1950.11,,,0.01,,,,,,,,0.01,,,,,,,,,,,0.099,,,1943.14,1949.96,0.351,UP,CL,0.99,0,0.3088,0.0568,0.2396,65.7675,165.7675,53,29,,,
2026-03-08T23:05:00.348469991+00:00,R0308_205043,SETTLE,S3,xrp,xrp-updown-5m-1773010800,0,1.35,,,0.01,,,,,,,,0.01,,,,,,,,,,,0.099,,,1.35,1.35,0.2795,UP,CL,0.99,0,0.3087,0.0545,0.5854,66.1134,166.1134,53,29,,,
2026-03-08T23:05:00.348513787+00:00,R0308_205043,SETTLE,S3,sol,sol-updown-5m-1773010800,0,82.34,,,0.01,,,,,,,,0.01,,,,,,,,,,,0.049,,,81.97,82.32,0.4308,UP,CL,0.99,0,0.3088,0.0297,-0.2425,65.2855,165.2855,52,30,,,
2026-03-08T23:05:00.348551605+00:00,R0308_205043,SETTLE,S3,btc,btc-updown-5m-1773010800,0,66390.83,,,0.01,,,,,,,,0.01,,,,,,,,,,,0.019,,,66239.1,66392.11,0.231,UP,CL,0.99,0,0.3087,0.0121,-0.7072,64.8208,164.8208,52,30,,,
2026-03-08T23:05:00.386570324+00:00,R0308_200647,SETTLE,S3,eth,eth-updown-5m-1773010800,0,1950.11,,,0.01,,,,,,,,0.01,,,,,,,,,,,0.099,,,1943.14,1949.96,0.351,UP,CL,0.99,0,0.3088,0.0568,0.2396,99.0717,199.0717,82,33,,,
2026-03-08T23:05:00.386642493+00:00,R0308_200647,SETTLE,S3,sol,sol-updown-5m-1773010800,0,82.34,,,0.01,,,,,,,,0.01,,,,,,,,,,,0.049,,,81.97,82.32,0.4308,UP,CL,0.99,0,0.3088,0.0297,-0.2425,98.5896,198.5896,81,34,,,
2026-03-08T23:05:00.386670615+00:00,R0308_200647,SETTLE,S3,btc,btc-updown-5m-1773010800,0,66390.83,,,0.01,,,,,,,,0.01,,,,,,,,,,,0.019,,,66239.1,66392.11,0.231,UP,CL,0.99,0,0.3087,0.0121,-0.7072,98.1249,198.1249,81,34,,,
2026-03-08T23:05:00.386697936+00:00,R0308_200647,SETTLE,S3,xrp,xrp-updown-5m-1773010800,0,1.35,,,0.01,,,,,,,,0.01,,,,,,,,,,,0.099,,,1.35,1.35,0.2795,UP,CL,0.99,0,0.3088,0.0568,0.2396,99.0717,199.0717,82,33,,,
2026-03-08T23:05:10.808545328+00:00,R0308_205043,ENTRY,S3,eth,eth-updown-5m-1773011100,290,1950.4,0.51,0.5,0.01,5,96,50,49,0,0.5,0.49,0.01,96,5,49,50,0,0.511,0.501,5,5,,,,,,,,,,,,,,,,,,,,,
2026-03-08T23:05:10.808682054+00:00,R0308_205043,ENTRY,S3,sol,sol-updown-5m-1773011100,290,82.35,0.51,0.5,0.01,36,47.3,50,49,0,0.5,0.49,0.01,47.3,36,49,50,0,0.511,0.501,5,5,,,,,,,,,,,,,,,,,,,,,
2026-03-08T23:05:10.867557579+00:00,R0308_200647,ENTRY,S3,eth,eth-updown-5m-1773011100,290,1950.4,0.51,0.5,0.01,5,101,50,49,0,0.5,0.49,0.01,101,5,49,50,0,0.511,0.501,5,5,,,,,,,,,,,,,,,,,,,,,
2026-03-08T23:05:10.867712783+00:00,R0308_200647,ENTRY,S3,sol,sol-updown-5m-1773011100,290,82.35,0.51,0.5,0.01,43,35.5,50,49,0,0.5,0.49,0.01,35.5,43,49,50,0,0.511,0.501,5,5,,,,,,,,,,,,,,,,,,,,,
2026-03-08T23:05:12.874847243+00:00,R0308_205043,ENTRY,S3,btc,btc-updown-5m-1773011100,288,66384.39,0.51,0.5,0.01,34.6,20,50,49,0,0.5,0.49,0.01,20,34.6,49,50,0,0.511,0.501,5,5,,,,,,,,,,,,,,,,,,,,,
2026-03-08T23:05:12.930734578+00:00,R0308_200647,ENTRY,S3,btc,btc-updown-5m-1773011100,288,66384.39,0.51,0.5,0.01,4.6,20,50,49,0,0.5,0.49,0.01,20,4.6,49,50,0,0.511,0.501,5,5,,,,,,,,,,,,,,,,,,,,,
2026-03-08T23:05:15.973899166+00:00,R0308_205043,ENTRY,S3,xrp,xrp-updown-5m-1773011100,285,1.35,0.48,0.47,0.01,87.5,38.1,47,52,0,0.53,0.52,0.01,38.1,87.5,52,47,0,0.481,0.531,5,5,,,,,,,,,,,,,,,,,,,,,
2026-03-08T23:05:16.035566209+00:00,R0308_200647,ENTRY,S3,xrp,xrp-updown-5m-1773011100,284,1.35,0.48,0.47,0.01,87.5,38.1,47,52,0,0.53,0.52,0.01,38.1,87.5,52,47,0,0.481,0.531,5,5,,,,,,,,,,,,,,,,,,,,,
2026-03-08T23:09:33.377327225+00:00,R0308_200647,DUMP,S3,eth,eth-updown-5m-1773011100,27,1946.05,,,,,,,,,,,,,1801.5,,1,98,,,,,UP,0.01,0.01,REAL,0.0978,1948.43,1946.05,-0.1218,,,,,,,,,,,,,TAKER_FORCE
2026-03-08T23:09:33.377443419+00:00,R0308_200647,DUMP,S3,btc,btc-updown-5m-1773011100,27,66229.83,,,,,,,,,,,,,0,,0,99,,,,,UP,0.099,0.1,EST,0.9687,66375.06,66234.47,-0.2118,,,,,,,,,,,,,TAKER_FORCE|EST_BID
2026-03-08T23:09:33.377490160+00:00,R0308_200647,DUMP,S3,sol,sol-updown-5m-1773011100,27,82.05,,,,,,,,,,,,,0,,0,99,,,,,UP,0.099,0.1,EST,0.9687,82.29,82.06,-0.279,,,,,,,,,,,,,TAKER_FORCE|EST_BID
2026-03-08T23:09:33.377530220+00:00,R0308_200647,DUMP,S3,xrp,xrp-updown-5m-1773011100,27,1.35,,,,,,,,,,,,,0,,0,99,,,,,UP,0.099,0.1,EST,1.0291,1.35,1.35,-0.249,,,,,,,,,,,,,TAKER_FORCE|EST_BID
2026-03-08T23:09:33.712888334+00:00,R0308_205043,DUMP,S3,sol,sol-updown-5m-1773011100,27,82.05,,,,,,,,,,,,,0,,0,99,,,,,UP,0.099,0.1,EST,0.9687,82.29,82.06,-0.279,,,,,,,,,,,,,TAKER_FORCE|EST_BID
2026-03-08T23:09:33.712985601+00:00,R0308_205043,DUMP,S3,btc,btc-updown-5m-1773011100,27,66229.83,,,,,,,,,,,,,0,,0,99,,,,,UP,0.099,0.1,EST,0.9687,66375.06,66234.47,-0.2118,,,,,,,,,,,,,TAKER_FORCE|EST_BID
2026-03-08T23:09:33.713042897+00:00,R0308_205043,DUMP,S3,xrp,xrp-updown-5m-1773011100,27,1.35,,,,,,,,,,,,,0,,0,99,,,,,UP,0.099,0.1,EST,1.0291,1.35,1.35,-0.249,,,,,,,,,,,,,TAKER_FORCE|EST_BID
2026-03-08T23:09:33.713094935+00:00,R0308_205043,DUMP,S3,eth,eth-updown-5m-1773011100,27,1946.05,,,,,,,,,,,,,1186.4,,1,98,,,,,UP,0.01,0.01,REAL,0.0978,1948.43,1946.04,-0.1225,,,,,,,,,,,,,TAKER_FORCE
2026-03-08T23:10:00.581372576+00:00,R0308_200647,SETTLE,S3,eth,eth-updown-5m-1773011100,0,1945.89,,,0.01,,,,,,,,0.01,,,,,,,,,,,0.01,,,1948.43,1945.86,-0.1317,DOWN,CL,0,0.99,0.3087,0.0061,-0.2369,98.1246,198.1246,83,36,,,
2026-03-08T23:10:00.581497414+00:00,R0308_200647,SETTLE,S3,btc,btc-updown-5m-1773011100,0,66230.84,,,0.01,,,,,,,,0.01,,,,,,,,,,,0.099,,,66375.06,66236.25,-0.2091,DOWN,CL,0,0.99,0.3087,0.0545,0.5854,98.947,198.947,84,35,,,
2026-03-08T23:10:00.581578947+00:00,R0308_200647,SETTLE,S3,sol,sol-updown-5m-1773011100,0,82.06,,,0.01,,,,,,,,0.01,,,,,,,,,,,0.099,,,82.29,82.06,-0.2858,DOWN,CL,0,0.999,0.3087,0.0545,0.5854,98.947,198.947,84,35,,,
2026-03-08T23:10:00.581646058+00:00,R0308_200647,SETTLE,S3,xrp,xrp-updown-5m-1773011100,0,1.35,,,0.01,,,,,,,,0.01,,,,,,,,,,,0.099,,,1.35,1.35,-0.2439,DOWN,CL,0,0.99,0.3087,0.058,0.0786,98.4402,198.4402,84,35,,,
2026-03-08T23:10:00.726529264+00:00,R0308_205043,SETTLE,S3,sol,sol-updown-5m-1773011100,0,82.06,,,0.01,,,,,,,,0.01,,,,,,,,,,,0.099,,,82.29,82.06,-0.2858,DOWN,CL,0,0.999,0.3087,0.0545,0.5854,65.9887,165.9887,55,31,,,
2026-03-08T23:10:00.726689005+00:00,R0308_205043,SETTLE,S3,btc,btc-updown-5m-1773011100,0,66230.84,,,0.01,,,,,,,,0.01,,,,,,,,,,,0.099,,,66375.06,66236.25,-0.2091,DOWN,CL,0,0.99,0.3087,0.0545,0.5854,65.9887,165.9887,55,31,,,
2026-03-08T23:10:00.726803798+00:00,R0308_205043,SETTLE,S3,xrp,xrp-updown-5m-1773011100,0,1.35,,,0.01,,,,,,,,0.01,,,,,,,,,,,0.099,,,1.35,1.35,-0.2439,DOWN,CL,0,0.99,0.3087,0.058,0.0786,65.4819,165.4819,55,31,,,
2026-03-08T23:10:00.726884479+00:00,R0308_205043,SETTLE,S3,eth,eth-updown-5m-1773011100,0,1945.89,,,0.01,,,,,,,,0.01,,,,,,,,,,,0.01,,,1948.43,1945.86,-0.1317,DOWN,CL,0,0.99,0.3087,0.0061,-0.2369,65.1664,165.1664,54,32,,,
2026-03-08T23:10:26.757564688+00:00,R0308_200647,ENTRY,S3,eth,eth-updown-5m-1773011400,274,1945.52,0.48,0.47,0.01,150.6,143.2,47,52,0,0.53,0.52,0.01,143.2,150.6,52,47,0,0.481,0.531,5,5,,,,,,,,,,,,,,,,,,,,,
2026-03-08T23:10:26.865340501+00:00,R0308_205043,ENTRY,S3,eth,eth-updown-5m-1773011400,274,1945.52,0.48,0.47,0.01,96.5,253.2,47,52,0,0.53,0.52,0.01,253.2,96.5,52,47,0,0.481,0.531,5,5,,,,,,,,,,,,,,,,,,,,,
2026-03-08T23:10:28.825844115+00:00,R0308_200647,ENTRY,S3,sol,sol-updown-5m-1773011400,272,82.03,0.49,0.48,0.01,8,28,48,51,0,0.52,0.51,0.01,28,8,51,48,0,0.491,0.521,5,5,,,,,,,,,,,,,,,,,,,,,
2026-03-08T23:10:28.825957677+00:00,R0308_200647,ENTRY,S3,xrp,xrp-updown-5m-1773011400,272,1.35,0.48,0.47,0.01,10,50,47,52,0,0.53,0.52,0.01,50,10,52,47,0,0.481,0.531,5,5,,,,,,,,,,,,,,,,,,,,,
2026-03-08T23:10:28.941959635+00:00,R0308_205043,ENTRY,S3,sol,sol-updown-5m-1773011400,272,82.03,0.49,0.48,0.01,8,28,48,51,0,0.52,0.51,0.01,28,8,51,48,0,0.491,0.521,5,5,,,,,,,,,,,,,,,,,,,,,
2026-03-08T23:10:28.942076111+00:00,R0308_205043,ENTRY,S3,xrp,xrp-updown-5m-1773011400,272,1.35,0.48,0.47,0.01,50,42,47,52,0,0.53,0.52,0.01,42,50,52,47,0,0.481,0.531,5,5,,,,,,,,,,,,,,,,,,,,,
2026-03-08T23:11:57.684540779+00:00,R0308_200647,ENTRY,S3,btc,btc-updown-5m-1773011400,183,66225.45,0.5,0.49,0.01,64,31.3,49,50,0,0.51,0.5,0.01,31.3,64,50,49,0,0.501,0.511,5,5,,,,,,,,,,,,,,,,,,,,,
2026-03-08T23:11:57.875487498+00:00,R0308_205043,ENTRY,S3,btc,btc-updown-5m-1773011400,183,66225.44,0.5,0.49,0.01,17.1,128.4,49,50,0,0.51,0.5,0.01,128.4,17.1,50,49,0,0.501,0.511,5,5,,,,,,,,,,,,,,,,,,,,,
2026-03-08T23:14:31.613595065+00:00,R0308_205043,DUMP,S3,sol,sol-updown-5m-1773011400,29,82.13,,,,,,,,,,,,,9.1,,11,85,,,,,DN,0.08,0.11,REAL,0.7678,82.04,82.13,0.1089,,,,,,,,,,,,,MAKER_FILL
2026-03-08T23:14:32.464980051+00:00,R0308_200647,DUMP,S3,sol,sol-updown-5m-1773011400,28,82.13,,,,,,,,,,,,,85,,10,86,,,,,DN,0.09,0.1,REAL,0.8637,82.04,82.14,0.1144,,,,,,,,,,,,,MAKER_FILL
2026-03-08T23:14:33.498771992+00:00,R0308_200647,DUMP,S3,eth,eth-updown-5m-1773011400,27,1948.29,,,,,,,,,,,,,235.7,,3,96,,,,,DN,0.029,0.03,REAL,0.2731,1945.55,1948.39,0.1456,,,,,,,,,,,,,TAKER_FORCE
2026-03-08T23:14:33.498857721+00:00,R0308_200647,DUMP,S3,xrp,xrp-updown-5m-1773011400,27,1.35,,,,,,,,,,,,,1065.2,,1,98,,,,,DN,0.01,0.01,REAL,0.0942,1.35,1.35,0.2089,,,,,,,,,,,,,TAKER_FORCE
2026-03-08T23:14:33.498900446+00:00,R0308_200647,DUMP,S3,btc,btc-updown-5m-1773011400,27,66305.34,,,,,,,,,,,,,379.3,,3,96,,,,,DN,0.029,0.03,REAL,0.2838,66228.6,66309.75,0.1225,,,,,,,,,,,,,TAKER_FORCE
2026-03-08T23:14:33.776503016+00:00,R0308_205043,DUMP,S3,xrp,xrp-updown-5m-1773011400,27,1.35,,,,,,,,,,,,,1065.2,,1,98,,,,,DN,0.01,0.01,REAL,0.0942,1.35,1.35,0.2089,,,,,,,,,,,,,TAKER_FORCE
2026-03-08T23:14:33.776638350+00:00,R0308_205043,DUMP,S3,btc,btc-updown-5m-1773011400,27,66305.34,,,,,,,,,,,,,377.7,,3,96,,,,,DN,0.029,0.03,REAL,0.2838,66228.6,66309.75,0.1225,,,,,,,,,,,,,TAKER_FORCE
2026-03-08T23:14:33.776706253+00:00,R0308_205043,DUMP,S3,eth,eth-updown-5m-1773011400,27,1948.29,,,,,,,,,,,,,235.7,,3,96,,,,,DN,0.029,0.03,REAL,0.2731,1945.55,1948.39,0.1456,,,,,,,,,,,,,TAKER_FORCE
2026-03-08T23:15:00.615956807+00:00,R0308_200647,SETTLE,S3,eth,eth-updown-5m-1773011400,0,1948.36,,,0.01,,,,,,,,0.01,,,,,,,,,,,0.029,,,1945.55,1948.54,0.1534,UP,CL,0.99,0,0.3087,0.0166,0.3428,99.7169,199.7169,87,36,,,
2026-03-08T23:15:00.616086673+00:00,R0308_200647,SETTLE,S3,sol,sol-updown-5m-1773011400,0,82.17,,,0.01,,,,,,,,0.01,,,,,,,,,,,0.09,,,82.04,82.17,0.1496,UP,CL,0.99,0,0.3088,0.0491,0.6891,100.0632,200.0632,87,36,,,
2026-03-08T23:15:00.616168686+00:00,R0308_200647,SETTLE,S3,xrp,xrp-updown-5m-1773011400,0,1.35,,,0.01,,,,,,,,0.01,,,,,,,,,,,0.01,,,1.35,1.35,0.2189,UP,CL,0.99,0,0.3087,0.0058,0.1746,99.5487,199.5487,87,36,,,
2026-03-08T23:15:00.616218732+00:00,R0308_200647,SETTLE,S3,btc,btc-updown-5m-1773011400,0,66328.45,,,0.01,,,,,,,,0.01,,,,,,,,,,,0.029,,,66228.6,66328.08,0.1502,UP,CL,0.999,0,0.3087,0.0172,-0.0622,99.3119,199.3119,86,37,,,
2026-03-08T23:15:00.923089452+00:00,R0308_205043,SETTLE,S3,xrp,xrp-updown-5m-1773011400,0,1.35,,,0.01,,,,,,,,0.01,,,,,,,,,,,0.01,,,1.35,1.35,0.2188,UP,CL,0.99,0,0.3087,0.0058,0.1746,66.5904,166.5904,58,32,,,
2026-03-08T23:15:00.923193308+00:00,R0308_205043,SETTLE,S3,btc,btc-updown-5m-1773011400,0,66328.45,,,0.01,,,,,,,,0.01,,,,,,,,,,,0.029,,,66228.6,66328.71,0.1512,UP,CL,0.999,0,0.3087,0.0172,-0.0622,66.3536,166.3536,57,33,,,
2026-03-08T23:15:00.923237365+00:00,R0308_205043,SETTLE,S3,eth,eth-updown-5m-1773011400,0,1948.36,,,0.01,,,,,,,,0.01,,,,,,,,,,,0.029,,,1945.55,1948.52,0.1526,UP,CL,0.99,0,0.3087,0.0166,0.3428,66.7586,166.7586,58,32,,,
2026-03-08T23:15:00.923277605+00:00,R0308_205043,SETTLE,S3,sol,sol-updown-5m-1773011400,0,82.17,,,0.01,,,,,,,,0.01,,,,,,,,,,,0.08,,,82.04,82.17,0.1497,UP,CL,0.99,0,0.3088,0.0441,0.5982,67.014,167.014,58,32,,,
2026-03-08T23:15:10.043290083+00:00,R0308_200647,ENTRY,S3,eth,eth-updown-5m-1773011700,290,1948.36,0.5,0.49,0.01,6.1,145,49,50,0,0.51,0.5,0.01,145,6.1,50,49,0,0.501,0.511,5,5,,,,,,,,,,,,,,,,,,,,,
2026-03-08T23:15:10.043399127+00:00,R0308_200647,ENTRY,S3,sol,sol-updown-5m-1773011700,290,82.16,0.48,0.47,0.01,45,55.6,47,52,0,0.53,0.52,0.01,55.6,45,52,47,0,0.481,0.531,5,5,,,,,,,,,,,,,,,,,,,,,
2026-03-08T23:15:10.043480419+00:00,R0308_200647,ENTRY,S3,xrp,xrp-updown-5m-1773011700,290,1.35,0.5,0.49,0.01,41,18.6,49,50,0,0.51,0.5,0.01,18.6,41,50,49,0,0.501,0.511,5,5,,,,,,,,,,,,,,,,,,,,,
2026-03-08T23:15:10.456296734+00:00,R0308_205043,ENTRY,S3,eth,eth-updown-5m-1773011700,290,1948.36,0.48,0.47,0.01,112.7,45.9,47,52,0,0.53,0.52,0.01,45.9,112.7,52,47,0,0.481,0.531,5,5,,,,,,,,,,,,,,,,,,,,,
2026-03-08T23:15:10.456475844+00:00,R0308_205043,ENTRY,S3,sol,sol-updown-5m-1773011700,290,82.16,0.48,0.47,0.01,15,39.9,47,52,0,0.53,0.52,0.01,39.9,15,52,47,0,0.481,0.531,5,5,,,,,,,,,,,,,,,,,,,,,
2026-03-08T23:15:10.456581303+00:00,R0308_205043,ENTRY,S3,xrp,xrp-updown-5m-1773011700,290,1.35,0.52,0.51,0.01,21,31,51,48,0,0.49,0.48,0.01,31,21,48,51,0,0.521,0.491,5,5,,,,,,,,,,,,,,,,,,,,,
2026-03-08T23:15:11.498723349+00:00,R0308_205043,ENTRY,S3,btc,btc-updown-5m-1773011700,289,66320.6,0.53,0.52,0.01,3.4,91.4,52,47,0,0.48,0.47,0.01,91.4,3.4,47,52,0,0.531,0.481,5,5,,,,,,,,,,,,,,,,,,,,,
2026-03-08T23:15:12.111773327+00:00,R0308_200647,ENTRY,S3,btc,btc-updown-5m-1773011700,288,66316.95,0.51,0.5,0.01,188.6,26.6,50,49,0,0.5,0.49,0.01,26.6,188.6,49,50,0,0.511,0.501,5,5,,,,,,,,,,,,,,,,,,,,,
2026-03-08T23:19:31.645422924+00:00,R0308_200647,DUMP,S3,eth,eth-updown-5m-1773011700,29,1946.94,,,,,,,,,,,,,16,,15,84,,,,,UP,0.11,0.15,REAL,1.0978,1948.5,1947.23,-0.0651,,,,,,,,,,,,,MAKER_FILL
2026-03-08T23:19:31.645532209+00:00,R0308_200647,DUMP,S3,btc,btc-updown-5m-1773011700,29,66295.03,,,,,,,,,,,,,14.5,,27,70,,,,,UP,0.18,0.29,REAL,1.7613,66324.03,66295.97,-0.0423,,,,,,,,,,,,,MAKER_FILL
2026-03-08T23:19:31.645575154+00:00,R0308_200647,DUMP,S3,sol,sol-updown-5m-1773011700,29,82.11,,,,,,,,,,,,,18,,23,76,,,,,UP,0.17,0.23,REAL,1.7672,82.16,82.12,-0.0497,,,,,,,,,,,,,MAKER_FILL
2026-03-08T23:19:31.645616306+00:00,R0308_200647,DUMP,S3,xrp,xrp-updown-5m-1773011700,29,1.35,,,,,,,,,,,,,21,,23,76,,,,,UP,0.11,0.23,REAL,1.0978,1.35,1.35,-0.0539,,,,,,,,,,,,,MAKER_FILL
2026-03-08T23:19:32.009339927+00:00,R0308_205043,DUMP,S3,xrp,xrp-updown-5m-1773011700,28,1.35,,,,,,,,,,,,,21,,22,76,,,,,UP,0.19,0.22,REAL,1.8234,1.35,1.35,-0.0539,,,,,,,,,,,,,MAKER_FILL
2026-03-08T23:19:32.009442622+00:00,R0308_205043,DUMP,S3,sol,sol-updown-5m-1773011700,28,82.11,,,,,,,,,,,,,8,,22,76,,,,,UP,0.2,0.22,REAL,2.079,82.16,82.12,-0.0497,,,,,,,,,,,,,MAKER_FILL
2026-03-08T23:19:32.009521210+00:00,R0308_205043,DUMP,S3,btc,btc-updown-5m-1773011700,28,66295.03,,,,,,,,,,,,,7.6,,26,69,,,,,UP,0.18,0.26,REAL,1.6949,66324.03,66295.97,-0.0423,,,,,,,,,,,,,MAKER_FILL
2026-03-08T23:19:33.047234130+00:00,R0308_205043,DUMP,S3,eth,eth-updown-5m-1773011700,27,1946.94,,,,,,,,,,,,,12,,12,86,,,,,UP,0.119,0.12,REAL,1.237,1948.5,1947.13,-0.0705,,,,,,,,,,,,,TAKER_FORCE
2026-03-08T23:20:00.274225084+00:00,R0308_205043,SETTLE,S3,eth,eth-updown-5m-1773011700,0,1945.28,,,0.01,,,,,,,,0.01,,,,,,,,,,,0.119,,,1948.5,1945.44,-0.1575,DOWN,CL,0,0.99,0.3087,0.0681,0.2763,67.7455,167.7455,61,33,,,
2026-03-08T23:20:00.274337674+00:00,R0308_205043,SETTLE,S3,xrp,xrp-updown-5m-1773011700,0,1.35,,,0.01,,,,,,,,0.01,,,,,,,,,,,0.19,,,1.35,1.35,-0.1295,DOWN,CL,0,0.99,0.3088,0.0923,1.6057,69.0748,169.0748,61,33,,,
2026-03-08T23:20:00.274373708+00:00,R0308_205043,SETTLE,S3,sol,sol-updown-5m-1773011700,0,82.06,,,0.01,,,,,,,,0.01,,,,,,,,,,,0.2,,,82.16,82.08,-0.098,DOWN,CL,0,0.99,0.3087,0.104,1.0825,68.5517,168.5517,61,33,,,
2026-03-08T23:20:00.274408572+00:00,R0308_205043,SETTLE,S3,btc,btc-updown-5m-1773011700,0,66264.9,,,0.01,,,,,,,,0.01,,,,,,,,,,,0.18,,,66324.03,66277.77,-0.0697,DOWN,CL,0,0.99,0.3087,0.0869,1.6943,69.1635,169.1635,61,33,,,
2026-03-08T23:20:00.923057879+00:00,R0308_200647,SETTLE,S3,eth,eth-updown-5m-1773011700,0,1945.1,,,0.01,,,,,,,,0.01,,,,,,,,,,,0.11,,,1948.5,1945.44,-0.1575,DOWN,CL,0,0.99,0.3087,0.0611,0.5127,101.0312,201.0312,90,37,,,
2026-03-08T23:20:00.923141425+00:00,R0308_200647,SETTLE,S3,btc,btc-updown-5m-1773011700,0,66264.9,,,0.01,,,,,,,,0.01,,,,,,,,,,,0.18,,,66324.03,66270.12,-0.0813,DOWN,CL,0,0.99,0.3087,0.0903,1.3423,101.8607,201.8607,90,37,,,
2026-03-08T23:20:00.923181055+00:00,R0308_200647,SETTLE,S3,sol,sol-updown-5m-1773011700,0,82.06,,,0.01,,,,,,,,0.01,,,,,,,,,,,0.17,,,82.16,82.06,-0.1225,DOWN,CL,0,0.99,0.3087,0.0917,0.7829,101.3014,201.3014,90,37,,,
2026-03-08T23:20:00.923215497+00:00,R0308_200647,SETTLE,S3,xrp,xrp-updown-5m-1773011700,0,1.35,,,0.01,,,,,,,,0.01,,,,,,,,,,,0.11,,,1.35,1.35,-0.1295,DOWN,CL,0,0.99,0.3087,0.0611,0.5127,101.0312,201.0312,90,37,,,
2026-03-08T23:20:10.371054468+00:00,R0308_200647,ENTRY,S3,btc,btc-updown-5m-1773012000,290,66261.31,0.49,0.48,0.01,112.8,207.2,48,51,0,0.52,0.51,0.01,207.2,112.8,51,48,0,0.491,0.521,5,5,,,,,,,,,,,,,,,,,,,,,
2026-03-08T23:20:10.371167999+00:00,R0308_200647,ENTRY,S3,eth,eth-updown-5m-1773012000,290,1944.78,0.48,0.47,0.01,36.4,332,47,52,0,0.53,0.52,0.01,332,36.4,52,47,0,0.481,0.531,5,5,,,,,,,,,,,,,,,,,,,,,
2026-03-08T23:20:10.371230213+00:00,R0308_200647,ENTRY,S3,sol,sol-updown-5m-1773012000,290,82.06,0.5,0.49,0.01,50,57,49,50,0,0.51,0.5,0.01,57,50,50,49,0,0.501,0.511,5,5,,,,,,,,,,,,,,,,,,,,,
2026-03-08T23:20:10.740794617+00:00,R0308_205043,ENTRY,S3,btc,btc-updown-5m-1773012000,290,66261.31,0.49,0.48,0.01,175.3,137.2,48,51,0,0.52,0.51,0.01,137.2,175.3,51,48,0,0.491,0.521,5,5,,,,,,,,,,,,,,,,,,,,,
2026-03-08T23:20:10.740913786+00:00,R0308_205043,ENTRY,S3,sol,sol-updown-5m-1773012000,290,82.06,0.49,0.48,0.01,61.3,61.6,48,51,0,0.52,0.51,0.01,61.6,61.3,51,48,0,0.491,0.521,5,5,,,,,,,,,,,,,,,,,,,,,
2026-03-08T23:20:11.777915761+00:00,R0308_205043,ENTRY,S3,xrp,xrp-updown-5m-1773012000,289,1.35,0.53,0.51,0.02,8,7,51,47,0,0.49,0.47,0.02,7,8,47,51,0,0.531,0.491,5,5,,,,,,,,,,,,,,,,,,,,,
2026-03-08T23:20:12.443639687+00:00,R0308_200647,ENTRY,S3,xrp,xrp-updown-5m-1773012000,288,1.35,0.48,0.47,0.01,50,70.4,47,52,0,0.53,0.52,0.01,70.4,50,52,47,0,0.481,0.531,5,5,,,,,,,,,,,,,,,,,,,,,
2026-03-08T23:20:57.818073139+00:00,R0308_205043,ENTRY,S3,eth,eth-updown-5m-1773012000,243,1944.84,0.48,0.47,0.01,139.8,236,47,52,0,0.53,0.52,0.01,236,139.8,52,47,0,0.481,0.531,5,5,,,,,,,,,,,,,,,,,,,,,
2026-03-08T23:24:31.123361785+00:00,R0308_200647,DUMP,S3,sol,sol-updown-5m-1773012000,29,82.24,,,,,,,,,,,,,66.7,,2,95,,,,,DN,0.02,0.03,REAL,0.1957,82.09,82.24,0.1855,,,,,,,,,,,,,MAKER_FILL
2026-03-08T23:24:32.156395195+00:00,R0308_200647,DUMP,S3,xrp,xrp-updown-5m-1773012000,28,1.35,,,,,,,,,,,,,80,,4,91,,,,,DN,0.05,0.05,REAL,0.4708,1.35,1.35,0.1061,,,,,,,,,,,,,MAKER_FILL
2026-03-08T23:24:33.187718556+00:00,R0308_200647,DUMP,S3,eth,eth-updown-5m-1773012000,27,1952.98,,,,,,,,,,,,,0,,0,99,,,,,DN,0.049,0.05,EST,0.4614,1945.9,1953.16,0.3732,,,,,,,,,,,,,TAKER_FORCE|EST_BID
2026-03-08T23:24:33.187870064+00:00,R0308_200647,DUMP,S3,btc,btc-updown-5m-1773012000,27,66522.51,,,,,,,,,,,,,0,,0,99,,,,,DN,0.049,0.05,EST,0.4702,66281.29,66525.15,0.3679,,,,,,,,,,,,,TAKER_FORCE|EST_BID
2026-03-08T23:24:33.418396195+00:00,R0308_205043,DUMP,S3,eth,eth-updown-5m-1773012000,27,1952.98,,,,,,,,,,,,,0,,0,99,,,,,DN,0.049,0.05,EST,0.4614,1945.9,1953.16,0.3732,,,,,,,,,,,,,TAKER_FORCE|EST_BID
2026-03-08T23:24:33.418545019+00:00,R0308_205043,DUMP,S3,xrp,xrp-updown-5m-1773012000,27,1.35,,,,,,,,,,,,,8,,4,95,,,,,DN,0.039,0.04,REAL,0.3971,1.35,1.35,0.1069,,,,,,,,,,,,,TAKER_FORCE
2026-03-08T23:24:33.418620393+00:00,R0308_205043,DUMP,S3,sol,sol-updown-5m-1773012000,27,82.24,,,,,,,,,,,,,775.9,,1,97,,,,,DN,0.01,0.01,REAL,0.096,82.09,82.24,0.1788,,,,,,,,,,,,,TAKER_FORCE
2026-03-08T23:24:33.418691080+00:00,R0308_205043,DUMP,S3,btc,btc-updown-5m-1773012000,27,66522.51,,,,,,,,,,,,,0,,0,99,,,,,DN,0.049,0.05,EST,0.4702,66281.29,66525.15,0.3679,,,,,,,,,,,,,TAKER_FORCE|EST_BID
2026-03-08T23:25:00.486074613+00:00,R0308_200647,SETTLE,S3,sol,sol-updown-5m-1773012000,0,82.22,,,0.01,,,,,,,,0.01,,,,,,,,,,,0.02,,,82.09,82.23,0.1704,UP,CL,0.99,0,0.3087,0.012,-0.145,103.5241,203.5241,93,38,,,
2026-03-08T23:25:00.486228887+00:00,R0308_200647,SETTLE,S3,eth,eth-updown-5m-1773012000,0,1952.99,,,0.01,,,,,,,,0.01,,,,,,,,,,,0.049,,,1945.9,1952.93,0.3611,UP,CL,0.99,0,0.3087,0.0274,0.5202,104.1893,204.1893,94,37,,,
2026-03-08T23:25:00.486326814+00:00,R0308_200647,SETTLE,S3,xrp,xrp-updown-5m-1773012000,0,1.35,,,0.01,,,,,,,,0.01,,,,,,,,,,,0.05,,,1.35,1.35,0.1014,UP,CL,0.99,0,0.3087,0.028,0.5291,104.1982,204.1982,94,37,,,
2026-03-08T23:25:00.486409980+00:00,R0308_200647,SETTLE,S3,btc,btc-updown-5m-1773012000,0,66517.76,,,0.01,,,,,,,,0.01,,,,,,,,,,,0.049,,,66281.29,66522.04,0.3632,UP,CL,0.99,0,0.3088,0.028,0.3168,103.9859,203.9859,94,37,,,
2026-03-08T23:25:00.567283841+00:00,R0308_205043,SETTLE,S3,eth,eth-updown-5m-1773012000,0,1952.99,,,0.01,,,,,,,,0.01,,,,,,,,,,,0.049,,,1945.9,1952.93,0.3611,UP,CL,0.99,0,0.3087,0.0274,0.5202,72.6482,172.6482,65,33,,,
2026-03-08T23:25:00.567458875+00:00,R0308_205043,SETTLE,S3,xrp,xrp-updown-5m-1773012000,0,1.35,,,0.02,,,,,,,,0.02,,,,,,,,,,,0.039,,,1.35,1.35,0.1014,UP,CL,0.99,0,0.3056,0.0239,-0.5161,71.6118,171.6118,64,34,,,
2026-03-08T23:25:00.567581290+00:00,R0308_205043,SETTLE,S3,sol,sol-updown-5m-1773012000,0,82.22,,,0.01,,,,,,,,0.01,,,,,,,,,,,0.01,,,82.09,82.23,0.1704,UP,CL,0.99,0,0.3088,0.0059,-0.0354,72.0925,172.0925,64,34,,,
2026-03-08T23:25:00.567678066+00:00,R0308_205043,SETTLE,S3,btc,btc-updown-5m-1773012000,0,66517.76,,,0.01,,,,,,,,0.01,,,,,,,,,,,0.049,,,66281.29,66522.04,0.3632,UP,CL,0.99,0,0.3088,0.028,0.3168,72.4448,172.4448,65,33,,,
2026-03-08T23:25:10.971006498+00:00,R0308_200647,ENTRY,S3,eth,eth-updown-5m-1773012300,290,1953.06,0.51,0.5,0.01,68,245.1,50,49,0,0.5,0.49,0.01,245.1,68,49,50,0,0.511,0.501,5,5,,,,,,,,,,,,,,,,,,,,,
2026-03-08T23:25:10.971162223+00:00,R0308_200647,ENTRY,S3,sol,sol-updown-5m-1773012300,290,82.23,0.51,0.5,0.01,81.6,47.6,50,49,0,0.5,0.49,0.01,47.6,81.6,49,50,0,0.511,0.501,5,5,,,,,,,,,,,,,,,,,,,,,
2026-03-08T23:25:10.971253640+00:00,R0308_200647,ENTRY,S3,xrp,xrp-updown-5m-1773012300,290,1.35,0.49,0.48,0.01,65.2,102,48,51,0,0.52,0.51,0.01,102,65.2,51,48,0,0.491,0.521,5,5,,,,,,,,,,,,,,,,,,,,,
2026-03-08T23:25:11.042606813+00:00,R0308_205043,ENTRY,S3,eth,eth-updown-5m-1773012300,289,1953.07,0.51,0.5,0.01,137,61.1,50,49,0,0.5,0.49,0.01,61.1,137,49,50,0,0.511,0.501,5,5,,,,,,,,,,,,,,,,,,,,,
2026-03-08T23:25:11.042714876+00:00,R0308_205043,ENTRY,S3,sol,sol-updown-5m-1773012300,289,82.23,0.51,0.5,0.01,81.6,47.6,50,49,0,0.5,0.49,0.01,47.6,81.6,49,50,0,0.511,0.501,5,5,,,,,,,,,,,,,,,,,,,,,
2026-03-08T23:25:11.042746083+00:00,R0308_205043,ENTRY,S3,xrp,xrp-updown-5m-1773012300,289,1.35,0.51,0.48,0.03,65.2,19,48,49,0,0.52,0.49,0.03,19,65.2,49,48,0,0.511,0.521,5,5,,,,,,,,,,,,,,,,,,,WIDE_SPREAD_UP|WIDE_SPREAD_DN,,
2026-03-08T23:25:12.003540284+00:00,R0308_200647,ENTRY,S3,btc,btc-updown-5m-1773012300,288,66548.16,0.5,0.47,0.03,120,360.8,47,50,0,0.53,0.5,0.03,360.8,120,50,47,0,0.501,0.531,5,5,,,,,,,,,,,,,,,,,,,WIDE_SPREAD_UP|WIDE_SPREAD_DN,,
2026-03-08T23:25:12.170990546+00:00,R0308_205043,ENTRY,S3,btc,btc-updown-5m-1773012300,288,66554.41,0.5,0.49,0.01,10,293.7,48,50,0,0.51,0.5,0.01,293.7,10,50,48,0,0.501,0.511,5,5,,,,,,,,,,,,,,,,,,,,,
2026-03-08T23:29:31.132081230+00:00,R0308_205043,DUMP,S3,xrp,xrp-updown-5m-1773012300,29,1.35,,,,,,,,,,,,,25,,4,93,,,,,UP,0.04,0.04,REAL,0.3914,1.35,1.35,-0.0957,,,,,,,,,,,,,MAKER_FILL
2026-03-08T23:29:33.012118609+00:00,R0308_200647,DUMP,S3,eth,eth-updown-5m-1773012300,27,1951.82,,,,,,,,,,,,,7,,20,79,,,,,UP,0.16,0.2,REAL,1.5656,1952.91,1951.76,-0.0591,,,,,,,,,,,,,MAKER_FILL
2026-03-08T23:29:33.012205010+00:00,R0308_200647,DUMP,S3,sol,sol-updown-5m-1773012300,27,82.17,,,,,,,,,,,,,8,,11,86,,,,,UP,0.11,0.11,REAL,1.0763,82.23,82.17,-0.0762,,,,,,,,,,,,,MAKER_FILL
2026-03-08T23:29:33.012248876+00:00,R0308_200647,DUMP,S3,xrp,xrp-updown-5m-1773012300,27,1.35,,,,,,,,,,,,,69.8,,3,92,,,,,UP,0.029,0.03,REAL,0.2953,1.35,1.35,-0.0907,,,,,,,,,,,,,TAKER_FORCE
2026-03-08T23:29:33.012291009+00:00,R0308_200647,DUMP,S3,btc,btc-updown-5m-1773012300,27,66478.92,,,,,,,,,,,,,85.5,,11,88,,,,,UP,0.109,0.11,REAL,1.0878,66524.49,66481.32,-0.0649,,,,,,,,,,,,,TAKER_FORCE
2026-03-08T23:29:33.190303428+00:00,R0308_205043,DUMP,S3,eth,eth-updown-5m-1773012300,27,1951.82,,,,,,,,,,,,,45,,20,79,,,,,UP,0.16,0.2,REAL,1.5656,1952.91,1951.76,-0.0591,,,,,,,,,,,,,MAKER_FILL
2026-03-08T23:29:33.190401356+00:00,R0308_205043,DUMP,S3,btc,btc-updown-5m-1773012300,27,66478.92,,,,,,,,,,,,,58.8,,11,88,,,,,UP,0.1,0.11,REAL,0.998,66524.49,66481.32,-0.0649,,,,,,,,,,,,,MAKER_FILL
2026-03-08T23:29:33.190443209+00:00,R0308_205043,DUMP,S3,sol,sol-updown-5m-1773012300,27,82.17,,,,,,,,,,,,,18,,11,86,,,,,UP,0.1,0.11,REAL,0.9785,82.23,82.17,-0.0762,,,,,,,,,,,,,MAKER_FILL
2026-03-08T23:30:00.113310230+00:00,R0308_200647,SETTLE,S3,eth,eth-updown-5m-1773012300,0,1951.44,,,0.01,,,,,,,,0.01,,,,,,,,,,,0.16,,,1952.91,1951.61,-0.0666,DOWN,CL,0,0.99,0.3087,0.0822,1.1547,106.0449,206.0449,97,38,,,
2026-03-08T23:30:00.113450582+00:00,R0308_200647,SETTLE,S3,sol,sol-updown-5m-1773012300,0,82.15,,,0.01,,,,,,,,0.01,,,,,,,,,,,0.11,,,82.23,82.16,-0.0853,DOWN,CL,0,0.99,0.3087,0.0599,0.6877,105.578,205.578,97,38,,,
2026-03-08T23:30:00.113571604+00:00,R0308_200647,SETTLE,S3,xrp,xrp-updown-5m-1773012300,0,1.35,,,0.01,,,,,,,,0.01,,,,,,,,,,,0.029,,,1.35,1.35,-0.0666,DOWN,CL,0,0.999,0.3088,0.0179,-0.4344,104.4558,204.4558,96,39,,,
2026-03-08T23:30:00.113662091+00:00,R0308_200647,SETTLE,S3,btc,btc-updown-5m-1773012300,0,66470.01,,,0.03,,,,,,,,0.03,,,,,,,,,,,0.109,,,66524.49,66477.64,-0.0704,DOWN,CL,0,0.99,0.3025,0.0606,0.1409,105.0312,205.0312,97,38,,,
2026-03-08T23:30:00.383837226+00:00,R0308_205043,SETTLE,S3,xrp,xrp-updown-5m-1773012300,0,1.35,,,0.03,,,,,,,,0.03,,,,,,,,,,,0.04,,,1.35,1.35,-0.0666,DOWN,CL,0,0.999,0.3025,0.0235,-0.3377,72.0758,172.0758,66,36,,,
2026-03-08T23:30:00.384358682+00:00,R0308_205043,SETTLE,S3,eth,eth-updown-5m-1773012300,0,1951.44,,,0.01,,,,,,,,0.01,,,,,,,,,,,0.16,,,1952.91,1951.61,-0.0666,DOWN,CL,0,0.99,0.3087,0.0822,1.1547,73.5681,173.5681,67,35,,,
2026-03-08T23:30:00.384936554+00:00,R0308_205043,SETTLE,S3,btc,btc-updown-5m-1773012300,0,66470.01,,,0.01,,,,,,,,0.01,,,,,,,,,,,0.1,,,66524.49,66477.64,-0.0704,DOWN,CL,0,0.99,0.3087,0.0561,0.4179,72.8313,172.8313,67,35,,,
2026-03-08T23:30:00.385006059+00:00,R0308_205043,SETTLE,S3,sol,sol-updown-5m-1773012300,0,82.15,,,0.01,,,,,,,,0.01,,,,,,,,,,,0.1,,,82.23,82.16,-0.0853,DOWN,CL,0,0.99,0.3087,0.055,0.5947,73.0082,173.0082,67,35,,,
2026-03-08T23:30:10.856632538+00:00,R0308_205043,ENTRY,S3,eth,eth-updown-5m-1773012600,290,1951.67,0.53,0.52,0.01,13,155.9,52,47,0,0.48,0.47,0.01,155.9,13,47,52,0,0.531,0.481,5,5,,,,,,,,,,,,,,,,,,,,,
2026-03-08T23:30:10.856780481+00:00,R0308_205043,ENTRY,S3,sol,sol-updown-5m-1773012600,290,82.18,0.53,0.52,0.01,99,48,52,47,0,0.48,0.47,0.01,48,99,47,52,0,0.531,0.481,5,5,,,,,,,,,,,,,,,,,,,,,
2026-03-08T23:30:11.645547017+00:00,R0308_200647,ENTRY,S3,eth,eth-updown-5m-1773012600,289,1951.68,0.52,0.51,0.01,58,5,51,48,0,0.49,0.48,0.01,5,58,48,51,0,0.521,0.491,5,5,,,,,,,,,,,,,,,,,,,,,
2026-03-08T23:30:11.645688601+00:00,R0308_200647,ENTRY,S3,sol,sol-updown-5m-1773012600,289,82.18,0.53,0.52,0.01,109,14,52,47,0,0.48,0.47,0.01,14,109,47,52,0,0.531,0.481,5,5,,,,,,,,,,,,,,,,,,,,,
2026-03-08T23:30:12.921864237+00:00,R0308_205043,ENTRY,S3,btc,btc-updown-5m-1773012600,288,66489.59,0.51,0.5,0.01,270.1,98.9,50,48,0,0.5,0.49,0.01,98.9,270.1,48,50,0,0.511,0.501,5,5,,,,,,,,,,,,,,,,,,,,,
2026-03-08T23:30:21.074176660+00:00,R0308_200647,ENTRY,S3,btc,btc-updown-5m-1773012600,279,66486.34,0.52,0.51,0.01,30,10,50,47,0,0.49,0.48,0.01,10,30,47,50,0,0.521,0.491,5,5,,,,,,,,,,,,,,,,,,,,,
2026-03-08T23:30:25.338865032+00:00,R0308_200647,ENTRY,S3,xrp,xrp-updown-5m-1773012600,275,1.35,0.53,0.51,0.02,20,73,51,47,0,0.49,0.47,0.02,73,20,47,51,0,0.531,0.491,5,5,,,,,,,,,,,,,,,,,,,,,
2026-03-08T23:30:25.460263101+00:00,R0308_205043,ENTRY,S3,xrp,xrp-updown-5m-1773012600,275,1.35,0.52,0.51,0.01,20,66.1,51,48,0,0.49,0.48,0.01,66.1,20,48,51,0,0.521,0.491,5,5,,,,,,,,,,,,,,,,,,,,,
2026-03-08T23:34:31.201043722+00:00,R0308_205043,DUMP,S3,xrp,xrp-updown-5m-1773012600,29,1.35,,,,,,,,,,,,,46,,21,75,,,,,UP,0.12,0.21,REAL,1.1516,1.35,1.35,-0.0522,,,,,,,,,,,,,MAKER_FILL
2026-03-08T23:34:31.201177524+00:00,R0308_205043,DUMP,S3,eth,eth-updown-5m-1773012600,29,1949.73,,,,,,,,,,,,,5,,5,93,,,,,UP,0.04,0.05,REAL,0.3766,1951.66,1949.84,-0.0936,,,,,,,,,,,,,MAKER_FILL
2026-03-08T23:34:31.201222432+00:00,R0308_205043,DUMP,S3,sol,sol-updown-5m-1773012600,29,82.12,,,,,,,,,,,,,38,,30,69,,,,,UP,0.21,0.3,REAL,1.9774,82.16,82.13,-0.0361,,,,,,,,,,,,,MAKER_FILL
2026-03-08T23:34:31.201286097+00:00,R0308_205043,DUMP,S3,btc,btc-updown-5m-1773012600,29,66465.58,,,,,,,,,,,,,81,,41,53,,,,,UP,0.35,0.43,REAL,3.4247,66478.67,66465.55,-0.0197,,,,,,,,,,,,,MAKER_FILL
2026-03-08T23:34:31.295610557+00:00,R0308_200647,DUMP,S3,sol,sol-updown-5m-1773012600,29,82.12,,,,,,,,,,,,,10,,30,69,,,,,UP,0.21,0.3,REAL,1.9774,82.16,82.13,-0.0361,,,,,,,,,,,,,MAKER_FILL
2026-03-08T23:34:31.295693873+00:00,R0308_200647,DUMP,S3,btc,btc-updown-5m-1773012600,29,66465.58,,,,,,,,,,,,,25,,46,50,,,,,UP,0.35,0.48,REAL,3.3589,66478.67,66465.55,-0.0197,,,,,,,,,,,,,MAKER_FILL
2026-03-08T23:34:31.295737418+00:00,R0308_200647,DUMP,S3,xrp,xrp-updown-5m-1773012600,29,1.35,,,,,,,,,,,,,38,,21,75,,,,,UP,0.14,0.21,REAL,1.3183,1.35,1.35,-0.0522,,,,,,,,,,,,,MAKER_FILL
2026-03-08T23:34:31.295822938+00:00,R0308_200647,DUMP,S3,eth,eth-updown-5m-1773012600,29,1949.73,,,,,,,,,,,,,3,,5,93,,,,,UP,0.04,0.05,REAL,0.3839,1951.66,1949.84,-0.0936,,,,,,,,,,,,,MAKER_FILL
2026-03-08T23:35:00.431566998+00:00,R0308_205043,SETTLE,S3,xrp,xrp-updown-5m-1773012600,0,1.35,,,0.01,,,,,,,,0.01,,,,,,,,,,,0.12,,,1.35,1.35,-0.0563,DOWN,CL,0,0.99,0.3088,0.0633,0.9628,75.2059,175.2059,70,36,,,
2026-03-08T23:35:00.431705857+00:00,R0308_205043,SETTLE,S3,eth,eth-updown-5m-1773012600,0,1949.1,,,0.01,,,,,,,,0.01,,,,,,,,,,,0.04,,,1951.66,1949.19,-0.1268,DOWN,CL,0,0.99,0.3087,0.0226,0.4403,74.6834,174.6834,70,36,,,
2026-03-08T23:35:00.431745037+00:00,R0308_205043,SETTLE,S3,sol,sol-updown-5m-1773012600,0,82.1,,,0.01,,,,,,,,0.01,,,,,,,,,,,0.21,,,82.16,82.09,-0.0793,DOWN,CL,0,0.99,0.3087,0.0976,1.966,76.2091,176.2091,70,36,,,
2026-03-08T23:35:00.431811216+00:00,R0308_205043,SETTLE,S3,btc,btc-updown-5m-1773012600,0,66444.81,,,0.01,,,,,,,,0.01,,,,,,,,,,,0.35,,,66478.67,66449.1,-0.0445,DOWN,CL,0,0.99,0.3087,0.1391,2.9568,77.1999,177.1999,70,36,,,
2026-03-08T23:35:00.578440828+00:00,R0308_200647,SETTLE,S3,sol,sol-updown-5m-1773012600,0,82.1,,,0.01,,,,,,,,0.01,,,,,,,,,,,0.21,,,82.16,82.09,-0.0793,DOWN,CL,0,0.99,0.3087,0.0976,1.966,108.4052,208.4052,100,39,,,
2026-03-08T23:35:00.578513618+00:00,R0308_200647,SETTLE,S3,btc,btc-updown-5m-1773012600,0,66444.81,,,0.01,,,,,,,,0.01,,,,,,,,,,,0.35,,,66478.67,66449.1,-0.0445,DOWN,CL,0,0.99,0.3088,0.1365,3.097,109.5362,209.5362,100,39,,,
2026-03-08T23:35:00.578540879+00:00,R0308_200647,SETTLE,S3,xrp,xrp-updown-5m-1773012600,0,1.35,,,0.02,,,,,,,,0.02,,,,,,,,,,,0.14,,,1.35,1.35,-0.0563,DOWN,CL,0,0.99,0.3056,0.0709,1.1251,107.5643,207.5643,100,39,,,
2026-03-08T23:35:00.578584715+00:00,R0308_200647,SETTLE,S3,eth,eth-updown-5m-1773012600,0,1949.1,,,0.01,,,,,,,,0.01,,,,,,,,,,,0.04,,,1951.66,1949.19,-0.1268,DOWN,CL,0,0.99,0.3088,0.023,0.2354,106.6746,206.6746,100,39,,,
2026-03-08T23:35:24.442369359+00:00,R0308_205043,ENTRY,S3,sol,sol-updown-5m-1773012900,276,82.08,0.48,0.47,0.01,8,37,47,52,0,0.53,0.52,0.01,37,8,52,47,0,0.481,0.531,5,5,,,,,,,,,,,,,,,,,,,,,
2026-03-08T23:36:21.208434699+00:00,R0308_200647,ENTRY,S3,sol,sol-updown-5m-1773012900,219,82.09,0.49,0.48,0.01,87.1,9.8,48,50,0,0.52,0.51,0.01,9.8,87.1,50,48,0,0.491,0.521,5,5,,,,,,,,,,,,,,,,,,,,,
2026-03-08T23:36:23.085853687+00:00,R0308_205043,ENTRY,S3,xrp,xrp-updown-5m-1773012900,217,1.35,0.5,0.49,0.01,33,80.2,49,50,0,0.51,0.5,0.01,80.2,33,50,49,0,0.501,0.511,5,5,,,,,,,,,,,,,,,,,,,,,
2026-03-08T23:36:23.271802046+00:00,R0308_200647,ENTRY,S3,xrp,xrp-updown-5m-1773012900,217,1.35,0.5,0.49,0.01,72,77.2,49,50,0,0.51,0.5,0.01,77.2,72,50,49,0,0.501,0.511,5,5,,,,,,,,,,,,,,,,,,,,,
2026-03-08T23:36:25.147917788+00:00,R0308_205043,ENTRY,S3,eth,eth-updown-5m-1773012900,215,1948.79,0.48,0.47,0.01,190,20,47,52,0,0.53,0.52,0.01,20,190,52,47,0,0.481,0.531,5,5,,,,,,,,,,,,,,,,,,,,,
2026-03-08T23:36:25.340414162+00:00,R0308_200647,ENTRY,S3,eth,eth-updown-5m-1773012900,215,1948.79,0.48,0.47,0.01,179.5,20,47,52,0,0.53,0.52,0.01,20,179.5,52,47,0,0.481,0.531,5,5,,,,,,,,,,,,,,,,,,,,,
2026-03-08T23:36:37.901619230+00:00,R0308_200647,ENTRY,S3,btc,btc-updown-5m-1773012900,203,66420.48,0.49,0.48,0.01,10,390.6,48,51,0,0.52,0.51,0.01,390.6,5,51,48,0,0.491,0.521,5,5,,,,,,,,,,,,,,,,,,,,,
2026-03-08T23:36:38.823665532+00:00,R0308_205043,ENTRY,S3,btc,btc-updown-5m-1773012900,202,66420.48,0.49,0.48,0.01,129.1,398.8,48,51,0,0.52,0.51,0.01,398.8,129.1,51,48,0,0.491,0.521,5,5,,,,,,,,,,,,,,,,,,,,,
2026-03-08T23:39:33.240533736+00:00,R0308_205043,DUMP,S3,xrp,xrp-updown-5m-1773012900,27,1.34,,,,,,,,,,,,,0,,0,99,,,,,UP,0.099,0.1,EST,0.988,1.35,1.34,-0.2747,,,,,,,,,,,,,TAKER_FORCE|EST_BID
2026-03-08T23:39:33.240648769+00:00,R0308_205043,DUMP,S3,sol,sol-updown-5m-1773012900,27,81.77,,,,,,,,,,,,,0,,0,99,,,,,UP,0.049,0.05,EST,0.5094,82.09,81.81,-0.3475,,,,,,,,,,,,,TAKER_FORCE|EST_BID
2026-03-08T23:39:33.240691673+00:00,R0308_205043,DUMP,S3,eth,eth-updown-5m-1773012900,27,1941.12,,,,,,,,,,,,,0,,0,99,,,,,UP,0.049,0.05,EST,0.5094,1949.16,1941.6,-0.3881,,,,,,,,,,,,,TAKER_FORCE|EST_BID
2026-03-08T23:39:33.240789862+00:00,R0308_205043,DUMP,S3,btc,btc-updown-5m-1773012900,27,66224.15,,,,,,,,,,,,,0,,0,119,,,,,UP,0.049,0.05,EST,0.499,66450.28,66236.8,-0.3213,,,,,,,,,,,,,TAKER_FORCE|EST_BID
2026-03-08T23:39:33.972318732+00:00,R0308_200647,DUMP,S3,xrp,xrp-updown-5m-1773012900,27,1.34,,,,,,,,,,,,,0,,0,99,,,,,UP,0.049,0.05,EST,0.489,1.35,1.34,-0.3002,,,,,,,,,,,,,TAKER_FORCE|EST_BID
2026-03-08T23:39:33.972403210+00:00,R0308_200647,DUMP,S3,sol,sol-updown-5m-1773012900,27,81.78,,,,,,,,,,,,,0,,0,99,,,,,UP,0.049,0.05,EST,0.499,82.09,81.78,-0.3805,,,,,,,,,,,,,TAKER_FORCE|EST_BID
2026-03-08T23:39:33.972431042+00:00,R0308_200647,DUMP,S3,btc,btc-updown-5m-1773012900,27,66224.14,,,,,,,,,,,,,0,,0,117,,,,,UP,0.049,0.05,EST,0.499,66450.28,66230.1,-0.3314,,,,,,,,,,,,,TAKER_FORCE|EST_BID
2026-03-08T23:39:33.972461958+00:00,R0308_200647,DUMP,S3,eth,eth-updown-5m-1773012900,27,1941.12,,,,,,,,,,,,,0,,0,99,,,,,UP,0.049,0.05,EST,0.5094,1949.16,1941.19,-0.4092,,,,,,,,,,,,,TAKER_FORCE|EST_BID
2026-03-08T23:40:00.076734879+00:00,R0308_200647,SETTLE,S3,xrp,xrp-updown-5m-1773012900,0,1.34,,,0.01,,,,,,,,0.01,,,,,,,,,,,0.049,,,1.35,1.34,-0.2722,DOWN,CL,0,0.99,0.3087,0.0291,-0.0641,112.7987,212.7987,103,40,,,
2026-03-08T23:40:00.076842331+00:00,R0308_200647,SETTLE,S3,sol,sol-updown-5m-1773012900,0,81.83,,,0.01,,,,,,,,0.01,,,,,,,,,,,0.049,,,82.09,81.83,-0.325,DOWN,CL,0,0.99,0.3088,0.0297,-0.2425,112.6202,212.6202,103,40,,,
2026-03-08T23:40:00.076871985+00:00,R0308_200647,SETTLE,S3,btc,btc-updown-5m-1773012900,0,66239.36,,,0.01,,,,,,,,0.01,,,,,,,,,,,0.049,,,66450.28,66241.68,-0.3139,DOWN,CL,0,0.999,0.3088,0.0297,-0.2425,112.6202,212.6202,103,40,,,
2026-03-08T23:40:00.076900118+00:00,R0308_200647,SETTLE,S3,eth,eth-updown-5m-1773012900,0,1941.66,,,0.01,,,,,,,,0.01,,,,,,,,,,,0.049,,,1949.16,1941.59,-0.3885,DOWN,CL,0,0.99,0.3087,0.0303,-0.4135,112.4492,212.4492,103,40,,,
2026-03-08T23:40:00.355031195+00:00,R0308_205043,SETTLE,S3,xrp,xrp-updown-5m-1773012900,0,1.34,,,0.01,,,,,,,,0.01,,,,,,,,,,,0.099,,,1.35,1.34,-0.2722,DOWN,CL,0,0.99,0.3087,0.0556,0.4084,80.9774,180.9774,74,36,,,
2026-03-08T23:40:00.355149414+00:00,R0308_205043,SETTLE,S3,sol,sol-updown-5m-1773012900,0,81.83,,,0.01,,,,,,,,0.01,,,,,,,,,,,0.049,,,82.09,81.83,-0.325,DOWN,CL,0,0.99,0.3087,0.0303,-0.4135,80.1556,180.1556,73,37,,,
2026-03-08T23:40:00.355180791+00:00,R0308_205043,SETTLE,S3,eth,eth-updown-5m-1773012900,0,1941.66,,,0.01,,,,,,,,0.01,,,,,,,,,,,0.049,,,1949.16,1941.59,-0.3885,DOWN,CL,0,0.99,0.3087,0.0303,-0.4135,80.1556,180.1556,73,37,,,
2026-03-08T23:40:00.355208152+00:00,R0308_205043,SETTLE,S3,btc,btc-updown-5m-1773012900,0,66239.36,,,0.01,,,,,,,,0.01,,,,,,,,,,,0.049,,,66450.28,66241.68,-0.3139,DOWN,CL,0,0.999,0.3088,0.0297,-0.2425,80.3266,180.3266,73,37,,,
2026-03-08T23:40:14.089002342+00:00,R0308_205043,ENTRY,S3,xrp,xrp-updown-5m-1773013200,286,1.34,0.49,0.48,0.01,71,0.5,48,51,0,0.52,0.51,0.01,0.5,71,51,48,0,0.491,0.521,5,5,,,,,,,,,,,,,,,,,,,,,
2026-03-08T23:40:14.846909215+00:00,R0308_200647,ENTRY,S3,eth,eth-updown-5m-1773013200,286,1941.14,0.48,0.47,0.01,16,141.5,47,52,0,0.53,0.52,0.01,141.5,16,52,47,0,0.481,0.531,5,5,,,,,,,,,,,,,,,,,,,,,
2026-03-08T23:40:14.847055997+00:00,R0308_200647,ENTRY,S3,xrp,xrp-updown-5m-1773013200,286,1.34,0.53,0.51,0.02,48.3,12,51,47,0,0.49,0.47,0.02,12,48.3,47,51,0,0.531,0.491,5,5,,,,,,,,,,,,,,,,,,,,,
2026-03-08T23:40:15.118089132+00:00,R0308_205043,ENTRY,S3,eth,eth-updown-5m-1773013200,285,1941.14,0.48,0.47,0.01,42,50.5,47,52,0,0.53,0.52,0.01,50.5,42,52,47,0,0.481,0.531,5,5,,,,,,,,,,,,,,,,,,,,,
2026-03-08T23:40:40.936894637+00:00,R0308_200647,ENTRY,S3,btc,btc-updown-5m-1773013200,260,66226.16,0.49,0.47,0.02,343.1,176.1,47,51,0,0.53,0.51,0.02,176.1,343.1,51,47,0,0.491,0.531,5,5,,,,,,,,,,,,,,,,,,,,,
2026-03-08T23:40:41.184487148+00:00,R0308_205043,ENTRY,S3,btc,btc-updown-5m-1773013200,259,66226.16,0.49,0.48,0.01,30,66.1,48,51,0,0.52,0.51,0.01,66.1,30,51,48,0,0.491,0.521,5,5,,,,,,,,,,,,,,,,,,,,,
2026-03-08T23:41:12.358078284+00:00,R0308_200647,ENTRY,S3,sol,sol-updown-5m-1773013200,228,81.82,0.5,0.49,0.01,42,73.8,49,50,0,0.51,0.5,0.01,73.8,42,50,49,0,0.501,0.511,5,5,,,,,,,,,,,,,,,,,,,,,
2026-03-08T23:41:12.564424980+00:00,R0308_205043,ENTRY,S3,sol,sol-updown-5m-1773013200,228,81.82,0.5,0.49,0.01,42,73.8,49,50,0,0.51,0.5,0.01,73.8,42,50,49,0,0.501,0.511,5,5,,,,,,,,,,,,,,,,,,,,,
2026-03-08T23:44:31.271134380+00:00,R0308_205043,DUMP,S3,xrp,xrp-updown-5m-1773013200,29,1.34,,,,,,,,,,,,,20,,37,62,,,,,DN,0.34,0.37,REAL,3.263,1.34,1.34,0.02,,,,,,,,,,,,,MAKER_FILL
2026-03-08T23:44:31.298576125+00:00,R0308_200647,DUMP,S3,xrp,xrp-updown-5m-1773013200,29,1.34,,,,,,,,,,,,,20,,37,62,,,,,DN,0.34,0.37,REAL,3.4623,1.34,1.34,0.02,,,,,,,,,,,,,MAKER_FILL
2026-03-08T23:44:33.449164891+00:00,R0308_205043,DUMP,S3,btc,btc-updown-5m-1773013200,27,66185.09,,,,,,,,,,,,,484.2,,4,95,,,,,UP,0.039,0.04,REAL,0.3971,66241.1,66186.41,-0.0826,,,,,,,,,,,,,TAKER_FORCE
2026-03-08T23:44:33.449279613+00:00,R0308_205043,DUMP,S3,sol,sol-updown-5m-1773013200,27,81.77,,,,,,,,,,,,,20.7,,7,92,,,,,UP,0.069,0.07,REAL,0.6886,81.83,81.78,-0.0602,,,,,,,,,,,,,TAKER_FORCE
2026-03-08T23:44:33.449335608+00:00,R0308_205043,DUMP,S3,eth,eth-updown-5m-1773013200,27,1940.7,,,,,,,,,,,,,40,,17,81,,,,,UP,0.169,0.17,REAL,1.7568,1941.64,1940.6,-0.0537,,,,,,,,,,,,,TAKER_FORCE
2026-03-08T23:44:33.488372982+00:00,R0308_200647,DUMP,S3,btc,btc-updown-5m-1773013200,27,66185.09,,,,,,,,,,,,,484.2,,4,95,,,,,UP,0.039,0.04,REAL,0.3971,66241.1,66186.41,-0.0826,,,,,,,,,,,,,TAKER_FORCE
2026-03-08T23:44:33.488458261+00:00,R0308_200647,DUMP,S3,eth,eth-updown-5m-1773013200,27,1940.7,,,,,,,,,,,,,40,,17,81,,,,,UP,0.169,0.17,REAL,1.7568,1941.64,1940.6,-0.0537,,,,,,,,,,,,,TAKER_FORCE
2026-03-08T23:44:33.488515947+00:00,R0308_200647,DUMP,S3,sol,sol-updown-5m-1773013200,27,81.77,,,,,,,,,,,,,20.7,,7,92,,,,,UP,0.069,0.07,REAL,0.6886,81.83,81.78,-0.0602,,,,,,,,,,,,,TAKER_FORCE
2026-03-08T23:45:00.532338800+00:00,R0308_205043,SETTLE,S3,xrp,xrp-updown-5m-1773013200,0,1.34,,,0.01,,,,,,,,0.01,,,,,,,,,,,0.34,,,1.34,1.34,-0.0718,DOWN,CL,0,0.99,0.3088,0.1428,2.6077,82.5157,182.5157,75,39,,,
2026-03-08T23:45:00.532460303+00:00,R0308_205043,SETTLE,S3,btc,btc-updown-5m-1773013200,0,66117.1,,,0.01,,,,,,,,0.01,,,,,,,,,,,0.039,,,66241.1,66117.17,-0.1871,DOWN,CL,0,0.99,0.3088,0.0239,-0.3385,79.5695,179.5695,74,40,,,
2026-03-08T23:45:00.532534946+00:00,R0308_205043,SETTLE,S3,sol,sol-updown-5m-1773013200,0,81.7,,,0.01,,,,,,,,0.01,,,,,,,,,,,0.069,,,81.83,81.69,-0.1615,DOWN,CL,0,0.99,0.3087,0.0401,0.1245,80.0325,180.0325,75,39,,,
2026-03-08T23:45:00.532661546+00:00,R0308_205043,SETTLE,S3,eth,eth-updown-5m-1773013200,0,1939.03,,,0.01,,,,,,,,0.01,,,,,,,,,,,0.169,,,1941.64,1938.88,-0.1423,DOWN,CL,0,0.99,0.3087,0.0912,0.773,80.6809,180.6809,75,39,,,
2026-03-08T23:45:00.628073946+00:00,R0308_200647,SETTLE,S3,xrp,xrp-updown-5m-1773013200,0,1.34,,,0.02,,,,,,,,0.02,,,,,,,,,,,0.34,,,1.34,1.34,-0.0718,DOWN,CL,0,0.99,0.3056,0.1321,2.9471,114.8473,214.8473,104,43,,,
2026-03-08T23:45:00.628226275+00:00,R0308_200647,SETTLE,S3,btc,btc-updown-5m-1773013200,0,66113.82,,,0.02,,,,,,,,0.02,,,,,,,,,,,0.039,,,66241.1,66117.17,-0.1871,DOWN,CL,0,0.99,0.3056,0.0239,-0.5161,111.3841,211.3841,103,44,,,
2026-03-08T23:45:00.628324283+00:00,R0308_200647,SETTLE,S3,eth,eth-updown-5m-1773013200,0,1938.95,,,0.01,,,,,,,,0.01,,,,,,,,,,,0.169,,,1941.64,1938.88,-0.1423,DOWN,CL,0,0.99,0.3087,0.0912,0.773,112.6731,212.6731,104,43,,,
2026-03-08T23:45:00.628418515+00:00,R0308_200647,SETTLE,S3,sol,sol-updown-5m-1773013200,0,81.7,,,0.01,,,,,,,,0.01,,,,,,,,,,,0.069,,,81.83,81.69,-0.1615,DOWN,CL,0,0.99,0.3087,0.0401,0.1245,112.0247,212.0247,104,43,,,
2026-03-08T23:45:16.437660373+00:00,R0308_200647,ENTRY,S3,xrp,xrp-updown-5m-1773013500,284,1.34,0.49,0.47,0.02,35,36,47,51,0,0.53,0.51,0.02,36,35,51,47,0,0.491,0.531,5,5,,,,,,,,,,,,,,,,,,,,,
2026-03-08T23:45:17.303155106+00:00,R0308_205043,ENTRY,S3,xrp,xrp-updown-5m-1773013500,283,1.34,0.49,0.47,0.02,35,21,47,51,0,0.53,0.51,0.02,21,35,51,47,0,0.491,0.531,5,5,,,,,,,,,,,,,,,,,,,,,
2026-03-08T23:45:19.378996570+00:00,R0308_205043,ENTRY,S3,eth,eth-updown-5m-1773013500,281,1938.5,0.49,0.48,0.01,10,46,48,51,0,0.52,0.51,0.01,46,10,51,48,0,0.491,0.521,5,5,,,,,,,,,,,,,,,,,,,,,
2026-03-08T23:45:19.534386754+00:00,R0308_200647,ENTRY,S3,eth,eth-updown-5m-1773013500,281,1938.5,0.49,0.48,0.01,23,33,48,51,0,0.52,0.51,0.01,33,23,51,48,0,0.491,0.521,5,5,,,,,,,,,,,,,,,,,,,,,
2026-03-08T23:45:23.505179158+00:00,R0308_205043,ENTRY,S3,btc,btc-updown-5m-1773013500,277,66104.48,0.51,0.48,0.03,43.5,254.2,48,49,0,0.52,0.49,0.03,254.2,43.5,49,48,0,0.511,0.521,5,5,,,,,,,,,,,,,,,,,,,WIDE_SPREAD_UP|WIDE_SPREAD_DN,,
2026-03-08T23:45:23.663627242+00:00,R0308_200647,ENTRY,S3,btc,btc-updown-5m-1773013500,277,66104.48,0.48,0.47,0.01,92.9,45,47,52,0,0.53,0.52,0.01,45,92.9,52,47,0,0.481,0.531,5,5,,,,,,,,,,,,,,,,,,,,,
2026-03-08T23:46:53.816077407+00:00,R0308_200647,ENTRY,S3,sol,sol-updown-5m-1773013500,187,81.66,0.49,0.47,0.02,18,8.8,47,51,0,0.53,0.51,0.02,8.8,18,51,47,0,0.491,0.531,5,5,,,,,,,,,,,,,,,,,,,,,
2026-03-08T23:46:54.794942613+00:00,R0308_205043,ENTRY,S3,sol,sol-updown-5m-1773013500,186,81.67,0.5,0.47,0.03,10,67.2,47,50,0,0.53,0.5,0.03,67.2,10,50,47,0,0.501,0.531,5,5,,,,,,,,,,,,,,,,,,,WIDE_SPREAD_UP|WIDE_SPREAD_DN,,
2026-03-08T23:49:31.115905795+00:00,R0308_205043,DUMP,S3,btc,btc-updown-5m-1773013500,29,66149.38,,,,,,,,,,,,,94.2,,19,80,,,,,DN,0.16,0.19,REAL,1.5355,66121.73,66157.79,0.0545,,,,,,,,,,,,,MAKER_FILL
2026-03-08T23:49:31.116007018+00:00,R0308_205043,DUMP,S3,sol,sol-updown-5m-1773013500,29,81.78,,,,,,,,,,,,,20,,10,86,,,,,DN,0.1,0.1,REAL,0.9416,81.71,81.79,0.1025,,,,,,,,,,,,,MAKER_FILL
2026-03-08T23:49:31.360808129+00:00,R0308_200647,DUMP,S3,btc,btc-updown-5m-1773013500,29,66149.37,,,,,,,,,,,,,126.4,,20,78,,,,,DN,0.16,0.2,REAL,1.5066,66118.38,66151.62,0.0503,,,,,,,,,,,,,MAKER_FILL
2026-03-08T23:49:31.360892767+00:00,R0308_200647,DUMP,S3,sol,sol-updown-5m-1773013500,29,81.78,,,,,,,,,,,,,5,,11,87,,,,,DN,0.09,0.11,REAL,0.8475,81.71,81.78,0.0903,,,,,,,,,,,,,MAKER_FILL
2026-03-08T23:49:33.189361378+00:00,R0308_205043,DUMP,S3,eth,eth-updown-5m-1773013500,27,1941.65,,,,,,,,,,,,,3.9,,3,96,,,,,DN,0.029,0.03,REAL,0.2783,1938.97,1941.15,0.1121,,,,,,,,,,,,,TAKER_FORCE
2026-03-08T23:49:33.189483602+00:00,R0308_205043,DUMP,S3,xrp,xrp-updown-5m-1773013500,27,1.34,,,,,,,,,,,,,156.1,,1,98,,,,,DN,0.01,0.01,REAL,0.0942,1.34,1.34,0.1135,,,,,,,,,,,,,TAKER_FORCE
2026-03-08T23:49:33.429594470+00:00,R0308_200647,DUMP,S3,xrp,xrp-updown-5m-1773013500,27,1.34,,,,,,,,,,,,,156.1,,1,98,,,,,DN,0.01,0.01,REAL,0.0942,1.34,1.34,0.1147,,,,,,,,,,,,,TAKER_FORCE
2026-03-08T23:49:33.429693129+00:00,R0308_200647,DUMP,S3,eth,eth-updown-5m-1773013500,27,1941.88,,,,,,,,,,,,,3.9,,3,96,,,,,DN,0.029,0.03,REAL,0.2783,1938.97,1941.15,0.1121,,,,,,,,,,,,,TAKER_FORCE
2026-03-08T23:50:00.469335734+00:00,R0308_205043,SETTLE,S3,btc,btc-updown-5m-1773013500,0,66149.93,,,0.03,,,,,,,,0.03,,,,,,,,,,,0.16,,,66121.73,66133.11,0.0172,UP,CL,0.99,0,0.3025,0.0806,0.9371,84.0118,184.0118,78,40,,,
2026-03-08T23:50:00.469488635+00:00,R0308_205043,SETTLE,S3,eth,eth-updown-5m-1773013500,0,1941.61,,,0.01,,,,,,,,0.01,,,,,,,,,,,0.029,,,1938.97,1941.04,0.1064,UP,CL,0.99,0,0.3088,0.0169,0.136,83.2106,183.2106,78,40,,,
2026-03-08T23:50:00.469575006+00:00,R0308_205043,SETTLE,S3,xrp,xrp-updown-5m-1773013500,0,1.34,,,0.02,,,,,,,,0.02,,,,,,,,,,,0.01,,,1.34,1.34,0.1013,UP,CL,0.99,0,0.3056,0.0058,-0.034,83.0406,183.0406,77,41,,,
2026-03-08T23:50:00.469684430+00:00,R0308_205043,SETTLE,S3,sol,sol-updown-5m-1773013500,0,81.77,,,0.03,,,,,,,,0.03,,,,,,,,,,,0.1,,,81.71,81.75,0.0534,UP,CL,0.99,0,0.3025,0.053,0.5662,83.6408,183.6408,78,40,,,
2026-03-08T23:50:00.768198951+00:00,R0308_200647,SETTLE,S3,xrp,xrp-updown-5m-1773013500,0,1.34,,,0.02,,,,,,,,0.02,,,,,,,,,,,0.01,,,1.34,1.34,0.1025,UP,CL,0.99,0,0.3056,0.0058,-0.034,115.1947,215.1947,106,45,,,
2026-03-08T23:50:00.768278330+00:00,R0308_200647,SETTLE,S3,btc,btc-updown-5m-1773013500,0,66153.65,,,0.01,,,,,,,,0.01,,,,,,,,,,,0.16,,,66118.38,66133.11,0.0223,UP,CL,0.99,0,0.3087,0.0791,1.5138,116.7424,216.7424,107,44,,,
2026-03-08T23:50:00.768307344+00:00,R0308_200647,SETTLE,S3,sol,sol-updown-5m-1773013500,0,81.77,,,0.02,,,,,,,,0.02,,,,,,,,,,,0.09,,,81.71,81.75,0.0534,UP,CL,0.99,0,0.3056,0.0482,0.6769,115.9056,215.9056,107,44,,,
2026-03-08T23:50:00.768336328+00:00,R0308_200647,SETTLE,S3,eth,eth-updown-5m-1773013500,0,1941.62,,,0.01,,,,,,,,0.01,,,,,,,,,,,0.029,,,1938.97,1941.04,0.1064,UP,CL,0.99,0,0.3088,0.0169,0.136,115.3646,215.3646,107,44,,,
2026-03-08T23:51:32.652534278+00:00,R0308_205043,ENTRY,S3,eth,eth-updown-5m-1773013800,208,1941.12,0.53,0.5,0.03,26,167.4,50,47,0,0.5,0.47,0.03,167.4,26,47,50,0,0.531,0.501,5,5,,,,,,,,,,,,,,,,,,,WIDE_SPREAD_UP|WIDE_SPREAD_DN,,
2026-03-08T23:51:33.262690159+00:00,R0308_200647,ENTRY,S3,eth,eth-updown-5m-1773013800,207,1941.22,0.53,0.49,0.04,302,17,49,47,0,0.51,0.47,0.04,17,302,47,49,0,0.531,0.511,5,5,,,,,,,,,,,,,,,,,,,WIDE_SPREAD_UP|WIDE_SPREAD_DN,,
2026-03-08T23:51:46.846884367+00:00,R0308_200647,ENTRY,S3,btc,btc-updown-5m-1773013800,194,66145.39,0.53,0.52,0.01,61.9,255.2,52,47,0,0.48,0.47,0.01,255.2,61.9,47,52,0,0.531,0.481,5,5,,,,,,,,,,,,,,,,,,,,,
2026-03-08T23:51:46.847005790+00:00,R0308_200647,ENTRY,S3,sol,sol-updown-5m-1773013800,194,81.77,0.53,0.52,0.01,9.6,52.1,52,47,0,0.48,0.47,0.01,52.1,9.6,47,52,0,0.531,0.481,5,5,,,,,,,,,,,,,,,,,,,,,
2026-03-08T23:51:47.270132568+00:00,R0308_205043,ENTRY,S3,btc,btc-updown-5m-1773013800,193,66143.21,0.53,0.51,0.02,95,453.5,51,47,0,0.49,0.47,0.02,453.5,95,47,51,0,0.531,0.491,5,5,,,,,,,,,,,,,,,,,,,,,
2026-03-08T23:51:47.270310886+00:00,R0308_205043,ENTRY,S3,sol,sol-updown-5m-1773013800,193,81.76,0.53,0.52,0.01,38.5,28,52,47,0,0.48,0.47,0.01,28,38.5,47,52,0,0.531,0.481,5,5,,,,,,,,,,,,,,,,,,,,,
2026-03-08T23:51:55.261688757+00:00,R0308_200647,ENTRY,S3,xrp,xrp-updown-5m-1773013800,185,1.34,0.53,0.52,0.01,23.3,8,52,47,0,0.48,0.47,0.01,8,23.3,47,52,0,0.531,0.481,5,5,,,,,,,,,,,,,,,,,,,,,
2026-03-08T23:51:55.687974689+00:00,R0308_205043,ENTRY,S3,xrp,xrp-updown-5m-1773013800,185,1.34,0.53,0.52,0.01,7.3,80.8,52,47,0,0.48,0.47,0.01,80.8,7.3,47,52,0,0.531,0.481,5,5,,,,,,,,,,,,,,,,,,,,,
2026-03-08T23:54:33.671505836+00:00,R0308_200647,DUMP,S3,sol,sol-updown-5m-1773013800,27,81.64,,,,,,,,,,,,,262.9,,2,97,,,,,UP,0.019,0.02,REAL,0.1789,81.75,81.63,-0.1416,,,,,,,,,,,,,TAKER_FORCE
2026-03-08T23:54:33.671597585+00:00,R0308_200647,DUMP,S3,btc,btc-updown-5m-1773013800,27,66016.53,,,,,,,,,,,,,0,,0,99,,,,,UP,0.099,0.1,EST,0.9322,66131.28,66010.15,-0.1832,,,,,,,,,,,,,TAKER_FORCE|EST_BID
2026-03-08T23:54:33.671666579+00:00,R0308_200647,DUMP,S3,eth,eth-updown-5m-1773013800,27,1938.39,,,,,,,,,,,,,1055,,1,98,,,,,UP,0.01,0.01,REAL,0.0942,1940.94,1938.13,-0.1449,,,,,,,,,,,,,TAKER_FORCE
2026-03-08T23:54:33.671710014+00:00,R0308_200647,DUMP,S3,xrp,xrp-updown-5m-1773013800,27,1.34,,,,,,,,,,,,,0,,0,98,,,,,UP,0.099,0.1,EST,0.9322,1.34,1.34,-0.1733,,,,,,,,,,,,,TAKER_FORCE|EST_BID
2026-03-08T23:54:33.876952574+00:00,R0308_205043,DUMP,S3,xrp,xrp-updown-5m-1773013800,27,1.34,,,,,,,,,,,,,0,,0,98,,,,,UP,0.099,0.1,EST,0.9322,1.34,1.34,-0.1733,,,,,,,,,,,,,TAKER_FORCE|EST_BID
2026-03-08T23:54:33.877047108+00:00,R0308_205043,DUMP,S3,btc,btc-updown-5m-1773013800,27,66016.53,,,,,,,,,,,,,0,,0,99,,,,,UP,0.099,0.1,EST,0.9322,66131.28,66010.15,-0.1832,,,,,,,,,,,,,TAKER_FORCE|EST_BID
2026-03-08T23:54:33.877106508+00:00,R0308_205043,DUMP,S3,sol,sol-updown-5m-1773013800,27,81.64,,,,,,,,,,,,,262.9,,2,97,,,,,UP,0.019,0.02,REAL,0.1789,81.75,81.63,-0.1416,,,,,,,,,,,,,TAKER_FORCE
2026-03-08T23:54:33.877133929+00:00,R0308_205043,DUMP,S3,eth,eth-updown-5m-1773013800,27,1938.39,,,,,,,,,,,,,1004.5,,1,98,,,,,UP,0.01,0.01,REAL,0.0942,1940.94,1938.13,-0.1449,,,,,,,,,,,,,TAKER_FORCE
2026-03-08T23:55:00.049132091+00:00,R0308_205043,SETTLE,S3,xrp,xrp-updown-5m-1773013800,0,1.34,,,0.01,,,,,,,,0.01,,,,,,,,,,,0.099,,,1.34,1.34,-0.1207,DOWN,CL,0,0.99,0.3087,0.0525,0.966,85.6459,185.6459,81,41,,,
2026-03-08T23:55:00.049233595+00:00,R0308_205043,SETTLE,S3,btc,btc-updown-5m-1773013800,0,66038.01,,,0.02,,,,,,,,0.02,,,,,,,,,,,0.099,,,66131.28,66041.78,-0.1353,DOWN,CL,0,0.99,0.3056,0.0525,0.7574,85.4373,185.4373,81,41,,,
2026-03-08T23:55:00.049266293+00:00,R0308_205043,SETTLE,S3,sol,sol-updown-5m-1773013800,0,81.64,,,0.01,,,,,,,,0.01,,,,,,,,,,,0.019,,,81.75,81.65,-0.1176,DOWN,CL,0,0.99,0.3087,0.011,0.2542,84.9341,184.9341,81,41,,,
2026-03-08T23:55:00.049298462+00:00,R0308_205043,SETTLE,S3,eth,eth-updown-5m-1773013800,0,1939.17,,,0.03,,,,,,,,0.03,,,,,,,,,,,0.01,,,1940.94,1939.42,-0.0787,DOWN,CL,0,0.99,0.3025,0.0058,-0.2341,84.4458,184.4458,80,42,,,
2026-03-08T23:55:00.878718368+00:00,R0308_200647,SETTLE,S3,sol,sol-updown-5m-1773013800,0,81.64,,,0.01,,,,,,,,0.01,,,,,,,,,,,0.019,,,81.75,81.65,-0.1224,DOWN,CL,0,0.99,0.3087,0.011,0.2542,117.7755,217.7755,110,45,,,
2026-03-08T23:55:00.878876657+00:00,R0308_200647,SETTLE,S3,btc,btc-updown-5m-1773013800,0,66038.01,,,0.01,,,,,,,,0.01,,,,,,,,,,,0.099,,,66131.28,66041.33,-0.136,DOWN,CL,0,0.99,0.3087,0.0525,0.966,118.4873,218.4873,110,45,,,
2026-03-08T23:55:00.878919913+00:00,R0308_200647,SETTLE,S3,eth,eth-updown-5m-1773013800,0,1939.17,,,0.04,,,,,,,,0.04,,,,,,,,,,,0.01,,,1940.94,1939.3,-0.0845,DOWN,CL,0,0.99,0.2994,0.0058,-0.4263,117.095,217.095,109,46,,,
2026-03-08T23:55:00.878963969+00:00,R0308_200647,SETTLE,S3,xrp,xrp-updown-5m-1773013800,0,1.34,,,0.01,,,,,,,,0.01,,,,,,,,,,,0.099,,,1.34,1.34,-0.1226,DOWN,CL,0,0.99,0.3087,0.0525,0.966,118.4873,218.4873,110,45,,,
2026-03-08T23:55:10.386362095+00:00,R0308_200647,ENTRY,S3,btc,btc-updown-5m-1773014100,290,66035.18,0.52,0.48,0.04,231.2,109.3,48,48,0,0.52,0.48,0.04,109.3,231.2,48,48,0,0.521,0.521,5,5,,,,,,,,,,,,,,,,,,,WIDE_SPREAD_UP|WIDE_SPREAD_DN,,
2026-03-08T23:55:10.386506973+00:00,R0308_200647,ENTRY,S3,xrp,xrp-updown-5m-1773014100,290,1.34,0.49,0.48,0.01,4,68,47,51,0,0.52,0.51,0.01,68,4,51,47,0,0.491,0.521,5,5,,,,,,,,,,,,,,,,,,,,,
2026-03-08T23:55:10.554541137+00:00,R0308_205043,ENTRY,S3,btc,btc-updown-5m-1773014100,290,66035.18,0.5,0.48,0.02,127.4,5,48,50,0,0.52,0.5,0.02,5,127.4,50,48,0,0.501,0.521,5,5,,,,,,,,,,,,,,,,,,,,,
2026-03-08T23:55:10.554714088+00:00,R0308_205043,ENTRY,S3,xrp,xrp-updown-5m-1773014100,290,1.34,0.49,0.48,0.01,4,68,47,51,0,0.52,0.51,0.01,68,4,51,47,0,0.491,0.521,5,5,,,,,,,,,,,,,,,,,,,,,
2026-03-08T23:55:14.692786155+00:00,R0308_200647,ENTRY,S3,sol,sol-updown-5m-1773014100,286,81.64,0.51,0.5,0.01,10,14,50,49,0,0.5,0.49,0.01,14,10,49,50,0,0.511,0.501,5,5,,,,,,,,,,,,,,,,,,,,,
2026-03-08T23:55:14.810869445+00:00,R0308_205043,ENTRY,S3,sol,sol-updown-5m-1773014100,286,81.64,0.5,0.49,0.01,10,7,49,50,0,0.51,0.5,0.01,7,10,50,49,0,0.501,0.511,5,5,,,,,,,,,,,,,,,,,,,,,
2026-03-08T23:55:19.870961689+00:00,R0308_200647,ENTRY,S3,eth,eth-updown-5m-1773014100,281,1939.34,0.53,0.52,0.01,5,239.9,51,47,0,0.48,0.47,0.01,239.9,5,47,51,0,0.531,0.481,5,5,,,,,,,,,,,,,,,,,,,,,
2026-03-08T23:55:20.022036885+00:00,R0308_205043,ENTRY,S3,eth,eth-updown-5m-1773014100,280,1939.34,0.5,0.49,0.01,19.8,13,49,50,0,0.51,0.5,0.01,13,19.8,50,49,0,0.501,0.511,5,5,,,,,,,,,,,,,,,,,,,,,
2026-03-08T23:59:33.551678508+00:00,R0308_205043,DUMP,S3,sol,sol-updown-5m-1773014100,27,81.58,,,,,,,,,,,,,10,,4,88,,,,,UP,0.03,0.04,REAL,0.2994,81.66,81.53,-0.1541,,,,,,,,,,,,,MAKER_FILL
2026-03-08T23:59:33.551835885+00:00,R0308_205043,DUMP,S3,eth,eth-updown-5m-1773014100,27,1937.62,,,,,,,,,,,,,1899.7,,1,98,,,,,UP,0.01,0.01,REAL,0.0998,1939.47,1935.89,-0.1845,,,,,,,,,,,,,TAKER_FORCE
2026-03-08T23:59:33.551899582+00:00,R0308_205043,DUMP,S3,btc,btc-updown-5m-1773014100,27,65969.3,,,,,,,,,,,,,975,,2,97,,,,,UP,0.019,0.02,REAL,0.1896,66041.68,65944.28,-0.1475,,,,,,,,,,,,,TAKER_FORCE
2026-03-08T23:59:33.551955927+00:00,R0308_205043,DUMP,S3,xrp,xrp-updown-5m-1773014100,27,1.34,,,,,,,,,,,,,217,,2,96,,,,,UP,0.019,0.02,REAL,0.1935,1.34,1.34,-0.1621,,,,,,,,,,,,,TAKER_FORCE
2026-03-08T23:59:33.777043245+00:00,R0308_200647,DUMP,S3,sol,sol-updown-5m-1773014100,27,81.58,,,,,,,,,,,,,7.7,,8,85,,,,,UP,0.03,0.13,REAL,0.2935,81.66,81.53,-0.1541,,,,,,,,,,,,,MAKER_FILL
2026-03-08T23:59:33.777126571+00:00,R0308_200647,DUMP,S3,eth,eth-updown-5m-1773014100,27,1937.62,,,,,,,,,,,,,494.6,,3,96,,,,,UP,0.02,0.03,REAL,0.1883,1939.47,1935.89,-0.1845,,,,,,,,,,,,,MAKER_FILL
2026-03-08T23:59:33.777168514+00:00,R0308_200647,DUMP,S3,btc,btc-updown-5m-1773014100,27,65969.3,,,,,,,,,,,,,1080,,2,97,,,,,UP,0.02,0.02,REAL,0.1919,66041.68,65944.28,-0.1475,,,,,,,,,,,,,MAKER_FILL
2026-03-08T23:59:33.777209856+00:00,R0308_200647,DUMP,S3,xrp,xrp-updown-5m-1773014100,27,1.34,,,,,,,,,,,,,53.3,,3,95,,,,,UP,0.03,0.03,REAL,0.3055,1.34,1.34,-0.1621,,,,,,,,,,,,,MAKER_FILL
2026-03-09T00:00:00.083262595+00:00,R0308_200647,SETTLE,S3,sol,sol-updown-5m-1773014100,0,81.59,,,0.01,,,,,,,,0.01,,,,,,,,,,,0.03,,,81.66,81.59,-0.0745,DOWN,CL,0,0.99,0.3087,0.0178,-0.053,119.2282,219.2282,112,47,,,
2026-03-09T00:00:00.083418591+00:00,R0308_200647,SETTLE,S3,eth,eth-updown-5m-1773014100,0,1937.1,,,0.01,,,,,,,,0.01,,,,,,,,,,,0.02,,,1939.47,1936.98,-0.1284,DOWN,CL,0,0.99,0.3087,0.0115,0.263,119.5442,219.5442,113,46,,,
2026-03-09T00:00:00.083512753+00:00,R0308_200647,SETTLE,S3,btc,btc-updown-5m-1773014100,0,65971.2,,,0.04,,,,,,,,0.04,,,,,,,,,,,0.02,,,66041.68,65971.75,-0.1059,DOWN,CL,0,0.99,0.2994,0.0118,-0.5223,118.7589,218.7589,112,47,,,
2026-03-09T00:00:00.083613906+00:00,R0308_200647,SETTLE,S3,xrp,xrp-updown-5m-1773014100,0,1.34,,,0.01,,,,,,,,0.01,,,,,,,,,,,0.03,,,1.34,1.34,-0.1479,DOWN,CL,0,0.99,0.3088,0.0185,-0.4248,118.8563,218.8563,112,47,,,
2026-03-09T00:00:00.813877773+00:00,R0308_205043,SETTLE,S3,sol,sol-updown-5m-1773014100,0,81.61,,,0.01,,,,,,,,0.01,,,,,,,,,,,0.03,,,81.66,81.59,-0.0748,DOWN,CL,0,0.99,0.3087,0.0182,-0.2428,86.1806,186.1806,83,43,,,
2026-03-09T00:00:00.814680574+00:00,R0308_205043,SETTLE,S3,eth,eth-updown-5m-1773014100,0,1937.3,,,0.01,,,,,,,,0.01,,,,,,,,,,,0.01,,,1939.47,1936.96,-0.1293,DOWN,CL,0,0.99,0.3087,0.0062,-0.4304,85.993,185.993,83,43,,,
2026-03-09T00:00:00.814844372+00:00,R0308_205043,SETTLE,S3,btc,btc-updown-5m-1773014100,0,65979.25,,,0.02,,,,,,,,0.02,,,,,,,,,,,0.019,,,66041.68,65971.46,-0.1063,DOWN,CL,0,0.99,0.3056,0.0116,-0.5307,85.8927,185.8927,83,43,,,
2026-03-09T00:00:00.814913305+00:00,R0308_205043,SETTLE,S3,xrp,xrp-updown-5m-1773014100,0,1.34,,,0.01,,,,,,,,0.01,,,,,,,,,,,0.019,,,1.34,1.34,-0.1483,DOWN,CL,0,0.99,0.3088,0.0119,-0.5302,85.8932,185.8932,83,43,,,
2026-03-09T00:00:10.317850443+00:00,R0308_205043,ENTRY,S3,btc,btc-updown-5m-1773014400,290,65963.38,0.51,0.5,0.01,83.1,757.2,50,49,0,0.5,0.49,0.01,757.2,83.1,49,50,0,0.511,0.501,5,5,,,,,,,,,,,,,,,,,,,,,
2026-03-09T00:00:10.318008080+00:00,R0308_205043,ENTRY,S3,eth,eth-updown-5m-1773014400,290,1936.9,0.52,0.51,0.01,79,69,51,48,0,0.49,0.48,0.01,69,79,48,51,0,0.521,0.491,5,5,,,,,,,,,,,,,,,,,,,,,
2026-03-09T00:00:10.836533101+00:00,R0308_200647,ENTRY,S3,btc,btc-updown-5m-1773014400,290,65971.95,0.51,0.47,0.04,448.2,638.8,47,49,0,0.53,0.49,0.04,638.8,448.2,49,47,0,0.511,0.531,5,5,,,,,,,,,,,,,,,,,,,WIDE_SPREAD_UP|WIDE_SPREAD_DN,,
2026-03-09T00:00:10.836700795+00:00,R0308_200647,ENTRY,S3,eth,eth-updown-5m-1773014400,290,1937.19,0.52,0.51,0.01,487,10,51,47,0,0.49,0.48,0.01,10,487,47,51,0,0.521,0.491,5,5,,,,,,,,,,,,,,,,,,,,,
2026-03-09T00:00:12.395046366+00:00,R0308_205043,ENTRY,S3,sol,sol-updown-5m-1773014400,288,81.59,0.5,0.48,0.02,10,6,48,50,0,0.52,0.5,0.02,6,10,50,48,0,0.501,0.521,5,5,,,,,,,,,,,,,,,,,,,,,
2026-03-09T00:00:12.913348342+00:00,R0308_200647,ENTRY,S3,sol,sol-updown-5m-1773014400,288,81.61,0.52,0.51,0.01,26.8,8.3,51,46,0,0.49,0.48,0.01,8.3,26.8,46,51,0,0.521,0.491,5,5,,,,,,,,,,,,,,,,,,,,,
2026-03-09T00:03:08.431082637+00:00,R0308_200647,ENTRY,S3,xrp,xrp-updown-5m-1773014400,112,1.34,0.5,0.49,0.01,7,36.5,48,50,0,0.51,0.5,0.01,36.5,7,50,48,0,0.501,0.511,5,5,,,,,,,,,,,,,,,,,,,,,
2026-03-09T00:03:08.743474737+00:00,R0308_205043,ENTRY,S3,xrp,xrp-updown-5m-1773014400,112,1.34,0.5,0.47,0.03,37.6,41.3,47,49,0,0.53,0.5,0.03,41.3,37.6,49,47,0,0.501,0.531,5,5,,,,,,,,,,,,,,,,,,,WIDE_SPREAD_UP|WIDE_SPREAD_DN,,
2026-03-09T00:04:33.447944978+00:00,R0308_205043,DUMP,S3,eth,eth-updown-5m-1773014400,27,1939.82,,,,,,,,,,,,,914.9,,2,97,,,,,DN,0.019,0.02,REAL,0.1935,1937.03,1939.45,0.1247,,,,,,,,,,,,,TAKER_FORCE
2026-03-09T00:04:33.448072510+00:00,R0308_205043,DUMP,S3,sol,sol-updown-5m-1773014400,27,81.75,,,,,,,,,,,,,24,,2,97,,,,,DN,0.019,0.02,REAL,0.1823,81.59,81.74,0.1785,,,,,,,,,,,,,TAKER_FORCE
2026-03-09T00:04:33.448133492+00:00,R0308_205043,DUMP,S3,xrp,xrp-updown-5m-1773014400,27,1.34,,,,,,,,,,,,,350.7,,1,98,,,,,DN,0.01,0.01,REAL,0.0942,1.34,1.34,0.1953,,,,,,,,,,,,,TAKER_FORCE
2026-03-09T00:04:33.448196757+00:00,R0308_205043,DUMP,S3,btc,btc-updown-5m-1773014400,27,66090,,,,,,,,,,,,,3105.5,,1,98,,,,,DN,0.01,0.01,REAL,0.0998,65971.41,66085.22,0.1725,,,,,,,,,,,,,TAKER_FORCE
2026-03-09T00:04:33.581856918+00:00,R0308_200647,DUMP,S3,btc,btc-updown-5m-1773014400,27,66089.99,,,,,,,,,,,,,2692.5,,1,98,,,,,DN,0.01,0.01,REAL,0.0942,65971.41,66085.22,0.1725,,,,,,,,,,,,,TAKER_FORCE
2026-03-09T00:04:33.581974946+00:00,R0308_200647,DUMP,S3,eth,eth-updown-5m-1773014400,27,1939.82,,,,,,,,,,,,,914.9,,2,97,,,,,DN,0.019,0.02,REAL,0.1935,1937.03,1939.45,0.1247,,,,,,,,,,,,,TAKER_FORCE
2026-03-09T00:04:33.582041437+00:00,R0308_200647,DUMP,S3,xrp,xrp-updown-5m-1773014400,27,1.34,,,,,,,,,,,,,350.7,,1,98,,,,,DN,0.01,0.01,REAL,0.0978,1.34,1.34,0.1953,,,,,,,,,,,,,TAKER_FORCE
2026-03-09T00:04:33.582106534+00:00,R0308_200647,DUMP,S3,sol,sol-updown-5m-1773014400,27,81.75,,,,,,,,,,,,,24,,2,97,,,,,DN,0.019,0.02,REAL,0.1935,81.59,81.74,0.1785,,,,,,,,,,,,,TAKER_FORCE
2026-03-09T00:05:00.639643863+00:00,R0308_205043,SETTLE,S3,eth,eth-updown-5m-1773014400,0,1941.07,,,0.01,,,,,,,,0.01,,,,,,,,,,,0.019,,,1937.03,1940.57,0.1826,UP,CL,0.99,0,0.3088,0.0119,-0.5302,84.1591,184.1591,83,47,,,
2026-03-09T00:05:00.639823996+00:00,R0308_205043,SETTLE,S3,sol,sol-updown-5m-1773014400,0,81.81,,,0.02,,,,,,,,0.02,,,,,,,,,,,0.019,,,81.59,81.79,0.2413,UP,CL,0.99,0,0.3056,0.0112,-0.1544,84.5349,184.5349,83,47,,,
2026-03-09T00:05:00.639915242+00:00,R0308_205043,SETTLE,S3,xrp,xrp-updown-5m-1773014400,0,1.34,,,0.03,,,,,,,,0.03,,,,,,,,,,,0.01,,,1.34,1.34,0.2188,UP,CL,0.99,0,0.3025,0.0058,-0.2341,84.4552,184.4552,83,47,,,
2026-03-09T00:05:00.639999220+00:00,R0308_205043,SETTLE,S3,btc,btc-updown-5m-1773014400,0,66143.98,,,0.01,,,,,,,,0.01,,,,,,,,,,,0.01,,,65971.41,66132.95,0.2449,UP,CL,0.99,0,0.3087,0.0062,-0.4304,84.2589,184.2589,83,47,,,
2026-03-09T00:05:00.778935729+00:00,R0308_200647,SETTLE,S3,btc,btc-updown-5m-1773014400,0,66148.01,,,0.04,,,,,,,,0.04,,,,,,,,,,,0.01,,,65971.41,66132.95,0.2449,UP,CL,0.99,0,0.2994,0.0058,-0.4263,118.1178,218.1178,113,50,,,
2026-03-09T00:05:00.779045994+00:00,R0308_200647,SETTLE,S3,eth,eth-updown-5m-1773014400,0,1941.07,,,0.01,,,,,,,,0.01,,,,,,,,,,,0.019,,,1937.03,1940.57,0.1826,UP,CL,0.99,0,0.3088,0.0119,-0.5302,118.0139,218.0139,113,50,,,
2026-03-09T00:05:00.779104153+00:00,R0308_200647,SETTLE,S3,xrp,xrp-updown-5m-1773014400,0,1.34,,,0.01,,,,,,,,0.01,,,,,,,,,,,0.01,,,1.34,1.34,0.2188,UP,CL,0.99,0,0.3087,0.0061,-0.2369,118.3072,218.3072,113,50,,,
2026-03-09T00:05:00.779130663+00:00,R0308_200647,SETTLE,S3,sol,sol-updown-5m-1773014400,0,81.81,,,0.01,,,,,,,,0.01,,,,,,,,,,,0.019,,,81.59,81.79,0.2413,UP,CL,0.99,0,0.3088,0.0119,-0.5302,118.0139,218.0139,113,50,,,
2026-03-09T00:10:10.716321408+00:00,R0308_205043,ENTRY,S3,btc,btc-updown-5m-1773015000,290,66295.06,0.52,0.51,0.01,647.6,95,51,48,0,0.49,0.48,0.01,95,647.6,48,51,0,0.521,0.491,5,5,,,,,,,,,,,,,,,,,,,,,
2026-03-09T00:10:10.716456382+00:00,R0308_205043,ENTRY,S3,eth,eth-updown-5m-1773015000,290,1946.95,0.52,0.51,0.01,396.5,19,51,48,0,0.49,0.48,0.01,19,396.5,48,51,0,0.521,0.491,5,5,,,,,,,,,,,,,,,,,,,,,
2026-03-09T00:10:10.716528741+00:00,R0308_205043,ENTRY,S3,sol,sol-updown-5m-1773015000,290,82.2,0.49,0.48,0.01,46,14.8,48,50,0,0.52,0.51,0.01,14.8,46,50,48,0,0.491,0.521,5,5,,,,,,,,,,,,,,,,,,,,,
2026-03-09T00:10:10.716592287+00:00,R0308_205043,ENTRY,S3,xrp,xrp-updown-5m-1773015000,290,1.35,0.5,0.49,0.01,96,10,49,50,0,0.51,0.5,0.01,10,96,50,49,0,0.501,0.511,5,5,,,,,,,,,,,,,,,,,,,,,
2026-03-09T00:10:10.941283186+00:00,R0308_200647,ENTRY,S3,btc,btc-updown-5m-1773015000,290,66295.05,0.52,0.51,0.01,608.3,73.5,51,48,0,0.49,0.48,0.01,73.5,608.3,48,51,0,0.521,0.491,5,5,,,,,,,,,,,,,,,,,,,,,
2026-03-09T00:10:10.941400113+00:00,R0308_200647,ENTRY,S3,eth,eth-updown-5m-1773015000,290,1946.95,0.52,0.51,0.01,5,152,51,48,0,0.49,0.48,0.01,152,5,48,51,0,0.521,0.491,5,5,,,,,,,,,,,,,,,,,,,,,
2026-03-09T00:10:10.941520134+00:00,R0308_200647,ENTRY,S3,sol,sol-updown-5m-1773015000,290,82.2,0.49,0.48,0.01,10,14.8,48,51,0,0.52,0.51,0.01,14.8,10,51,48,0,0.491,0.521,5,5,,,,,,,,,,,,,,,,,,,,,
2026-03-09T00:10:10.941596910+00:00,R0308_200647,ENTRY,S3,xrp,xrp-updown-5m-1773015000,290,1.35,0.5,0.49,0.01,68,38,49,50,0,0.51,0.5,0.01,38,68,50,49,0,0.501,0.511,5,5,,,,,,,,,,,,,,,,,,,,,
2026-03-09T00:14:31.475497519+00:00,R0308_200647,DUMP,S3,btc,btc-updown-5m-1773015000,29,66303.93,,,,,,,,,,,,,144.7,,57,42,,,,,UP,0.5,0.57,REAL,4.7985,66299.03,66294.93,-0.0062,,,,,,,,,,,,,MAKER_FILL
2026-03-09T00:14:31.762954343+00:00,R0308_205043,DUMP,S3,btc,btc-updown-5m-1773015000,29,66303.92,,,,,,,,,,,,,102.3,,57,42,,,,,UP,0.5,0.57,REAL,4.7985,66299.03,66294.93,-0.0062,,,,,,,,,,,,,MAKER_FILL
2026-03-09T00:14:31.763096097+00:00,R0308_205043,DUMP,S3,xrp,xrp-updown-5m-1773015000,29,1.35,,,,,,,,,,,,,10,,5,94,,,,,DN,0.05,0.05,REAL,0.4892,1.35,1.35,0.0729,,,,,,,,,,,,,MAKER_FILL
2026-03-09T00:14:33.547576285+00:00,R0308_200647,DUMP,S3,eth,eth-updown-5m-1773015000,27,1946.08,,,,,,,,,,,,,8,,18,81,,,,,UP,0.179,0.18,REAL,1.7179,1947.03,1946.18,-0.0436,,,,,,,,,,,,,TAKER_FORCE
2026-03-09T00:14:33.547695394+00:00,R0308_200647,DUMP,S3,sol,sol-updown-5m-1773015000,27,82.15,,,,,,,,,,,,,5.1,,12,83,,,,,UP,0.119,0.12,REAL,1.2118,82.2,82.16,-0.0424,,,,,,,,,,,,,TAKER_FORCE
2026-03-09T00:14:33.547785770+00:00,R0308_200647,DUMP,S3,xrp,xrp-updown-5m-1773015000,27,1.35,,,,,,,,,,,,,106.7,,4,93,,,,,DN,0.039,0.04,REAL,0.3816,1.35,1.35,0.0784,,,,,,,,,,,,,TAKER_FORCE
2026-03-09T00:14:33.938984041+00:00,R0308_205043,DUMP,S3,eth,eth-updown-5m-1773015000,27,1946.08,,,,,,,,,,,,,8,,18,81,,,,,UP,0.179,0.18,REAL,1.7179,1947.04,1946.18,-0.0439,,,,,,,,,,,,,TAKER_FORCE
2026-03-09T00:14:33.939081518+00:00,R0308_205043,DUMP,S3,sol,sol-updown-5m-1773015000,27,82.14,,,,,,,,,,,,,8.1,,12,82,,,,,UP,0.119,0.12,REAL,1.2118,82.2,82.16,-0.0414,,,,,,,,,,,,,TAKER_FORCE
2026-03-09T00:15:00.807221400+00:00,R0308_200647,SETTLE,S3,btc,btc-updown-5m-1773015000,0,66327.75,,,0.01,,,,,,,,0.01,,,,,,,,,,,0.5,,,66299.03,66323.56,0.037,UP,CL,0.99,0,0.3088,0.1591,4.2207,121.0412,221.0412,114,53,,,
2026-03-09T00:15:00.807333259+00:00,R0308_200647,SETTLE,S3,eth,eth-updown-5m-1773015000,0,1947.01,,,0.01,,,,,,,,0.01,,,,,,,,,,,0.179,,,1947.03,1946.61,-0.0217,DOWN,CL,0,0.99,0.3088,0.0881,1.5043,118.3248,218.3248,114,53,,,
2026-03-09T00:15:00.807363184+00:00,R0308_200647,SETTLE,S3,sol,sol-updown-5m-1773015000,0,82.23,,,0.01,,,,,,,,0.01,,,,,,,,,,,0.119,,,82.2,82.2,0.0058,UP,CL,0.9,0.02,0.3088,0.0629,0.9537,117.7742,217.7742,114,53,,,
2026-03-09T00:15:00.807391478+00:00,R0308_200647,SETTLE,S3,xrp,xrp-updown-5m-1773015000,0,1.35,,,0.01,,,,,,,,0.01,,,,,,,,,,,0.039,,,1.35,1.35,0.1429,UP,CL,0.99,0,0.3087,0.0229,0.03,116.8505,216.8505,114,53,,,
2026-03-09T00:15:01.000839999+00:00,R0308_205043,SETTLE,S3,btc,btc-updown-5m-1773015000,0,66338.04,,,0.01,,,,,,,,0.01,,,,,,,,,,,0.5,,,66299.03,66321.52,0.0339,UP,CL,0.99,0,0.3088,0.1591,4.2207,87.5609,187.5609,84,50,,,
2026-03-09T00:15:01.000946189+00:00,R0308_205043,SETTLE,S3,xrp,xrp-updown-5m-1773015000,0,1.35,,,0.01,,,,,,,,0.01,,,,,,,,,,,0.05,,,1.35,1.35,0.1428,UP,CL,0.99,0,0.3087,0.029,0.1315,83.4717,183.4717,84,50,,,
2026-03-09T00:15:01.000986610+00:00,R0308_205043,SETTLE,S3,eth,eth-updown-5m-1773015000,0,1947.21,,,0.01,,,,,,,,0.01,,,,,,,,,,,0.179,,,1947.04,1946.6,-0.0224,DOWN,CL,0,0.99,0.3088,0.0881,1.5043,84.8444,184.8444,84,50,,,
2026-03-09T00:15:01.001026100+00:00,R0308_205043,SETTLE,S3,sol,sol-updown-5m-1773015000,0,82.23,,,0.01,,,,,,,,0.01,,,,,,,,,,,0.119,,,82.2,82.2,0.0092,UP,CL,0.97,0.02,0.3088,0.0629,0.9537,84.2939,184.2939,84,50,,,
2026-03-09T00:15:10.217691001+00:00,R0308_200647,ENTRY,S3,eth,eth-updown-5m-1773015300,290,1946.94,0.52,0.51,0.01,87.7,30.2,51,48,0,0.49,0.48,0.01,30.2,87.7,48,51,0,0.521,0.491,5,5,,,,,,,,,,,,,,,,,,,,,
2026-03-09T00:15:10.217821969+00:00,R0308_200647,ENTRY,S3,sol,sol-updown-5m-1773015300,290,82.22,0.53,0.52,0.01,59.3,65.6,52,47,0,0.48,0.47,0.01,65.6,59.3,47,52,0,0.531,0.481,5,5,,,,,,,,,,,,,,,,,,,,,
2026-03-09T00:15:10.393937798+00:00,R0308_205043,ENTRY,S3,eth,eth-updown-5m-1773015300,290,1946.94,0.52,0.51,0.01,87.7,30.2,51,48,0,0.49,0.48,0.01,30.2,87.7,48,51,0,0.521,0.491,5,5,,,,,,,,,,,,,,,,,,,,,
2026-03-09T00:15:10.394100323+00:00,R0308_205043,ENTRY,S3,sol,sol-updown-5m-1773015300,290,82.22,0.53,0.52,0.01,62.3,65.6,52,47,0,0.48,0.47,0.01,65.6,62.3,47,52,0,0.531,0.481,5,5,,,,,,,,,,,,,,,,,,,,,
2026-03-09T00:15:19.643788912+00:00,R0308_200647,ENTRY,S3,btc,btc-updown-5m-1773015300,281,66340.05,0.53,0.52,0.01,57,54.6,52,47,0,0.48,0.47,0.01,54.6,57,47,52,0,0.531,0.481,5,5,,,,,,,,,,,,,,,,,,,,,
2026-03-09T00:15:19.796151160+00:00,R0308_205043,ENTRY,S3,btc,btc-updown-5m-1773015300,281,66340.05,0.53,0.52,0.01,54.6,22.4,52,47,0,0.48,0.47,0.01,22.4,54.6,47,52,0,0.531,0.481,5,5,,,,,,,,,,,,,,,,,,,,,
2026-03-09T00:16:22.419094279+00:00,R0308_205043,ENTRY,S3,xrp,xrp-updown-5m-1773015300,218,1.35,0.53,0.52,0.01,8,20,52,47,0,0.48,0.47,0.01,20,8,47,52,0,0.531,0.481,5,5,,,,,,,,,,,,,,,,,,,,,
2026-03-09T00:16:22.461354444+00:00,R0308_200647,ENTRY,S3,xrp,xrp-updown-5m-1773015300,218,1.35,0.53,0.52,0.01,1.3,20,52,47,0,0.48,0.47,0.01,20,1.3,47,52,0,0.531,0.481,5,5,,,,,,,,,,,,,,,,,,,,,
2026-03-09T00:19:31.353094113+00:00,R0308_205043,DUMP,S3,btc,btc-updown-5m-1773015300,29,66288.94,,,,,,,,,,,,,161.8,,19,76,,,,,UP,0.1,0.2,REAL,0.9416,66323.53,66263.62,-0.0903,,,,,,,,,,,,,MAKER_FILL
2026-03-09T00:19:31.770813603+00:00,R0308_200647,DUMP,S3,btc,btc-updown-5m-1773015300,29,66288.95,,,,,,,,,,,,,30.8,,19,74,,,,,UP,0.12,0.2,REAL,1.1299,66323.53,66266.89,-0.0854,,,,,,,,,,,,,MAKER_FILL
2026-03-09T00:19:32.382739969+00:00,R0308_205043,DUMP,S3,xrp,xrp-updown-5m-1773015300,28,1.35,,,,,,,,,,,,,8,,2,97,,,,,UP,0.02,0.02,REAL,0.1883,1.35,1.35,-0.1508,,,,,,,,,,,,,MAKER_FILL
2026-03-09T00:19:32.382865648+00:00,R0308_205043,DUMP,S3,eth,eth-updown-5m-1773015300,28,1944.42,,,,,,,,,,,,,22,,3,96,,,,,UP,0.03,0.03,REAL,0.2879,1946.62,1943.71,-0.1495,,,,,,,,,,,,,MAKER_FILL
2026-03-09T00:19:32.801707299+00:00,R0308_200647,DUMP,S3,xrp,xrp-updown-5m-1773015300,28,1.35,,,,,,,,,,,,,45.3,,2,95,,,,,UP,0.02,0.02,REAL,0.1883,1.35,1.35,-0.1508,,,,,,,,,,,,,MAKER_FILL
2026-03-09T00:19:32.801832097+00:00,R0308_200647,DUMP,S3,eth,eth-updown-5m-1773015300,28,1944.88,,,,,,,,,,,,,42,,5,93,,,,,UP,0.03,0.05,REAL,0.2879,1946.62,1943.71,-0.1495,,,,,,,,,,,,,MAKER_FILL
2026-03-09T00:19:33.412721709+00:00,R0308_205043,DUMP,S3,sol,sol-updown-5m-1773015300,27,82.32,,,,,,,,,,,,,15,,4,94,,,,,DN,0.039,0.04,REAL,0.4054,82.2,82.28,0.095,,,,,,,,,,,,,TAKER_FORCE
2026-03-09T00:19:33.834404276+00:00,R0308_200647,DUMP,S3,sol,sol-updown-5m-1773015300,27,82.32,,,,,,,,,,,,,35.6,,4,94,,,,,DN,0.039,0.04,REAL,0.4054,82.2,82.28,0.095,,,,,,,,,,,,,TAKER_FORCE
2026-03-09T00:20:00.617986803+00:00,R0308_205043,SETTLE,S3,xrp,xrp-updown-5m-1773015300,0,1.35,,,0.01,,,,,,,,0.01,,,,,,,,,,,0.02,,,1.35,1.35,-0.2037,DOWN,CL,0,0.99,0.3087,0.0115,0.263,90.4134,190.4134,88,50,,,
2026-03-09T00:20:00.618107335+00:00,R0308_205043,SETTLE,S3,eth,eth-updown-5m-1773015300,0,1942.51,,,0.01,,,,,,,,0.01,,,,,,,,,,,0.03,,,1946.62,1942.75,-0.1986,DOWN,CL,0,0.99,0.3088,0.0175,0.145,90.2953,190.2953,88,50,,,
2026-03-09T00:20:00.618149648+00:00,R0308_205043,SETTLE,S3,sol,sol-updown-5m-1773015300,0,82.27,,,0.01,,,,,,,,0.01,,,,,,,,,,,0.039,,,82.2,82.27,0.0859,UP,CL,0.99,0,0.3087,0.0243,-0.5115,89.6388,189.6388,87,51,,,
2026-03-09T00:20:00.618192203+00:00,R0308_205043,SETTLE,S3,btc,btc-updown-5m-1773015300,0,66238.39,,,0.01,,,,,,,,0.01,,,,,,,,,,,0.1,,,66323.53,66243.68,-0.1204,DOWN,CL,0,0.99,0.3087,0.053,0.9749,91.1252,191.1252,88,50,,,
2026-03-09T00:20:00.928492797+00:00,R0308_200647,SETTLE,S3,sol,sol-updown-5m-1773015300,0,82.27,,,0.01,,,,,,,,0.01,,,,,,,,,,,0.039,,,82.2,82.26,0.0761,UP,CL,0.99,0,0.3087,0.0243,-0.5115,123.0177,223.0177,117,54,,,
2026-03-09T00:20:00.928597404+00:00,R0308_200647,SETTLE,S3,xrp,xrp-updown-5m-1773015300,0,1.35,,,0.01,,,,,,,,0.01,,,,,,,,,,,0.02,,,1.35,1.35,-0.2068,DOWN,CL,0,0.99,0.3087,0.0115,0.263,123.7922,223.7922,118,53,,,
2026-03-09T00:20:00.928635402+00:00,R0308_200647,SETTLE,S3,btc,btc-updown-5m-1773015300,0,66238.39,,,0.01,,,,,,,,0.01,,,,,,,,,,,0.12,,,66323.53,66242.21,-0.1226,DOWN,CL,0,0.99,0.3087,0.0621,1.1541,124.6832,224.6832,118,53,,,
2026-03-09T00:20:00.928664526+00:00,R0308_200647,SETTLE,S3,eth,eth-updown-5m-1773015300,0,1942.51,,,0.01,,,,,,,,0.01,,,,,,,,,,,0.03,,,1946.62,1942.65,-0.2036,DOWN,CL,0,0.99,0.3088,0.0175,0.145,123.6742,223.6742,118,53,,,
2026-03-09T00:20:38.134573780+00:00,R0308_205043,ENTRY,S3,eth,eth-updown-5m-1773015600,262,1942.2,0.48,0.47,0.01,66.4,5,47,52,0,0.53,0.52,0.01,5,66.4,52,47,0,0.481,0.531,5,5,,,,,,,,,,,,,,,,,,,,,
2026-03-09T00:20:38.597160087+00:00,R0308_200647,ENTRY,S3,eth,eth-updown-5m-1773015600,262,1942.2,0.49,0.48,0.01,26,48,48,51,0,0.52,0.51,0.01,48,26,51,48,0,0.491,0.521,5,5,,,,,,,,,,,,,,,,,,,,,
2026-03-09T00:20:42.405369982+00:00,R0308_205043,ENTRY,S3,btc,btc-updown-5m-1773015600,258,66223.61,0.5,0.49,0.01,32,23,49,50,0,0.51,0.5,0.01,23,32,50,49,0,0.501,0.511,5,5,,,,,,,,,,,,,,,,,,,,,
2026-03-09T00:20:42.740962088+00:00,R0308_200647,ENTRY,S3,btc,btc-updown-5m-1773015600,258,66223.61,0.49,0.48,0.01,58.8,68,48,51,0,0.52,0.51,0.01,68,58.8,51,48,0,0.491,0.521,5,5,,,,,,,,,,,,,,,,,,,,,
2026-03-09T00:21:10.999802337+00:00,R0308_200647,ENTRY,S3,sol,sol-updown-5m-1773015600,230,82.26,0.49,0.48,0.01,17.5,65.1,48,51,0,0.52,0.51,0.01,65.1,17.5,51,48,0,0.491,0.521,5,5,,,,,,,,,,,,,,,,,,,,,
2026-03-09T00:21:10.999957431+00:00,R0308_200647,ENTRY,S3,xrp,xrp-updown-5m-1773015600,230,1.35,0.49,0.48,0.01,25,21,47,51,0,0.52,0.51,0.01,21,25,51,47,0,0.491,0.521,5,5,,,,,,,,,,,,,,,,,,,,,
2026-03-09T00:21:11.751827774+00:00,R0308_205043,ENTRY,S3,sol,sol-updown-5m-1773015600,229,82.28,0.5,0.49,0.01,47,15,49,50,0,0.51,0.5,0.01,15,47,50,49,0,0.501,0.511,5,5,,,,,,,,,,,,,,,,,,,,,
2026-03-09T00:21:11.751914724+00:00,R0308_205043,ENTRY,S3,xrp,xrp-updown-5m-1773015600,229,1.35,0.51,0.5,0.01,51.2,8.2,50,48,0,0.5,0.49,0.01,8.2,51.2,48,50,0,0.511,0.501,5,5,,,,,,,,,,,,,,,,,,,,,
2026-03-09T00:24:33.813741481+00:00,R0308_205043,DUMP,S3,sol,sol-updown-5m-1773015600,27,82.05,,,,,,,,,,,,,0,,0,99,,,,,UP,0.099,0.1,EST,0.988,82.28,82.07,-0.2612,,,,,,,,,,,,,TAKER_FORCE|EST_BID
2026-03-09T00:24:33.813881672+00:00,R0308_205043,DUMP,S3,xrp,xrp-updown-5m-1773015600,27,1.34,,,,,,,,,,,,,0,,0,99,,,,,UP,0.099,0.1,EST,0.9687,1.35,1.34,-0.2901,,,,,,,,,,,,,TAKER_FORCE|EST_BID
2026-03-09T00:24:33.813923625+00:00,R0308_205043,DUMP,S3,btc,btc-updown-5m-1773015600,27,66081.54,,,,,,,,,,,,,0,,0,99,,,,,UP,0.099,0.1,EST,0.988,66248.94,66077.25,-0.2592,,,,,,,,,,,,,TAKER_FORCE|EST_BID
2026-03-09T00:24:33.813964608+00:00,R0308_205043,DUMP,S3,eth,eth-updown-5m-1773015600,27,1938.12,,,,,,,,,,,,,0,,0,99,,,,,UP,0.099,0.1,EST,1.0291,1942.81,1937.81,-0.2577,,,,,,,,,,,,,TAKER_FORCE|EST_BID
2026-03-09T00:24:34.055217093+00:00,R0308_200647,DUMP,S3,sol,sol-updown-5m-1773015600,26,82.05,,,,,,,,,,,,,0,,0,99,,,,,UP,0.099,0.1,EST,1.0081,82.28,82.07,-0.2565,,,,,,,,,,,,,TAKER_FORCE|EST_BID
2026-03-09T00:24:34.055314100+00:00,R0308_200647,DUMP,S3,eth,eth-updown-5m-1773015600,26,1938.12,,,,,,,,,,,,,0,,0,99,,,,,UP,0.099,0.1,EST,1.0081,1942.81,1937.81,-0.2577,,,,,,,,,,,,,TAKER_FORCE|EST_BID
2026-03-09T00:24:34.055357385+00:00,R0308_200647,DUMP,S3,btc,btc-updown-5m-1773015600,26,66076.4,,,,,,,,,,,,,0,,0,99,,,,,UP,0.099,0.1,EST,1.0081,66248.94,66077.25,-0.2592,,,,,,,,,,,,,TAKER_FORCE|EST_BID
2026-03-09T00:24:34.055412178+00:00,R0308_200647,DUMP,S3,xrp,xrp-updown-5m-1773015600,26,1.34,,,,,,,,,,,,,0,,0,99,,,,,UP,0.099,0.1,EST,1.0081,1.35,1.34,-0.2901,,,,,,,,,,,,,TAKER_FORCE|EST_BID
2026-03-09T00:25:00.144190465+00:00,R0308_200647,SETTLE,S3,sol,sol-updown-5m-1773015600,0,81.82,,,0.01,,,,,,,,0.01,,,,,,,,,,,0.099,,,82.28,81.82,-0.5595,DOWN,CL,0,0.99,0.3088,0.0568,0.2396,124.8193,224.8193,121,54,,,
2026-03-09T00:25:00.144338939+00:00,R0308_200647,SETTLE,S3,eth,eth-updown-5m-1773015600,0,1934.03,,,0.01,,,,,,,,0.01,,,,,,,,,,,0.099,,,1942.81,1933.39,-0.4851,DOWN,CL,0,0.99,0.3088,0.0568,0.2396,124.8193,224.8193,121,54,,,
2026-03-09T00:25:00.144436136+00:00,R0308_200647,SETTLE,S3,btc,btc-updown-5m-1773015600,0,65982.25,,,0.01,,,,,,,,0.01,,,,,,,,,,,0.099,,,66248.94,65974.91,-0.4136,DOWN,CL,0,0.99,0.3088,0.0568,0.2396,124.8193,224.8193,121,54,,,
2026-03-09T00:25:00.144536908+00:00,R0308_200647,SETTLE,S3,xrp,xrp-updown-5m-1773015600,0,1.34,,,0.01,,,,,,,,0.01,,,,,,,,,,,0.099,,,1.35,1.34,-0.4773,DOWN,CL,0,0.99,0.3088,0.0568,0.2396,124.8193,224.8193,121,54,,,
2026-03-09T00:25:01.084324724+00:00,R0308_205043,SETTLE,S3,sol,sol-updown-5m-1773015600,0,81.79,,,0.01,,,,,,,,0.01,,,,,,,,,,,0.099,,,82.28,81.82,-0.5595,DOWN,CL,0,0.99,0.3087,0.0556,0.4084,91.4302,191.4302,91,51,,,
2026-03-09T00:25:01.084473258+00:00,R0308_205043,SETTLE,S3,xrp,xrp-updown-5m-1773015600,0,1.34,,,0.01,,,,,,,,0.01,,,,,,,,,,,0.099,,,1.35,1.34,-0.4676,DOWN,CL,0,0.99,0.3087,0.0545,0.5854,91.6072,191.6072,91,51,,,
2026-03-09T00:25:01.084578866+00:00,R0308_205043,SETTLE,S3,btc,btc-updown-5m-1773015600,0,65978.18,,,0.01,,,,,,,,0.01,,,,,,,,,,,0.099,,,66248.94,65976.31,-0.4115,DOWN,CL,0,0.99,0.3087,0.0556,0.4084,91.4302,191.4302,91,51,,,
2026-03-09T00:25:01.084678056+00:00,R0308_205043,SETTLE,S3,eth,eth-updown-5m-1773015600,0,1933.71,,,0.01,,,,,,,,0.01,,,,,,,,,,,0.099,,,1942.81,1933.67,-0.4707,DOWN,CL,0,0.99,0.3087,0.058,0.0786,91.1004,191.1004,91,51,,,
2026-03-09T00:25:10.437685717+00:00,R0308_205043,ENTRY,S3,btc,btc-updown-5m-1773015900,290,65948.75,0.49,0.47,0.02,148.8,64,47,51,0,0.53,0.51,0.02,64,148.8,51,47,0,0.491,0.531,5,5,,,,,,,,,,,,,,,,,,,,,
2026-03-09T00:25:10.437850335+00:00,R0308_205043,ENTRY,S3,xrp,xrp-updown-5m-1773015900,290,1.34,0.52,0.51,0.01,83.8,99.9,51,48,0,0.49,0.48,0.01,99.9,83.8,48,51,0,0.521,0.491,5,5,,,,,,,,,,,,,,,,,,,,,
2026-03-09T00:25:10.602340703+00:00,R0308_200647,ENTRY,S3,btc,btc-updown-5m-1773015900,290,65948.76,0.48,0.47,0.01,123.5,30,47,52,0,0.53,0.52,0.01,30,123.5,52,47,0,0.481,0.531,5,5,,,,,,,,,,,,,,,,,,,,,
2026-03-09T00:25:10.602443086+00:00,R0308_200647,ENTRY,S3,xrp,xrp-updown-5m-1773015900,290,1.34,0.52,0.51,0.01,15.8,99.9,51,48,0,0.49,0.48,0.01,99.9,15.8,48,51,0,0.521,0.491,5,5,,,,,,,,,,,,,,,,,,,,,
2026-03-09T00:25:16.770334671+00:00,R0308_205043,ENTRY,S3,eth,eth-updown-5m-1773015900,284,1933.06,0.48,0.47,0.01,41.1,61,47,52,0,0.53,0.52,0.01,61,41.1,52,47,0,0.481,0.531,5,5,,,,,,,,,,,,,,,,,,,,,
2026-03-09T00:25:16.955924288+00:00,R0308_200647,ENTRY,S3,eth,eth-updown-5m-1773015900,284,1933.36,0.51,0.49,0.02,87,66.1,49,49,0,0.51,0.49,0.02,66.1,87,49,49,0,0.511,0.511,5,5,,,,,,,,,,,,,,,,,,,,,
2026-03-09T00:26:03.940990448+00:00,R0308_200647,ENTRY,S3,sol,sol-updown-5m-1773015900,237,81.83,0.51,0.5,0.01,37.6,62.4,50,49,0,0.5,0.49,0.01,62.4,37.6,49,50,0,0.511,0.501,5,5,,,,,,,,,,,,,,,,,,,,,
2026-03-09T00:26:03.980278740+00:00,R0308_205043,ENTRY,S3,sol,sol-updown-5m-1773015900,237,81.83,0.51,0.5,0.01,37.6,62.4,50,49,0,0.5,0.49,0.01,62.4,37.6,49,50,0,0.511,0.501,5,5,,,,,,,,,,,,,,,,,,,,,
2026-03-09T00:29:33.034295182+00:00,R0308_200647,DUMP,S3,btc,btc-updown-5m-1773015900,27,66151.76,,,,,,,,,,,,,0,,0,99,,,,,DN,0.099,0.1,EST,0.9322,65980.49,66158.88,0.2704,,,,,,,,,,,,,TAKER_FORCE|EST_BID
2026-03-09T00:29:33.034382545+00:00,R0308_200647,DUMP,S3,sol,sol-updown-5m-1773015900,27,82.17,,,,,,,,,,,,,0,,0,99,,,,,DN,0.049,0.05,EST,0.489,81.83,82.18,0.4289,,,,,,,,,,,,,TAKER_FORCE|EST_BID
2026-03-09T00:29:33.034424648+00:00,R0308_200647,DUMP,S3,xrp,xrp-updown-5m-1773015900,27,1.35,,,,,,,,,,,,,0,,0,99,,,,,DN,0.049,0.05,EST,0.499,1.34,1.35,0.5682,,,,,,,,,,,,,TAKER_FORCE|EST_BID
2026-03-09T00:29:33.034479752+00:00,R0308_200647,DUMP,S3,eth,eth-updown-5m-1773015900,27,1942.12,,,,,,,,,,,,,0,,0,99,,,,,DN,0.049,0.05,EST,0.4795,1933.81,1942.49,0.4491,,,,,,,,,,,,,TAKER_FORCE|EST_BID
2026-03-09T00:29:33.401728302+00:00,R0308_205043,DUMP,S3,btc,btc-updown-5m-1773015900,27,66151.76,,,,,,,,,,,,,0,,0,99,,,,,DN,0.099,0.1,EST,0.9322,65977.29,66160.57,0.2778,,,,,,,,,,,,,TAKER_FORCE|EST_BID
2026-03-09T00:29:33.401845018+00:00,R0308_205043,DUMP,S3,xrp,xrp-updown-5m-1773015900,27,1.35,,,,,,,,,,,,,0,,0,99,,,,,DN,0.049,0.05,EST,0.499,1.34,1.35,0.5744,,,,,,,,,,,,,TAKER_FORCE|EST_BID
2026-03-09T00:29:33.401888134+00:00,R0308_205043,DUMP,S3,eth,eth-updown-5m-1773015900,27,1942.13,,,,,,,,,,,,,0,,0,99,,,,,DN,0.049,0.05,EST,0.4614,1933.57,1942.6,0.467,,,,,,,,,,,,,TAKER_FORCE|EST_BID
2026-03-09T00:29:33.401929777+00:00,R0308_205043,DUMP,S3,sol,sol-updown-5m-1773015900,27,82.17,,,,,,,,,,,,,0,,0,99,,,,,DN,0.049,0.05,EST,0.489,81.83,82.19,0.4454,,,,,,,,,,,,,TAKER_FORCE|EST_BID
2026-03-09T00:30:00.311358887+00:00,R0308_200647,SETTLE,S3,btc,btc-updown-5m-1773015900,0,66170.4,,,0.01,,,,,,,,0.01,,,,,,,,,,,0.099,,,65980.49,66169.95,0.2872,UP,CL,0.99,0,0.3087,0.0525,0.966,126.504,226.504,125,54,,,
2026-03-09T00:30:00.311506129+00:00,R0308_200647,SETTLE,S3,sol,sol-updown-5m-1773015900,0,82.19,,,0.01,,,,,,,,0.01,,,,,,,,,,,0.049,,,81.83,82.18,0.4239,UP,CL,0.99,0,0.3087,0.0291,-0.0641,125.4739,225.4739,124,55,,,
2026-03-09T00:30:00.311610306+00:00,R0308_200647,SETTLE,S3,xrp,xrp-updown-5m-1773015900,0,1.35,,,0.01,,,,,,,,0.01,,,,,,,,,,,0.049,,,1.34,1.35,0.5269,UP,CL,0.999,0,0.3088,0.0297,-0.2425,125.2955,225.2955,124,55,,,
2026-03-09T00:30:00.311697898+00:00,R0308_200647,SETTLE,S3,eth,eth-updown-5m-1773015900,0,1942.24,,,0.02,,,,,,,,0.02,,,,,,,,,,,0.049,,,1933.81,1942.35,0.4417,UP,CL,0.99,0,0.3056,0.0285,-0.0699,125.4681,225.4681,124,55,,,
2026-03-09T00:30:00.516120692+00:00,R0308_205043,SETTLE,S3,btc,btc-updown-5m-1773015900,0,66170.4,,,0.02,,,,,,,,0.02,,,,,,,,,,,0.099,,,65977.29,66169.95,0.292,UP,CL,0.99,0,0.3056,0.0525,0.7574,93.2599,193.2599,95,51,,,
2026-03-09T00:30:00.516231999+00:00,R0308_205043,SETTLE,S3,xrp,xrp-updown-5m-1773015900,0,1.35,,,0.01,,,,,,,,0.01,,,,,,,,,,,0.049,,,1.34,1.35,0.532,UP,CL,0.999,0,0.3088,0.0297,-0.2425,92.2601,192.2601,94,52,,,
2026-03-09T00:30:00.516280463+00:00,R0308_205043,SETTLE,S3,eth,eth-updown-5m-1773015900,0,1942.24,,,0.01,,,,,,,,0.01,,,,,,,,,,,0.049,,,1933.57,1942.35,0.4538,UP,CL,0.99,0,0.3087,0.0274,0.5202,93.0228,193.0228,95,51,,,
2026-03-09T00:30:00.516321044+00:00,R0308_205043,SETTLE,S3,sol,sol-updown-5m-1773015900,0,82.19,,,0.01,,,,,,,,0.01,,,,,,,,,,,0.049,,,81.83,82.18,0.432,UP,CL,0.99,0,0.3087,0.0291,-0.0641,92.4385,192.4385,94,52,,,
2026-03-09T00:45:12.028403085+00:00,R0308_205043,ENTRY,S3,xrp,xrp-updown-5m-1773017100,288,1.35,0.49,0.47,0.02,25,36,47,51,0,0.53,0.51,0.02,36,25,51,47,0,0.491,0.531,5,5,,,,,,,,,,,,,,,,,,,,,
2026-03-09T00:45:15.660226420+00:00,R0308_200647,ENTRY,S3,xrp,xrp-updown-5m-1773017100,285,1.35,0.48,0.47,0.01,6.5,68,47,52,0,0.53,0.52,0.01,68,6.5,52,47,0,0.481,0.531,5,5,,,,,,,,,,,,,,,,,,,,,
2026-03-09T00:45:17.743580840+00:00,R0308_200647,ENTRY,S3,eth,eth-updown-5m-1773017100,283,1955.67,0.49,0.48,0.01,61,5,48,51,0,0.52,0.51,0.01,5,61,51,48,0,0.491,0.521,5,5,,,,,,,,,,,,,,,,,,,,,
2026-03-09T00:45:18.379425759+00:00,R0308_205043,ENTRY,S3,btc,btc-updown-5m-1773017100,282,66447.29,0.49,0.47,0.02,10,52.1,47,51,0,0.53,0.51,0.02,52.1,10,51,47,0,0.491,0.531,5,5,,,,,,,,,,,,,,,,,,,,,
2026-03-09T00:45:18.379604137+00:00,R0308_205043,ENTRY,S3,eth,eth-updown-5m-1773017100,282,1955.67,0.49,0.48,0.01,21,75.5,48,51,0,0.52,0.51,0.01,75.5,21,51,48,0,0.491,0.521,5,5,,,,,,,,,,,,,,,,,,,,,
2026-03-09T00:45:18.780730693+00:00,R0308_200647,ENTRY,S3,btc,btc-updown-5m-1773017100,282,66447.29,0.51,0.5,0.01,395.4,114.6,48,49,0,0.5,0.49,0.01,114.6,395.4,49,48,0,0.511,0.501,5,5,,,,,,,,,,,,,,,,,,,,,
2026-03-09T00:45:48.707967531+00:00,R0308_205043,ENTRY,S3,sol,sol-updown-5m-1773017100,252,82.62,0.49,0.48,0.01,43.5,31,47,51,0,0.52,0.51,0.01,31,43.5,51,47,0,0.491,0.521,5,5,,,,,,,,,,,,,,,,,,,,,
2026-03-09T00:45:49.503885516+00:00,R0308_200647,ENTRY,S3,sol,sol-updown-5m-1773017100,251,82.62,0.49,0.48,0.01,43.5,8,47,51,0,0.52,0.51,0.01,8,43.5,51,47,0,0.491,0.521,5,5,,,,,,,,,,,,,,,,,,,,,
2026-03-09T00:49:31.216290157+00:00,R0308_200647,DUMP,S3,sol,sol-updown-5m-1773017100,29,82.53,,,,,,,,,,,,,5,,5,92,,,,,UP,0.04,0.05,REAL,0.4073,82.63,82.5,-0.1615,,,,,,,,,,,,,MAKER_FILL
2026-03-09T00:49:31.216392402+00:00,R0308_200647,DUMP,S3,btc,btc-updown-5m-1773017100,29,66381.45,,,,,,,,,,,,,80.2,,9,90,,,,,UP,0.06,0.09,REAL,0.5871,66448.34,66371.92,-0.115,,,,,,,,,,,,,MAKER_FILL
2026-03-09T00:49:31.560200283+00:00,R0308_205043,DUMP,S3,btc,btc-updown-5m-1773017100,29,66381.46,,,,,,,,,,,,,13.1,,8,90,,,,,UP,0.07,0.08,REAL,0.7128,66448.34,66371.92,-0.115,,,,,,,,,,,,,MAKER_FILL
2026-03-09T00:49:32.597556786+00:00,R0308_205043,DUMP,S3,xrp,xrp-updown-5m-1773017100,28,1.35,,,,,,,,,,,,,14.3,,6,91,,,,,UP,0.06,0.07,REAL,0.611,1.35,1.35,-0.1196,,,,,,,,,,,,,MAKER_FILL
2026-03-09T00:49:32.597649696+00:00,R0308_205043,DUMP,S3,eth,eth-updown-5m-1773017100,28,1953.07,,,,,,,,,,,,,72.8,,3,96,,,,,UP,0.03,0.03,REAL,0.3055,1955.71,1952.75,-0.1511,,,,,,,,,,,,,MAKER_FILL
2026-03-09T00:49:33.319332497+00:00,R0308_200647,DUMP,S3,xrp,xrp-updown-5m-1773017100,27,1.35,,,,,,,,,,,,,40,,5,91,,,,,UP,0.049,0.05,REAL,0.5094,1.35,1.35,-0.1123,,,,,,,,,,,,,TAKER_FORCE
2026-03-09T00:49:33.319417065+00:00,R0308_200647,DUMP,S3,eth,eth-updown-5m-1773017100,27,1953.06,,,,,,,,,,,,,746.6,,2,96,,,,,UP,0.019,0.02,REAL,0.1935,1955.71,1953.02,-0.1373,,,,,,,,,,,,,TAKER_FORCE
2026-03-09T00:49:33.637717801+00:00,R0308_205043,DUMP,S3,sol,sol-updown-5m-1773017100,27,82.53,,,,,,,,,,,,,45.7,,3,96,,,,,UP,0.029,0.03,REAL,0.2953,82.63,82.52,-0.1389,,,,,,,,,,,,,TAKER_FORCE
2026-03-09T00:50:00.792346268+00:00,R0308_200647,SETTLE,S3,xrp,xrp-updown-5m-1773017100,0,1.35,,,0.01,,,,,,,,0.01,,,,,,,,,,,0.049,,,1.35,1.35,-0.1049,DOWN,CL,0,0.99,0.3087,0.0303,-0.4135,125.714,225.714,125,58,,,
2026-03-09T00:50:00.792451778+00:00,R0308_200647,SETTLE,S3,eth,eth-updown-5m-1773017100,0,1953.03,,,0.01,,,,,,,,0.01,,,,,,,,,,,0.019,,,1955.71,1953.09,-0.1341,DOWN,CL,0,0.99,0.3088,0.0119,-0.5302,125.5973,225.5973,125,58,,,
2026-03-09T00:50:00.792505749+00:00,R0308_200647,SETTLE,S3,sol,sol-updown-5m-1773017100,0,82.52,,,0.01,,,,,,,,0.01,,,,,,,,,,,0.04,,,82.63,82.52,-0.1401,DOWN,CL,0,0.99,0.3088,0.0244,-0.3289,125.7985,225.7985,125,58,,,
2026-03-09T00:50:00.792538468+00:00,R0308_200647,SETTLE,S3,btc,btc-updown-5m-1773017100,0,66372.74,,,0.01,,,,,,,,0.01,,,,,,,,,,,0.06,,,66448.34,66374.26,-0.1115,DOWN,CL,0,0.99,0.3087,0.0345,0.2239,126.3514,226.3514,126,57,,,
2026-03-09T00:50:00.864381140+00:00,R0308_205043,SETTLE,S3,btc,btc-updown-5m-1773017100,0,66372.74,,,0.02,,,,,,,,0.02,,,,,,,,,,,0.07,,,66448.34,66374.26,-0.1115,DOWN,CL,0,0.99,0.3056,0.0414,-0.218,93.2556,193.2556,96,54,,,
2026-03-09T00:50:00.864508391+00:00,R0308_205043,SETTLE,S3,xrp,xrp-updown-5m-1773017100,0,1.35,,,0.02,,,,,,,,0.02,,,,,,,,,,,0.06,,,1.35,1.35,-0.1049,DOWN,CL,0,0.99,0.3056,0.0359,-0.3143,93.1593,193.1593,96,54,,,
2026-03-09T00:50:00.864550696+00:00,R0308_205043,SETTLE,S3,eth,eth-updown-5m-1773017100,0,1953.03,,,0.01,,,,,,,,0.01,,,,,,,,,,,0.03,,,1955.71,1953.09,-0.1341,DOWN,CL,0,0.99,0.3088,0.0185,-0.4248,93.0488,193.0488,96,54,,,
2026-03-09T00:50:00.864592449+00:00,R0308_205043,SETTLE,S3,sol,sol-updown-5m-1773017100,0,82.52,,,0.01,,,,,,,,0.01,,,,,,,,,,,0.029,,,82.63,82.52,-0.1401,DOWN,CL,0,0.99,0.3088,0.0179,-0.4344,93.0392,193.0392,96,54,,,
2026-03-09T00:51:03.253985629+00:00,R0308_200647,ENTRY,S3,eth,eth-updown-5m-1773017400,237,1953.16,0.51,0.5,0.01,10,14,50,45,0,0.5,0.49,0.01,14,10,46,50,0,0.511,0.501,5,5,,,,,,,,,,,,,,,,,,,,,
2026-03-09T00:51:03.254136436+00:00,R0308_200647,ENTRY,S3,sol,sol-updown-5m-1773017400,237,82.53,0.52,0.49,0.03,72,17.4,49,48,0,0.51,0.48,0.03,17.4,72,48,49,0,0.521,0.511,5,5,,,,,,,,,,,,,,,,,,,WIDE_SPREAD_UP|WIDE_SPREAD_DN,,
2026-03-09T00:51:03.862774868+00:00,R0308_205043,ENTRY,S3,eth,eth-updown-5m-1773017400,237,1953.16,0.5,0.49,0.01,18,93.5,49,50,0,0.51,0.5,0.01,93.5,18,50,49,0,0.501,0.511,5,5,,,,,,,,,,,,,,,,,,,,,
2026-03-09T00:51:03.862947049+00:00,R0308_205043,ENTRY,S3,sol,sol-updown-5m-1773017400,237,82.53,0.5,0.49,0.01,10,20,49,50,0,0.51,0.5,0.01,20,10,50,49,0,0.501,0.511,5,5,,,,,,,,,,,,,,,,,,,,,
2026-03-09T00:51:03.863053628+00:00,R0308_205043,ENTRY,S3,xrp,xrp-updown-5m-1773017400,237,1.35,0.51,0.5,0.01,33,14.6,50,49,0,0.5,0.49,0.01,14.6,33,49,50,0,0.511,0.501,5,5,,,,,,,,,,,,,,,,,,,,,
2026-03-09T00:51:04.291726142+00:00,R0308_200647,ENTRY,S3,xrp,xrp-updown-5m-1773017400,236,1.35,0.51,0.5,0.01,65,22.6,50,49,0,0.5,0.49,0.01,22.6,65,49,50,0,0.511,0.501,5,5,,,,,,,,,,,,,,,,,,,,,
2026-03-09T00:51:05.016411504+00:00,R0308_205043,ENTRY,S3,btc,btc-updown-5m-1773017400,235,66385.65,0.53,0.51,0.02,201.7,94.8,51,47,0,0.49,0.47,0.02,94.8,201.7,47,51,0,0.531,0.491,5,5,,,,,,,,,,,,,,,,,,,,,
2026-03-09T00:51:05.385623813+00:00,R0308_200647,ENTRY,S3,btc,btc-updown-5m-1773017400,235,66385.65,0.52,0.51,0.01,70.2,50,51,48,0,0.49,0.48,0.01,50,70.2,48,51,0,0.521,0.491,5,5,,,,,,,,,,,,,,,,,,,,,
2026-03-09T00:54:33.137406705+00:00,R0308_200647,DUMP,S3,sol,sol-updown-5m-1773017400,27,82.28,,,,,,,,,,,,,0,,0,99,,,,,UP,0.099,0.1,EST,0.9501,82.51,82.27,-0.29,,,,,,,,,,,,,TAKER_FORCE|EST_BID
2026-03-09T00:54:33.137553617+00:00,R0308_200647,DUMP,S3,eth,eth-updown-5m-1773017400,27,1947.9,,,,,,,,,,,,,0,,0,99,,,,,UP,0.099,0.1,EST,0.9687,1952.99,1947.61,-0.2755,,,,,,,,,,,,,TAKER_FORCE|EST_BID
2026-03-09T00:54:33.137573146+00:00,R0308_200647,DUMP,S3,btc,btc-updown-5m-1773017400,27,66296.99,,,,,,,,,,,,,94.9,,4,95,,,,,UP,0.039,0.04,REAL,0.3743,66376.6,66303.23,-0.1105,,,,,,,,,,,,,TAKER_FORCE
2026-03-09T00:54:33.137592806+00:00,R0308_200647,DUMP,S3,xrp,xrp-updown-5m-1773017400,27,1.35,,,,,,,,,,,,,578.7,,1,98,,,,,UP,0.01,0.01,REAL,0.0978,1.35,1.35,-0.1797,,,,,,,,,,,,,TAKER_FORCE
2026-03-09T00:54:33.946234869+00:00,R0308_205043,DUMP,S3,sol,sol-updown-5m-1773017400,27,82.31,,,,,,,,,,,,,0,,0,99,,,,,UP,0.099,0.1,EST,0.988,82.51,82.28,-0.2768,,,,,,,,,,,,,TAKER_FORCE|EST_BID
2026-03-09T00:54:33.946345876+00:00,R0308_205043,DUMP,S3,xrp,xrp-updown-5m-1773017400,27,1.35,,,,,,,,,,,,,495.7,,1,98,,,,,UP,0.01,0.01,REAL,0.0978,1.35,1.35,-0.177,,,,,,,,,,,,,TAKER_FORCE
2026-03-09T00:54:33.946368330+00:00,R0308_205043,DUMP,S3,btc,btc-updown-5m-1773017400,27,66306.7,,,,,,,,,,,,,1589.9,,3,96,,,,,UP,0.029,0.03,REAL,0.2731,66376.6,66294.39,-0.1239,,,,,,,,,,,,,TAKER_FORCE
2026-03-09T00:54:33.946388490+00:00,R0308_205043,DUMP,S3,eth,eth-updown-5m-1773017400,27,1947.99,,,,,,,,,,,,,0,,0,99,,,,,UP,0.099,0.1,EST,0.988,1952.99,1947.65,-0.2737,,,,,,,,,,,,,TAKER_FORCE|EST_BID
2026-03-09T00:55:00.222054711+00:00,R0308_205043,SETTLE,S3,sol,sol-updown-5m-1773017400,0,82.32,,,0.01,,,,,,,,0.01,,,,,,,,,,,0.099,,,82.51,82.31,-0.2464,DOWN,CL,0,0.99,0.3087,0.0556,0.4084,92.4904,192.4904,97,57,,,
2026-03-09T00:55:00.222164978+00:00,R0308_205043,SETTLE,S3,xrp,xrp-updown-5m-1773017400,0,1.35,,,0.01,,,,,,,,0.01,,,,,,,,,,,0.01,,,1.35,1.35,-0.1593,DOWN,CL,0,0.99,0.3087,0.0061,-0.2369,91.8451,191.8451,96,58,,,
2026-03-09T00:55:00.222209234+00:00,R0308_205043,SETTLE,S3,btc,btc-updown-5m-1773017400,0,66324.53,,,0.02,,,,,,,,0.02,,,,,,,,,,,0.029,,,66376.6,66321.18,-0.0835,DOWN,CL,0,0.99,0.3056,0.0166,0.1342,92.2162,192.2162,97,57,,,
2026-03-09T00:55:00.222250277+00:00,R0308_205043,SETTLE,S3,eth,eth-updown-5m-1773017400,0,1948.45,,,0.01,,,,,,,,0.01,,,,,,,,,,,0.099,,,1952.99,1948.39,-0.2355,DOWN,CL,0,0.99,0.3087,0.0556,0.4084,92.4904,192.4904,97,57,,,
2026-03-09T00:55:00.449143802+00:00,R0308_200647,SETTLE,S3,sol,sol-updown-5m-1773017400,0,82.32,,,0.03,,,,,,,,0.03,,,,,,,,,,,0.099,,,82.51,82.31,-0.2464,DOWN,CL,0,0.99,0.3025,0.0535,0.3788,125.4576,225.4576,127,60,,,
2026-03-09T00:55:00.449241600+00:00,R0308_200647,SETTLE,S3,eth,eth-updown-5m-1773017400,0,1948.45,,,0.01,,,,,,,,0.01,,,,,,,,,,,0.099,,,1952.99,1948.39,-0.2355,DOWN,CL,0,0.99,0.3087,0.0545,0.5854,125.6642,225.6642,127,60,,,
2026-03-09T00:55:00.449284394+00:00,R0308_200647,SETTLE,S3,btc,btc-updown-5m-1773017400,0,66324.53,,,0.01,,,,,,,,0.01,,,,,,,,,,,0.039,,,66376.6,66321.18,-0.0835,DOWN,CL,0,0.99,0.3088,0.0225,0.2263,125.3051,225.3051,127,60,,,
2026-03-09T00:55:00.449326378+00:00,R0308_200647,SETTLE,S3,xrp,xrp-updown-5m-1773017400,0,1.35,,,0.01,,,,,,,,0.01,,,,,,,,,,,0.01,,,1.35,1.35,-0.1593,DOWN,CL,0,0.99,0.3087,0.0061,-0.2369,124.8418,224.8418,126,61,,,
2026-03-09T00:55:10.003981081+00:00,R0308_200647,ENTRY,S3,eth,eth-updown-5m-1773017700,290,1948.29,0.49,0.48,0.01,135,35,48,51,0,0.52,0.51,0.01,35,135,51,48,0,0.491,0.521,5,5,,,,,,,,,,,,,,,,,,,,,
2026-03-09T00:55:10.004122865+00:00,R0308_200647,ENTRY,S3,sol,sol-updown-5m-1773017700,290,82.3,0.49,0.48,0.01,78.7,25,48,51,0,0.52,0.51,0.01,25,78.7,51,48,0,0.491,0.521,5,5,,,,,,,,,,,,,,,,,,,,,
2026-03-09T00:55:10.703903444+00:00,R0308_205043,ENTRY,S3,btc,btc-updown-5m-1773017700,290,66315.17,0.48,0.47,0.01,345.7,46.8,47,52,0,0.53,0.52,0.01,46.8,345.7,52,47,0,0.481,0.531,5,5,,,,,,,,,,,,,,,,,,,,,
2026-03-09T00:55:10.704025749+00:00,R0308_205043,ENTRY,S3,eth,eth-updown-5m-1773017700,290,1948.29,0.5,0.49,0.01,95,66,49,50,0,0.51,0.5,0.01,66,95,50,49,0,0.501,0.511,5,5,,,,,,,,,,,,,,,,,,,,,
2026-03-09T00:55:10.704087973+00:00,R0308_205043,ENTRY,S3,sol,sol-updown-5m-1773017700,290,82.3,0.49,0.48,0.01,78.7,56.6,48,51,0,0.52,0.51,0.01,56.6,78.7,51,48,0,0.491,0.521,5,5,,,,,,,,,,,,,,,,,,,,,
2026-03-09T00:55:10.704117197+00:00,R0308_205043,ENTRY,S3,xrp,xrp-updown-5m-1773017700,290,1.35,0.48,0.47,0.01,10,21,47,52,0,0.53,0.52,0.01,21,10,52,47,0,0.481,0.531,5,5,,,,,,,,,,,,,,,,,,,,,
2026-03-09T00:55:11.042943607+00:00,R0308_200647,ENTRY,S3,btc,btc-updown-5m-1773017700,289,66315.17,0.48,0.47,0.01,267,36.8,47,52,0,0.53,0.52,0.01,36.8,267,52,47,0,0.481,0.531,5,5,,,,,,,,,,,,,,,,,,,,,
2026-03-09T00:55:11.043044760+00:00,R0308_200647,ENTRY,S3,xrp,xrp-updown-5m-1773017700,289,1.35,0.48,0.47,0.01,24,21,47,52,0,0.53,0.52,0.01,21,24,52,47,0,0.481,0.531,5,5,,,,,,,,,,,,,,,,,,,,,
2026-03-09T00:59:32.710025731+00:00,R0308_200647,DUMP,S3,xrp,xrp-updown-5m-1773017700,28,1.35,,,,,,,,,,,,,28,,21,77,,,,,DN,0.21,0.22,REAL,1.9774,1.35,1.35,0.025,,,,,,,,,,,,,MAKER_FILL
2026-03-09T00:59:33.337421763+00:00,R0308_205043,DUMP,S3,sol,sol-updown-5m-1773017700,27,82.37,,,,,,,,,,,,,9.3,,15,82,,,,,DN,0.149,0.15,REAL,1.4299,82.32,82.35,0.044,,,,,,,,,,,,,TAKER_FORCE
2026-03-09T00:59:33.337533852+00:00,R0308_205043,DUMP,S3,eth,eth-updown-5m-1773017700,27,1951.21,,,,,,,,,,,,,632.3,,2,97,,,,,DN,0.019,0.02,REAL,0.1859,1948.52,1951.11,0.1332,,,,,,,,,,,,,TAKER_FORCE
2026-03-09T00:59:33.337576917+00:00,R0308_205043,DUMP,S3,xrp,xrp-updown-5m-1773017700,27,1.35,,,,,,,,,,,,,34.6,,20,77,,,,,DN,0.199,0.2,REAL,1.8738,1.35,1.35,0.0265,,,,,,,,,,,,,TAKER_FORCE
2026-03-09T00:59:33.337618820+00:00,R0308_205043,DUMP,S3,btc,btc-updown-5m-1773017700,27,66389.11,,,,,,,,,,,,,3718,,2,96,,,,,DN,0.019,0.02,REAL,0.1789,66324.15,66380.52,0.085,,,,,,,,,,,,,TAKER_FORCE
2026-03-09T00:59:33.744221417+00:00,R0308_200647,DUMP,S3,btc,btc-updown-5m-1773017700,27,66389.11,,,,,,,,,,,,,3892.9,,2,97,,,,,DN,0.019,0.02,REAL,0.1789,66324.15,66380.52,0.085,,,,,,,,,,,,,TAKER_FORCE
2026-03-09T00:59:33.744305865+00:00,R0308_200647,DUMP,S3,sol,sol-updown-5m-1773017700,27,82.37,,,,,,,,,,,,,36,,16,82,,,,,DN,0.15,0.16,REAL,1.4395,82.32,82.35,0.044,,,,,,,,,,,,,MAKER_FILL
2026-03-09T00:59:33.744367247+00:00,R0308_200647,DUMP,S3,eth,eth-updown-5m-1773017700,27,1951.21,,,,,,,,,,,,,632.3,,2,97,,,,,DN,0.019,0.02,REAL,0.1823,1948.52,1951.11,0.1332,,,,,,,,,,,,,TAKER_FORCE
2026-03-09T01:00:00.581974476+00:00,R0308_205043,SETTLE,S3,sol,sol-updown-5m-1773017700,0,82.35,,,0.01,,,,,,,,0.01,,,,,,,,,,,0.149,,,82.32,82.34,0.0274,UP,CL,0.99,0,0.3088,0.0761,1.2284,94.0244,194.0244,100,58,,,
2026-03-09T01:00:00.582092314+00:00,R0308_205043,SETTLE,S3,eth,eth-updown-5m-1773017700,0,1950.99,,,0.01,,,,,,,,0.01,,,,,,,,,,,0.019,,,1948.52,1950.95,0.1249,UP,CL,0.99,0,0.3087,0.0114,-0.1542,92.6418,192.6418,99,59,,,
2026-03-09T01:00:00.582152405+00:00,R0308_205043,SETTLE,S3,xrp,xrp-updown-5m-1773017700,0,1.35,,,0.01,,,,,,,,0.01,,,,,,,,,,,0.199,,,1.35,1.35,0.0049,UP,CL,0.99,0,0.3087,0.0938,1.8663,94.6623,194.6623,100,58,,,
2026-03-09T01:00:00.582211594+00:00,R0308_205043,SETTLE,S3,btc,btc-updown-5m-1773017700,0,66370.01,,,0.01,,,,,,,,0.01,,,,,,,,,,,0.019,,,66324.15,66365.98,0.0631,UP,CL,0.99,0,0.3087,0.011,0.2542,93.0502,193.0502,100,58,,,
2026-03-09T01:00:00.971582302+00:00,R0308_200647,SETTLE,S3,xrp,xrp-updown-5m-1773017700,0,1.35,,,0.01,,,,,,,,0.01,,,,,,,,,,,0.21,,,1.35,1.35,0.0042,UP,CL,0.99,0,0.3087,0.0976,1.966,127.9985,227.9985,130,61,,,
2026-03-09T01:00:00.971731657+00:00,R0308_200647,SETTLE,S3,btc,btc-updown-5m-1773017700,0,66370.44,,,0.01,,,,,,,,0.01,,,,,,,,,,,0.019,,,66324.15,66365.63,0.0625,UP,CL,0.99,0,0.3087,0.011,0.2542,126.2866,226.2866,130,61,,,
2026-03-09T01:00:00.971883967+00:00,R0308_200647,SETTLE,S3,sol,sol-updown-5m-1773017700,0,82.35,,,0.01,,,,,,,,0.01,,,,,,,,,,,0.15,,,82.32,82.34,0.0291,UP,CL,0.99,0,0.3088,0.0765,1.2376,127.2701,227.2701,130,61,,,
2026-03-09T01:00:00.971962495+00:00,R0308_200647,SETTLE,S3,eth,eth-updown-5m-1773017700,0,1951.06,,,0.01,,,,,,,,0.01,,,,,,,,,,,0.019,,,1948.52,1950.92,0.1232,UP,CL,0.99,0,0.3088,0.0112,0.0457,126.0782,226.0782,130,61,,,
2026-03-09T01:00:10.021650460+00:00,R0308_205043,ENTRY,S3,btc,btc-updown-5m-1773018000,290,66367.78,0.5,0.49,0.01,142,392.7,49,50,0,0.51,0.5,0.01,392.7,142,50,49,0,0.501,0.511,5,5,,,,,,,,,,,,,,,,,,,,,
2026-03-09T01:00:10.417185787+00:00,R0308_200647,ENTRY,S3,btc,btc-updown-5m-1773018000,290,66362.9,0.5,0.49,0.01,138.8,1165.7,49,50,0,0.51,0.5,0.01,1165.7,138.8,50,49,0,0.501,0.511,5,5,,,,,,,,,,,,,,,,,,,,,
2026-03-09T01:00:10.417347080+00:00,R0308_200647,ENTRY,S3,sol,sol-updown-5m-1773018000,290,82.36,0.53,0.52,0.01,19.6,82.6,52,47,0,0.48,0.47,0.01,82.6,19.6,47,52,0,0.531,0.481,5,5,,,,,,,,,,,,,,,,,,,,,
2026-03-09T01:00:11.051951394+00:00,R0308_205043,ENTRY,S3,sol,sol-updown-5m-1773018000,289,82.36,0.52,0.51,0.01,23,33.7,51,48,0,0.49,0.48,0.01,33.7,23,48,51,0,0.521,0.491,5,5,,,,,,,,,,,,,,,,,,,,,
2026-03-09T01:00:12.082332950+00:00,R0308_205043,ENTRY,S3,xrp,xrp-updown-5m-1773018000,288,1.35,0.52,0.51,0.01,83,8,51,48,0,0.49,0.48,0.01,8,83,48,51,0,0.521,0.491,5,5,,,,,,,,,,,,,,,,,,,,,
2026-03-09T01:00:12.491994381+00:00,R0308_200647,ENTRY,S3,xrp,xrp-updown-5m-1773018000,288,1.35,0.53,0.51,0.02,145.7,8,51,47,0,0.49,0.47,0.02,8,145.7,47,51,0,0.531,0.491,5,5,,,,,,,,,,,,,,,,,,,,,
2026-03-09T01:00:59.596535613+00:00,R0308_200647,ENTRY,S3,eth,eth-updown-5m-1773018000,241,1951.45,0.53,0.52,0.01,433,109.5,52,47,0,0.48,0.47,0.01,109.5,433,47,52,0,0.531,0.481,5,5,,,,,,,,,,,,,,,,,,,,,
2026-03-09T01:01:00.422111873+00:00,R0308_205043,ENTRY,S3,eth,eth-updown-5m-1773018000,240,1950.83,0.49,0.48,0.01,58,28,48,51,0,0.52,0.51,0.01,28,58,51,48,0,0.491,0.521,5,5,,,,,,,,,,,,,,,,,,,,,
2026-03-09T01:04:32.906990008+00:00,R0308_205043,DUMP,S3,eth,eth-updown-5m-1773018000,28,1949.12,,,,,,,,,,,,,405.7,,8,91,,,,,UP,0.08,0.08,REAL,0.8147,1951.1,1949.07,-0.1038,,,,,,,,,,,,,MAKER_FILL
2026-03-09T01:04:33.392032827+00:00,R0308_200647,DUMP,S3,btc,btc-updown-5m-1773018000,27,66280.31,,,,,,,,,,,,,1844.9,,2,97,,,,,UP,0.019,0.02,REAL,0.1896,66374.59,66279.01,-0.144,,,,,,,,,,,,,TAKER_FORCE
2026-03-09T01:04:33.392137977+00:00,R0308_200647,DUMP,S3,xrp,xrp-updown-5m-1773018000,27,1.35,,,,,,,,,,,,,0,,0,99,,,,,UP,0.099,0.1,EST,0.9322,1.35,1.35,-0.1952,,,,,,,,,,,,,TAKER_FORCE|EST_BID
2026-03-09T01:04:33.392196244+00:00,R0308_200647,DUMP,S3,sol,sol-updown-5m-1773018000,27,82.14,,,,,,,,,,,,,0,,0,99,,,,,UP,0.099,0.1,EST,0.9322,82.35,82.14,-0.2438,,,,,,,,,,,,,TAKER_FORCE|EST_BID
2026-03-09T01:04:33.392254763+00:00,R0308_200647,DUMP,S3,eth,eth-updown-5m-1773018000,27,1949.13,,,,,,,,,,,,,5,,9,89,,,,,UP,0.08,0.09,REAL,0.7533,1951.1,1949.08,-0.1034,,,,,,,,,,,,,MAKER_FILL
2026-03-09T01:04:33.947065424+00:00,R0308_205043,DUMP,S3,btc,btc-updown-5m-1773018000,27,66280.31,,,,,,,,,,,,,1425.4,,2,97,,,,,UP,0.019,0.02,REAL,0.1896,66374.59,66279.01,-0.144,,,,,,,,,,,,,TAKER_FORCE
2026-03-09T01:04:33.947165094+00:00,R0308_205043,DUMP,S3,xrp,xrp-updown-5m-1773018000,27,1.35,,,,,,,,,,,,,0,,0,99,,,,,UP,0.099,0.1,EST,0.9501,1.35,1.35,-0.1952,,,,,,,,,,,,,TAKER_FORCE|EST_BID
2026-03-09T01:04:33.947207448+00:00,R0308_205043,DUMP,S3,sol,sol-updown-5m-1773018000,27,82.14,,,,,,,,,,,,,0,,0,99,,,,,UP,0.099,0.1,EST,0.9501,82.35,82.14,-0.2438,,,,,,,,,,,,,TAKER_FORCE|EST_BID
2026-03-09T01:05:00.137592761+00:00,R0308_205043,SETTLE,S3,btc,btc-updown-5m-1773018000,0,66244.35,,,0.01,,,,,,,,0.01,,,,,,,,,,,0.019,,,66374.59,66243.36,-0.1977,DOWN,CL,0,0.99,0.3087,0.0116,-0.346,95.6447,195.6447,102,60,,,
2026-03-09T01:05:00.137738231+00:00,R0308_205043,SETTLE,S3,xrp,xrp-updown-5m-1773018000,0,1.35,,,0.01,,,,,,,,0.01,,,,,,,,,,,0.099,,,1.35,1.35,-0.2509,DOWN,CL,0,0.99,0.3088,0.0535,0.7711,96.7618,196.7618,103,59,,,
2026-03-09T01:05:00.137833224+00:00,R0308_205043,SETTLE,S3,eth,eth-updown-5m-1773018000,0,1948.11,,,0.01,,,,,,,,0.01,,,,,,,,,,,0.08,,,1951.1,1947.87,-0.1652,DOWN,CL,0,0.99,0.3088,0.0468,0.056,96.0467,196.0467,103,59,,,
2026-03-09T01:05:00.137875808+00:00,R0308_205043,SETTLE,S3,sol,sol-updown-5m-1773018000,0,82.09,,,0.01,,,,,,,,0.01,,,,,,,,,,,0.099,,,82.35,82.09,-0.3155,DOWN,CL,0,0.99,0.3088,0.0535,0.7711,96.7618,196.7618,103,59,,,
2026-03-09T01:05:00.548693124+00:00,R0308_200647,SETTLE,S3,btc,btc-updown-5m-1773018000,0,66244.34,,,0.01,,,,,,,,0.01,,,,,,,,,,,0.019,,,66374.59,66243.36,-0.1977,DOWN,CL,0,0.99,0.3087,0.0116,-0.346,129.19,229.19,133,62,,,
2026-03-09T01:05:00.548810761+00:00,R0308_200647,SETTLE,S3,xrp,xrp-updown-5m-1773018000,0,1.35,,,0.02,,,,,,,,0.02,,,,,,,,,,,0.099,,,1.35,1.35,-0.2509,DOWN,CL,0,0.99,0.3056,0.0525,0.7574,130.2934,230.2934,134,61,,,
2026-03-09T01:05:00.548845243+00:00,R0308_200647,SETTLE,S3,sol,sol-updown-5m-1773018000,0,82.09,,,0.01,,,,,,,,0.01,,,,,,,,,,,0.099,,,82.35,82.09,-0.3155,DOWN,CL,0,0.99,0.3087,0.0525,0.966,130.502,230.502,134,61,,,
2026-03-09T01:05:00.548878934+00:00,R0308_200647,SETTLE,S3,eth,eth-updown-5m-1773018000,0,1948.12,,,0.01,,,,,,,,0.01,,,,,,,,,,,0.08,,,1951.1,1947.9,-0.1638,DOWN,CL,0,0.99,0.3087,0.0433,0.7962,130.3322,230.3322,134,61,,,
2026-03-09T01:05:38.936637663+00:00,R0308_205043,ENTRY,S3,btc,btc-updown-5m-1773018300,262,66239.95,0.5,0.49,0.01,8.9,186.8,47,50,0,0.51,0.5,0.01,186.8,8.9,50,47,0,0.501,0.511,5,5,,,,,,,,,,,,,,,,,,,,,
2026-03-09T01:05:39.346987380+00:00,R0308_200647,ENTRY,S3,btc,btc-updown-5m-1773018300,261,66239.94,0.5,0.47,0.03,102.7,72.2,47,50,0,0.53,0.5,0.03,72.2,102.7,50,47,0,0.501,0.531,5,5,,,,,,,,,,,,,,,,,,,WIDE_SPREAD_UP|WIDE_SPREAD_DN,,
2026-03-09T01:05:43.594670131+00:00,R0308_200647,ENTRY,S3,eth,eth-updown-5m-1773018300,257,1947.69,0.48,0.47,0.01,44.2,5.4,47,52,0,0.53,0.52,0.01,5.4,44.2,52,47,0,0.481,0.531,5,5,,,,,,,,,,,,,,,,,,,,,
2026-03-09T01:05:43.594844554+00:00,R0308_200647,ENTRY,S3,sol,sol-updown-5m-1773018300,257,82.09,0.49,0.48,0.01,44.1,4.1,47,51,0,0.52,0.51,0.01,4.1,44.1,51,47,0,0.491,0.521,5,5,,,,,,,,,,,,,,,,,,,,,
2026-03-09T01:05:43.594909040+00:00,R0308_200647,ENTRY,S3,xrp,xrp-updown-5m-1773018300,257,1.35,0.48,0.47,0.01,51,2,47,52,0,0.53,0.52,0.01,2,51,52,47,0,0.481,0.531,5,5,,,,,,,,,,,,,,,,,,,,,
2026-03-09T01:05:44.103295465+00:00,R0308_205043,ENTRY,S3,eth,eth-updown-5m-1773018300,256,1947.96,0.5,0.48,0.02,140.5,1.6,48,50,0,0.52,0.5,0.02,1.6,140.5,50,48,0,0.501,0.521,5,5,,,,,,,,,,,,,,,,,,,,,
2026-03-09T01:05:54.579691244+00:00,R0308_205043,ENTRY,S3,sol,sol-updown-5m-1773018300,246,82.11,0.53,0.52,0.01,13.3,19,52,47,0,0.48,0.47,0.01,19,13.3,47,52,0,0.531,0.481,5,5,,,,,,,,,,,,,,,,,,,,,
2026-03-09T01:05:54.579846188+00:00,R0308_205043,ENTRY,S3,xrp,xrp-updown-5m-1773018300,246,1.35,0.52,0.51,0.01,3.4,33,51,47,0,0.49,0.48,0.01,33,3.4,47,51,0,0.521,0.491,5,5,,,,,,,,,,,,,,,,,,,,,
2026-03-09T01:09:33.045684445+00:00,R0308_200647,DUMP,S3,btc,btc-updown-5m-1773018300,27,66190.08,,,,,,,,,,,,,10,,11,88,,,,,UP,0.07,0.11,REAL,0.6986,66254.62,66189.41,-0.0984,,,,,,,,,,,,,MAKER_FILL
2026-03-09T01:09:33.045812608+00:00,R0308_200647,DUMP,S3,eth,eth-updown-5m-1773018300,27,1945.22,,,,,,,,,,,,,718.1,,2,97,,,,,UP,0.019,0.02,REAL,0.1975,1948.28,1945.63,-0.1364,,,,,,,,,,,,,TAKER_FORCE
2026-03-09T01:09:33.045855843+00:00,R0308_200647,DUMP,S3,xrp,xrp-updown-5m-1773018300,27,1.34,,,,,,,,,,,,,777.6,,1,98,,,,,UP,0.01,0.01,REAL,0.104,1.35,1.34,-0.183,,,,,,,,,,,,,TAKER_FORCE
2026-03-09T01:09:33.045897145+00:00,R0308_200647,DUMP,S3,sol,sol-updown-5m-1773018300,27,82.06,,,,,,,,,,,,,61.9,,27,68,,,,,UP,0.17,0.27,REAL,1.7312,82.11,82.06,-0.0605,,,,,,,,,,,,,MAKER_FILL
2026-03-09T01:09:33.083329790+00:00,R0308_205043,DUMP,S3,btc,btc-updown-5m-1773018300,27,66190.08,,,,,,,,,,,,,116.3,,10,89,,,,,UP,0.09,0.1,REAL,0.8982,66254.62,66189.41,-0.0984,,,,,,,,,,,,,MAKER_FILL
2026-03-09T01:09:33.083417002+00:00,R0308_205043,DUMP,S3,eth,eth-updown-5m-1773018300,27,1945.22,,,,,,,,,,,,,718.1,,2,97,,,,,UP,0.019,0.02,REAL,0.1896,1948.28,1945.63,-0.1364,,,,,,,,,,,,,TAKER_FORCE
2026-03-09T01:09:33.083449550+00:00,R0308_205043,DUMP,S3,sol,sol-updown-5m-1773018300,27,82.06,,,,,,,,,,,,,25,,28,68,,,,,UP,0.17,0.28,REAL,1.6008,82.11,82.06,-0.0605,,,,,,,,,,,,,MAKER_FILL
2026-03-09T01:09:33.083476260+00:00,R0308_205043,DUMP,S3,xrp,xrp-updown-5m-1773018300,27,1.34,,,,,,,,,,,,,777.6,,1,98,,,,,UP,0.01,0.01,REAL,0.096,1.35,1.34,-0.183,,,,,,,,,,,,,TAKER_FORCE
2026-03-09T01:10:00.322413034+00:00,R0308_205043,SETTLE,S3,btc,btc-updown-5m-1773018300,0,66237.06,,,0.01,,,,,,,,0.01,,,,,,,,,,,0.09,,,66254.62,66232.91,-0.0328,DOWN,CL,0,0.99,0.3087,0.0511,0.3231,97.5661,197.5661,106,60,,,
2026-03-09T01:10:00.322544643+00:00,R0308_205043,SETTLE,S3,eth,eth-updown-5m-1773018300,0,1946.54,,,0.02,,,,,,,,0.02,,,,,,,,,,,0.019,,,1948.28,1946.32,-0.1006,DOWN,CL,0,0.99,0.3056,0.0116,-0.5307,96.7123,196.7123,105,61,,,
2026-03-09T01:10:00.322585224+00:00,R0308_205043,SETTLE,S3,sol,sol-updown-5m-1773018300,0,82.11,,,0.01,,,,,,,,0.01,,,,,,,,,,,0.17,,,82.11,82.11,-0.0014,DOWN,CL,0.99,0,0.3087,0.083,1.604,98.8469,198.8469,106,60,,,
2026-03-09T01:10:00.322621490+00:00,R0308_205043,SETTLE,S3,xrp,xrp-updown-5m-1773018300,0,1.34,,,0.01,,,,,,,,0.01,,,,,,,,,,,0.01,,,1.35,1.34,-0.1784,DOWN,CL,0,0.99,0.3088,0.0059,-0.0354,97.2075,197.2075,105,61,,,
2026-03-09T01:10:00.391184243+00:00,R0308_200647,SETTLE,S3,btc,btc-updown-5m-1773018300,0,66237.06,,,0.03,,,,,,,,0.03,,,,,,,,,,,0.07,,,66254.62,66232.91,-0.0328,DOWN,CL,0,0.99,0.3025,0.0406,-0.2283,131.4813,231.4813,136,63,,,
2026-03-09T01:10:00.391255872+00:00,R0308_200647,SETTLE,S3,eth,eth-updown-5m-1773018300,0,1946.42,,,0.01,,,,,,,,0.01,,,,,,,,,,,0.019,,,1948.28,1946.32,-0.1006,DOWN,CL,0,0.99,0.3087,0.0121,-0.7072,131.0024,231.0024,136,63,,,
2026-03-09T01:10:00.391298366+00:00,R0308_200647,SETTLE,S3,xrp,xrp-updown-5m-1773018300,0,1.34,,,0.01,,,,,,,,0.01,,,,,,,,,,,0.01,,,1.35,1.34,-0.1784,DOWN,CL,0,0.99,0.3087,0.0064,-0.795,130.9145,230.9145,136,63,,,
2026-03-09T01:10:00.391337645+00:00,R0308_200647,SETTLE,S3,sol,sol-updown-5m-1773018300,0,82.11,,,0.01,,,,,,,,0.01,,,,,,,,,,,0.17,,,82.11,82.11,-0.0014,DOWN,CL,0.99,0,0.3088,0.0898,0.9295,132.6391,232.6391,137,62,,,
2026-03-09T01:10:14.952407626+00:00,R0308_205043,ENTRY,S3,eth,eth-updown-5m-1773018600,286,1946.43,0.49,0.48,0.01,64,8.4,48,51,0,0.52,0.51,0.01,8.4,64,51,48,0,0.491,0.521,5,5,,,,,,,,,,,,,,,,,,,,,
2026-03-09T01:10:14.952554748+00:00,R0308_205043,ENTRY,S3,sol,sol-updown-5m-1773018600,286,82.12,0.53,0.52,0.01,14,53.2,52,47,0,0.48,0.47,0.01,53.2,14,47,52,0,0.531,0.481,5,5,,,,,,,,,,,,,,,,,,,,,
2026-03-09T01:10:15.030282145+00:00,R0308_200647,ENTRY,S3,eth,eth-updown-5m-1773018600,285,1946.32,0.49,0.48,0.01,41,17.1,48,51,0,0.52,0.51,0.01,17.1,41,51,48,0,0.491,0.521,5,5,,,,,,,,,,,,,,,,,,,,,
2026-03-09T01:10:15.030460414+00:00,R0308_200647,ENTRY,S3,sol,sol-updown-5m-1773018600,285,82.12,0.53,0.51,0.02,49,53.2,51,47,0,0.49,0.47,0.02,53.2,49,47,51,0,0.531,0.491,5,5,,,,,,,,,,,,,,,,,,,,,
2026-03-09T01:10:15.983546494+00:00,R0308_205043,ENTRY,S3,xrp,xrp-updown-5m-1773018600,285,1.34,0.52,0.51,0.01,147.6,120.8,51,48,0,0.49,0.48,0.01,120.8,147.6,48,51,0,0.521,0.491,5,5,,,,,,,,,,,,,,,,,,,,,
2026-03-09T01:10:16.185482650+00:00,R0308_200647,ENTRY,S3,xrp,xrp-updown-5m-1773018600,284,1.34,0.51,0.49,0.02,10,44.2,49,49,0,0.51,0.49,0.02,44.2,10,49,49,0,0.511,0.511,5,5,,,,,,,,,,,,,,,,,,,,,
2026-03-09T01:10:19.288285399+00:00,R0308_200647,ENTRY,S3,btc,btc-updown-5m-1773018600,281,66237.6,0.51,0.5,0.01,122.1,32,50,48,0,0.5,0.49,0.01,32,122.1,48,50,0,0.511,0.501,5,5,,,,,,,,,,,,,,,,,,,,,
2026-03-09T01:10:20.250457452+00:00,R0308_205043,ENTRY,S3,btc,btc-updown-5m-1773018600,280,66232.39,0.52,0.51,0.01,34.2,693.6,51,48,0,0.49,0.48,0.01,693.6,34.2,48,51,0,0.521,0.491,5,5,,,,,,,,,,,,,,,,,,,,,
2026-03-09T01:14:33.364850304+00:00,R0308_205043,DUMP,S3,btc,btc-updown-5m-1773018600,27,66360.09,,,,,,,,,,,,,0,,0,99,,,,,DN,0.099,0.1,EST,1.0081,66221.22,66377.21,0.2356,,,,,,,,,,,,,TAKER_FORCE|EST_BID
2026-03-09T01:14:33.364971657+00:00,R0308_205043,DUMP,S3,eth,eth-updown-5m-1773018600,27,1950.45,,,,,,,,,,,,,0,,0,99,,,,,DN,0.099,0.1,EST,0.9501,1946.1,1950.87,0.2453,,,,,,,,,,,,,TAKER_FORCE|EST_BID
2026-03-09T01:14:33.365032259+00:00,R0308_205043,DUMP,S3,sol,sol-updown-5m-1773018600,27,82.25,,,,,,,,,,,,,169.2,,2,97,,,,,DN,0.019,0.02,REAL,0.1975,82.1,82.26,0.1922,,,,,,,,,,,,,TAKER_FORCE
2026-03-09T01:14:33.365094593+00:00,R0308_205043,DUMP,S3,xrp,xrp-updown-5m-1773018600,27,1.35,,,,,,,,,,,,,0,,0,99,,,,,DN,0.099,0.1,EST,1.0081,1.34,1.35,0.2344,,,,,,,,,,,,,TAKER_FORCE|EST_BID
2026-03-09T01:14:33.699722169+00:00,R0308_200647,DUMP,S3,eth,eth-updown-5m-1773018600,27,1950.45,,,,,,,,,,,,,0,,0,99,,,,,DN,0.099,0.1,EST,0.9501,1946.1,1950.87,0.2453,,,,,,,,,,,,,TAKER_FORCE|EST_BID
2026-03-09T01:14:33.699860548+00:00,R0308_200647,DUMP,S3,xrp,xrp-updown-5m-1773018600,27,1.35,,,,,,,,,,,,,0,,0,99,,,,,DN,0.099,0.1,EST,0.9687,1.34,1.35,0.2344,,,,,,,,,,,,,TAKER_FORCE|EST_BID
2026-03-09T01:14:33.699902641+00:00,R0308_200647,DUMP,S3,btc,btc-updown-5m-1773018600,27,66360.09,,,,,,,,,,,,,0,,0,99,,,,,DN,0.099,0.1,EST,0.988,66221.22,66377.21,0.2356,,,,,,,,,,,,,TAKER_FORCE|EST_BID
2026-03-09T01:14:33.699942823+00:00,R0308_200647,DUMP,S3,sol,sol-updown-5m-1773018600,27,82.25,,,,,,,,,,,,,163.1,,2,96,,,,,DN,0.019,0.02,REAL,0.1935,82.1,82.26,0.1922,,,,,,,,,,,,,TAKER_FORCE
2026-03-09T01:15:00.622467393+00:00,R0308_205043,SETTLE,S3,btc,btc-updown-5m-1773018600,0,66369.61,,,0.01,,,,,,,,0.01,,,,,,,,,,,0.099,,,66221.22,66350.94,0.1959,UP,CL,0.99,0,0.3088,0.0568,0.2396,98.8435,198.8435,108,62,,,
2026-03-09T01:15:00.622610919+00:00,R0308_205043,SETTLE,S3,eth,eth-updown-5m-1773018600,0,1950.25,,,0.01,,,,,,,,0.01,,,,,,,,,,,0.099,,,1946.1,1949.62,0.181,UP,CL,0.99,0,0.3088,0.0535,0.7711,99.3751,199.3751,108,62,,,
2026-03-09T01:15:00.622700575+00:00,R0308_205043,SETTLE,S3,sol,sol-updown-5m-1773018600,0,82.26,,,0.01,,,,,,,,0.01,,,,,,,,,,,0.019,,,82.1,82.22,0.1488,UP,CL,0.99,0,0.3087,0.0121,-0.7072,97.8968,197.8968,107,63,,,
2026-03-09T01:15:00.622810671+00:00,R0308_205043,SETTLE,S3,xrp,xrp-updown-5m-1773018600,0,1.35,,,0.01,,,,,,,,0.01,,,,,,,,,,,0.099,,,1.34,1.35,0.1651,UP,CL,0.99,0,0.3088,0.0568,0.2396,98.8435,198.8435,108,62,,,
2026-03-09T01:15:00.934572631+00:00,R0308_200647,SETTLE,S3,eth,eth-updown-5m-1773018600,0,1950.34,,,0.01,,,,,,,,0.01,,,,,,,,,,,0.099,,,1946.1,1949.62,0.181,UP,CL,0.99,0,0.3088,0.0535,0.7711,131.6797,231.6797,138,65,,,
2026-03-09T01:15:00.934680604+00:00,R0308_200647,SETTLE,S3,xrp,xrp-updown-5m-1773018600,0,1.35,,,0.02,,,,,,,,0.02,,,,,,,,,,,0.099,,,1.34,1.35,0.1651,UP,CL,0.99,0,0.3056,0.0545,0.3933,131.3019,231.3019,138,65,,,
2026-03-09T01:15:00.934739413+00:00,R0308_200647,SETTLE,S3,btc,btc-updown-5m-1773018600,0,66378.59,,,0.01,,,,,,,,0.01,,,,,,,,,,,0.099,,,66221.22,66350.94,0.1959,UP,CL,0.99,0,0.3087,0.0556,0.4084,131.317,231.317,138,65,,,
2026-03-09T01:15:00.934818923+00:00,R0308_200647,SETTLE,S3,sol,sol-updown-5m-1773018600,0,82.26,,,0.02,,,,,,,,0.02,,,,,,,,,,,0.019,,,82.1,82.22,0.1488,UP,CL,0.99,0,0.3056,0.0119,-0.7078,130.2008,230.2008,137,66,,,
2026-03-09T01:15:10.066490521+00:00,R0308_205043,ENTRY,S3,btc,btc-updown-5m-1773018900,290,66357.94,0.53,0.52,0.01,185.1,368.2,52,47,0,0.48,0.47,0.01,368.2,185.1,47,52,0,0.531,0.481,5,5,,,,,,,,,,,,,,,,,,,,,
2026-03-09T01:15:10.066644373+00:00,R0308_205043,ENTRY,S3,eth,eth-updown-5m-1773018900,290,1949.94,0.53,0.52,0.01,161,12,52,47,0,0.48,0.47,0.01,12,161,47,52,0,0.531,0.481,5,5,,,,,,,,,,,,,,,,,,,,,
2026-03-09T01:15:10.387160118+00:00,R0308_200647,ENTRY,S3,btc,btc-updown-5m-1773018900,290,66357.94,0.53,0.52,0.01,728.6,175.9,52,47,0,0.48,0.47,0.01,175.9,728.6,47,52,0,0.531,0.481,5,5,,,,,,,,,,,,,,,,,,,,,
2026-03-09T01:15:14.196218234+00:00,R0308_205043,ENTRY,S3,sol,sol-updown-5m-1773018900,286,82.25,0.53,0.52,0.01,4.5,81.4,52,47,0,0.48,0.47,0.01,81.4,4.5,47,52,0,0.531,0.481,5,5,,,,,,,,,,,,,,,,,,,,,
2026-03-09T01:15:14.522899495+00:00,R0308_200647,ENTRY,S3,sol,sol-updown-5m-1773018900,286,82.25,0.53,0.52,0.01,4.5,60,52,47,0,0.48,0.47,0.01,60,4.5,47,52,0,0.531,0.481,5,5,,,,,,,,,,,,,,,,,,,,,
2026-03-09T01:15:17.640469187+00:00,R0308_200647,ENTRY,S3,eth,eth-updown-5m-1773018900,283,1950.02,0.53,0.52,0.01,26,10,52,47,0,0.48,0.47,0.01,10,26,47,52,0,0.531,0.481,5,5,,,,,,,,,,,,,,,,,,,,,
2026-03-09T01:15:24.661385827+00:00,R0308_205043,ENTRY,S3,xrp,xrp-updown-5m-1773018900,276,1.35,0.53,0.52,0.01,43.5,52,52,47,0,0.48,0.47,0.01,52,43.5,47,52,0,0.531,0.481,5,5,,,,,,,,,,,,,,,,,,,,,
2026-03-09T01:15:25.015484467+00:00,R0308_200647,ENTRY,S3,xrp,xrp-updown-5m-1773018900,275,1.35,0.53,0.52,0.01,43.5,52,52,47,0,0.48,0.47,0.01,52,43.5,47,52,0,0.531,0.481,5,5,,,,,,,,,,,,,,,,,,,,,
2026-03-09T01:19:31.369833127+00:00,R0308_205043,DUMP,S3,btc,btc-updown-5m-1773018900,29,66392,,,,,,,,,,,,,11.2,,31,68,,,,,DN,0.31,0.31,REAL,3.2225,66347.66,66397.91,0.0757,,,,,,,,,,,,,MAKER_FILL
2026-03-09T01:19:33.067532365+00:00,R0308_200647,DUMP,S3,xrp,xrp-updown-5m-1773018900,27,1.35,,,,,,,,,,,,,0,,0,108,,,,,DN,0.049,0.05,EST,0.5094,1.35,1.35,0.413,,,,,,,,,,,,,TAKER_FORCE|EST_BID
2026-03-09T01:19:33.067644163+00:00,R0308_200647,DUMP,S3,eth,eth-updown-5m-1773018900,27,1954.04,,,,,,,,,,,,,0,,0,108,,,,,DN,0.099,0.1,EST,1.0291,1949.45,1953.68,0.2168,,,,,,,,,,,,,TAKER_FORCE|EST_BID
2026-03-09T01:19:33.067712247+00:00,R0308_200647,DUMP,S3,btc,btc-updown-5m-1773018900,27,66408.3,,,,,,,,,,,,,193.8,,19,79,,,,,DN,0.199,0.2,REAL,2.0686,66347.66,66397.97,0.0758,,,,,,,,,,,,,TAKER_FORCE
2026-03-09T01:19:33.067802582+00:00,R0308_200647,DUMP,S3,sol,sol-updown-5m-1773018900,27,82.73,,,,,,,,,,,,,0,,0,104,,,,,DN,0.049,0.05,EST,0.5094,82.21,82.71,0.6004,,,,,,,,,,,,,TAKER_FORCE|EST_BID
2026-03-09T01:19:33.432820230+00:00,R0308_205043,DUMP,S3,eth,eth-updown-5m-1773018900,27,1954.04,,,,,,,,,,,,,0,,0,108,,,,,DN,0.099,0.1,EST,1.0291,1949.45,1953.68,0.2168,,,,,,,,,,,,,TAKER_FORCE|EST_BID
2026-03-09T01:19:33.432944868+00:00,R0308_205043,DUMP,S3,sol,sol-updown-5m-1773018900,27,82.73,,,,,,,,,,,,,0,,0,104,,,,,DN,0.049,0.05,EST,0.5094,82.21,82.71,0.6004,,,,,,,,,,,,,TAKER_FORCE|EST_BID
2026-03-09T01:19:33.433013853+00:00,R0308_205043,DUMP,S3,xrp,xrp-updown-5m-1773018900,27,1.35,,,,,,,,,,,,,0,,0,108,,,,,DN,0.049,0.05,EST,0.5094,1.35,1.35,0.413,,,,,,,,,,,,,TAKER_FORCE|EST_BID
2026-03-09T01:20:00.200397035+00:00,R0308_200647,SETTLE,S3,xrp,xrp-updown-5m-1773018900,0,1.35,,,0.01,,,,,,,,0.01,,,,,,,,,,,0.049,,,1.35,1.35,0.2493,UP,CL,0.999,0,0.3087,0.0303,-0.4135,131.3601,231.3601,140,67,,,
2026-03-09T01:20:00.200530647+00:00,R0308_200647,SETTLE,S3,eth,eth-updown-5m-1773018900,0,1951.84,,,0.01,,,,,,,,0.01,,,,,,,,,,,0.099,,,1949.45,1951.84,0.1227,UP,CL,0.999,0,0.3087,0.058,0.0786,131.8522,231.8522,141,66,,,
2026-03-09T01:20:00.200592079+00:00,R0308_200647,SETTLE,S3,btc,btc-updown-5m-1773018900,0,66319.99,,,0.01,,,,,,,,0.01,,,,,,,,,,,0.199,,,66347.66,66332.14,-0.0234,DOWN,CL,0,0.99,0.3087,0.0938,1.8663,133.6398,233.6398,141,66,,,
2026-03-09T01:20:00.200674954+00:00,R0308_200647,SETTLE,S3,sol,sol-updown-5m-1773018900,0,82.59,,,0.01,,,,,,,,0.01,,,,,,,,,,,0.049,,,82.21,82.59,0.4598,UP,CL,0.999,0,0.3087,0.0303,-0.4135,131.3601,231.3601,140,67,,,
2026-03-09T01:20:00.510313973+00:00,R0308_205043,SETTLE,S3,btc,btc-updown-5m-1773018900,0,66320,,,0.01,,,,,,,,0.01,,,,,,,,,,,0.31,,,66347.66,66330.97,-0.0252,DOWN,CL,0,0.99,0.3087,0.1259,2.8794,102.0264,202.0264,111,63,,,
2026-03-09T01:20:00.510458471+00:00,R0308_205043,SETTLE,S3,eth,eth-updown-5m-1773018900,0,1951.66,,,0.01,,,,,,,,0.01,,,,,,,,,,,0.099,,,1949.45,1951.86,0.1237,UP,CL,0.999,0,0.3087,0.058,0.0786,99.2256,199.2256,111,63,,,
2026-03-09T01:20:00.510505242+00:00,R0308_205043,SETTLE,S3,sol,sol-updown-5m-1773018900,0,82.58,,,0.01,,,,,,,,0.01,,,,,,,,,,,0.049,,,82.21,82.59,0.4595,UP,CL,0.999,0,0.3087,0.0303,-0.4135,98.7335,198.7335,110,64,,,
2026-03-09T01:20:00.510549047+00:00,R0308_205043,SETTLE,S3,xrp,xrp-updown-5m-1773018900,0,1.35,,,0.01,,,,,,,,0.01,,,,,,,,,,,0.049,,,1.35,1.35,0.2462,UP,CL,0.999,0,0.3087,0.0303,-0.4135,98.7335,198.7335,110,64,,,
2026-03-09T01:20:21.149469621+00:00,R0308_200647,ENTRY,S3,sol,sol-updown-5m-1773019200,279,82.63,0.53,0.52,0.01,28,7,52,47,0,0.48,0.47,0.01,7,28,47,52,0,0.531,0.481,5,5,,,,,,,,,,,,,,,,,,,,,
2026-03-09T01:20:21.380705056+00:00,R0308_205043,ENTRY,S3,sol,sol-updown-5m-1773019200,279,82.63,0.53,0.52,0.01,28,7,52,47,0,0.48,0.47,0.01,7,28,47,52,0,0.531,0.481,5,5,,,,,,,,,,,,,,,,,,,,,
2026-03-09T01:20:30.584577827+00:00,R0308_200647,ENTRY,S3,xrp,xrp-updown-5m-1773019200,270,1.35,0.49,0.48,0.01,29.7,8,48,51,0,0.52,0.51,0.01,8,29.7,51,48,0,0.491,0.521,5,5,,,,,,,,,,,,,,,,,,,,,
2026-03-09T01:20:30.788199284+00:00,R0308_205043,ENTRY,S3,xrp,xrp-updown-5m-1773019200,270,1.35,0.5,0.49,0.01,38,50,49,50,0,0.51,0.5,0.01,50,38,50,49,0,0.501,0.511,5,5,,,,,,,,,,,,,,,,,,,,,
2026-03-09T01:20:31.621075697+00:00,R0308_200647,ENTRY,S3,btc,btc-updown-5m-1773019200,269,66307.55,0.49,0.48,0.01,110,29,48,51,0,0.52,0.51,0.01,29,110,51,48,0,0.491,0.521,5,5,,,,,,,,,,,,,,,,,,,,,
2026-03-09T01:20:31.818687700+00:00,R0308_205043,ENTRY,S3,btc,btc-updown-5m-1773019200,269,66307.54,0.49,0.48,0.01,97.4,69,48,51,0,0.52,0.51,0.01,69,97.4,51,48,0,0.491,0.521,5,5,,,,,,,,,,,,,,,,,,,,,
2026-03-09T01:23:12.665017690+00:00,R0308_205043,ENTRY,S3,eth,eth-updown-5m-1773019200,108,1951.76,0.49,0.48,0.01,44,13,48,51,0,0.52,0.51,0.01,13,44,51,48,0,0.491,0.521,5,5,,,,,,,,,,,,,,,,,,,,,
2026-03-09T01:23:12.943522144+00:00,R0308_200647,ENTRY,S3,eth,eth-updown-5m-1773019200,108,1951.76,0.5,0.49,0.01,12,41,49,50,0,0.51,0.5,0.01,41,12,50,49,0,0.501,0.511,5,5,,,,,,,,,,,,,,,,,,,,,
2026-03-09T01:24:31.331523267+00:00,R0308_200647,DUMP,S3,xrp,xrp-updown-5m-1773019200,29,1.35,,,,,,,,,,,,,22,,32,52,,,,,UP,0.28,0.32,REAL,2.8513,1.35,1.35,-0.041,,,,,,,,,,,,,MAKER_FILL
2026-03-09T01:24:31.331612442+00:00,R0308_200647,DUMP,S3,eth,eth-updown-5m-1773019200,29,1951.32,,,,,,,,,,,,,11,,28,69,,,,,UP,0.21,0.28,REAL,2.0958,1951.92,1950.72,-0.0615,,,,,,,,,,,,,MAKER_FILL
2026-03-09T01:24:31.994739459+00:00,R0308_205043,DUMP,S3,xrp,xrp-updown-5m-1773019200,29,1.35,,,,,,,,,,,,,16,,46,53,,,,,UP,0.3,0.46,REAL,2.994,1.35,1.35,-0.0455,,,,,,,,,,,,,MAKER_FILL
2026-03-09T01:24:31.994874863+00:00,R0308_205043,DUMP,S3,eth,eth-updown-5m-1773019200,29,1951.61,,,,,,,,,,,,,14.2,,46,52,,,,,UP,0.24,0.46,REAL,2.444,1951.92,1950.63,-0.0662,,,,,,,,,,,,,MAKER_FILL
2026-03-09T01:24:33.027893662+00:00,R0308_205043,DUMP,S3,sol,sol-updown-5m-1773019200,27,82.66,,,,,,,,,,,,,61.5,,20,77,,,,,DN,0.199,0.2,REAL,2.0686,82.6,82.63,0.0307,,,,,,,,,,,,,TAKER_FORCE
2026-03-09T01:24:33.027991619+00:00,R0308_205043,DUMP,S3,btc,btc-updown-5m-1773019200,27,66447.4,,,,,,,,,,,,,6560.3,,1,98,,,,,DN,0.01,0.01,REAL,0.096,66333.72,66413.63,0.1205,,,,,,,,,,,,,TAKER_FORCE
2026-03-09T01:24:33.401882521+00:00,R0308_200647,DUMP,S3,btc,btc-updown-5m-1773019200,27,66456,,,,,,,,,,,,,6369,,1,98,,,,,DN,0.01,0.01,REAL,0.096,66333.72,66413.63,0.1205,,,,,,,,,,,,,TAKER_FORCE
2026-03-09T01:24:33.401997283+00:00,R0308_200647,DUMP,S3,sol,sol-updown-5m-1773019200,27,82.66,,,,,,,,,,,,,21.2,,20,79,,,,,DN,0.199,0.2,REAL,2.0686,82.6,82.63,0.0307,,,,,,,,,,,,,TAKER_FORCE
2026-03-09T01:25:00.219121411+00:00,R0308_205043,SETTLE,S3,xrp,xrp-updown-5m-1773019200,0,1.35,,,0.01,,,,,,,,0.01,,,,,,,,,,,0.3,,,1.35,1.35,0.0739,UP,CL,0.99,0,0.3087,0.1284,2.4783,103.7564,203.7564,113,65,,,
2026-03-09T01:25:00.219241712+00:00,R0308_205043,SETTLE,S3,sol,sol-updown-5m-1773019200,0,82.75,,,0.01,,,,,,,,0.01,,,,,,,,,,,0.199,,,82.6,82.75,0.1871,UP,CL,0.99,0,0.3087,0.1036,1.0725,102.3506,202.3506,113,65,,,
2026-03-09T01:25:00.219283937+00:00,R0308_205043,SETTLE,S3,btc,btc-updown-5m-1773019200,0,66493.09,,,0.01,,,,,,,,0.01,,,,,,,,,,,0.01,,,66333.72,66496.28,0.2451,UP,CL,0.99,0,0.3088,0.0059,-0.0354,101.2426,201.2426,112,66,,,
2026-03-09T01:25:00.219325889+00:00,R0308_205043,SETTLE,S3,eth,eth-updown-5m-1773019200,0,1953.86,,,0.01,,,,,,,,0.01,,,,,,,,,,,0.24,,,1951.92,1954.18,0.1157,UP,CL,0.99,0,0.3088,0.1094,2.0684,103.3465,203.3465,113,65,,,
2026-03-09T01:25:00.655263729+00:00,R0308_200647,SETTLE,S3,xrp,xrp-updown-5m-1773019200,0,1.35,,,0.01,,,,,,,,0.01,,,,,,,,,,,0.28,,,1.35,1.35,0.0739,UP,CL,0.99,0,0.3088,0.1209,2.4408,135.3323,235.3323,143,68,,,
2026-03-09T01:25:00.655348848+00:00,R0308_200647,SETTLE,S3,eth,eth-updown-5m-1773019200,0,1954.01,,,0.01,,,,,,,,0.01,,,,,,,,,,,0.21,,,1951.92,1954.18,0.1157,UP,CL,0.99,0,0.3087,0.1015,1.6246,134.5161,234.5161,143,68,,,
2026-03-09T01:25:00.655380425+00:00,R0308_200647,SETTLE,S3,btc,btc-updown-5m-1773019200,0,66493.08,,,0.01,,,,,,,,0.01,,,,,,,,,,,0.01,,,66333.72,66496.28,0.2451,UP,CL,0.99,0,0.3088,0.0059,-0.0354,132.8561,232.8561,142,69,,,
2026-03-09T01:25:00.655410340+00:00,R0308_200647,SETTLE,S3,sol,sol-updown-5m-1773019200,0,82.75,,,0.01,,,,,,,,0.01,,,,,,,,,,,0.199,,,82.6,82.75,0.1871,UP,CL,0.99,0,0.3087,0.1036,1.0725,133.964,233.964,143,68,,,
2026-03-09T01:25:10.110606119+00:00,R0308_200647,ENTRY,S3,btc,btc-updown-5m-1773019500,290,66507.02,0.5,0.49,0.01,62,20,49,50,0,0.51,0.5,0.01,20,62,50,49,0,0.501,0.511,5,5,,,,,,,,,,,,,,,,,,,,,
2026-03-09T01:25:10.110717857+00:00,R0308_200647,ENTRY,S3,eth,eth-updown-5m-1773019500,290,1954.23,0.53,0.52,0.01,15,13.2,52,47,0,0.48,0.47,0.01,13.2,15,47,52,0,0.531,0.481,5,5,,,,,,,,,,,,,,,,,,,,,
2026-03-09T01:25:10.110803337+00:00,R0308_200647,ENTRY,S3,sol,sol-updown-5m-1773019500,290,82.76,0.5,0.48,0.02,50,10.6,48,50,0,0.52,0.5,0.02,10.6,50,50,48,0,0.501,0.521,5,5,,,,,,,,,,,,,,,,,,,,,
2026-03-09T01:25:10.637512461+00:00,R0308_205043,ENTRY,S3,btc,btc-updown-5m-1773019500,290,66500.36,0.51,0.5,0.01,146.5,78.4,50,49,0,0.5,0.49,0.01,78.4,146.5,49,50,0,0.511,0.501,5,5,,,,,,,,,,,,,,,,,,,,,
2026-03-09T01:25:10.637629869+00:00,R0308_205043,ENTRY,S3,eth,eth-updown-5m-1773019500,290,1954.23,0.53,0.52,0.01,13.7,151,52,47,0,0.48,0.47,0.01,151,13.7,47,52,0,0.531,0.481,5,5,,,,,,,,,,,,,,,,,,,,,
2026-03-09T01:25:10.637694266+00:00,R0308_205043,ENTRY,S3,sol,sol-updown-5m-1773019500,290,82.76,0.5,0.49,0.01,7,36.4,49,50,0,0.51,0.5,0.01,36.4,7,50,49,0,0.501,0.511,5,5,,,,,,,,,,,,,,,,,,,,,
2026-03-09T01:26:45.343230215+00:00,R0308_200647,ENTRY,S3,xrp,xrp-updown-5m-1773019500,195,1.35,0.53,0.52,0.01,31.1,36.2,51,47,0,0.48,0.47,0.01,36.2,31.1,47,51,0,0.531,0.481,5,5,,,,,,,,,,,,,,,,,,,,,
2026-03-09T01:26:45.569071482+00:00,R0308_205043,ENTRY,S3,xrp,xrp-updown-5m-1773019500,195,1.35,0.53,0.52,0.01,39.9,36.2,52,47,0,0.48,0.47,0.01,36.2,39.9,47,52,0,0.531,0.481,5,5,,,,,,,,,,,,,,,,,,,,,
2026-03-09T01:29:32.859560963+00:00,R0308_200647,DUMP,S3,xrp,xrp-updown-5m-1773019500,28,1.35,,,,,,,,,,,,,44.2,,10,88,,,,,UP,0.1,0.1,REAL,0.9416,1.35,1.35,-0.0708,,,,,,,,,,,,,MAKER_FILL
2026-03-09T01:29:32.959520528+00:00,R0308_205043,DUMP,S3,xrp,xrp-updown-5m-1773019500,28,1.35,,,,,,,,,,,,,4.2,,10,88,,,,,UP,0.1,0.1,REAL,0.9416,1.35,1.35,-0.0665,,,,,,,,,,,,,MAKER_FILL
2026-03-09T01:29:33.895483070+00:00,R0308_200647,DUMP,S3,sol,sol-updown-5m-1773019500,27,82.58,,,,,,,,,,,,,5499.6,,1,98,,,,,UP,0.01,0.01,REAL,0.0998,82.76,82.58,-0.2168,,,,,,,,,,,,,TAKER_FORCE
2026-03-09T01:29:33.895545094+00:00,R0308_200647,DUMP,S3,eth,eth-updown-5m-1773019500,27,1952.2,,,,,,,,,,,,,29,,7,92,,,,,UP,0.069,0.07,REAL,0.6497,1954.29,1952.04,-0.1151,,,,,,,,,,,,,TAKER_FORCE
2026-03-09T01:29:33.895566276+00:00,R0308_200647,DUMP,S3,btc,btc-updown-5m-1773019500,27,66491.64,,,,,,,,,,,,,114.3,,43,53,,,,,UP,0.429,0.43,REAL,4.2814,66499.57,66488.19,-0.0171,,,,,,,,,,,,,TAKER_FORCE
2026-03-09T01:29:34.009639568+00:00,R0308_205043,DUMP,S3,btc,btc-updown-5m-1773019500,26,66491.64,,,,,,,,,,,,,35,,44,54,,,,,UP,0.439,0.44,REAL,4.2955,66497.85,66488.19,-0.0145,,,,,,,,,,,,,TAKER_FORCE
2026-03-09T01:29:34.009732027+00:00,R0308_205043,DUMP,S3,eth,eth-updown-5m-1773019500,26,1952.2,,,,,,,,,,,,,29,,7,92,,,,,UP,0.069,0.07,REAL,0.6497,1954.24,1952.04,-0.1124,,,,,,,,,,,,,TAKER_FORCE
2026-03-09T01:29:34.009775262+00:00,R0308_205043,DUMP,S3,sol,sol-updown-5m-1773019500,26,82.58,,,,,,,,,,,,,5484.6,,1,98,,,,,UP,0.01,0.01,REAL,0.0998,82.76,82.58,-0.2122,,,,,,,,,,,,,TAKER_FORCE
2026-03-09T01:30:00.098293747+00:00,R0308_205043,SETTLE,S3,btc,btc-updown-5m-1773019500,0,66480.85,,,0.01,,,,,,,,0.01,,,,,,,,,,,0.439,,,66497.85,66470.13,-0.0417,DOWN,CL,0.01,0.98,0.3087,0.1506,3.8162,110.678,210.678,116,66,,,
2026-03-09T01:30:00.099559276+00:00,R0308_205043,SETTLE,S3,eth,eth-updown-5m-1773019500,0,1951.76,,,0.01,,,,,,,,0.01,,,,,,,,,,,0.069,,,1954.24,1951.42,-0.1445,DOWN,CL,0,0.99,0.3087,0.0378,0.6982,107.56,207.56,116,66,,,
2026-03-09T01:30:00.099592796+00:00,R0308_205043,SETTLE,S3,sol,sol-updown-5m-1773019500,0,82.54,,,0.01,,,,,,,,0.01,,,,,,,,,,,0.01,,,82.76,82.54,-0.2639,DOWN,CL,0,0.99,0.3087,0.0062,-0.4304,106.4314,206.4314,115,67,,,
2026-03-09T01:30:00.099621490+00:00,R0308_205043,SETTLE,S3,xrp,xrp-updown-5m-1773019500,0,1.35,,,0.01,,,,,,,,0.01,,,,,,,,,,,0.1,,,1.35,1.35,-0.1155,DOWN,CL,0,0.99,0.3087,0.053,0.9749,107.8368,207.8368,116,66,,,
2026-03-09T01:30:00.102048490+00:00,R0308_200647,SETTLE,S3,xrp,xrp-updown-5m-1773019500,0,1.35,,,0.01,,,,,,,,0.01,,,,,,,,,,,0.1,,,1.35,1.35,-0.1198,DOWN,CL,0,0.99,0.3087,0.053,0.9749,138.9689,238.9689,146,69,,,
2026-03-09T01:30:00.102102121+00:00,R0308_200647,SETTLE,S3,sol,sol-updown-5m-1773019500,0,82.54,,,0.02,,,,,,,,0.02,,,,,,,,,,,0.01,,,82.76,82.54,-0.2685,DOWN,CL,0,0.99,0.3056,0.0062,-0.6151,137.3789,237.3789,145,70,,,
2026-03-09T01:30:00.102131496+00:00,R0308_200647,SETTLE,S3,eth,eth-updown-5m-1773019500,0,1951.76,,,0.01,,,,,,,,0.01,,,,,,,,,,,0.069,,,1954.29,1951.42,-0.1472,DOWN,CL,0,0.99,0.3087,0.0378,0.6982,138.6921,238.6921,146,69,,,
2026-03-09T01:30:00.102159898+00:00,R0308_200647,SETTLE,S3,btc,btc-updown-5m-1773019500,0,66480.85,,,0.01,,,,,,,,0.01,,,,,,,,,,,0.429,,,66499.57,66470.13,-0.0443,DOWN,CL,0.01,0.98,0.3087,0.1528,3.6046,141.5986,241.5986,146,69,,,
2026-03-09T01:30:10.523171623+00:00,R0308_205043,ENTRY,S3,btc,btc-updown-5m-1773019800,290,66474.76,0.5,0.49,0.01,262.8,358.4,49,50,0,0.51,0.5,0.01,358.4,262.8,50,49,0,0.501,0.511,5,5,,,,,,,,,,,,,,,,,,,,,
2026-03-09T01:30:10.523300768+00:00,R0308_205043,ENTRY,S3,xrp,xrp-updown-5m-1773019800,290,1.35,0.51,0.5,0.01,21,10,50,49,0,0.5,0.49,0.01,10,21,49,50,0,0.511,0.501,5,5,,,,,,,,,,,,,,,,,,,,,
2026-03-09T01:30:10.572118542+00:00,R0308_200647,ENTRY,S3,btc,btc-updown-5m-1773019800,290,66474.76,0.5,0.49,0.01,262.8,358.4,49,50,0,0.51,0.5,0.01,358.4,262.8,50,49,0,0.501,0.511,5,5,,,,,,,,,,,,,,,,,,,,,
2026-03-09T01:30:10.572259114+00:00,R0308_200647,ENTRY,S3,xrp,xrp-updown-5m-1773019800,290,1.35,0.51,0.5,0.01,21,17,50,49,0,0.5,0.49,0.01,17,21,49,50,0,0.511,0.501,5,5,,,,,,,,,,,,,,,,,,,,,
2026-03-09T01:30:30.448205018+00:00,R0308_205043,ENTRY,S3,eth,eth-updown-5m-1773019800,270,1951.72,0.49,0.48,0.01,38.2,7.9,48,51,0,0.52,0.51,0.01,7.9,38.2,51,48,0,0.491,0.521,5,5,,,,,,,,,,,,,,,,,,,,,
2026-03-09T01:30:30.465250825+00:00,R0308_200647,ENTRY,S3,eth,eth-updown-5m-1773019800,270,1951.72,0.49,0.48,0.01,63.2,7.9,48,51,0,0.52,0.51,0.01,7.9,76.2,51,48,0,0.491,0.521,5,5,,,,,,,,,,,,,,,,,,,,,
2026-03-09T01:31:07.061401907+00:00,R0308_205043,ENTRY,S3,sol,sol-updown-5m-1773019800,233,82.55,0.49,0.48,0.01,30.5,56.7,47,50,0,0.52,0.51,0.01,56.7,30.5,50,47,0,0.491,0.521,5,5,,,,,,,,,,,,,,,,,,,,,
2026-03-09T01:31:07.067019659+00:00,R0308_200647,ENTRY,S3,sol,sol-updown-5m-1773019800,233,82.55,0.49,0.48,0.01,30.5,56.7,48,50,0,0.52,0.51,0.01,56.7,30.5,50,48,0,0.491,0.521,5,5,,,,,,,,,,,,,,,,,,,,,
2026-03-09T01:34:33.006640730+00:00,R0308_200647,DUMP,S3,xrp,xrp-updown-5m-1773019800,27,1.35,,,,,,,,,,,,,2565.6,,1,97,,,,,DN,0.01,0.01,REAL,0.0998,1.35,1.35,0.3342,,,,,,,,,,,,,TAKER_FORCE
2026-03-09T01:34:33.006733460+00:00,R0308_200647,DUMP,S3,eth,eth-updown-5m-1773019800,27,1962.49,,,,,,,,,,,,,0,,0,99,,,,,DN,0.049,0.05,EST,0.4702,1951.42,1962.22,0.5537,,,,,,,,,,,,,TAKER_FORCE|EST_BID
2026-03-09T01:34:33.006822854+00:00,R0308_200647,DUMP,S3,sol,sol-updown-5m-1773019800,27,82.82,,,,,,,,,,,,,4499.4,,1,97,,,,,DN,0.01,0.01,REAL,0.096,82.54,82.81,0.3261,,,,,,,,,,,,,TAKER_FORCE
2026-03-09T01:34:33.006866991+00:00,R0308_200647,DUMP,S3,btc,btc-updown-5m-1773019800,27,66679.52,,,,,,,,,,,,,0,,0,99,,,,,DN,0.049,0.05,EST,0.4795,66470.13,66677.74,0.3123,,,,,,,,,,,,,TAKER_FORCE|EST_BID
2026-03-09T01:34:33.422810214+00:00,R0308_205043,DUMP,S3,eth,eth-updown-5m-1773019800,27,1962.5,,,,,,,,,,,,,0,,0,99,,,,,DN,0.049,0.05,EST,0.4702,1951.32,1962.38,0.5666,,,,,,,,,,,,,TAKER_FORCE|EST_BID
2026-03-09T01:34:33.422949123+00:00,R0308_205043,DUMP,S3,sol,sol-updown-5m-1773019800,27,82.82,,,,,,,,,,,,,4499.4,,1,98,,,,,DN,0.01,0.01,REAL,0.096,82.54,82.81,0.3321,,,,,,,,,,,,,TAKER_FORCE
2026-03-09T01:34:33.423015734+00:00,R0308_205043,DUMP,S3,btc,btc-updown-5m-1773019800,27,66679.53,,,,,,,,,,,,,0,,0,99,,,,,DN,0.049,0.05,EST,0.4795,66470.08,66679.16,0.3145,,,,,,,,,,,,,TAKER_FORCE|EST_BID
2026-03-09T01:34:33.423078178+00:00,R0308_205043,DUMP,S3,xrp,xrp-updown-5m-1773019800,27,1.35,,,,,,,,,,,,,2565.6,,1,98,,,,,DN,0.01,0.01,REAL,0.0998,1.35,1.35,0.3378,,,,,,,,,,,,,TAKER_FORCE
2026-03-09T01:35:00.055320111+00:00,R0308_200647,SETTLE,S3,xrp,xrp-updown-5m-1773019800,0,1.35,,,0.01,,,,,,,,0.01,,,,,,,,,,,0.01,,,1.35,1.35,0.2262,UP,CL,0.99,0,0.3087,0.0062,-0.4304,142.2262,242.2262,148,71,,,
2026-03-09T01:35:00.057974034+00:00,R0308_200647,SETTLE,S3,eth,eth-updown-5m-1773019800,0,1959.84,,,0.01,,,,,,,,0.01,,,,,,,,,,,0.049,,,1951.42,1960.43,0.4617,UP,CL,0.99,0,0.3088,0.028,0.3168,142.9735,242.9735,149,70,,,
2026-03-09T01:35:00.058066773+00:00,R0308_200647,SETTLE,S3,sol,sol-updown-5m-1773019800,0,82.72,,,0.01,,,,,,,,0.01,,,,,,,,,,,0.01,,,82.54,82.74,0.2432,UP,CL,0.99,0,0.3088,0.0059,-0.0354,142.6212,242.6212,148,71,,,
2026-03-09T01:35:00.058159263+00:00,R0308_200647,SETTLE,S3,btc,btc-updown-5m-1773019800,0,66620.01,,,0.01,,,,,,,,0.01,,,,,,,,,,,0.049,,,66470.13,66628.33,0.238,UP,CL,0.99,0,0.3087,0.0285,0.1222,142.7789,242.7789,149,70,,,
2026-03-09T01:35:00.613913157+00:00,R0308_205043,SETTLE,S3,eth,eth-updown-5m-1773019800,0,1959.81,,,0.01,,,,,,,,0.01,,,,,,,,,,,0.049,,,1951.32,1960.4,0.4654,UP,CL,0.99,0,0.3088,0.028,0.3168,112.2376,212.2376,119,67,,,
2026-03-09T01:35:00.614063533+00:00,R0308_205043,SETTLE,S3,sol,sol-updown-5m-1773019800,0,82.72,,,0.01,,,,,,,,0.01,,,,,,,,,,,0.01,,,82.54,82.74,0.2413,UP,CL,0.99,0,0.3088,0.0059,-0.0354,111.8853,211.8853,118,68,,,
2026-03-09T01:35:00.614155071+00:00,R0308_205043,SETTLE,S3,btc,btc-updown-5m-1773019800,0,66625.44,,,0.01,,,,,,,,0.01,,,,,,,,,,,0.049,,,66470.08,66626.66,0.2356,UP,CL,0.99,0,0.3087,0.0285,0.1222,112.043,212.043,119,67,,,
2026-03-09T01:35:00.614239379+00:00,R0308_205043,SETTLE,S3,xrp,xrp-updown-5m-1773019800,0,1.35,,,0.01,,,,,,,,0.01,,,,,,,,,,,0.01,,,1.35,1.35,0.228,UP,CL,0.99,0,0.3087,0.0062,-0.4304,111.4903,211.4903,118,68,,,
2026-03-09T01:35:10.114427012+00:00,R0308_205043,ENTRY,S3,btc,btc-updown-5m-1773020100,290,66636.56,0.49,0.48,0.01,514.5,663.2,48,51,0,0.52,0.51,0.01,663.2,514.5,51,48,0,0.491,0.521,5,5,,,,,,,,,,,,,,,,,,,,,
2026-03-09T01:35:10.114556927+00:00,R0308_205043,ENTRY,S3,sol,sol-updown-5m-1773020100,290,82.73,0.5,0.49,0.01,46,42.6,49,50,0,0.51,0.5,0.01,42.6,46,50,49,0,0.501,0.511,5,5,,,,,,,,,,,,,,,,,,,,,
2026-03-09T01:35:10.114621455+00:00,R0308_205043,ENTRY,S3,xrp,xrp-updown-5m-1773020100,290,1.35,0.5,0.48,0.02,38,65,48,50,0,0.52,0.5,0.02,65,38,50,48,0,0.501,0.521,5,5,,,,,,,,,,,,,,,,,,,,,
2026-03-09T01:35:10.487991470+00:00,R0308_200647,ENTRY,S3,btc,btc-updown-5m-1773020100,290,66636.57,0.49,0.48,0.01,282.2,577.9,48,51,0,0.52,0.51,0.01,577.9,282.2,51,48,0,0.491,0.521,5,5,,,,,,,,,,,,,,,,,,,,,
2026-03-09T01:35:10.488105242+00:00,R0308_200647,ENTRY,S3,sol,sol-updown-5m-1773020100,290,82.74,0.5,0.49,0.01,56,52.6,49,49,0,0.51,0.5,0.01,52.6,56,49,49,0,0.501,0.511,5,5,,,,,,,,,,,,,,,,,,,,,
2026-03-09T01:35:10.488168507+00:00,R0308_200647,ENTRY,S3,xrp,xrp-updown-5m-1773020100,290,1.35,0.5,0.48,0.02,45,72,48,50,0,0.52,0.5,0.02,72,45,50,48,0,0.501,0.521,5,5,,,,,,,,,,,,,,,,,,,,,
2026-03-09T01:35:16.473020871+00:00,R0308_205043,ENTRY,S3,eth,eth-updown-5m-1773020100,284,1960.18,0.52,0.51,0.01,5,14,51,48,0,0.49,0.48,0.01,14,5,48,51,0,0.521,0.491,5,5,,,,,,,,,,,,,,,,,,,,,
2026-03-09T01:35:16.803287851+00:00,R0308_200647,ENTRY,S3,eth,eth-updown-5m-1773020100,284,1960.17,0.52,0.51,0.01,5,91.6,51,48,0,0.49,0.48,0.01,91.6,5,48,51,0,0.521,0.491,5,5,,,,,,,,,,,,,,,,,,,,,
2026-03-09T01:39:31.191629089+00:00,R0308_205043,DUMP,S3,btc,btc-updown-5m-1773020100,29,66594.69,,,,,,,,,,,,,47.1,,24,74,,,,,UP,0.24,0.25,REAL,2.444,66628.08,66590.65,-0.0562,,,,,,,,,,,,,MAKER_FILL
2026-03-09T01:39:33.264614134+00:00,R0308_205043,DUMP,S3,sol,sol-updown-5m-1773020100,27,82.59,,,,,,,,,,,,,19.3,,2,97,,,,,UP,0.019,0.02,REAL,0.1896,82.73,82.61,-0.1473,,,,,,,,,,,,,TAKER_FORCE
2026-03-09T01:39:33.264711259+00:00,R0308_205043,DUMP,S3,xrp,xrp-updown-5m-1773020100,27,1.35,,,,,,,,,,,,,27.3,,5,94,,,,,UP,0.049,0.05,REAL,0.489,1.35,1.35,-0.0921,,,,,,,,,,,,,TAKER_FORCE
2026-03-09T01:39:33.264805262+00:00,R0308_205043,DUMP,S3,eth,eth-updown-5m-1773020100,27,1958,,,,,,,,,,,,,31.3,,10,89,,,,,UP,0.099,0.1,REAL,0.9501,1960.4,1958.37,-0.1037,,,,,,,,,,,,,TAKER_FORCE
2026-03-09T01:39:33.759081343+00:00,R0308_200647,DUMP,S3,eth,eth-updown-5m-1773020100,27,1958,,,,,,,,,,,,,5.8,,10,89,,,,,UP,0.099,0.1,REAL,0.9501,1960.4,1958.37,-0.1037,,,,,,,,,,,,,TAKER_FORCE
2026-03-09T01:39:33.759165701+00:00,R0308_200647,DUMP,S3,sol,sol-updown-5m-1773020100,27,82.59,,,,,,,,,,,,,12.3,,2,97,,,,,UP,0.019,0.02,REAL,0.1896,82.73,82.61,-0.1473,,,,,,,,,,,,,TAKER_FORCE
2026-03-09T01:39:33.759222175+00:00,R0308_200647,DUMP,S3,btc,btc-updown-5m-1773020100,27,66583.58,,,,,,,,,,,,,504.9,,10,89,,,,,UP,0.099,0.1,REAL,1.0081,66628.08,66592.5,-0.0534,,,,,,,,,,,,,TAKER_FORCE
2026-03-09T01:39:33.759264088+00:00,R0308_200647,DUMP,S3,xrp,xrp-updown-5m-1773020100,27,1.35,,,,,,,,,,,,,16.9,,5,94,,,,,UP,0.049,0.05,REAL,0.489,1.35,1.35,-0.0921,,,,,,,,,,,,,TAKER_FORCE
2026-03-09T01:40:00.523499902+00:00,R0308_205043,SETTLE,S3,btc,btc-updown-5m-1773020100,0,66576.01,,,0.01,,,,,,,,0.01,,,,,,,,,,,0.24,,,66628.08,66573.51,-0.0819,DOWN,CL,0,0.99,0.3088,0.1161,1.6161,113.5101,213.5101,121,69,,,
2026-03-09T01:40:00.523656608+00:00,R0308_205043,SETTLE,S3,sol,sol-updown-5m-1773020100,0,82.58,,,0.01,,,,,,,,0.01,,,,,,,,,,,0.019,,,82.73,82.59,-0.1794,DOWN,CL,0,0.99,0.3087,0.0116,-0.346,111.548,211.548,120,70,,,
2026-03-09T01:40:00.523770380+00:00,R0308_205043,SETTLE,S3,xrp,xrp-updown-5m-1773020100,0,1.35,,,0.02,,,,,,,,0.02,,,,,,,,,,,0.049,,,1.35,1.35,-0.0951,DOWN,CL,0,0.99,0.3056,0.0291,-0.2487,111.6453,211.6453,120,70,,,
2026-03-09T01:40:00.523845683+00:00,R0308_205043,SETTLE,S3,eth,eth-updown-5m-1773020100,0,1958.33,,,0.01,,,,,,,,0.01,,,,,,,,,,,0.099,,,1960.4,1958.23,-0.1109,DOWN,CL,0,0.99,0.3088,0.0535,0.7711,112.6651,212.6651,121,69,,,
2026-03-09T01:40:00.840776341+00:00,R0308_200647,SETTLE,S3,eth,eth-updown-5m-1773020100,0,1958.33,,,0.01,,,,,,,,0.01,,,,,,,,,,,0.099,,,1960.4,1958.23,-0.1109,DOWN,CL,0,0.99,0.3088,0.0535,0.7711,143.401,243.401,151,72,,,
2026-03-09T01:40:00.840853958+00:00,R0308_200647,SETTLE,S3,sol,sol-updown-5m-1773020100,0,82.58,,,0.01,,,,,,,,0.01,,,,,,,,,,,0.019,,,82.73,82.59,-0.1794,DOWN,CL,0,0.99,0.3087,0.0116,-0.346,142.2839,242.2839,150,73,,,
2026-03-09T01:40:00.840883042+00:00,R0308_200647,SETTLE,S3,btc,btc-updown-5m-1773020100,0,66576.01,,,0.01,,,,,,,,0.01,,,,,,,,,,,0.099,,,66628.08,66573.51,-0.0819,DOWN,CL,0,0.99,0.3088,0.0568,0.2396,142.8694,242.8694,151,72,,,
2026-03-09T01:40:00.840910263+00:00,R0308_200647,SETTLE,S3,xrp,xrp-updown-5m-1773020100,0,1.35,,,0.02,,,,,,,,0.02,,,,,,,,,,,0.049,,,1.35,1.35,-0.0951,DOWN,CL,0,0.99,0.3056,0.0291,-0.2487,142.3812,242.3812,150,73,,,
2026-03-09T01:40:12.326148894+00:00,R0308_200647,ENTRY,S3,btc,btc-updown-5m-1773020400,288,66566.05,0.49,0.48,0.01,68,98.1,48,51,0,0.52,0.51,0.01,98.1,68,51,48,0,0.491,0.521,5,5,,,,,,,,,,,,,,,,,,,,,
2026-03-09T01:40:14.130885195+00:00,R0308_205043,ENTRY,S3,btc,btc-updown-5m-1773020400,286,66563.55,0.48,0.47,0.01,53,8,47,52,0,0.53,0.52,0.01,8,53,52,47,0,0.481,0.531,5,5,,,,,,,,,,,,,,,,,,,,,
2026-03-09T01:40:14.131027389+00:00,R0308_205043,ENTRY,S3,eth,eth-updown-5m-1773020400,286,1957.92,0.49,0.48,0.01,5,40.8,48,51,0,0.52,0.51,0.01,40.8,5,51,48,0,0.491,0.521,5,5,,,,,,,,,,,,,,,,,,,,,
2026-03-09T01:40:18.647924196+00:00,R0308_200647,ENTRY,S3,eth,eth-updown-5m-1773020400,282,1958.28,0.49,0.48,0.01,14,17.8,48,51,0,0.52,0.51,0.01,17.8,14,51,48,0,0.491,0.521,5,5,,,,,,,,,,,,,,,,,,,,,
2026-03-09T01:40:21.749711320+00:00,R0308_200647,ENTRY,S3,sol,sol-updown-5m-1773020400,279,82.58,0.5,0.47,0.03,7,10,46,50,0,0.53,0.5,0.03,10,7,50,46,0,0.501,0.531,5,5,,,,,,,,,,,,,,,,,,,WIDE_SPREAD_UP|WIDE_SPREAD_DN,,
2026-03-09T01:40:22.558628724+00:00,R0308_205043,ENTRY,S3,sol,sol-updown-5m-1773020400,278,82.58,0.51,0.49,0.02,14,37.4,49,49,0,0.51,0.49,0.02,37.4,14,49,49,0,0.511,0.511,5,5,,,,,,,,,,,,,,,,,,,,,
2026-03-09T01:40:22.558834484+00:00,R0308_205043,ENTRY,S3,xrp,xrp-updown-5m-1773020400,278,1.35,0.49,0.47,0.02,7,9.8,47,51,0,0.53,0.51,0.02,9.8,7,51,47,0,0.491,0.531,5,5,,,,,,,,,,,,,,,,,,,,,
2026-03-09T01:40:26.011306046+00:00,R0308_200647,ENTRY,S3,xrp,xrp-updown-5m-1773020400,274,1.35,0.49,0.48,0.01,94.5,1.8,48,48,0,0.52,0.51,0.01,1.8,94.5,48,48,0,0.491,0.521,5,5,,,,,,,,,,,,,,,,,,,,,
2026-03-09T01:44:32.017574233+00:00,R0308_205043,DUMP,S3,eth,eth-updown-5m-1773020400,28,1959.18,,,,,,,,,,,,,10,,27,71,,,,,DN,0.26,0.27,REAL,2.4952,1958.27,1958.88,0.0315,,,,,,,,,,,,,MAKER_FILL
2026-03-09T01:44:32.625512375+00:00,R0308_200647,DUMP,S3,xrp,xrp-updown-5m-1773020400,28,1.35,,,,,,,,,,,,,35.7,,32,67,,,,,DN,0.29,0.32,REAL,2.7831,1.35,1.35,0.0168,,,,,,,,,,,,,MAKER_FILL
2026-03-09T01:44:32.625599717+00:00,R0308_200647,DUMP,S3,eth,eth-updown-5m-1773020400,28,1959.18,,,,,,,,,,,,,53.3,,28,71,,,,,DN,0.25,0.28,REAL,2.3992,1958.27,1958.98,0.0364,,,,,,,,,,,,,MAKER_FILL
2026-03-09T01:44:33.051394008+00:00,R0308_205043,DUMP,S3,sol,sol-updown-5m-1773020400,27,82.71,,,,,,,,,,,,,358.9,,2,96,,,,,DN,0.019,0.02,REAL,0.1859,82.6,82.7,0.1259,,,,,,,,,,,,,TAKER_FORCE
2026-03-09T01:44:33.051490865+00:00,R0308_205043,DUMP,S3,xrp,xrp-updown-5m-1773020400,27,1.35,,,,,,,,,,,,,28,,32,67,,,,,DN,0.3,0.32,REAL,2.8249,1.35,1.35,0.0158,,,,,,,,,,,,,MAKER_FILL
2026-03-09T01:44:33.051533869+00:00,R0308_205043,DUMP,S3,btc,btc-updown-5m-1773020400,27,66611.06,,,,,,,,,,,,,22.1,,12,87,,,,,DN,0.12,0.12,REAL,1.1299,66578.77,66607.73,0.0435,,,,,,,,,,,,,MAKER_FILL
2026-03-09T01:44:33.663845217+00:00,R0308_200647,DUMP,S3,btc,btc-updown-5m-1773020400,27,66611.06,,,,,,,,,,,,,210.5,,11,88,,,,,DN,0.109,0.11,REAL,1.0461,66578.77,66607.73,0.0435,,,,,,,,,,,,,TAKER_FORCE
2026-03-09T01:44:33.663926450+00:00,R0308_200647,DUMP,S3,sol,sol-updown-5m-1773020400,27,82.71,,,,,,,,,,,,,216.8,,2,96,,,,,DN,0.019,0.02,REAL,0.1789,82.6,82.7,0.1259,,,,,,,,,,,,,TAKER_FORCE
2026-03-09T01:45:00.358683531+00:00,R0308_205043,SETTLE,S3,sol,sol-updown-5m-1773020400,0,82.7,,,0.02,,,,,,,,0.02,,,,,,,,,,,0.019,,,82.6,82.71,0.1329,UP,CL,0.99,0,0.3056,0.0114,-0.3464,113.3401,213.3401,122,72,,,
2026-03-09T01:45:00.358852877+00:00,R0308_205043,SETTLE,S3,eth,eth-updown-5m-1773020400,0,1958.54,,,0.01,,,,,,,,0.01,,,,,,,,,,,0.26,,,1958.27,1958.72,0.023,UP,CL,0.98,0.01,0.3088,0.1154,2.2543,115.9408,215.9408,123,71,,,
2026-03-09T01:45:00.359540433+00:00,R0308_205043,SETTLE,S3,xrp,xrp-updown-5m-1773020400,0,1.35,,,0.02,,,,,,,,0.02,,,,,,,,,,,0.3,,,1.35,1.35,0.044,UP,CL,0.99,0,0.3056,0.1236,2.5789,116.2654,216.2654,123,71,,,
2026-03-09T01:45:00.359589748+00:00,R0308_205043,SETTLE,S3,btc,btc-updown-5m-1773020400,0,66622.11,,,0.01,,,,,,,,0.01,,,,,,,,,,,0.12,,,66578.77,66626.56,0.0718,UP,CL,0.99,0,0.3087,0.0621,1.1541,114.8405,214.8405,123,71,,,
2026-03-09T01:45:00.970794499+00:00,R0308_200647,SETTLE,S3,xrp,xrp-updown-5m-1773020400,0,1.35,,,0.01,,,,,,,,0.01,,,,,,,,,,,0.29,,,1.35,1.35,0.044,UP,CL,0.99,0,0.3088,0.1235,2.5342,145.58,245.58,153,74,,,
2026-03-09T01:45:00.970892185+00:00,R0308_200647,SETTLE,S3,btc,btc-updown-5m-1773020400,0,66614.43,,,0.01,,,,,,,,0.01,,,,,,,,,,,0.109,,,66578.77,66626.56,0.0718,UP,CL,0.99,0,0.3088,0.0583,0.8624,143.9082,243.9082,153,74,,,
2026-03-09T01:45:00.970934860+00:00,R0308_200647,SETTLE,S3,eth,eth-updown-5m-1773020400,0,1958.36,,,0.01,,,,,,,,0.01,,,,,,,,,,,0.25,,,1958.27,1958.72,0.023,UP,CL,0.9,0.01,0.3088,0.1125,2.1613,145.2071,245.2071,153,74,,,
2026-03-09T01:45:00.970975361+00:00,R0308_200647,SETTLE,S3,sol,sol-updown-5m-1773020400,0,82.69,,,0.03,,,,,,,,0.03,,,,,,,,,,,0.019,,,82.6,82.71,0.1329,UP,CL,0.99,0,0.3025,0.011,-0.1545,142.8913,242.8913,152,75,,,
2026-03-09T01:45:10.438477541+00:00,R0308_200647,ENTRY,S3,btc,btc-updown-5m-1773020700,290,66630.32,0.53,0.52,0.01,143.6,351.4,52,47,0,0.48,0.47,0.01,351.4,143.6,47,52,0,0.531,0.481,5,5,,,,,,,,,,,,,,,,,,,,,
2026-03-09T01:45:10.858518505+00:00,R0308_205043,ENTRY,S3,btc,btc-updown-5m-1773020700,290,66630.32,0.53,0.51,0.02,25.2,338,51,47,0,0.49,0.47,0.02,338,25.2,47,51,0,0.531,0.491,5,5,,,,,,,,,,,,,,,,,,,,,
2026-03-09T01:45:18.801810177+00:00,R0308_200647,ENTRY,S3,xrp,xrp-updown-5m-1773020700,282,1.35,0.52,0.51,0.01,28,19.2,51,48,0,0.49,0.48,0.01,19.2,28,48,51,0,0.521,0.491,5,5,,,,,,,,,,,,,,,,,,,,,
2026-03-09T01:45:19.132419314+00:00,R0308_205043,ENTRY,S3,xrp,xrp-updown-5m-1773020700,281,1.35,0.52,0.51,0.01,31,7,51,48,0,0.49,0.48,0.01,7,31,48,51,0,0.521,0.491,5,5,,,,,,,,,,,,,,,,,,,,,
2026-03-09T01:45:20.865141723+00:00,R0308_200647,ENTRY,S3,eth,eth-updown-5m-1773020700,280,1958.71,0.51,0.49,0.02,63,23,49,49,0,0.51,0.49,0.02,23,63,49,49,0,0.511,0.511,5,5,,,,,,,,,,,,,,,,,,,,,
2026-03-09T01:45:21.325986435+00:00,R0308_205043,ENTRY,S3,eth,eth-updown-5m-1773020700,279,1958.71,0.49,0.48,0.01,10,107.5,48,51,0,0.52,0.51,0.01,107.5,10,51,48,0,0.491,0.521,5,5,,,,,,,,,,,,,,,,,,,,,
2026-03-09T01:45:22.359085795+00:00,R0308_205043,ENTRY,S3,sol,sol-updown-5m-1773020700,278,82.73,0.53,0.52,0.01,40.7,28,52,47,0,0.48,0.47,0.01,28,40.7,47,52,0,0.531,0.481,5,5,,,,,,,,,,,,,,,,,,,,,
2026-03-09T01:45:22.927661935+00:00,R0308_200647,ENTRY,S3,sol,sol-updown-5m-1773020700,278,82.73,0.53,0.52,0.01,26.7,28,52,47,0,0.48,0.47,0.01,28,26.7,47,52,0,0.531,0.481,5,5,,,,,,,,,,,,,,,,,,,,,
2026-03-09T01:49:33.695707534+00:00,R0308_200647,DUMP,S3,xrp,xrp-updown-5m-1773020700,27,1.35,,,,,,,,,,,,,3637.3,,1,98,,,,,UP,0.01,0.01,REAL,0.096,1.35,1.35,-0.1703,,,,,,,,,,,,,TAKER_FORCE
2026-03-09T01:49:33.695811541+00:00,R0308_200647,DUMP,S3,btc,btc-updown-5m-1773020700,27,66470.56,,,,,,,,,,,,,0,,0,99,,,,,UP,0.099,0.1,EST,0.9322,66619.97,66468.94,-0.2267,,,,,,,,,,,,,TAKER_FORCE|EST_BID
2026-03-09T01:49:33.695853685+00:00,R0308_200647,DUMP,S3,sol,sol-updown-5m-1773020700,27,82.48,,,,,,,,,,,,,1783.1,,1,98,,,,,UP,0.01,0.01,REAL,0.0942,82.69,82.47,-0.2604,,,,,,,,,,,,,TAKER_FORCE
2026-03-09T01:49:33.695896029+00:00,R0308_200647,DUMP,S3,eth,eth-updown-5m-1773020700,27,1954.53,,,,,,,,,,,,,3602.8,,1,98,,,,,UP,0.01,0.01,REAL,0.0978,1958.38,1954.36,-0.2049,,,,,,,,,,,,,TAKER_FORCE
2026-03-09T01:49:33.710941761+00:00,R0308_205043,DUMP,S3,btc,btc-updown-5m-1773020700,27,66470.56,,,,,,,,,,,,,0,,0,99,,,,,UP,0.099,0.1,EST,0.9322,66619.97,66468.94,-0.2267,,,,,,,,,,,,,TAKER_FORCE|EST_BID
2026-03-09T01:49:33.711059168+00:00,R0308_205043,DUMP,S3,xrp,xrp-updown-5m-1773020700,27,1.35,,,,,,,,,,,,,3637.3,,1,98,,,,,UP,0.01,0.01,REAL,0.096,1.35,1.35,-0.1703,,,,,,,,,,,,,TAKER_FORCE
2026-03-09T01:49:33.711126830+00:00,R0308_205043,DUMP,S3,eth,eth-updown-5m-1773020700,27,1954.53,,,,,,,,,,,,,3582.7,,1,98,,,,,UP,0.01,0.01,REAL,0.1018,1958.38,1954.36,-0.2049,,,,,,,,,,,,,TAKER_FORCE
2026-03-09T01:49:33.711193781+00:00,R0308_205043,DUMP,S3,sol,sol-updown-5m-1773020700,27,82.48,,,,,,,,,,,,,1783.1,,1,98,,,,,UP,0.01,0.01,REAL,0.0942,82.69,82.47,-0.2604,,,,,,,,,,,,,TAKER_FORCE
2026-03-09T01:50:00.854384194+00:00,R0308_200647,SETTLE,S3,xrp,xrp-updown-5m-1773020700,0,1.35,,,0.01,,,,,,,,0.01,,,,,,,,,,,0.01,,,1.35,1.35,-0.1759,DOWN,CL,0,0.99,0.3088,0.0059,-0.0354,148.4137,248.4137,155,76,,,
2026-03-09T01:50:00.854537374+00:00,R0308_200647,SETTLE,S3,btc,btc-updown-5m-1773020700,0,66493.01,,,0.01,,,,,,,,0.01,,,,,,,,,,,0.099,,,66619.97,66491.25,-0.1932,DOWN,CL,0,0.99,0.3087,0.0525,0.966,149.4151,249.4151,156,75,,,
2026-03-09T01:50:00.854634902+00:00,R0308_200647,SETTLE,S3,sol,sol-updown-5m-1773020700,0,82.51,,,0.01,,,,,,,,0.01,,,,,,,,,,,0.01,,,82.69,82.51,-0.2118,DOWN,CL,0,0.99,0.3087,0.0058,0.1746,148.6237,248.6237,156,75,,,
2026-03-09T01:50:00.854727481+00:00,R0308_200647,SETTLE,S3,eth,eth-updown-5m-1773020700,0,1954.45,,,0.02,,,,,,,,0.02,,,,,,,,,,,0.01,,,1958.38,1954.38,-0.204,DOWN,CL,0,0.99,0.3056,0.0061,-0.4291,148.02,248.02,155,76,,,
2026-03-09T01:50:00.885864690+00:00,R0308_205043,SETTLE,S3,btc,btc-updown-5m-1773020700,0,66493.01,,,0.02,,,,,,,,0.02,,,,,,,,,,,0.099,,,66619.97,66491.25,-0.1932,DOWN,CL,0,0.99,0.3056,0.0525,0.7574,120.0848,220.0848,126,72,,,
2026-03-09T01:50:00.886004831+00:00,R0308_205043,SETTLE,S3,xrp,xrp-updown-5m-1773020700,0,1.35,,,0.01,,,,,,,,0.01,,,,,,,,,,,0.01,,,1.35,1.35,-0.1759,DOWN,CL,0,0.99,0.3088,0.0059,-0.0354,119.292,219.292,125,73,,,
2026-03-09T01:50:00.886086985+00:00,R0308_205043,SETTLE,S3,eth,eth-updown-5m-1773020700,0,1954.45,,,0.01,,,,,,,,0.01,,,,,,,,,,,0.01,,,1958.38,1954.38,-0.204,DOWN,CL,0,0.99,0.3088,0.0063,-0.6163,118.7111,218.7111,125,73,,,
2026-03-09T01:50:00.886164793+00:00,R0308_205043,SETTLE,S3,sol,sol-updown-5m-1773020700,0,82.51,,,0.01,,,,,,,,0.01,,,,,,,,,,,0.01,,,82.69,82.51,-0.2118,DOWN,CL,0,0.99,0.3087,0.0058,0.1746,119.502,219.502,126,72,,,
2026-03-09T01:50:10.142730216+00:00,R0308_200647,ENTRY,S3,btc,btc-updown-5m-1773021000,290,66498,0.49,0.48,0.01,383.2,216.7,48,51,0,0.52,0.51,0.01,216.7,383.2,51,48,0,0.491,0.521,5,5,,,,,,,,,,,,,,,,,,,,,
2026-03-09T01:50:10.371533541+00:00,R0308_205043,ENTRY,S3,btc,btc-updown-5m-1773021000,290,66497.99,0.49,0.48,0.01,270.1,167.3,48,51,0,0.52,0.51,0.01,167.3,270.1,51,48,0,0.491,0.521,5,5,,,,,,,,,,,,,,,,,,,,,
2026-03-09T01:50:11.277717761+00:00,R0308_200647,ENTRY,S3,eth,eth-updown-5m-1773021000,289,1954.59,0.5,0.48,0.02,95.2,28.2,48,50,0,0.52,0.5,0.02,28.2,95.2,50,48,0,0.501,0.521,5,5,,,,,,,,,,,,,,,,,,,,,
2026-03-09T01:50:11.277836099+00:00,R0308_200647,ENTRY,S3,sol,sol-updown-5m-1773021000,289,82.52,0.49,0.48,0.01,12.2,31,48,51,0,0.52,0.51,0.01,31,12.2,51,48,0,0.491,0.521,5,5,,,,,,,,,,,,,,,,,,,,,
2026-03-09T01:50:11.404480042+00:00,R0308_205043,ENTRY,S3,eth,eth-updown-5m-1773021000,289,1954.59,0.5,0.49,0.01,46,18,49,50,0,0.51,0.5,0.01,18,46,50,49,0,0.501,0.511,5,5,,,,,,,,,,,,,,,,,,,,,
2026-03-09T01:50:11.404580693+00:00,R0308_205043,ENTRY,S3,sol,sol-updown-5m-1773021000,289,82.52,0.49,0.48,0.01,22.1,45,48,51,0,0.52,0.51,0.01,45,22.1,51,48,0,0.491,0.521,5,5,,,,,,,,,,,,,,,,,,,,,
2026-03-09T01:50:30.259425449+00:00,R0308_205043,ENTRY,S3,xrp,xrp-updown-5m-1773021000,270,1.35,0.53,0.5,0.03,42.4,52.8,50,47,0,0.5,0.47,0.03,52.8,42.4,47,50,0,0.531,0.501,5,5,,,,,,,,,,,,,,,,,,,WIDE_SPREAD_UP|WIDE_SPREAD_DN,,
2026-03-09T01:50:31.012485833+00:00,R0308_200647,ENTRY,S3,xrp,xrp-updown-5m-1773021000,269,1.35,0.51,0.5,0.01,13,75.4,50,49,0,0.5,0.49,0.01,75.4,13,49,50,0,0.511,0.501,5,5,,,,,,,,,,,,,,,,,,,,,
2026-03-09T01:54:31.238382634+00:00,R0308_205043,DUMP,S3,btc,btc-updown-5m-1773021000,29,66473.09,,,,,,,,,,,,,13,,27,72,,,,,UP,0.27,0.27,REAL,2.7495,66491,66469.49,-0.0323,,,,,,,,,,,,,MAKER_FILL
2026-03-09T01:54:32.276727121+00:00,R0308_205043,DUMP,S3,xrp,xrp-updown-5m-1773021000,28,1.35,,,,,,,,,,,,,2,,26,73,,,,,UP,0.26,0.26,REAL,2.4482,1.35,1.35,-0.0249,,,,,,,,,,,,,MAKER_FILL
2026-03-09T01:54:33.311116137+00:00,R0308_205043,DUMP,S3,eth,eth-updown-5m-1773021000,27,1953.03,,,,,,,,,,,,,5,,11,87,,,,,UP,0.109,0.11,REAL,1.0878,1954.38,1953.04,-0.0687,,,,,,,,,,,,,TAKER_FORCE
2026-03-09T01:54:33.311215517+00:00,R0308_205043,DUMP,S3,sol,sol-updown-5m-1773021000,27,82.5,,,,,,,,,,,,,10,,30,67,,,,,UP,0.299,0.3,REAL,3.0448,82.51,82.5,-0.018,,,,,,,,,,,,,TAKER_FORCE
2026-03-09T01:54:33.574559627+00:00,R0308_200647,DUMP,S3,sol,sol-updown-5m-1773021000,27,82.49,,,,,,,,,,,,,52,,27,70,,,,,UP,0.269,0.27,REAL,2.7393,82.51,82.5,-0.0202,,,,,,,,,,,,,TAKER_FORCE
2026-03-09T01:54:33.574676143+00:00,R0308_200647,DUMP,S3,btc,btc-updown-5m-1773021000,27,66464.16,,,,,,,,,,,,,51.7,,13,82,,,,,UP,0.129,0.13,REAL,1.3136,66491,66470.05,-0.0315,,,,,,,,,,,,,TAKER_FORCE
2026-03-09T01:54:33.574734681+00:00,R0308_200647,DUMP,S3,xrp,xrp-updown-5m-1773021000,27,1.35,,,,,,,,,,,,,60,,15,81,,,,,UP,0.149,0.15,REAL,1.4579,1.35,1.35,-0.024,,,,,,,,,,,,,TAKER_FORCE
2026-03-09T01:54:33.574838087+00:00,R0308_200647,DUMP,S3,eth,eth-updown-5m-1773021000,27,1953.03,,,,,,,,,,,,,5,,11,86,,,,,UP,0.109,0.11,REAL,1.0878,1954.38,1953,-0.0706,,,,,,,,,,,,,TAKER_FORCE
2026-03-09T01:55:00.535570221+00:00,R0308_205043,SETTLE,S3,btc,btc-updown-5m-1773021000,0,66420.05,,,0.01,,,,,,,,0.01,,,,,,,,,,,0.27,,,66491,66417.43,-0.1106,DOWN,CL,0,0.99,0.3088,0.1254,1.9122,121.5199,221.5199,128,74,,,
2026-03-09T01:55:00.535689872+00:00,R0308_205043,SETTLE,S3,eth,eth-updown-5m-1773021000,0,1951.1,,,0.01,,,,,,,,0.01,,,,,,,,,,,0.109,,,1954.38,1951.23,-0.1616,DOWN,CL,0,0.99,0.3087,0.0606,0.5032,120.1109,220.1109,128,74,,,
2026-03-09T01:55:00.535766698+00:00,R0308_205043,SETTLE,S3,sol,sol-updown-5m-1773021000,0,82.41,,,0.01,,,,,,,,0.01,,,,,,,,,,,0.299,,,82.51,82.41,-0.1254,DOWN,CL,0,0.99,0.3088,0.1334,2.1996,121.8073,221.8073,128,74,,,
2026-03-09T01:55:00.535825286+00:00,R0308_205043,SETTLE,S3,xrp,xrp-updown-5m-1773021000,0,1.35,,,0.03,,,,,,,,0.03,,,,,,,,,,,0.26,,,1.35,1.35,-0.1063,DOWN,CL,0,0.99,0.3025,0.1132,2.0125,121.6202,221.6202,128,74,,,
2026-03-09T01:55:00.660690766+00:00,R0308_200647,SETTLE,S3,sol,sol-updown-5m-1773021000,0,82.41,,,0.01,,,,,,,,0.01,,,,,,,,,,,0.269,,,82.51,82.41,-0.1254,DOWN,CL,0,0.99,0.3088,0.1252,1.9023,151.0275,251.0275,158,77,,,
2026-03-09T01:55:00.660872139+00:00,R0308_200647,SETTLE,S3,btc,btc-updown-5m-1773021000,0,66420.05,,,0.01,,,,,,,,0.01,,,,,,,,,,,0.129,,,66491,66417.43,-0.1106,DOWN,CL,0,0.99,0.3088,0.0715,0.5303,149.6555,249.6555,158,77,,,
2026-03-09T01:55:00.660946851+00:00,R0308_200647,SETTLE,S3,xrp,xrp-updown-5m-1773021000,0,1.35,,,0.01,,,,,,,,0.01,,,,,,,,,,,0.149,,,1.35,1.35,-0.1063,DOWN,CL,0,0.99,0.3087,0.0775,1.0517,150.1769,250.1769,158,77,,,
2026-03-09T01:55:00.660993782+00:00,R0308_200647,SETTLE,S3,eth,eth-updown-5m-1773021000,0,1951.1,,,0.02,,,,,,,,0.02,,,,,,,,,,,0.109,,,1954.38,1951.23,-0.1616,DOWN,CL,0,0.99,0.3056,0.0606,0.3186,149.4437,249.4437,158,77,,,
2026-03-09T01:55:10.063849985+00:00,R0308_200647,ENTRY,S3,eth,eth-updown-5m-1773021300,290,1950.79,0.49,0.48,0.01,12,15.1,48,51,0,0.52,0.51,0.01,15.1,12,51,48,0,0.491,0.521,5,5,,,,,,,,,,,,,,,,,,,,,
2026-03-09T01:55:10.064000993+00:00,R0308_200647,ENTRY,S3,sol,sol-updown-5m-1773021300,290,82.4,0.5,0.48,0.02,20,10,48,49,0,0.52,0.5,0.02,10,20,49,48,0,0.501,0.521,5,5,,,,,,,,,,,,,,,,,,,,,
2026-03-09T01:55:10.064065410+00:00,R0308_200647,ENTRY,S3,xrp,xrp-updown-5m-1773021300,290,1.35,0.5,0.49,0.01,11.8,5,48,50,0,0.51,0.5,0.01,5,11.8,50,48,0,0.501,0.511,5,5,,,,,,,,,,,,,,,,,,,,,
2026-03-09T01:55:11.014055317+00:00,R0308_205043,ENTRY,S3,btc,btc-updown-5m-1773021300,289,66413.91,0.51,0.49,0.02,123.3,10,49,49,0,0.51,0.49,0.02,10,123.3,49,49,0,0.511,0.511,5,5,,,,,,,,,,,,,,,,,,,,,
2026-03-09T01:55:11.014189259+00:00,R0308_205043,ENTRY,S3,eth,eth-updown-5m-1773021300,289,1951.03,0.53,0.51,0.02,26,4.4,51,47,0,0.49,0.47,0.02,4.4,26,47,51,0,0.531,0.491,5,5,,,,,,,,,,,,,,,,,,,,,
2026-03-09T01:55:11.014254948+00:00,R0308_205043,ENTRY,S3,xrp,xrp-updown-5m-1773021300,289,1.35,0.51,0.49,0.02,8,18,49,49,0,0.51,0.49,0.02,18,8,49,49,0,0.511,0.511,5,5,,,,,,,,,,,,,,,,,,,,,
2026-03-09T01:55:11.095851380+00:00,R0308_200647,ENTRY,S3,btc,btc-updown-5m-1773021300,289,66413.91,0.52,0.49,0.03,120.1,83.2,49,48,0,0.51,0.48,0.03,83.2,120.1,48,49,0,0.521,0.511,5,5,,,,,,,,,,,,,,,,,,,WIDE_SPREAD_UP|WIDE_SPREAD_DN,,
2026-03-09T01:55:39.549268098+00:00,R0308_205043,ENTRY,S3,sol,sol-updown-5m-1773021300,261,82.42,0.53,0.52,0.01,0.3,31.7,52,47,0,0.48,0.47,0.01,31.7,0.3,47,52,0,0.531,0.481,5,5,,,,,,,,,,,,,,,,,,,,,
2026-03-09T01:59:33.381882685+00:00,R0308_200647,DUMP,S3,btc,btc-updown-5m-1773021300,27,66230.51,,,,,,,,,,,,,35,,2,115,,,,,UP,0.01,0.002,REAL,0.096,66418.69,66228.45,-0.2864,,,,,,,,,,,,,TAKER_FORCE
2026-03-09T01:59:33.381973883+00:00,R0308_200647,DUMP,S3,eth,eth-updown-5m-1773021300,27,1946.41,,,,,,,,,,,,,100,,2,111,,,,,UP,0.01,0.002,REAL,0.1018,1951.2,1946.26,-0.2528,,,,,,,,,,,,,TAKER_FORCE
2026-03-09T01:59:33.382016648+00:00,R0308_200647,DUMP,S3,sol,sol-updown-5m-1773021300,27,82.14,,,,,,,,,,,,,2899.6,,3,108,,,,,UP,0.01,0.01,REAL,0.0998,82.41,82.14,-0.3322,,,,,,,,,,,,,TAKER_FORCE
2026-03-09T01:59:33.382059141+00:00,R0308_200647,DUMP,S3,xrp,xrp-updown-5m-1773021300,27,1.34,,,,,,,,,,,,,1542.6,,3,108,,,,,UP,0.01,0.01,REAL,0.0998,1.35,1.34,-0.3247,,,,,,,,,,,,,TAKER_FORCE
2026-03-09T01:59:33.875782809+00:00,R0308_205043,DUMP,S3,sol,sol-updown-5m-1773021300,27,82.14,,,,,,,,,,,,,2894.6,,3,107,,,,,UP,0.01,0.01,REAL,0.0942,82.41,82.14,-0.3322,,,,,,,,,,,,,TAKER_FORCE
2026-03-09T01:59:33.875881058+00:00,R0308_205043,DUMP,S3,btc,btc-updown-5m-1773021300,27,66230.51,,,,,,,,,,,,,34,,2,114,,,,,UP,0.01,0.002,REAL,0.0978,66418.69,66228.45,-0.2864,,,,,,,,,,,,,TAKER_FORCE
2026-03-09T01:59:33.875934057+00:00,R0308_205043,DUMP,S3,eth,eth-updown-5m-1773021300,27,1946.41,,,,,,,,,,,,,100,,2,111,,,,,UP,0.01,0.002,REAL,0.0942,1951.2,1946.26,-0.2528,,,,,,,,,,,,,TAKER_FORCE
2026-03-09T01:59:33.875991434+00:00,R0308_205043,DUMP,S3,xrp,xrp-updown-5m-1773021300,27,1.34,,,,,,,,,,,,,1542.6,,3,107,,,,,UP,0.01,0.01,REAL,0.0978,1.35,1.34,-0.3247,,,,,,,,,,,,,TAKER_FORCE
2026-03-09T02:00:00.066952995+00:00,R0308_205043,SETTLE,S3,sol,sol-updown-5m-1773021300,0,82.1,,,0.01,,,,,,,,0.01,,,,,,,,,,,0.01,,,82.41,82.1,-0.3791,DOWN,CL,0,0.999,0.3087,0.0058,0.1746,126.4099,226.4099,132,74,,,
2026-03-09T02:00:00.067085595+00:00,R0308_205043,SETTLE,S3,btc,btc-updown-5m-1773021300,0,66196.01,,,0.02,,,,,,,,0.02,,,,,,,,,,,0.01,,,66418.69,66197.73,-0.3327,DOWN,CL,0,0.999,0.3056,0.0061,-0.4291,125.8062,225.8062,131,75,,,
2026-03-09T02:00:00.067128129+00:00,R0308_205043,SETTLE,S3,eth,eth-updown-5m-1773021300,0,1946,,,0.02,,,,,,,,0.02,,,,,,,,,,,0.01,,,1951.2,1945.71,-0.2812,DOWN,CL,0,0.999,0.3056,0.0058,-0.034,126.2013,226.2013,131,75,,,
2026-03-09T02:00:00.067170312+00:00,R0308_205043,SETTLE,S3,xrp,xrp-updown-5m-1773021300,0,1.34,,,0.02,,,,,,,,0.02,,,,,,,,,,,0.01,,,1.35,1.34,-0.3597,DOWN,CL,0,0.999,0.3056,0.0061,-0.4291,125.8062,225.8062,131,75,,,
2026-03-09T02:00:00.628463885+00:00,R0308_200647,SETTLE,S3,btc,btc-updown-5m-1773021300,0,66196.01,,,0.03,,,,,,,,0.03,,,,,,,,,,,0.01,,,66418.69,66197.73,-0.3327,DOWN,CL,0,0.999,0.3025,0.0059,-0.4277,152.5003,252.5003,161,78,,,
2026-03-09T02:00:00.628552008+00:00,R0308_200647,SETTLE,S3,eth,eth-updown-5m-1773021300,0,1946.05,,,0.01,,,,,,,,0.01,,,,,,,,,,,0.01,,,1951.2,1945.71,-0.2812,DOWN,CL,0,0.999,0.3088,0.0063,-0.6163,152.3118,252.3118,161,78,,,
2026-03-09T02:00:00.628590526+00:00,R0308_200647,SETTLE,S3,sol,sol-updown-5m-1773021300,0,82.1,,,0.02,,,,,,,,0.02,,,,,,,,,,,0.01,,,82.41,82.1,-0.3791,DOWN,CL,0,0.999,0.3056,0.0062,-0.6151,152.313,252.313,161,78,,,
2026-03-09T02:00:00.628629575+00:00,R0308_200647,SETTLE,S3,xrp,xrp-updown-5m-1773021300,0,1.34,,,0.01,,,,,,,,0.01,,,,,,,,,,,0.01,,,1.35,1.34,-0.3597,DOWN,CL,0,0.999,0.3087,0.0062,-0.4304,152.4977,252.4977,161,78,,,
2026-03-09T02:00:10.088407595+00:00,R0308_200647,ENTRY,S3,btc,btc-updown-5m-1773021600,290,66161.45,0.49,0.47,0.02,95.1,10,47,51,0,0.53,0.51,0.02,10,95.1,51,47,0,0.491,0.531,5,5,,,,,,,,,,,,,,,,,,,,,
2026-03-09T02:00:10.551794859+00:00,R0308_205043,ENTRY,S3,btc,btc-updown-5m-1773021600,290,66150.01,0.48,0.47,0.01,19.9,187.9,46,52,0,0.53,0.52,0.01,187.9,19.9,52,46,0,0.481,0.531,5,5,,,,,,,,,,,,,,,,,,,,,
2026-03-09T02:00:45.211692295+00:00,R0308_205043,ENTRY,S3,xrp,xrp-updown-5m-1773021600,255,1.34,0.48,0.47,0.01,29.4,34.8,47,52,0,0.53,0.52,0.01,34.8,29.4,52,47,0,0.481,0.531,5,5,,,,,,,,,,,,,,,,,,,,,
2026-03-09T02:00:48.916356130+00:00,R0308_200647,ENTRY,S3,eth,eth-updown-5m-1773021600,252,1945.17,0.48,0.47,0.01,5,89,47,52,0,0.53,0.52,0.01,89,5,52,47,0,0.481,0.531,5,5,,,,,,,,,,,,,,,,,,,,,
2026-03-09T02:00:48.916466457+00:00,R0308_200647,ENTRY,S3,xrp,xrp-updown-5m-1773021600,252,1.34,0.48,0.47,0.01,21,28,47,52,0,0.53,0.52,0.01,28,21,52,47,0,0.481,0.531,5,5,,,,,,,,,,,,,,,,,,,,,
2026-03-09T02:00:49.350401102+00:00,R0308_205043,ENTRY,S3,eth,eth-updown-5m-1773021600,251,1945.46,0.49,0.48,0.01,28,5,48,51,0,0.52,0.51,0.01,5,28,51,48,0,0.491,0.521,5,5,,,,,,,,,,,,,,,,,,,,,
2026-03-09T02:01:29.083515569+00:00,R0308_205043,ENTRY,S3,sol,sol-updown-5m-1773021600,211,82.08,0.48,0.47,0.01,26,28,47,51,0,0.53,0.52,0.01,28,26,51,47,0,0.481,0.531,5,5,,,,,,,,,,,,,,,,,,,,,
2026-03-09T02:01:29.605511035+00:00,R0308_200647,ENTRY,S3,sol,sol-updown-5m-1773021600,211,82.08,0.48,0.47,0.01,8,42,47,52,0,0.53,0.52,0.01,42,8,52,47,0,0.481,0.531,5,5,,,,,,,,,,,,,,,,,,,,,
2026-03-09T02:04:31.655860382+00:00,R0308_200647,DUMP,S3,btc,btc-updown-5m-1773021600,29,66197.98,,,,,,,,,,,,,21,,51,46,,,,,DN,0.31,0.53,REAL,2.919,66201.02,66209.77,0.0132,,,,,,,,,,,,,MAKER_FILL
2026-03-09T02:04:32.081091080+00:00,R0308_205043,DUMP,S3,btc,btc-updown-5m-1773021600,28,66197.97,,,,,,,,,,,,,29.2,,50,46,,,,,DN,0.31,0.51,REAL,2.919,66201.02,66210.43,0.0142,,,,,,,,,,,,,MAKER_FILL
2026-03-09T02:04:32.689146338+00:00,R0308_200647,DUMP,S3,sol,sol-updown-5m-1773021600,28,82.07,,,,,,,,,,,,,8,,33,55,,,,,UP,0.28,0.33,REAL,2.9106,82.1,82.09,-0.015,,,,,,,,,,,,,MAKER_FILL
2026-03-09T02:04:32.689413230+00:00,R0308_200647,DUMP,S3,eth,eth-updown-5m-1773021600,28,1945.31,,,,,,,,,,,,,0.1,,36,63,,,,,UP,0.34,0.36,REAL,3.5343,1945.71,1945.39,-0.0164,,,,,,,,,,,,,MAKER_FILL
2026-03-09T02:04:33.113179750+00:00,R0308_205043,DUMP,S3,xrp,xrp-updown-5m-1773021600,27,1.34,,,,,,,,,,,,,15,,40,57,,,,,UP,0.37,0.4,REAL,3.8462,1.34,1.34,-0.0089,,,,,,,,,,,,,MAKER_FILL
2026-03-09T02:04:33.113257336+00:00,R0308_205043,DUMP,S3,eth,eth-updown-5m-1773021600,27,1945.49,,,,,,,,,,,,,23.3,,42,57,,,,,UP,0.36,0.42,REAL,3.666,1945.71,1945.39,-0.0164,,,,,,,,,,,,,MAKER_FILL
2026-03-09T02:04:33.113278749+00:00,R0308_205043,DUMP,S3,sol,sol-updown-5m-1773021600,27,82.08,,,,,,,,,,,,,22.5,,48,44,,,,,UP,0.33,0.48,REAL,3.4304,82.1,82.09,-0.015,,,,,,,,,,,,,MAKER_FILL
2026-03-09T02:04:33.720490184+00:00,R0308_200647,DUMP,S3,xrp,xrp-updown-5m-1773021600,27,1.34,,,,,,,,,,,,,8,,48,50,,,,,UP,0.36,0.49,REAL,3.7422,1.34,1.34,-0.0202,,,,,,,,,,,,,MAKER_FILL
2026-03-09T02:05:00.225737841+00:00,R0308_205043,SETTLE,S3,btc,btc-updown-5m-1773021600,0,66182,,,0.01,,,,,,,,0.01,,,,,,,,,,,0.31,,,66201.02,66179.9,-0.0319,DOWN,CL,0.01,0.98,0.3087,0.139,2.1909,127.7086,227.7086,133,77,,,
2026-03-09T02:05:00.225877502+00:00,R0308_205043,SETTLE,S3,xrp,xrp-updown-5m-1773021600,0,1.34,,,0.01,,,,,,,,0.01,,,,,,,,,,,0.37,,,1.34,1.34,-0.0564,DOWN,CL,0,0.99,0.3087,0.1514,2.8022,128.3198,228.3198,133,77,,,
2026-03-09T02:05:00.225924993+00:00,R0308_205043,SETTLE,S3,eth,eth-updown-5m-1773021600,0,1944.97,,,0.01,,,,,,,,0.01,,,,,,,,,,,0.36,,,1945.71,1944.72,-0.0507,DOWN,CL,0,0.99,0.3088,0.1466,2.8075,128.3252,228.3252,133,77,,,
2026-03-09T02:05:00.225958604+00:00,R0308_205043,SETTLE,S3,sol,sol-updown-5m-1773021600,0,82.04,,,0.01,,,,,,,,0.01,,,,,,,,,,,0.33,,,82.1,82.04,-0.0753,DOWN,CL,0,0.99,0.3087,0.1436,2.3942,127.9118,227.9118,133,77,,,
2026-03-09T02:05:00.983539871+00:00,R0308_200647,SETTLE,S3,btc,btc-updown-5m-1773021600,0,66169.08,,,0.02,,,,,,,,0.02,,,,,,,,,,,0.31,,,66201.02,66179.9,-0.0319,DOWN,CL,0,0.99,0.3056,0.1361,2.1313,152.9698,252.9698,162,81,,,
2026-03-09T02:05:00.983610868+00:00,R0308_200647,SETTLE,S3,sol,sol-updown-5m-1773021600,0,82,,,0.01,,,,,,,,0.01,,,,,,,,,,,0.28,,,82.1,82.04,-0.0753,DOWN,CL,0,0.99,0.3087,0.131,1.8871,152.7257,252.7257,162,81,,,
2026-03-09T02:05:00.983654674+00:00,R0308_200647,SETTLE,S3,xrp,xrp-updown-5m-1773021600,0,1.34,,,0.01,,,,,,,,0.01,,,,,,,,,,,0.36,,,1.34,1.34,-0.0564,DOWN,CL,0,0.99,0.3087,0.1497,2.7,153.5385,253.5385,162,81,,,
2026-03-09T02:05:00.983692262+00:00,R0308_200647,SETTLE,S3,eth,eth-updown-5m-1773021600,0,1944.25,,,0.01,,,,,,,,0.01,,,,,,,,,,,0.34,,,1945.71,1944.72,-0.0507,DOWN,CL,0,0.99,0.3087,0.1458,2.496,153.3345,253.3345,162,81,,,
2026-03-09T02:05:51.058562077+00:00,R0308_200647,ENTRY,S3,xrp,xrp-updown-5m-1773021900,249,1.34,0.53,0.48,0.05,51.6,2.5,48,47,0,0.52,0.47,0.05,2.5,51.6,47,48,0,0.531,0.521,5,5,,,,,,,,,,,,,,,,,,,WIDE_SPREAD_UP|WIDE_SPREAD_DN,,
2026-03-09T02:05:52.515237725+00:00,R0308_205043,ENTRY,S3,xrp,xrp-updown-5m-1773021900,248,1.34,0.51,0.5,0.01,51.3,12,50,49,0,0.5,0.49,0.01,12,51.3,49,50,0,0.511,0.501,5,5,,,,,,,,,,,,,,,,,,,,,
2026-03-09T02:05:56.329847366+00:00,R0308_200647,ENTRY,S3,eth,eth-updown-5m-1773021900,244,1944.33,0.48,0.47,0.01,9,100,47,52,0,0.53,0.52,0.01,100,9,52,47,0,0.481,0.531,5,5,,,,,,,,,,,,,,,,,,,,,
2026-03-09T02:05:56.762161388+00:00,R0308_205043,ENTRY,S3,eth,eth-updown-5m-1773021900,244,1944.58,0.49,0.48,0.01,541.2,6.9,48,51,0,0.52,0.51,0.01,6.9,541.2,51,48,0,0.491,0.521,5,5,,,,,,,,,,,,,,,,,,,,,
2026-03-09T02:05:57.360400241+00:00,R0308_200647,ENTRY,S3,btc,btc-updown-5m-1773021900,243,66161.75,0.5,0.48,0.02,127,101.6,48,50,0,0.52,0.5,0.02,101.6,127,50,48,0,0.501,0.521,5,5,,,,,,,,,,,,,,,,,,,,,
2026-03-09T02:05:57.360508114+00:00,R0308_200647,ENTRY,S3,sol,sol-updown-5m-1773021900,243,82.02,0.49,0.48,0.01,42,7.9,48,51,0,0.52,0.51,0.01,7.9,42,51,48,0,0.491,0.521,5,5,,,,,,,,,,,,,,,,,,,,,
2026-03-09T02:05:57.797181128+00:00,R0308_205043,ENTRY,S3,btc,btc-updown-5m-1773021900,243,66153.67,0.5,0.49,0.01,25,103.8,49,50,0,0.51,0.5,0.01,103.8,25,50,49,0,0.501,0.511,5,5,,,,,,,,,,,,,,,,,,,,,
2026-03-09T02:05:57.797290293+00:00,R0308_205043,ENTRY,S3,sol,sol-updown-5m-1773021900,243,82.02,0.49,0.48,0.01,8,51.9,48,51,0,0.52,0.51,0.01,51.9,8,51,48,0,0.491,0.521,5,5,,,,,,,,,,,,,,,,,,,,,
2026-03-09T02:09:31.178396231+00:00,R0308_200647,DUMP,S3,sol,sol-updown-5m-1773021900,29,82.15,,,,,,,,,,,,,5,,3,93,,,,,DN,0.04,0.04,REAL,0.3839,82.04,82.17,0.164,,,,,,,,,,,,,MAKER_FILL
2026-03-09T02:09:31.178661571+00:00,R0308_200647,DUMP,S3,btc,btc-updown-5m-1773021900,29,66216.53,,,,,,,,,,,,,331.4,,17,81,,,,,DN,0.16,0.17,REAL,1.5355,66178.7,66228.02,0.0745,,,,,,,,,,,,,MAKER_FILL
2026-03-09T02:09:31.304725658+00:00,R0308_205043,DUMP,S3,sol,sol-updown-5m-1773021900,29,82.15,,,,,,,,,,,,,5,,3,93,,,,,DN,0.04,0.04,REAL,0.3839,82.04,82.17,0.164,,,,,,,,,,,,,MAKER_FILL
2026-03-09T02:09:31.304861683+00:00,R0308_205043,DUMP,S3,btc,btc-updown-5m-1773021900,29,66216.53,,,,,,,,,,,,,76,,19,80,,,,,DN,0.18,0.19,REAL,1.7613,66178.7,66228.02,0.0745,,,,,,,,,,,,,MAKER_FILL
2026-03-09T02:09:33.374066147+00:00,R0308_205043,DUMP,S3,xrp,xrp-updown-5m-1773021900,27,1.34,,,,,,,,,,,,,1661.2,,1,98,,,,,DN,0.01,0.01,REAL,0.0998,1.34,1.34,0.2166,,,,,,,,,,,,,TAKER_FORCE
2026-03-09T02:09:33.374165276+00:00,R0308_205043,DUMP,S3,eth,eth-updown-5m-1773021900,27,1949.17,,,,,,,,,,,,,1152.2,,1,98,,,,,DN,0.01,0.01,REAL,0.096,1944.76,1948.49,0.1916,,,,,,,,,,,,,TAKER_FORCE
2026-03-09T02:09:33.376453296+00:00,R0308_200647,DUMP,S3,eth,eth-updown-5m-1773021900,27,1949.17,,,,,,,,,,,,,1152.2,,1,98,,,,,DN,0.01,0.01,REAL,0.0942,1944.76,1948.49,0.1916,,,,,,,,,,,,,TAKER_FORCE
2026-03-09T02:09:33.376545916+00:00,R0308_200647,DUMP,S3,xrp,xrp-updown-5m-1773021900,27,1.34,,,,,,,,,,,,,1661.2,,1,98,,,,,DN,0.01,0.01,REAL,0.096,1.34,1.34,0.2166,,,,,,,,,,,,,TAKER_FORCE
2026-03-09T02:10:00.522535758+00:00,R0308_205043,SETTLE,S3,xrp,xrp-updown-5m-1773021900,0,1.34,,,0.01,,,,,,,,0.01,,,,,,,,,,,0.01,,,1.34,1.34,0.2052,UP,CL,0.999,0,0.3087,0.0062,-0.4304,135.2821,235.2821,136,78,,,
2026-03-09T02:10:00.522652784+00:00,R0308_205043,SETTLE,S3,eth,eth-updown-5m-1773021900,0,1948.86,,,0.01,,,,,,,,0.01,,,,,,,,,,,0.01,,,1944.76,1948.36,0.1851,UP,CL,0.99,0,0.3088,0.0059,-0.0354,135.677,235.677,136,78,,,
2026-03-09T02:10:00.522714247+00:00,R0308_205043,SETTLE,S3,sol,sol-updown-5m-1773021900,0,82.17,,,0.01,,,,,,,,0.01,,,,,,,,,,,0.04,,,82.04,82.15,0.134,UP,CL,0.99,0,0.3088,0.023,0.2354,135.9478,235.9478,137,77,,,
2026-03-09T02:10:00.522789831+00:00,R0308_205043,SETTLE,S3,btc,btc-updown-5m-1773021900,0,66230.14,,,0.01,,,,,,,,0.01,,,,,,,,,,,0.18,,,66178.7,66227.49,0.0737,UP,CL,0.99,0,0.3087,0.0903,1.3423,137.0547,237.0547,137,77,,,
2026-03-09T02:10:00.548375089+00:00,R0308_200647,SETTLE,S3,eth,eth-updown-5m-1773021900,0,1948.86,,,0.01,,,,,,,,0.01,,,,,,,,,,,0.01,,,1944.76,1948.36,0.1851,UP,CL,0.99,0,0.3087,0.0058,0.1746,160.2274,260.2274,166,81,,,
2026-03-09T02:10:00.548528510+00:00,R0308_200647,SETTLE,S3,sol,sol-updown-5m-1773021900,0,82.17,,,0.01,,,,,,,,0.01,,,,,,,,,,,0.04,,,82.04,82.15,0.134,UP,CL,0.99,0,0.3088,0.023,0.2354,160.2882,260.2882,166,81,,,
2026-03-09T02:10:00.548628661+00:00,R0308_200647,SETTLE,S3,xrp,xrp-updown-5m-1773021900,0,1.34,,,0.05,,,,,,,,0.05,,,,,,,,,,,0.01,,,1.34,1.34,0.2052,UP,CL,0.999,0,0.2963,0.0059,-0.79,159.2628,259.2628,165,82,,,
2026-03-09T02:10:00.548735443+00:00,R0308_200647,SETTLE,S3,btc,btc-updown-5m-1773021900,0,66230.14,,,0.02,,,,,,,,0.02,,,,,,,,,,,0.16,,,66178.7,66227.49,0.0737,UP,CL,0.99,0,0.3056,0.0806,1.1293,161.1821,261.1821,166,81,,,
2026-03-09T02:10:10.011201374+00:00,R0308_200647,ENTRY,S3,btc,btc-updown-5m-1773022200,290,66228.27,0.49,0.48,0.01,5,710.1,47,51,0,0.52,0.51,0.01,710.1,5,51,47,0,0.491,0.521,5,5,,,,,,,,,,,,,,,,,,,,,
2026-03-09T02:10:10.011293413+00:00,R0308_200647,ENTRY,S3,eth,eth-updown-5m-1773022200,290,1948.96,0.53,0.52,0.01,220.9,13,52,47,0,0.48,0.47,0.01,13,220.9,47,52,0,0.531,0.481,5,5,,,,,,,,,,,,,,,,,,,,,
2026-03-09T02:10:10.011332121+00:00,R0308_200647,ENTRY,S3,sol,sol-updown-5m-1773022200,290,82.16,0.51,0.5,0.01,67.5,22.3,50,49,0,0.5,0.49,0.01,22.3,67.5,49,50,0,0.511,0.501,5,5,,,,,,,,,,,,,,,,,,,,,
2026-03-09T02:10:10.011379012+00:00,R0308_200647,ENTRY,S3,xrp,xrp-updown-5m-1773022200,290,1.34,0.53,0.52,0.01,60,62.6,52,46,0,0.48,0.47,0.01,62.6,60,46,52,0,0.531,0.481,5,5,,,,,,,,,,,,,,,,,,,,,
2026-03-09T02:10:10.984828746+00:00,R0308_205043,ENTRY,S3,btc,btc-updown-5m-1773022200,290,66228.27,0.5,0.48,0.02,143.2,68,48,50,0,0.52,0.5,0.02,68,143.2,50,48,0,0.501,0.521,5,5,,,,,,,,,,,,,,,,,,,,,
2026-03-09T02:10:12.027941842+00:00,R0308_205043,ENTRY,S3,eth,eth-updown-5m-1773022200,288,1948.63,0.5,0.49,0.01,172.5,5,49,50,0,0.51,0.5,0.01,5,172.5,50,49,0,0.501,0.511,5,5,,,,,,,,,,,,,,,,,,,,,
2026-03-09T02:10:12.028021442+00:00,R0308_205043,ENTRY,S3,sol,sol-updown-5m-1773022200,288,82.15,0.5,0.49,0.01,10,28,49,50,0,0.51,0.5,0.01,28,10,50,49,0,0.501,0.511,5,5,,,,,,,,,,,,,,,,,,,,,
2026-03-09T02:10:12.028051328+00:00,R0308_205043,ENTRY,S3,xrp,xrp-updown-5m-1773022200,288,1.34,0.5,0.49,0.01,36,13,49,50,0,0.51,0.5,0.01,13,36,50,49,0,0.501,0.511,5,5,,,,,,,,,,,,,,,,,,,,,
2026-03-09T02:14:33.253694327+00:00,R0308_200647,DUMP,S3,eth,eth-updown-5m-1773022200,27,1944.65,,,,,,,,,,,,,3548.8,,1,98,,,,,UP,0.01,0.01,REAL,0.0942,1948.37,1944.57,-0.1951,,,,,,,,,,,,,TAKER_FORCE
2026-03-09T02:14:33.253845625+00:00,R0308_200647,DUMP,S3,xrp,xrp-updown-5m-1773022200,27,1.34,,,,,,,,,,,,,4605.6,,1,98,,,,,UP,0.01,0.01,REAL,0.0942,1.34,1.34,-0.1827,,,,,,,,,,,,,TAKER_FORCE
2026-03-09T02:14:33.253913858+00:00,R0308_200647,DUMP,S3,btc,btc-updown-5m-1773022200,27,66152.24,,,,,,,,,,,,,12188.1,,1,98,,,,,UP,0.01,0.01,REAL,0.1018,66227.93,66149.43,-0.1185,,,,,,,,,,,,,TAKER_FORCE
2026-03-09T02:14:33.253977694+00:00,R0308_200647,DUMP,S3,sol,sol-updown-5m-1773022200,27,81.95,,,,,,,,,,,,,2544.1,,1,98,,,,,UP,0.01,0.01,REAL,0.0978,82.15,81.95,-0.2409,,,,,,,,,,,,,TAKER_FORCE
2026-03-09T02:14:33.363512270+00:00,R0308_205043,DUMP,S3,btc,btc-updown-5m-1773022200,27,66152.24,,,,,,,,,,,,,12188.1,,1,98,,,,,UP,0.01,0.01,REAL,0.0998,66227.93,66149.43,-0.1185,,,,,,,,,,,,,TAKER_FORCE
2026-03-09T02:14:33.363610268+00:00,R0308_205043,DUMP,S3,xrp,xrp-updown-5m-1773022200,27,1.34,,,,,,,,,,,,,4595.6,,1,98,,,,,UP,0.01,0.01,REAL,0.0998,1.34,1.34,-0.1827,,,,,,,,,,,,,TAKER_FORCE
2026-03-09T02:14:33.363654114+00:00,R0308_205043,DUMP,S3,eth,eth-updown-5m-1773022200,27,1944.65,,,,,,,,,,,,,2298.8,,1,98,,,,,UP,0.01,0.01,REAL,0.0998,1948.37,1944.57,-0.1951,,,,,,,,,,,,,TAKER_FORCE
2026-03-09T02:14:33.363695908+00:00,R0308_205043,DUMP,S3,sol,sol-updown-5m-1773022200,27,81.95,,,,,,,,,,,,,2544.1,,1,98,,,,,UP,0.01,0.01,REAL,0.0998,82.15,81.95,-0.2409,,,,,,,,,,,,,TAKER_FORCE
2026-03-09T02:15:00.530980722+00:00,R0308_205043,SETTLE,S3,btc,btc-updown-5m-1773022200,0,66172.18,,,0.02,,,,,,,,0.02,,,,,,,,,,,0.01,,,66227.93,66171.47,-0.0853,DOWN,CL,0,0.999,0.3056,0.0062,-0.6151,136.2092,236.2092,138,80,,,
2026-03-09T02:15:00.531498091+00:00,R0308_205043,SETTLE,S3,xrp,xrp-updown-5m-1773022200,0,1.34,,,0.01,,,,,,,,0.01,,,,,,,,,,,0.01,,,1.34,1.34,-0.1515,DOWN,CL,0,0.99,0.3087,0.0062,-0.4304,136.3939,236.3939,138,80,,,
2026-03-09T02:15:00.532623509+00:00,R0308_205043,SETTLE,S3,eth,eth-updown-5m-1773022200,0,1945.82,,,0.01,,,,,,,,0.01,,,,,,,,,,,0.01,,,1948.37,1945.75,-0.1348,DOWN,CL,0,0.99,0.3087,0.0062,-0.4304,136.3939,236.3939,138,80,,,
2026-03-09T02:15:00.532781707+00:00,R0308_205043,SETTLE,S3,sol,sol-updown-5m-1773022200,0,82.02,,,0.01,,,,,,,,0.01,,,,,,,,,,,0.01,,,82.15,82.03,-0.1491,DOWN,CL,0,0.999,0.3087,0.0062,-0.4304,136.3939,236.3939,138,80,,,
2026-03-09T02:15:00.592592541+00:00,R0308_200647,SETTLE,S3,eth,eth-updown-5m-1773022200,0,1945.48,,,0.01,,,,,,,,0.01,,,,,,,,,,,0.01,,,1948.37,1945.75,-0.1348,DOWN,CL,0,0.99,0.3087,0.0058,0.1746,160.9767,260.9767,169,82,,,
2026-03-09T02:15:00.592845942+00:00,R0308_200647,SETTLE,S3,xrp,xrp-updown-5m-1773022200,0,1.34,,,0.01,,,,,,,,0.01,,,,,,,,,,,0.01,,,1.34,1.34,-0.1515,DOWN,CL,0,0.99,0.3087,0.0058,0.1746,160.9767,260.9767,169,82,,,
2026-03-09T02:15:00.592877561+00:00,R0308_200647,SETTLE,S3,btc,btc-updown-5m-1773022200,0,66164.92,,,0.01,,,,,,,,0.01,,,,,,,,,,,0.01,,,66227.93,66171.47,-0.0853,DOWN,CL,0,0.999,0.3088,0.0063,-0.6163,160.1858,260.1858,168,83,,,
2026-03-09T02:15:00.592907596+00:00,R0308_200647,SETTLE,S3,sol,sol-updown-5m-1773022200,0,82,,,0.01,,,,,,,,0.01,,,,,,,,,,,0.01,,,82.15,82.03,-0.1491,DOWN,CL,0,0.999,0.3087,0.0061,-0.2369,160.5652,260.5652,168,83,,,
2026-03-09T02:20:10.729456927+00:00,R0308_205043,ENTRY,S3,sol,sol-updown-5m-1773022800,290,81.76,0.49,0.47,0.02,15.1,67.2,47,51,0,0.53,0.51,0.02,67.2,15.1,51,47,0,0.491,0.531,5,5,,,,,,,,,,,,,,,,,,,,,
2026-03-09T02:20:10.795464859+00:00,R0308_200647,ENTRY,S3,sol,sol-updown-5m-1773022800,290,81.76,0.49,0.47,0.02,15.1,67.2,47,51,0,0.53,0.51,0.02,67.2,15.1,51,47,0,0.491,0.531,5,5,,,,,,,,,,,,,,,,,,,,,
2026-03-09T02:20:12.908802283+00:00,R0308_205043,ENTRY,S3,eth,eth-updown-5m-1773022800,288,1940.92,0.53,0.52,0.01,28,121.5,52,47,0,0.48,0.47,0.01,121.5,28,47,52,0,0.531,0.481,5,5,,,,,,,,,,,,,,,,,,,,,
2026-03-09T02:20:12.982223145+00:00,R0308_200647,ENTRY,S3,eth,eth-updown-5m-1773022800,288,1940.92,0.53,0.52,0.01,23,481.5,52,47,0,0.48,0.47,0.01,481.5,23,47,52,0,0.531,0.481,5,5,,,,,,,,,,,,,,,,,,,,,
2026-03-09T02:20:14.975630165+00:00,R0308_205043,ENTRY,S3,btc,btc-updown-5m-1773022800,286,66017.88,0.52,0.51,0.01,363,18.9,51,48,0,0.49,0.48,0.01,18.9,363,48,51,0,0.521,0.491,5,5,,,,,,,,,,,,,,,,,,,,,
2026-03-09T02:20:15.059592353+00:00,R0308_200647,ENTRY,S3,btc,btc-updown-5m-1773022800,285,66017.88,0.53,0.52,0.01,126.1,50,52,47,0,0.48,0.47,0.01,50,126.1,47,52,0,0.531,0.481,5,5,,,,,,,,,,,,,,,,,,,,,
2026-03-09T02:20:44.256964054+00:00,R0308_205043,ENTRY,S3,xrp,xrp-updown-5m-1773022800,256,1.34,0.53,0.52,0.01,11.9,94.2,51,47,0,0.48,0.47,0.01,94.2,11.9,47,51,0,0.531,0.481,5,5,,,,,,,,,,,,,,,,,,,,,
2026-03-09T02:20:44.375849573+00:00,R0308_200647,ENTRY,S3,xrp,xrp-updown-5m-1773022800,256,1.34,0.53,0.52,0.01,11.9,94.2,51,47,0,0.48,0.47,0.01,94.2,11.9,47,51,0,0.531,0.481,5,5,,,,,,,,,,,,,,,,,,,,,
2026-03-09T02:24:31.234573500+00:00,R0308_200647,DUMP,S3,sol,sol-updown-5m-1773022800,29,81.97,,,,,,,,,,,,,20.8,,2,97,,,,,DN,0.02,0.02,REAL,0.1883,81.81,81.96,0.1877,,,,,,,,,,,,,MAKER_FILL
2026-03-09T02:24:33.410021578+00:00,R0308_200647,DUMP,S3,btc,btc-updown-5m-1773022800,27,66144.19,,,,,,,,,,,,,0,,0,99,,,,,DN,0.099,0.1,EST,1.0291,66028.89,66139.78,0.1679,,,,,,,,,,,,,TAKER_FORCE|EST_BID
2026-03-09T02:24:33.410132886+00:00,R0308_200647,DUMP,S3,eth,eth-updown-5m-1773022800,27,1945.55,,,,,,,,,,,,,0,,0,99,,,,,DN,0.099,0.1,EST,1.0291,1940.74,1945.52,0.2465,,,,,,,,,,,,,TAKER_FORCE|EST_BID
2026-03-09T02:24:33.410196513+00:00,R0308_200647,DUMP,S3,xrp,xrp-updown-5m-1773022800,27,1.34,,,,,,,,,,,,,4595.2,,1,98,,,,,DN,0.01,0.01,REAL,0.104,1.34,1.34,0.1624,,,,,,,,,,,,,TAKER_FORCE
2026-03-09T02:24:33.737047848+00:00,R0308_205043,DUMP,S3,eth,eth-updown-5m-1773022800,27,1945.55,,,,,,,,,,,,,0,,0,99,,,,,DN,0.099,0.1,EST,1.0291,1940.74,1945.52,0.2465,,,,,,,,,,,,,TAKER_FORCE|EST_BID
2026-03-09T02:24:33.737144855+00:00,R0308_205043,DUMP,S3,sol,sol-updown-5m-1773022800,27,81.97,,,,,,,,,,,,,5462.1,,1,98,,,,,DN,0.01,0.01,REAL,0.0942,81.81,81.96,0.1905,,,,,,,,,,,,,TAKER_FORCE
2026-03-09T02:24:33.737199767+00:00,R0308_205043,DUMP,S3,btc,btc-updown-5m-1773022800,27,66144.19,,,,,,,,,,,,,0,,0,99,,,,,DN,0.099,0.1,EST,1.0081,66028.89,66139.78,0.1679,,,,,,,,,,,,,TAKER_FORCE|EST_BID
2026-03-09T02:24:33.737219838+00:00,R0308_205043,DUMP,S3,xrp,xrp-updown-5m-1773022800,27,1.34,,,,,,,,,,,,,4590.2,,1,98,,,,,DN,0.01,0.01,REAL,0.104,1.34,1.34,0.1624,,,,,,,,,,,,,TAKER_FORCE
2026-03-09T02:25:00.090295004+00:00,R0308_205043,SETTLE,S3,eth,eth-updown-5m-1773022800,0,1945.49,,,0.01,,,,,,,,0.01,,,,,,,,,,,0.099,,,1940.74,1945.34,0.2371,UP,CL,0.99,0,0.3087,0.058,0.0786,134.9967,234.9967,139,83,,,
2026-03-09T02:25:00.090432761+00:00,R0308_205043,SETTLE,S3,sol,sol-updown-5m-1773022800,0,81.93,,,0.02,,,,,,,,0.02,,,,,,,,,,,0.01,,,81.81,81.95,0.1787,UP,CL,0.99,0,0.3056,0.0058,-0.034,134.8841,234.8841,138,84,,,
2026-03-09T02:25:00.090480864+00:00,R0308_205043,SETTLE,S3,btc,btc-updown-5m-1773022800,0,66134.67,,,0.01,,,,,,,,0.01,,,,,,,,,,,0.099,,,66028.89,66133.16,0.1579,UP,CL,0.99,0,0.3088,0.0568,0.2396,135.1576,235.1576,139,83,,,
2026-03-09T02:25:00.090525542+00:00,R0308_205043,SETTLE,S3,xrp,xrp-updown-5m-1773022800,0,1.34,,,0.01,,,,,,,,0.01,,,,,,,,,,,0.01,,,1.34,1.34,0.1427,UP,CL,0.99,0,0.3087,0.0064,-0.795,134.123,234.123,138,84,,,
2026-03-09T02:25:00.500986967+00:00,R0308_200647,SETTLE,S3,btc,btc-updown-5m-1773022800,0,66144.81,,,0.01,,,,,,,,0.01,,,,,,,,,,,0.099,,,66028.89,66132.23,0.1565,UP,CL,0.99,0,0.3087,0.058,0.0786,160.3767,260.3767,171,84,,,
2026-03-09T02:25:00.501074318+00:00,R0308_200647,SETTLE,S3,eth,eth-updown-5m-1773022800,0,1945.65,,,0.01,,,,,,,,0.01,,,,,,,,,,,0.099,,,1940.74,1945.27,0.2336,UP,CL,0.99,0,0.3087,0.058,0.0786,160.3767,260.3767,171,84,,,
2026-03-09T02:25:00.501112877+00:00,R0308_200647,SETTLE,S3,sol,sol-updown-5m-1773022800,0,81.95,,,0.02,,,,,,,,0.02,,,,,,,,,,,0.02,,,81.81,81.94,0.1675,UP,CL,0.99,0,0.3056,0.0115,0.0545,160.3526,260.3526,171,84,,,
2026-03-09T02:25:00.501171835+00:00,R0308_200647,SETTLE,S3,xrp,xrp-updown-5m-1773022800,0,1.34,,,0.01,,,,,,,,0.01,,,,,,,,,,,0.01,,,1.34,1.34,0.1414,UP,CL,0.99,0,0.3087,0.0064,-0.795,159.5031,259.5031,170,85,,,
2026-03-09T02:25:10.598459296+00:00,R0308_205043,ENTRY,S3,btc,btc-updown-5m-1773023100,290,66131.32,0.52,0.51,0.01,377.9,170.6,51,48,0,0.49,0.48,0.01,170.6,377.9,48,51,0,0.521,0.491,5,5,,,,,,,,,,,,,,,,,,,,,
2026-03-09T02:25:10.598602192+00:00,R0308_205043,ENTRY,S3,eth,eth-updown-5m-1773023100,290,1945.22,0.48,0.47,0.01,561,5.8,47,52,0,0.53,0.52,0.01,5.8,561,52,47,0,0.481,0.531,5,5,,,,,,,,,,,,,,,,,,,,,
2026-03-09T02:25:10.598665948+00:00,R0308_205043,ENTRY,S3,sol,sol-updown-5m-1773023100,290,81.93,0.5,0.48,0.02,95,91,48,50,0,0.52,0.5,0.02,91,95,50,48,0,0.501,0.521,5,5,,,,,,,,,,,,,,,,,,,,,
2026-03-09T02:25:10.598730545+00:00,R0308_205043,ENTRY,S3,xrp,xrp-updown-5m-1773023100,290,1.34,0.49,0.47,0.02,77,60,47,51,0,0.53,0.51,0.02,60,77,51,47,0,0.491,0.531,5,5,,,,,,,,,,,,,,,,,,,,,
2026-03-09T02:25:10.947279485+00:00,R0308_200647,ENTRY,S3,btc,btc-updown-5m-1773023100,290,66131.32,0.52,0.51,0.01,229,293.4,51,48,0,0.49,0.48,0.01,293.4,229,48,51,0,0.521,0.491,5,5,,,,,,,,,,,,,,,,,,,,,
2026-03-09T02:25:10.947469733+00:00,R0308_200647,ENTRY,S3,eth,eth-updown-5m-1773023100,290,1945.22,0.49,0.48,0.01,91.1,14,48,51,0,0.52,0.51,0.01,14,91.1,51,48,0,0.491,0.521,5,5,,,,,,,,,,,,,,,,,,,,,
2026-03-09T02:25:10.947572978+00:00,R0308_200647,ENTRY,S3,sol,sol-updown-5m-1773023100,290,81.93,0.49,0.48,0.01,96,47.6,48,51,0,0.52,0.51,0.01,47.6,96,51,48,0,0.491,0.521,5,5,,,,,,,,,,,,,,,,,,,,,
2026-03-09T02:25:10.947684406+00:00,R0308_200647,ENTRY,S3,xrp,xrp-updown-5m-1773023100,290,1.34,0.49,0.47,0.02,101,60,47,51,0,0.53,0.51,0.02,60,101,51,47,0,0.491,0.531,5,5,,,,,,,,,,,,,,,,,,,,,
2026-03-09T02:29:31.122884020+00:00,R0308_205043,DUMP,S3,eth,eth-updown-5m-1773023100,29,1945.86,,,,,,,,,,,,,20.9,,26,71,,,,,DN,0.23,0.26,REAL,2.1657,1945.36,1945.69,0.0171,,,,,,,,,,,,,MAKER_FILL
2026-03-09T02:29:31.123006535+00:00,R0308_205043,DUMP,S3,sol,sol-updown-5m-1773023100,29,81.98,,,,,,,,,,,,,22,,27,66,,,,,DN,0.2,0.31,REAL,1.9194,81.96,81.97,0.0222,,,,,,,,,,,,,MAKER_FILL
2026-03-09T02:29:31.840525351+00:00,R0308_200647,DUMP,S3,sol,sol-updown-5m-1773023100,29,81.94,,,,,,,,,,,,,25.1,,32,55,,,,,DN,0.24,0.33,REAL,2.3033,81.95,81.98,0.0359,,,,,,,,,,,,,MAKER_FILL
2026-03-09T02:29:31.840588636+00:00,R0308_200647,DUMP,S3,btc,btc-updown-5m-1773023100,29,66144.96,,,,,,,,,,,,,64,,19,72,,,,,DN,0.11,0.21,REAL,1.1202,66134.58,66151.72,0.0259,,,,,,,,,,,,,MAKER_FILL
2026-03-09T02:29:31.840608827+00:00,R0308_200647,DUMP,S3,eth,eth-updown-5m-1773023100,29,1945.37,,,,,,,,,,,,,99,,29,51,,,,,DN,0.24,0.4,REAL,2.3033,1945.39,1945.79,0.0202,,,,,,,,,,,,,MAKER_FILL
2026-03-09T02:29:32.157359601+00:00,R0308_205043,DUMP,S3,btc,btc-updown-5m-1773023100,28,66139.06,,,,,,,,,,,,,20,,24,67,,,,,DN,0.11,0.24,REAL,1.1202,66135.88,66151.76,0.024,,,,,,,,,,,,,MAKER_FILL
2026-03-09T02:29:33.193730681+00:00,R0308_205043,DUMP,S3,xrp,xrp-updown-5m-1773023100,27,1.34,,,,,,,,,,,,,5602.7,,1,98,,,,,UP,0.01,0.01,REAL,0.1018,1.34,1.34,-0.1149,,,,,,,,,,,,,TAKER_FORCE
2026-03-09T02:29:33.902345551+00:00,R0308_200647,DUMP,S3,xrp,xrp-updown-5m-1773023100,27,1.34,,,,,,,,,,,,,5492.5,,1,98,,,,,UP,0.01,0.01,REAL,0.1018,1.34,1.34,-0.1205,,,,,,,,,,,,,TAKER_FORCE
2026-03-09T02:30:00.008549304+00:00,R0308_200647,SETTLE,S3,xrp,xrp-updown-5m-1773023100,0,1.34,,,0.02,,,,,,,,0.02,,,,,,,,,,,0.01,,,1.34,1.34,-0.2153,DOWN,CL,0,0.99,0.3056,0.0063,-0.7939,158.9208,258.9208,173,86,,,
2026-03-09T02:30:00.008624367+00:00,R0308_200647,SETTLE,S3,sol,sol-updown-5m-1773023100,0,81.93,,,0.01,,,,,,,,0.01,,,,,,,,,,,0.24,,,81.95,81.92,-0.0458,DOWN,CL,0.01,0.5,0.3088,0.1161,1.6161,161.3308,261.3308,174,85,,,
2026-03-09T02:30:00.008653160+00:00,R0308_200647,SETTLE,S3,btc,btc-updown-5m-1773023100,0,66120.3,,,0.01,,,,,,,,0.01,,,,,,,,,,,0.11,,,66134.58,66117.05,-0.0265,DOWN,CL,0.01,0.98,0.3088,0.0587,0.8715,160.5862,260.5862,174,85,,,
2026-03-09T02:30:00.008681424+00:00,R0308_200647,SETTLE,S3,eth,eth-updown-5m-1773023100,0,1944.23,,,0.01,,,,,,,,0.01,,,,,,,,,,,0.24,,,1945.39,1944.09,-0.0668,DOWN,CL,0,0.99,0.3088,0.1161,1.6161,161.3308,261.3308,174,85,,,
2026-03-09T02:30:00.589419773+00:00,R0308_205043,SETTLE,S3,xrp,xrp-updown-5m-1773023100,0,1.34,,,0.02,,,,,,,,0.02,,,,,,,,,,,0.01,,,1.34,1.34,-0.2181,DOWN,CL,0,0.99,0.3056,0.0063,-0.7939,133.6133,233.6133,140,86,,,
2026-03-09T02:30:00.589548888+00:00,R0308_205043,SETTLE,S3,btc,btc-updown-5m-1773023100,0,66117.64,,,0.01,,,,,,,,0.01,,,,,,,,,,,0.11,,,66135.88,66115.41,-0.031,DOWN,CL,0,0.99,0.3088,0.0587,0.8715,135.2787,235.2787,141,85,,,
2026-03-09T02:30:00.589595407+00:00,R0308_205043,SETTLE,S3,eth,eth-updown-5m-1773023100,0,1944.23,,,0.01,,,,,,,,0.01,,,,,,,,,,,0.23,,,1945.36,1944.1,-0.0647,DOWN,CL,0,0.99,0.3087,0.1151,1.3832,135.7904,235.7904,141,85,,,
2026-03-09T02:30:00.589630059+00:00,R0308_205043,SETTLE,S3,sol,sol-updown-5m-1773023100,0,81.91,,,0.02,,,,,,,,0.02,,,,,,,,,,,0.2,,,81.96,81.92,-0.0459,DOWN,CL,0,0.99,0.3056,0.0998,1.1875,135.5947,235.5947,141,85,,,
2026-03-09T02:30:10.513747221+00:00,R0308_200647,ENTRY,S3,eth,eth-updown-5m-1773023400,290,1943.89,0.49,0.48,0.01,27.2,161.8,48,51,0,0.52,0.51,0.01,161.8,27.2,51,48,0,0.491,0.521,5,5,,,,,,,,,,,,,,,,,,,,,
2026-03-09T02:30:10.513925980+00:00,R0308_200647,ENTRY,S3,sol,sol-updown-5m-1773023400,290,81.91,0.51,0.49,0.02,46,55,49,49,0,0.51,0.49,0.02,55,46,49,49,0,0.511,0.511,5,5,,,,,,,,,,,,,,,,,,,,,
2026-03-09T02:30:11.097416612+00:00,R0308_205043,ENTRY,S3,sol,sol-updown-5m-1773023400,289,81.91,0.49,0.47,0.02,60,31,47,51,0,0.53,0.51,0.02,31,60,51,47,0,0.491,0.531,5,5,,,,,,,,,,,,,,,,,,,,,
2026-03-09T02:30:11.554488853+00:00,R0308_200647,ENTRY,S3,btc,btc-updown-5m-1773023400,289,66112.01,0.48,0.47,0.01,23.4,145,47,52,0,0.53,0.52,0.01,145,23.4,52,47,0,0.481,0.531,5,5,,,,,,,,,,,,,,,,,,,,,
2026-03-09T02:30:13.171054895+00:00,R0308_205043,ENTRY,S3,btc,btc-updown-5m-1773023400,287,66112.01,0.48,0.47,0.01,825.3,183,47,52,0,0.53,0.52,0.01,183,825.3,52,47,0,0.481,0.531,5,5,,,,,,,,,,,,,,,,,,,,,
2026-03-09T02:30:14.207913109+00:00,R0308_205043,ENTRY,S3,eth,eth-updown-5m-1773023400,286,1944.08,0.51,0.5,0.01,75,89.4,50,49,0,0.5,0.49,0.01,89.4,75,49,50,0,0.511,0.501,5,5,,,,,,,,,,,,,,,,,,,,,
2026-03-09T02:30:18.875444614+00:00,R0308_200647,ENTRY,S3,xrp,xrp-updown-5m-1773023400,282,1.34,0.48,0.47,0.01,24,9.6,47,51,0,0.53,0.52,0.01,9.6,24,51,47,0,0.481,0.531,5,5,,,,,,,,,,,,,,,,,,,,,
2026-03-09T02:30:25.759479895+00:00,R0308_205043,ENTRY,S3,xrp,xrp-updown-5m-1773023400,275,1.34,0.52,0.51,0.01,8,87,51,47,0,0.49,0.48,0.01,87,8,47,51,0,0.521,0.491,5,5,,,,,,,,,,,,,,,,,,,,,
2026-03-09T02:34:32.688053291+00:00,R0308_200647,DUMP,S3,xrp,xrp-updown-5m-1773023400,28,1.34,,,,,,,,,,,,,37.3,,20,74,,,,,DN,0.18,0.2,REAL,1.6949,1.34,1.34,0.0342,,,,,,,,,,,,,MAKER_FILL
2026-03-09T02:34:32.863548360+00:00,R0308_205043,DUMP,S3,xrp,xrp-updown-5m-1773023400,28,1.34,,,,,,,,,,,,,8,,25,73,,,,,DN,0.18,0.26,REAL,1.833,1.34,1.34,0.0342,,,,,,,,,,,,,MAKER_FILL
2026-03-09T02:34:33.719497957+00:00,R0308_200647,DUMP,S3,eth,eth-updown-5m-1773023400,27,1946.33,,,,,,,,,,,,,8,,3,95,,,,,DN,0.03,0.04,REAL,0.2879,1944.14,1946.34,0.1134,,,,,,,,,,,,,MAKER_FILL
2026-03-09T02:34:33.719584216+00:00,R0308_200647,DUMP,S3,btc,btc-updown-5m-1773023400,27,66235.3,,,,,,,,,,,,,0,,0,99,,,,,DN,0.099,0.1,EST,0.9322,66118.81,66240.26,0.1837,,,,,,,,,,,,,TAKER_FORCE|EST_BID
2026-03-09T02:34:33.719640432+00:00,R0308_200647,DUMP,S3,sol,sol-updown-5m-1773023400,27,82.17,,,,,,,,,,,,,3329.4,,1,97,,,,,DN,0.01,0.01,REAL,0.0978,81.92,82.18,0.3185,,,,,,,,,,,,,TAKER_FORCE
2026-03-09T02:34:34.019403484+00:00,R0308_205043,DUMP,S3,btc,btc-updown-5m-1773023400,26,66231.62,,,,,,,,,,,,,0,,0,99,,,,,DN,0.099,0.1,EST,0.9322,66118.81,66238.77,0.1814,,,,,,,,,,,,,TAKER_FORCE|EST_BID
2026-03-09T02:34:34.019532429+00:00,R0308_205043,DUMP,S3,sol,sol-updown-5m-1773023400,26,82.17,,,,,,,,,,,,,3304.4,,1,96,,,,,DN,0.01,0.01,REAL,0.0942,81.92,82.18,0.3171,,,,,,,,,,,,,TAKER_FORCE
2026-03-09T02:34:34.019593712+00:00,R0308_205043,DUMP,S3,eth,eth-updown-5m-1773023400,26,1946.26,,,,,,,,,,,,,195.6,,4,95,,,,,DN,0.04,0.04,REAL,0.3992,1944.14,1946.27,0.1095,,,,,,,,,,,,,MAKER_FILL
2026-03-09T02:35:00.179609867+00:00,R0308_205043,SETTLE,S3,btc,btc-updown-5m-1773023400,0,66266.79,,,0.01,,,,,,,,0.01,,,,,,,,,,,0.099,,,66118.81,66260.44,0.2142,UP,CL,0.99,0,0.3087,0.0525,0.966,138.0215,238.0215,144,86,,,
2026-03-09T02:35:00.179727674+00:00,R0308_205043,SETTLE,S3,xrp,xrp-updown-5m-1773023400,0,1.34,,,0.01,,,,,,,,0.01,,,,,,,,,,,0.18,,,1.34,1.34,0.0722,UP,CL,0.99,0,0.3088,0.0939,1.0272,138.0828,238.0828,144,86,,,
2026-03-09T02:35:00.179837881+00:00,R0308_205043,SETTLE,S3,sol,sol-updown-5m-1773023400,0,82.18,,,0.02,,,,,,,,0.02,,,,,,,,,,,0.01,,,81.92,82.18,0.3184,UP,CL,0.99,0,0.3056,0.0058,-0.034,137.0216,237.0216,143,87,,,
2026-03-09T02:35:00.179921347+00:00,R0308_205043,SETTLE,S3,eth,eth-updown-5m-1773023400,0,1947.51,,,0.01,,,,,,,,0.01,,,,,,,,,,,0.04,,,1944.14,1947.26,0.1607,UP,CL,0.99,0,0.3087,0.024,-0.1488,136.9068,236.9068,143,87,,,
2026-03-09T02:35:00.875995115+00:00,R0308_200647,SETTLE,S3,eth,eth-updown-5m-1773023400,0,1947.78,,,0.01,,,,,,,,0.01,,,,,,,,,,,0.03,,,1944.14,1947.26,0.1607,UP,CL,0.99,0,0.3088,0.0175,0.145,163.1695,263.1695,177,86,,,
2026-03-09T02:35:00.876133574+00:00,R0308_200647,SETTLE,S3,btc,btc-updown-5m-1773023400,0,66271.89,,,0.01,,,,,,,,0.01,,,,,,,,,,,0.099,,,66118.81,66260.44,0.2142,UP,CL,0.99,0,0.3087,0.0525,0.966,163.9904,263.9904,177,86,,,
2026-03-09T02:35:00.876245884+00:00,R0308_200647,SETTLE,S3,sol,sol-updown-5m-1773023400,0,82.23,,,0.02,,,,,,,,0.02,,,,,,,,,,,0.01,,,81.92,82.18,0.3184,UP,CL,0.99,0,0.3056,0.0061,-0.4291,162.5954,262.5954,176,87,,,
2026-03-09T02:35:00.876293715+00:00,R0308_200647,SETTLE,S3,xrp,xrp-updown-5m-1773023400,0,1.34,,,0.01,,,,,,,,0.01,,,,,,,,,,,0.18,,,1.34,1.34,0.0722,UP,CL,0.99,0,0.3087,0.0869,1.6943,164.7188,264.7188,177,86,,,
2026-03-09T02:35:11.322731804+00:00,R0308_200647,ENTRY,S3,btc,btc-updown-5m-1773023700,289,66267.19,0.52,0.51,0.01,50.7,40,51,47,0,0.49,0.48,0.01,40,50.7,47,51,0,0.521,0.491,5,5,,,,,,,,,,,,,,,,,,,,,
2026-03-09T02:35:12.753395030+00:00,R0308_205043,ENTRY,S3,sol,sol-updown-5m-1773023700,288,82.2,0.53,0.52,0.01,12,7,52,47,0,0.48,0.47,0.01,7,12,47,52,0,0.531,0.481,5,5,,,,,,,,,,,,,,,,,,,,,
2026-03-09T02:35:17.020726745+00:00,R0308_205043,ENTRY,S3,btc,btc-updown-5m-1773023700,283,66277.2,0.53,0.52,0.01,184,8,52,47,0,0.48,0.47,0.01,8,184,47,52,0,0.531,0.481,5,5,,,,,,,,,,,,,,,,,,,,,
2026-03-09T02:35:20.730195396+00:00,R0308_200647,ENTRY,S3,eth,eth-updown-5m-1773023700,280,1947.46,0.53,0.52,0.01,40,24.6,52,47,0,0.48,0.47,0.01,24.6,40,47,52,0,0.531,0.481,5,5,,,,,,,,,,,,,,,,,,,,,
2026-03-09T02:35:21.178408286+00:00,R0308_205043,ENTRY,S3,eth,eth-updown-5m-1773023700,279,1947.46,0.53,0.52,0.01,228.5,17.5,52,46,0,0.48,0.47,0.01,17.5,228.5,46,52,0,0.531,0.481,5,5,,,,,,,,,,,,,,,,,,,,,
2026-03-09T02:35:23.829080342+00:00,R0308_200647,ENTRY,S3,sol,sol-updown-5m-1773023700,277,82.16,0.51,0.48,0.03,6.9,15,48,49,0,0.52,0.49,0.03,15,6.9,49,48,0,0.511,0.521,5,5,,,,,,,,,,,,,,,,,,,WIDE_SPREAD_UP|WIDE_SPREAD_DN,,
2026-03-09T02:35:23.829214184+00:00,R0308_200647,ENTRY,S3,xrp,xrp-updown-5m-1773023700,277,1.34,0.49,0.47,0.02,37.8,7,47,50,0,0.53,0.51,0.02,7,37.8,50,47,0,0.491,0.531,5,5,,,,,,,,,,,,,,,,,,,,,
2026-03-09T02:35:24.310101805+00:00,R0308_205043,ENTRY,S3,xrp,xrp-updown-5m-1773023700,276,1.34,0.48,0.47,0.01,37.8,10,47,51,0,0.53,0.52,0.01,10,37.8,51,47,0,0.481,0.531,5,5,,,,,,,,,,,,,,,,,,,,,
2026-03-09T02:39:33.326920848+00:00,R0308_200647,DUMP,S3,sol,sol-updown-5m-1773023700,27,82.61,,,,,,,,,,,,,1213.9,,3,106,,,,,DN,0.01,0.01,REAL,0.096,82.18,82.62,0.53,,,,,,,,,,,,,TAKER_FORCE
2026-03-09T02:39:33.327009773+00:00,R0308_200647,DUMP,S3,xrp,xrp-updown-5m-1773023700,27,1.35,,,,,,,,,,,,,369.6,,1,107,,,,,DN,0.01,0.001,REAL,0.0942,1.34,1.35,0.4852,,,,,,,,,,,,,TAKER_FORCE
2026-03-09T02:39:33.327057965+00:00,R0308_200647,DUMP,S3,eth,eth-updown-5m-1773023700,27,1957.89,,,,,,,,,,,,,385.9,,1,114,,,,,DN,0.01,0.001,REAL,0.104,1947.26,1957.89,0.546,,,,,,,,,,,,,TAKER_FORCE
2026-03-09T02:39:33.327100118+00:00,R0308_200647,DUMP,S3,btc,btc-updown-5m-1773023700,27,66495.92,,,,,,,,,,,,,0,,0,114,,,,,DN,0.049,0.05,EST,0.499,66259.83,66499.49,0.3617,,,,,,,,,,,,,TAKER_FORCE|EST_BID
2026-03-09T02:39:34.005145428+00:00,R0308_205043,DUMP,S3,xrp,xrp-updown-5m-1773023700,26,1.35,,,,,,,,,,,,,369.6,,1,107,,,,,DN,0.01,0.001,REAL,0.0942,1.34,1.35,0.489,,,,,,,,,,,,,TAKER_FORCE
2026-03-09T02:39:34.005279039+00:00,R0308_205043,DUMP,S3,sol,sol-updown-5m-1773023700,26,82.61,,,,,,,,,,,,,657.3,,3,105,,,,,DN,0.01,0.01,REAL,0.104,82.18,82.62,0.5335,,,,,,,,,,,,,TAKER_FORCE
2026-03-09T02:39:34.005335394+00:00,R0308_205043,DUMP,S3,eth,eth-updown-5m-1773023700,26,1957.9,,,,,,,,,,,,,383.9,,1,115,,,,,DN,0.01,0.001,REAL,0.104,1947.08,1957.89,0.5552,,,,,,,,,,,,,TAKER_FORCE
2026-03-09T02:39:34.005393612+00:00,R0308_205043,DUMP,S3,btc,btc-updown-5m-1773023700,26,66495.92,,,,,,,,,,,,,0,,0,114,,,,,DN,0.049,0.05,EST,0.5094,66251.44,66494.77,0.3673,,,,,,,,,,,,,TAKER_FORCE|EST_BID
2026-03-09T02:40:00.334278871+00:00,R0308_205043,SETTLE,S3,xrp,xrp-updown-5m-1773023700,0,1.35,,,0.01,,,,,,,,0.01,,,,,,,,,,,0.01,,,1.34,1.35,0.4312,UP,CL,0.999,0,0.3087,0.0058,0.1746,139.0406,239.0406,146,88,,,
2026-03-09T02:40:00.334447806+00:00,R0308_205043,SETTLE,S3,sol,sol-updown-5m-1773023700,0,82.56,,,0.01,,,,,,,,0.01,,,,,,,,,,,0.01,,,82.18,82.57,0.4714,UP,CL,0.999,0,0.3087,0.0064,-0.795,138.071,238.071,145,89,,,
2026-03-09T02:40:00.334492132+00:00,R0308_205043,SETTLE,S3,eth,eth-updown-5m-1773023700,0,1956.93,,,0.01,,,,,,,,0.01,,,,,,,,,,,0.01,,,1947.08,1956.83,0.5009,UP,CL,0.999,0,0.3087,0.0064,-0.795,138.071,238.071,145,89,,,
2026-03-09T02:40:00.334526073+00:00,R0308_205043,SETTLE,S3,btc,btc-updown-5m-1773023700,0,66462.67,,,0.01,,,,,,,,0.01,,,,,,,,,,,0.049,,,66251.44,66460.53,0.3156,UP,CL,0.999,0,0.3087,0.0303,-0.4135,138.4525,238.4525,145,89,,,
2026-03-09T02:40:00.387522220+00:00,R0308_200647,SETTLE,S3,sol,sol-updown-5m-1773023700,0,82.56,,,0.03,,,,,,,,0.03,,,,,,,,,,,0.01,,,82.18,82.57,0.4679,UP,CL,0.999,0,0.3025,0.0059,-0.4277,164.9729,264.9729,179,88,,,
2026-03-09T02:40:00.387596502+00:00,R0308_200647,SETTLE,S3,xrp,xrp-updown-5m-1773023700,0,1.35,,,0.02,,,,,,,,0.02,,,,,,,,,,,0.01,,,1.34,1.35,0.4274,UP,CL,0.999,0,0.3056,0.0058,-0.034,165.3667,265.3667,179,88,,,
2026-03-09T02:40:00.387625316+00:00,R0308_200647,SETTLE,S3,eth,eth-updown-5m-1773023700,0,1956.93,,,0.01,,,,,,,,0.01,,,,,,,,,,,0.01,,,1947.26,1956.83,0.4914,UP,CL,0.999,0,0.3087,0.0064,-0.795,164.6056,264.6056,179,88,,,
2026-03-09T02:40:00.387662962+00:00,R0308_200647,SETTLE,S3,btc,btc-updown-5m-1773023700,0,66462.67,,,0.01,,,,,,,,0.01,,,,,,,,,,,0.049,,,66259.83,66460.53,0.3029,UP,CL,0.999,0,0.3088,0.0297,-0.2425,165.1582,265.1582,179,88,,,
2026-03-09T02:40:10.823460885+00:00,R0308_205043,ENTRY,S3,eth,eth-updown-5m-1773024000,290,1956.71,0.49,0.48,0.01,16,166.4,48,51,0,0.52,0.51,0.01,166.4,16,51,48,0,0.491,0.521,5,5,,,,,,,,,,,,,,,,,,,,,
2026-03-09T02:40:10.823622959+00:00,R0308_205043,ENTRY,S3,sol,sol-updown-5m-1773024000,290,82.57,0.48,0.47,0.01,53,14.6,47,52,0,0.53,0.52,0.01,14.6,53,52,47,0,0.481,0.531,5,5,,,,,,,,,,,,,,,,,,,,,
2026-03-09T02:40:10.829157927+00:00,R0308_200647,ENTRY,S3,eth,eth-updown-5m-1773024000,290,1956.71,0.49,0.48,0.01,30,166.4,48,51,0,0.52,0.51,0.01,166.4,30,51,48,0,0.491,0.521,5,5,,,,,,,,,,,,,,,,,,,,,
2026-03-09T02:40:10.829313512+00:00,R0308_200647,ENTRY,S3,sol,sol-updown-5m-1773024000,290,82.57,0.48,0.47,0.01,60,14.6,47,52,0,0.53,0.52,0.01,14.6,60,52,47,0,0.481,0.531,5,5,,,,,,,,,,,,,,,,,,,,,
2026-03-09T02:40:12.901148403+00:00,R0308_205043,ENTRY,S3,btc,btc-updown-5m-1773024000,288,66460.79,0.48,0.47,0.01,190.8,154.2,47,52,0,0.53,0.52,0.01,154.2,190.8,52,47,0,0.481,0.531,5,5,,,,,,,,,,,,,,,,,,,,,
2026-03-09T02:40:13.007412337+00:00,R0308_200647,ENTRY,S3,btc,btc-updown-5m-1773024000,287,66460.79,0.48,0.47,0.01,251.1,154.2,47,52,0,0.53,0.52,0.01,154.2,251.1,52,47,0,0.481,0.531,5,5,,,,,,,,,,,,,,,,,,,,,
2026-03-09T02:40:32.738817782+00:00,R0308_200647,ENTRY,S3,xrp,xrp-updown-5m-1773024000,268,1.35,0.5,0.49,0.01,37.7,43.9,49,50,0,0.51,0.5,0.01,43.9,37.7,50,49,0,0.501,0.511,5,5,,,,,,,,,,,,,,,,,,,,,
2026-03-09T02:40:32.842710501+00:00,R0308_205043,ENTRY,S3,xrp,xrp-updown-5m-1773024000,268,1.35,0.5,0.49,0.01,20.7,42.6,49,50,0,0.51,0.5,0.01,42.6,20.7,50,49,0,0.501,0.511,5,5,,,,,,,,,,,,,,,,,,,,,
2026-03-09T02:44:33.410855199+00:00,R0308_205043,DUMP,S3,sol,sol-updown-5m-1773024000,27,82.8,,,,,,,,,,,,,2149.3,,1,98,,,,,DN,0.01,0.01,REAL,0.0942,82.56,82.79,0.2729,,,,,,,,,,,,,TAKER_FORCE
2026-03-09T02:44:33.410961590+00:00,R0308_205043,DUMP,S3,eth,eth-updown-5m-1773024000,27,1958.28,,,,,,,,,,,,,623.3,,5,94,,,,,DN,0.049,0.05,REAL,0.4702,1956.8,1958.14,0.0685,,,,,,,,,,,,,TAKER_FORCE
2026-03-09T02:44:33.411004094+00:00,R0308_205043,DUMP,S3,btc,btc-updown-5m-1773024000,27,66533.27,,,,,,,,,,,,,3033.6,,2,97,,,,,DN,0.019,0.02,REAL,0.1789,66460.97,66525.53,0.0971,,,,,,,,,,,,,TAKER_FORCE
2026-03-09T02:44:33.411047429+00:00,R0308_205043,DUMP,S3,xrp,xrp-updown-5m-1773024000,27,1.35,,,,,,,,,,,,,5837.3,,1,98,,,,,DN,0.01,0.01,REAL,0.0978,1.35,1.35,0.1301,,,,,,,,,,,,,TAKER_FORCE
2026-03-09T02:44:33.425175867+00:00,R0308_200647,DUMP,S3,eth,eth-updown-5m-1773024000,27,1958.28,,,,,,,,,,,,,623.3,,5,94,,,,,DN,0.049,0.05,REAL,0.4702,1956.8,1958.14,0.0685,,,,,,,,,,,,,TAKER_FORCE
2026-03-09T02:44:33.425231731+00:00,R0308_200647,DUMP,S3,sol,sol-updown-5m-1773024000,27,82.8,,,,,,,,,,,,,2149.3,,1,98,,,,,DN,0.01,0.01,REAL,0.0942,82.56,82.79,0.2729,,,,,,,,,,,,,TAKER_FORCE
2026-03-09T02:44:33.425260424+00:00,R0308_200647,DUMP,S3,btc,btc-updown-5m-1773024000,27,66533.27,,,,,,,,,,,,,3033.6,,2,97,,,,,DN,0.019,0.02,REAL,0.1789,66460.97,66525.53,0.0971,,,,,,,,,,,,,TAKER_FORCE
2026-03-09T02:44:33.425280985+00:00,R0308_200647,DUMP,S3,xrp,xrp-updown-5m-1773024000,27,1.35,,,,,,,,,,,,,5837.3,,1,98,,,,,DN,0.01,0.01,REAL,0.0978,1.35,1.35,0.1301,,,,,,,,,,,,,TAKER_FORCE
2026-03-09T02:45:00.471684657+00:00,R0308_205043,SETTLE,S3,sol,sol-updown-5m-1773024000,0,82.83,,,0.01,,,,,,,,0.01,,,,,,,,,,,0.01,,,82.56,82.84,0.3279,UP,CL,0.99,0,0.3087,0.0058,0.1746,137.2116,237.2116,147,91,,,
2026-03-09T02:45:00.471785919+00:00,R0308_205043,SETTLE,S3,eth,eth-updown-5m-1773024000,0,1959.2,,,0.01,,,,,,,,0.01,,,,,,,,,,,0.049,,,1956.8,1959.33,0.1294,UP,CL,0.99,0,0.3088,0.028,0.3168,137.3539,237.3539,147,91,,,
2026-03-09T02:45:00.471824428+00:00,R0308_205043,SETTLE,S3,btc,btc-updown-5m-1773024000,0,66573.75,,,0.01,,,,,,,,0.01,,,,,,,,,,,0.019,,,66460.97,66566.07,0.1581,UP,CL,0.99,0,0.3087,0.011,0.2542,137.2912,237.2912,147,91,,,
2026-03-09T02:45:00.471862194+00:00,R0308_205043,SETTLE,S3,xrp,xrp-updown-5m-1773024000,0,1.35,,,0.01,,,,,,,,0.01,,,,,,,,,,,0.01,,,1.35,1.35,0.1566,UP,CL,0.99,0,0.3087,0.0061,-0.2369,136.8001,236.8001,146,92,,,
2026-03-09T02:45:00.668069369+00:00,R0308_200647,SETTLE,S3,eth,eth-updown-5m-1773024000,0,1959.19,,,0.01,,,,,,,,0.01,,,,,,,,,,,0.049,,,1956.8,1959.33,0.1294,UP,CL,0.99,0,0.3088,0.028,0.3168,164.2183,264.2183,180,91,,,
2026-03-09T02:45:00.668146024+00:00,R0308_200647,SETTLE,S3,sol,sol-updown-5m-1773024000,0,82.83,,,0.01,,,,,,,,0.01,,,,,,,,,,,0.01,,,82.56,82.84,0.3279,UP,CL,0.99,0,0.3087,0.0058,0.1746,164.076,264.076,180,91,,,
2026-03-09T02:45:00.668174176+00:00,R0308_200647,SETTLE,S3,btc,btc-updown-5m-1773024000,0,66573.76,,,0.01,,,,,,,,0.01,,,,,,,,,,,0.019,,,66460.97,66566.07,0.1581,UP,CL,0.99,0,0.3087,0.011,0.2542,164.1556,264.1556,180,91,,,
2026-03-09T02:45:00.668202800+00:00,R0308_200647,SETTLE,S3,xrp,xrp-updown-5m-1773024000,0,1.35,,,0.01,,,,,,,,0.01,,,,,,,,,,,0.01,,,1.35,1.35,0.1566,UP,CL,0.99,0,0.3087,0.0061,-0.2369,163.6645,263.6645,179,92,,,
2026-03-09T02:45:10.140278887+00:00,R0308_200647,ENTRY,S3,btc,btc-updown-5m-1773024300,290,66578.35,0.5,0.49,0.01,260,33.6,48,50,0,0.51,0.5,0.01,33.6,260,50,48,0,0.501,0.511,5,5,,,,,,,,,,,,,,,,,,,,,
2026-03-09T02:45:10.140436835+00:00,R0308_200647,ENTRY,S3,eth,eth-updown-5m-1773024300,290,1959.36,0.5,0.49,0.01,277.4,138,49,50,0,0.51,0.5,0.01,138,277.4,50,49,0,0.501,0.511,5,5,,,,,,,,,,,,,,,,,,,,,
2026-03-09T02:45:10.919855943+00:00,R0308_205043,ENTRY,S3,btc,btc-updown-5m-1773024300,290,66578.35,0.5,0.49,0.01,928,5,49,50,0,0.51,0.5,0.01,5,928,50,49,0,0.501,0.511,5,5,,,,,,,,,,,,,,,,,,,,,
2026-03-09T02:45:10.919981172+00:00,R0308_205043,ENTRY,S3,eth,eth-updown-5m-1773024300,290,1959.33,0.49,0.48,0.01,44,10,48,50,0,0.52,0.51,0.01,10,44,50,48,0,0.491,0.521,5,5,,,,,,,,,,,,,,,,,,,,,
2026-03-09T02:45:10.920045621+00:00,R0308_205043,ENTRY,S3,sol,sol-updown-5m-1773024300,290,82.83,0.5,0.48,0.02,10,17,48,50,0,0.52,0.5,0.02,17,10,50,48,0,0.501,0.521,5,5,,,,,,,,,,,,,,,,,,,,,
2026-03-09T02:45:11.171574085+00:00,R0308_200647,ENTRY,S3,sol,sol-updown-5m-1773024300,289,82.83,0.51,0.49,0.02,17,17,49,49,0,0.51,0.49,0.02,17,17,49,49,0,0.511,0.511,5,5,,,,,,,,,,,,,,,,,,,,,
2026-03-09T02:45:11.950250534+00:00,R0308_205043,ENTRY,S3,xrp,xrp-updown-5m-1773024300,289,1.35,0.49,0.48,0.01,46,27.1,48,51,0,0.52,0.51,0.01,27.1,46,51,48,0,0.491,0.521,5,5,,,,,,,,,,,,,,,,,,,,,
2026-03-09T02:45:12.210443769+00:00,R0308_200647,ENTRY,S3,xrp,xrp-updown-5m-1773024300,288,1.35,0.49,0.48,0.01,8,71.1,48,51,0,0.52,0.51,0.01,71.1,8,51,48,0,0.491,0.521,5,5,,,,,,,,,,,,,,,,,,,,,
2026-03-09T02:49:31.906719318+00:00,R0308_200647,DUMP,S3,sol,sol-updown-5m-1773024300,29,82.81,,,,,,,,,,,,,5.9,,27,71,,,,,UP,0.27,0.27,REAL,2.6419,82.83,82.8,-0.0351,,,,,,,,,,,,,MAKER_FILL
2026-03-09T02:49:31.911525666+00:00,R0308_205043,DUMP,S3,sol,sol-updown-5m-1773024300,29,82.81,,,,,,,,,,,,,5.9,,27,71,,,,,UP,0.27,0.27,REAL,2.6946,82.83,82.8,-0.0351,,,,,,,,,,,,,MAKER_FILL
2026-03-09T02:49:32.939292232+00:00,R0308_200647,DUMP,S3,eth,eth-updown-5m-1773024300,28,1960.16,,,,,,,,,,,,,93.4,,20,79,,,,,DN,0.18,0.2,REAL,1.7613,1959.24,1959.98,0.0378,,,,,,,,,,,,,MAKER_FILL
2026-03-09T02:49:32.945212200+00:00,R0308_205043,DUMP,S3,eth,eth-updown-5m-1773024300,28,1960.16,,,,,,,,,,,,,93.4,,20,79,,,,,DN,0.18,0.2,REAL,1.7274,1959.24,1959.98,0.0378,,,,,,,,,,,,,MAKER_FILL
2026-03-09T02:49:33.973809117+00:00,R0308_200647,DUMP,S3,btc,btc-updown-5m-1773024300,27,66602.79,,,,,,,,,,,,,97.2,,13,86,,,,,DN,0.129,0.13,REAL,1.2622,66565.21,66596.36,0.0468,,,,,,,,,,,,,TAKER_FORCE
2026-03-09T02:49:33.973894865+00:00,R0308_200647,DUMP,S3,xrp,xrp-updown-5m-1773024300,27,1.35,,,,,,,,,,,,,163,,3,94,,,,,DN,0.029,0.03,REAL,0.2783,1.35,1.35,0.0674,,,,,,,,,,,,,TAKER_FORCE
2026-03-09T02:49:34.107640585+00:00,R0308_205043,DUMP,S3,xrp,xrp-updown-5m-1773024300,26,1.35,,,,,,,,,,,,,163,,3,94,,,,,DN,0.029,0.03,REAL,0.2783,1.35,1.35,0.0674,,,,,,,,,,,,,TAKER_FORCE
2026-03-09T02:49:34.107799935+00:00,R0308_205043,DUMP,S3,btc,btc-updown-5m-1773024300,26,66602.79,,,,,,,,,,,,,80.3,,13,86,,,,,DN,0.129,0.13,REAL,1.2622,66565.21,66596.36,0.0468,,,,,,,,,,,,,TAKER_FORCE
2026-03-09T02:50:00.174935131+00:00,R0308_205043,SETTLE,S3,eth,eth-updown-5m-1773024300,0,1959.94,,,0.01,,,,,,,,0.01,,,,,,,,,,,0.18,,,1959.24,1959.69,0.0229,UP,CL,0.98,0.01,0.3088,0.0885,1.5135,139.0592,239.0592,150,92,,,
2026-03-09T02:50:00.175092889+00:00,R0308_205043,SETTLE,S3,sol,sol-updown-5m-1773024300,0,82.81,,,0.02,,,,,,,,0.02,,,,,,,,,,,0.27,,,82.83,82.79,-0.0495,DOWN,CL,0,0.99,0.3056,0.1229,1.863,139.4087,239.4087,150,92,,,
2026-03-09T02:50:00.175178828+00:00,R0308_205043,SETTLE,S3,xrp,xrp-updown-5m-1773024300,0,1.35,,,0.01,,,,,,,,0.01,,,,,,,,,,,0.029,,,1.35,1.35,0.0687,UP,CL,0.99,0,0.3088,0.0169,0.136,137.6817,237.6817,150,92,,,
2026-03-09T02:50:00.175281654+00:00,R0308_205043,SETTLE,S3,btc,btc-updown-5m-1773024300,0,66611.21,,,0.01,,,,,,,,0.01,,,,,,,,,,,0.129,,,66565.21,66601.85,0.055,UP,CL,0.99,0,0.3087,0.0687,0.8648,138.4106,238.4106,150,92,,,
2026-03-09T02:50:00.175898203+00:00,R0308_200647,SETTLE,S3,btc,btc-updown-5m-1773024300,0,66611.21,,,0.01,,,,,,,,0.01,,,,,,,,,,,0.129,,,66565.21,66601.85,0.055,UP,CL,0.99,0,0.3087,0.0687,0.8648,165.2749,265.2749,183,92,,,
2026-03-09T02:50:00.176034158+00:00,R0308_200647,SETTLE,S3,eth,eth-updown-5m-1773024300,0,1959.94,,,0.01,,,,,,,,0.01,,,,,,,,,,,0.18,,,1959.24,1959.69,0.0229,UP,CL,0.98,0.01,0.3087,0.0903,1.3423,165.7524,265.7524,183,92,,,
2026-03-09T02:50:00.176133839+00:00,R0308_200647,SETTLE,S3,sol,sol-updown-5m-1773024300,0,82.81,,,0.02,,,,,,,,0.02,,,,,,,,,,,0.27,,,82.83,82.79,-0.0495,DOWN,CL,0,0.99,0.3056,0.1205,2.0005,166.4106,266.4106,183,92,,,
2026-03-09T02:50:00.176242933+00:00,R0308_200647,SETTLE,S3,xrp,xrp-updown-5m-1773024300,0,1.35,,,0.01,,,,,,,,0.01,,,,,,,,,,,0.029,,,1.35,1.35,0.0687,UP,CL,0.99,0,0.3088,0.0169,0.136,164.5461,264.5461,183,92,,,
2026-03-09T02:50:10.596502276+00:00,R0308_205043,ENTRY,S3,sol,sol-updown-5m-1773024600,290,82.8,0.51,0.49,0.02,31,64.7,49,49,0,0.51,0.49,0.02,64.7,31,49,49,0,0.511,0.511,5,5,,,,,,,,,,,,,,,,,,,,,
2026-03-09T02:50:10.596677491+00:00,R0308_205043,ENTRY,S3,xrp,xrp-updown-5m-1773024600,290,1.35,0.49,0.48,0.01,39,28,48,51,0,0.52,0.51,0.01,28,39,51,48,0,0.491,0.521,5,5,,,,,,,,,,,,,,,,,,,,,
2026-03-09T02:50:10.711326011+00:00,R0308_200647,ENTRY,S3,sol,sol-updown-5m-1773024600,290,82.8,0.51,0.49,0.02,52,57,49,49,0,0.51,0.49,0.02,57,52,49,49,0,0.511,0.511,5,5,,,,,,,,,,,,,,,,,,,,,
2026-03-09T02:50:10.711413503+00:00,R0308_200647,ENTRY,S3,xrp,xrp-updown-5m-1773024600,290,1.35,0.49,0.48,0.01,25,36,48,51,0,0.52,0.51,0.01,36,25,51,48,0,0.491,0.521,5,5,,,,,,,,,,,,,,,,,,,,,
2026-03-09T02:50:23.151364109+00:00,R0308_205043,ENTRY,S3,eth,eth-updown-5m-1773024600,277,1960.18,0.52,0.51,0.01,18.7,99.5,51,48,0,0.49,0.48,0.01,99.5,18.7,48,51,0,0.521,0.491,5,5,,,,,,,,,,,,,,,,,,,,,
2026-03-09T02:50:23.376137866+00:00,R0308_200647,ENTRY,S3,btc,btc-updown-5m-1773024600,277,66626.13,0.53,0.52,0.01,433.6,52.5,52,47,0,0.48,0.47,0.01,52.5,433.6,47,52,0,0.531,0.481,5,5,,,,,,,,,,,,,,,,,,,,,
2026-03-09T02:50:23.376256835+00:00,R0308_200647,ENTRY,S3,eth,eth-updown-5m-1773024600,277,1960.18,0.52,0.51,0.01,103.7,48.5,51,48,0,0.49,0.48,0.01,48.5,103.7,48,51,0,0.521,0.491,5,5,,,,,,,,,,,,,,,,,,,,,
2026-03-09T02:50:54.560300297+00:00,R0308_205043,ENTRY,S3,btc,btc-updown-5m-1773024600,246,66636.22,0.52,0.51,0.01,83.8,102,51,48,0,0.49,0.48,0.01,102,83.8,48,51,0,0.521,0.491,5,5,,,,,,,,,,,,,,,,,,,,,
2026-03-09T02:54:32.640568369+00:00,R0308_200647,DUMP,S3,eth,eth-updown-5m-1773024600,28,1961.75,,,,,,,,,,,,,43.2,,5,94,,,,,DN,0.05,0.05,REAL,0.5092,1959.67,1961.45,0.0904,,,,,,,,,,,,,MAKER_FILL
2026-03-09T02:54:33.675971783+00:00,R0308_200647,DUMP,S3,sol,sol-updown-5m-1773024600,27,82.76,,,,,,,,,,,,,31.7,,23,75,,,,,UP,0.229,0.23,REAL,2.2407,82.79,82.75,-0.0441,,,,,,,,,,,,,TAKER_FORCE
2026-03-09T02:54:33.676085034+00:00,R0308_200647,DUMP,S3,xrp,xrp-updown-5m-1773024600,27,1.35,,,,,,,,,,,,,9.7,,12,85,,,,,UP,0.119,0.12,REAL,1.2118,1.35,1.35,-0.0388,,,,,,,,,,,,,TAKER_FORCE
2026-03-09T02:54:33.676130192+00:00,R0308_200647,DUMP,S3,btc,btc-updown-5m-1773024600,27,66612.01,,,,,,,,,,,,,45,,44,55,,,,,DN,0.43,0.44,REAL,4.4699,66598.08,66608.57,0.0158,,,,,,,,,,,,,MAKER_FILL
2026-03-09T02:54:33.838418309+00:00,R0308_205043,DUMP,S3,sol,sol-updown-5m-1773024600,27,82.76,,,,,,,,,,,,,24.7,,23,73,,,,,UP,0.229,0.23,REAL,2.2407,82.8,82.75,-0.0491,,,,,,,,,,,,,TAKER_FORCE
2026-03-09T02:54:33.838516727+00:00,R0308_205043,DUMP,S3,xrp,xrp-updown-5m-1773024600,27,1.35,,,,,,,,,,,,,9.7,,12,86,,,,,UP,0.119,0.12,REAL,1.2118,1.35,1.35,-0.04,,,,,,,,,,,,,TAKER_FORCE
2026-03-09T02:54:33.838559932+00:00,R0308_205043,DUMP,S3,eth,eth-updown-5m-1773024600,27,1961.75,,,,,,,,,,,,,37.7,,5,94,,,,,DN,0.049,0.05,REAL,0.499,1959.75,1961.47,0.0875,,,,,,,,,,,,,TAKER_FORCE
2026-03-09T02:54:33.838603989+00:00,R0308_205043,DUMP,S3,btc,btc-updown-5m-1773024600,27,66612.01,,,,,,,,,,,,,162.1,,43,55,,,,,DN,0.43,0.43,REAL,4.3788,66600.39,66608.57,0.0123,,,,,,,,,,,,,MAKER_FILL
2026-03-09T02:55:00.788984384+00:00,R0308_200647,SETTLE,S3,sol,sol-updown-5m-1773024600,0,82.77,,,0.02,,,,,,,,0.02,,,,,,,,,,,0.229,,,82.79,82.76,-0.0346,DOWN,CL,0,0.99,0.3056,0.108,1.6118,170.3655,270.3655,187,92,,,
2026-03-09T02:55:00.789092477+00:00,R0308_200647,SETTLE,S3,xrp,xrp-updown-5m-1773024600,0,1.35,,,0.01,,,,,,,,0.01,,,,,,,,,,,0.119,,,1.35,1.35,-0.0488,DOWN,CL,0,0.99,0.3088,0.0667,0.4333,169.1869,269.1869,187,92,,,
2026-03-09T02:55:00.789152798+00:00,R0308_200647,SETTLE,S3,eth,eth-updown-5m-1773024600,0,1961.11,,,0.01,,,,,,,,0.01,,,,,,,,,,,0.05,,,1959.67,1960.93,0.0643,UP,CL,0.99,0,0.3088,0.0302,-0.2329,168.5208,268.5208,186,93,,,
2026-03-09T02:55:00.789211688+00:00,R0308_200647,SETTLE,S3,btc,btc-updown-5m-1773024600,0,66614.1,,,0.01,,,,,,,,0.01,,,,,,,,,,,0.43,,,66598.08,66607.57,0.0143,UP,CL,0.89,0.1,0.3087,0.1592,3.4181,172.1717,272.1717,187,92,,,
2026-03-09T02:55:01.013959625+00:00,R0308_205043,SETTLE,S3,sol,sol-updown-5m-1773024600,0,82.77,,,0.02,,,,,,,,0.02,,,,,,,,,,,0.229,,,82.8,82.76,-0.0422,DOWN,CL,0,0.99,0.3056,0.108,1.6118,143.5348,243.5348,154,92,,,
2026-03-09T02:55:01.014079365+00:00,R0308_205043,SETTLE,S3,xrp,xrp-updown-5m-1773024600,0,1.35,,,0.01,,,,,,,,0.01,,,,,,,,,,,0.119,,,1.35,1.35,-0.0522,DOWN,CL,0,0.99,0.3088,0.0667,0.4333,142.3563,242.3563,154,92,,,
2026-03-09T02:55:01.014118564+00:00,R0308_205043,SETTLE,S3,eth,eth-updown-5m-1773024600,0,1961.11,,,0.01,,,,,,,,0.01,,,,,,,,,,,0.049,,,1959.75,1960.88,0.0575,UP,CL,0.99,0,0.3088,0.0297,-0.2425,141.6805,241.6805,153,93,,,
2026-03-09T02:55:01.014162210+00:00,R0308_205043,SETTLE,S3,btc,btc-updown-5m-1773024600,0,66614.1,,,0.01,,,,,,,,0.01,,,,,,,,,,,0.43,,,66600.39,66607.33,0.0104,UP,CL,0.89,0.06,0.3088,0.156,3.511,145.434,245.434,154,92,,,
2026-03-09T02:55:10.218265539+00:00,R0308_200647,ENTRY,S3,btc,btc-updown-5m-1773024900,290,66618.86,0.5,0.49,0.01,54.7,830.8,49,50,0,0.51,0.5,0.01,830.8,54.7,50,49,0,0.501,0.511,5,5,,,,,,,,,,,,,,,,,,,,,
2026-03-09T02:55:10.218421213+00:00,R0308_200647,ENTRY,S3,eth,eth-updown-5m-1773024900,290,1961.41,0.5,0.49,0.01,18,126,49,50,0,0.51,0.5,0.01,126,18,50,49,0,0.501,0.511,5,5,,,,,,,,,,,,,,,,,,,,,
2026-03-09T02:55:10.420618569+00:00,R0308_205043,ENTRY,S3,btc,btc-updown-5m-1773024900,290,66618.86,0.5,0.49,0.01,87.1,800.2,49,50,0,0.51,0.5,0.01,800.2,87.1,50,49,0,0.501,0.511,5,5,,,,,,,,,,,,,,,,,,,,,
2026-03-09T02:55:10.420803559+00:00,R0308_205043,ENTRY,S3,eth,eth-updown-5m-1773024900,290,1961.34,0.49,0.47,0.02,475,20.8,47,51,0,0.53,0.51,0.02,20.8,475,51,47,0,0.491,0.531,5,5,,,,,,,,,,,,,,,,,,,,,
2026-03-09T02:56:03.592134086+00:00,R0308_200647,ENTRY,S3,xrp,xrp-updown-5m-1773024900,237,1.35,0.53,0.51,0.02,8,8,51,45,0,0.49,0.47,0.02,8,8,45,51,0,0.531,0.491,5,5,,,,,,,,,,,,,,,,,,,,,
2026-03-09T02:57:08.322280008+00:00,R0308_205043,ENTRY,S3,sol,sol-updown-5m-1773024900,172,82.78,0.53,0.52,0.01,44.3,42.5,52,47,0,0.48,0.47,0.01,42.5,44.3,47,52,0,0.531,0.481,5,5,,,,,,,,,,,,,,,,,,,,,
2026-03-09T02:57:08.600659443+00:00,R0308_200647,ENTRY,S3,sol,sol-updown-5m-1773024900,172,82.77,0.53,0.52,0.01,44.3,55.4,52,47,0,0.48,0.47,0.01,55.4,44.3,47,52,0,0.531,0.481,5,5,,,,,,,,,,,,,,,,,,,,,
2026-03-09T02:57:17.720161783+00:00,R0308_205043,ENTRY,S3,xrp,xrp-updown-5m-1773024900,163,1.35,0.53,0.52,0.01,90,7,52,47,0,0.48,0.47,0.01,7,90,47,52,0,0.531,0.481,5,5,,,,,,,,,,,,,,,,,,,,,
2026-03-09T02:59:33.062126091+00:00,R0308_200647,DUMP,S3,btc,btc-updown-5m-1773024900,27,66561.67,,,,,,,,,,,,,485.1,,4,95,,,,,UP,0.039,0.04,REAL,0.3892,66609.72,66559.1,-0.076,,,,,,,,,,,,,TAKER_FORCE
2026-03-09T02:59:33.062220984+00:00,R0308_200647,DUMP,S3,eth,eth-updown-5m-1773024900,27,1960.5,,,,,,,,,,,,,76.2,,18,80,,,,,UP,0.179,0.18,REAL,1.7864,1961.19,1960.53,-0.0338,,,,,,,,,,,,,TAKER_FORCE
2026-03-09T02:59:33.062316358+00:00,R0308_200647,DUMP,S3,sol,sol-updown-5m-1773024900,27,82.71,,,,,,,,,,,,,106,,5,93,,,,,UP,0.059,0.06,REAL,0.5556,82.77,82.71,-0.0752,,,,,,,,,,,,,TAKER_FORCE
2026-03-09T02:59:33.062375998+00:00,R0308_200647,DUMP,S3,xrp,xrp-updown-5m-1773024900,27,1.35,,,,,,,,,,,,,5388.4,,1,98,,,,,UP,0.01,0.01,REAL,0.0942,1.35,1.35,-0.1484,,,,,,,,,,,,,TAKER_FORCE
2026-03-09T02:59:33.479033278+00:00,R0308_205043,DUMP,S3,sol,sol-updown-5m-1773024900,27,82.71,,,,,,,,,,,,,79.8,,5,93,,,,,UP,0.059,0.06,REAL,0.5556,82.77,82.71,-0.0752,,,,,,,,,,,,,TAKER_FORCE
2026-03-09T02:59:33.479162313+00:00,R0308_205043,DUMP,S3,eth,eth-updown-5m-1773024900,27,1960.5,,,,,,,,,,,,,15.2,,18,79,,,,,UP,0.179,0.18,REAL,1.8228,1961.19,1960.53,-0.0338,,,,,,,,,,,,,TAKER_FORCE
2026-03-09T02:59:33.479213470+00:00,R0308_205043,DUMP,S3,xrp,xrp-updown-5m-1773024900,27,1.35,,,,,,,,,,,,,5308.7,,1,98,,,,,UP,0.01,0.01,REAL,0.0942,1.35,1.35,-0.1484,,,,,,,,,,,,,TAKER_FORCE
2026-03-09T02:59:33.479265128+00:00,R0308_205043,DUMP,S3,btc,btc-updown-5m-1773024900,27,66561.67,,,,,,,,,,,,,77,,4,95,,,,,UP,0.039,0.04,REAL,0.3892,66609.72,66559.1,-0.076,,,,,,,,,,,,,TAKER_FORCE
2026-03-09T03:00:00.268941835+00:00,R0308_200647,SETTLE,S3,btc,btc-updown-5m-1773024900,0,66537.32,,,0.01,,,,,,,,0.01,,,,,,,,,,,0.039,,,66609.72,66541.68,-0.1022,DOWN,CL,0,0.99,0.3087,0.0234,-0.1582,173.8258,273.8258,189,94,,,
2026-03-09T03:00:00.269028205+00:00,R0308_200647,SETTLE,S3,eth,eth-updown-5m-1773024900,0,1959.66,,,0.01,,,,,,,,0.01,,,,,,,,,,,0.179,,,1961.19,1959.8,-0.0712,DOWN,CL,0,0.99,0.3087,0.0917,1.1707,175.1547,275.1547,190,93,,,
2026-03-09T03:00:00.269056818+00:00,R0308_200647,SETTLE,S3,sol,sol-updown-5m-1773024900,0,82.67,,,0.01,,,,,,,,0.01,,,,,,,,,,,0.059,,,82.77,82.68,-0.1101,DOWN,CL,0,0.99,0.3087,0.0327,0.6091,174.5931,274.5931,190,93,,,
2026-03-09T03:00:00.269084910+00:00,R0308_200647,SETTLE,S3,xrp,xrp-updown-5m-1773024900,0,1.35,,,0.02,,,,,,,,0.02,,,,,,,,,,,0.01,,,1.35,1.35,-0.1882,DOWN,CL,0,0.99,0.3056,0.0058,-0.034,173.9499,273.9499,189,94,,,
2026-03-09T03:00:00.791981905+00:00,R0308_205043,SETTLE,S3,sol,sol-updown-5m-1773024900,0,82.67,,,0.01,,,,,,,,0.01,,,,,,,,,,,0.059,,,82.77,82.67,-0.1249,DOWN,CL,0,0.99,0.3087,0.0327,0.6091,147.8457,247.8457,157,93,,,
2026-03-09T03:00:00.792068886+00:00,R0308_205043,SETTLE,S3,eth,eth-updown-5m-1773024900,0,1959.66,,,0.02,,,,,,,,0.02,,,,,,,,,,,0.179,,,1961.19,1959.49,-0.0869,DOWN,CL,0,0.99,0.3056,0.0935,0.8398,148.0764,248.0764,157,93,,,
2026-03-09T03:00:00.792098211+00:00,R0308_205043,SETTLE,S3,xrp,xrp-updown-5m-1773024900,0,1.35,,,0.01,,,,,,,,0.01,,,,,,,,,,,0.01,,,1.35,1.35,-0.194,DOWN,CL,0,0.99,0.3087,0.0058,0.1746,147.4112,247.4112,157,93,,,
2026-03-09T03:00:00.792126623+00:00,R0308_205043,SETTLE,S3,btc,btc-updown-5m-1773024900,0,66537.31,,,0.01,,,,,,,,0.01,,,,,,,,,,,0.039,,,66609.72,66534.27,-0.1133,DOWN,CL,0,0.99,0.3087,0.0234,-0.1582,147.0784,247.0784,156,94,,,
2026-03-09T03:00:10.148555412+00:00,R0308_205043,ENTRY,S3,eth,eth-updown-5m-1773025200,290,1959.49,0.49,0.48,0.01,74.7,113.9,48,51,0,0.52,0.51,0.01,113.9,74.7,51,48,0,0.491,0.521,5,5,,,,,,,,,,,,,,,,,,,,,
2026-03-09T03:00:10.747196855+00:00,R0308_200647,ENTRY,S3,eth,eth-updown-5m-1773025200,290,1959.54,0.5,0.49,0.01,360,117,49,50,0,0.51,0.5,0.01,117,360,50,49,0,0.501,0.511,5,5,,,,,,,,,,,,,,,,,,,,,
2026-03-09T03:00:14.394581535+00:00,R0308_205043,ENTRY,S3,btc,btc-updown-5m-1773025200,286,66561.94,0.5,0.49,0.01,55.7,42.1,49,50,0,0.51,0.5,0.01,42.1,55.7,50,49,0,0.501,0.511,5,5,,,,,,,,,,,,,,,,,,,,,
2026-03-09T03:00:14.394707364+00:00,R0308_205043,ENTRY,S3,sol,sol-updown-5m-1773025200,286,82.66,0.49,0.48,0.01,54.7,352.2,48,51,0,0.52,0.51,0.01,342.7,54.7,51,48,0,0.491,0.521,5,5,,,,,,,,,,,,,,,,,,,,,
2026-03-09T03:00:14.880861176+00:00,R0308_200647,ENTRY,S3,sol,sol-updown-5m-1773025200,286,82.68,0.49,0.48,0.01,247.9,280.1,48,48,0,0.52,0.51,0.01,280.1,247.9,48,48,0,0.491,0.521,5,5,,,,,,,,,,,,,,,,,,,,,
2026-03-09T03:00:29.612118599+00:00,R0308_200647,ENTRY,S3,xrp,xrp-updown-5m-1773025200,271,1.35,0.48,0.47,0.01,42,8,47,52,0,0.53,0.52,0.01,8,42,52,47,0,0.481,0.531,5,5,,,,,,,,,,,,,,,,,,,,,
2026-03-09T03:00:30.052620979+00:00,R0308_205043,ENTRY,S3,xrp,xrp-updown-5m-1773025200,270,1.35,0.48,0.47,0.01,42,8,47,52,0,0.53,0.52,0.01,8,42,52,47,0,0.481,0.531,5,5,,,,,,,,,,,,,,,,,,,,,
2026-03-09T03:04:33.011731752+00:00,R0308_200647,DUMP,S3,eth,eth-updown-5m-1773025200,27,1972.21,,,,,,,,,,,,,0,,0,113,,,,,DN,0.049,0.05,EST,0.4795,1959.97,1971.63,0.5949,,,,,,,,,,,,,TAKER_FORCE|EST_BID
2026-03-09T03:04:33.011853877+00:00,R0308_200647,DUMP,S3,sol,sol-updown-5m-1773025200,27,83.22,,,,,,,,,,,,,0,,0,106,,,,,DN,0.049,0.05,EST,0.4702,82.69,83.17,0.5897,,,,,,,,,,,,,TAKER_FORCE|EST_BID
2026-03-09T03:04:33.011917714+00:00,R0308_200647,DUMP,S3,xrp,xrp-updown-5m-1773025200,27,1.35,,,,,,,,,,,,,0,,0,104,,,,,DN,0.049,0.05,EST,0.4614,1.35,1.35,0.5,,,,,,,,,,,,,TAKER_FORCE|EST_BID
2026-03-09T03:04:33.628588506+00:00,R0308_205043,DUMP,S3,sol,sol-updown-5m-1773025200,27,83.22,,,,,,,,,,,,,0,,0,106,,,,,DN,0.049,0.05,EST,0.4702,82.69,83.17,0.5832,,,,,,,,,,,,,TAKER_FORCE|EST_BID
2026-03-09T03:04:33.628690660+00:00,R0308_205043,DUMP,S3,btc,btc-updown-5m-1773025200,27,66893.98,,,,,,,,,,,,,0,,0,107,,,,,DN,0.049,0.05,EST,0.4795,66548.43,66877.93,0.4951,,,,,,,,,,,,,TAKER_FORCE|EST_BID
2026-03-09T03:04:33.628724772+00:00,R0308_205043,DUMP,S3,xrp,xrp-updown-5m-1773025200,27,1.35,,,,,,,,,,,,,0,,0,104,,,,,DN,0.049,0.05,EST,0.4614,1.35,1.35,0.488,,,,,,,,,,,,,TAKER_FORCE|EST_BID
2026-03-09T03:04:33.628776921+00:00,R0308_205043,DUMP,S3,eth,eth-updown-5m-1773025200,27,1972.2,,,,,,,,,,,,,0,,0,113,,,,,DN,0.049,0.05,EST,0.4702,1959.97,1971.33,0.5799,,,,,,,,,,,,,TAKER_FORCE|EST_BID
2026-03-09T03:05:00.266114554+00:00,R0308_200647,SETTLE,S3,eth,eth-updown-5m-1773025200,0,1970.64,,,0.01,,,,,,,,0.01,,,,,,,,,,,0.049,,,1959.97,1970.7,0.5475,UP,CL,0.999,0,0.3087,0.0285,0.1222,175.6939,275.6939,192,95,,,
2026-03-09T03:05:00.266193713+00:00,R0308_200647,SETTLE,S3,sol,sol-updown-5m-1773025200,0,83.21,,,0.01,,,,,,,,0.01,,,,,,,,,,,0.049,,,82.69,83.2,0.622,UP,CL,0.999,0,0.3088,0.028,0.3168,175.8885,275.8885,192,95,,,
2026-03-09T03:05:00.266221596+00:00,R0308_200647,SETTLE,S3,xrp,xrp-updown-5m-1773025200,0,1.35,,,0.01,,,,,,,,0.01,,,,,,,,,,,0.049,,,1.35,1.35,0.4867,UP,CL,0.999,0,0.3087,0.0274,0.5202,176.0919,276.0919,192,95,,,
2026-03-09T03:05:00.808117956+00:00,R0308_205043,SETTLE,S3,sol,sol-updown-5m-1773025200,0,83.19,,,0.01,,,,,,,,0.01,,,,,,,,,,,0.049,,,82.69,83.2,0.622,UP,CL,0.999,0,0.3088,0.028,0.3168,149.0189,249.0189,160,94,,,
2026-03-09T03:05:00.808220762+00:00,R0308_205043,SETTLE,S3,btc,btc-updown-5m-1773025200,0,66868.04,,,0.01,,,,,,,,0.01,,,,,,,,,,,0.049,,,66548.43,66868.99,0.4817,UP,CL,0.999,0,0.3087,0.0285,0.1222,148.8243,248.8243,160,94,,,
2026-03-09T03:05:00.808270797+00:00,R0308_205043,SETTLE,S3,xrp,xrp-updown-5m-1773025200,0,1.35,,,0.01,,,,,,,,0.01,,,,,,,,,,,0.049,,,1.35,1.35,0.4867,UP,CL,0.999,0,0.3087,0.0274,0.5202,149.2222,249.2222,160,94,,,
2026-03-09T03:05:00.808310919+00:00,R0308_205043,SETTLE,S3,eth,eth-updown-5m-1773025200,0,1970.64,,,0.01,,,,,,,,0.01,,,,,,,,,,,0.049,,,1959.97,1970.7,0.5475,UP,CL,0.999,0,0.3088,0.028,0.3168,149.0189,249.0189,160,94,,,
2026-03-09T03:05:36.737791654+00:00,R0308_200647,ENTRY,S3,eth,eth-updown-5m-1773025500,264,1970.66,0.49,0.48,0.01,457,24.5,47,51,0,0.52,0.51,0.01,24.5,457,51,47,0,0.491,0.521,5,5,,,,,,,,,,,,,,,,,,,,,
2026-03-09T03:05:36.737904154+00:00,R0308_200647,ENTRY,S3,sol,sol-updown-5m-1773025500,264,83.22,0.51,0.5,0.01,40.4,33.9,50,49,0,0.5,0.49,0.01,33.9,40.4,49,50,0,0.511,0.501,5,5,,,,,,,,,,,,,,,,,,,,,
2026-03-09T03:05:36.737968342+00:00,R0308_200647,ENTRY,S3,xrp,xrp-updown-5m-1773025500,264,1.35,0.49,0.48,0.01,8,12,47,51,0,0.52,0.51,0.01,12,8,51,47,0,0.491,0.521,5,5,,,,,,,,,,,,,,,,,,,,,
2026-03-09T03:05:37.380051142+00:00,R0308_205043,ENTRY,S3,eth,eth-updown-5m-1773025500,263,1970.67,0.49,0.48,0.01,100.5,128,48,51,0,0.52,0.51,0.01,128,100.5,51,48,0,0.491,0.521,5,5,,,,,,,,,,,,,,,,,,,,,
2026-03-09T03:05:37.380211343+00:00,R0308_205043,ENTRY,S3,sol,sol-updown-5m-1773025500,263,83.22,0.5,0.49,0.01,35,28,49,50,0,0.51,0.5,0.01,28,35,50,49,0,0.501,0.511,5,5,,,,,,,,,,,,,,,,,,,,,
2026-03-09T03:05:37.380330072+00:00,R0308_205043,ENTRY,S3,xrp,xrp-updown-5m-1773025500,263,1.35,0.48,0.47,0.01,27.6,52,47,52,0,0.53,0.52,0.01,52,27.6,52,47,0,0.481,0.531,5,5,,,,,,,,,,,,,,,,,,,,,
2026-03-09T03:05:38.410320467+00:00,R0308_205043,ENTRY,S3,btc,btc-updown-5m-1773025500,262,66867.95,0.48,0.47,0.01,25,165.3,47,52,0,0.53,0.52,0.01,165.3,25,52,47,0,0.481,0.531,5,5,,,,,,,,,,,,,,,,,,,,,
2026-03-09T03:05:40.993090801+00:00,R0308_200647,ENTRY,S3,btc,btc-updown-5m-1773025500,260,66871.95,0.49,0.48,0.01,91,190.1,48,51,0,0.52,0.51,0.01,190.1,91,51,48,0,0.491,0.521,5,5,,,,,,,,,,,,,,,,,,,,,
2026-03-09T03:09:33.406648503+00:00,R0308_205043,DUMP,S3,btc,btc-updown-5m-1773025500,27,67134.94,,,,,,,,,,,,,0,,0,99,,,,,DN,0.049,0.05,EST,0.4614,66874.42,67113.5,0.3575,,,,,,,,,,,,,TAKER_FORCE|EST_BID
2026-03-09T03:09:33.406818689+00:00,R0308_205043,DUMP,S3,sol,sol-updown-5m-1773025500,27,83.58,,,,,,,,,,,,,0,,0,99,,,,,DN,0.049,0.05,EST,0.4795,83.21,83.56,0.4262,,,,,,,,,,,,,TAKER_FORCE|EST_BID
2026-03-09T03:09:33.406885439+00:00,R0308_205043,DUMP,S3,eth,eth-updown-5m-1773025500,27,1980.56,,,,,,,,,,,,,0,,0,99,,,,,DN,0.049,0.05,EST,0.4702,1970.89,1980.08,0.4666,,,,,,,,,,,,,TAKER_FORCE|EST_BID
2026-03-09T03:09:33.406949797+00:00,R0308_205043,DUMP,S3,xrp,xrp-updown-5m-1773025500,27,1.36,,,,,,,,,,,,,0,,0,99,,,,,DN,0.099,0.1,EST,0.9322,1.35,1.36,0.2922,,,,,,,,,,,,,TAKER_FORCE|EST_BID
2026-03-09T03:09:33.710679312+00:00,R0308_200647,DUMP,S3,sol,sol-updown-5m-1773025500,27,83.58,,,,,,,,,,,,,0,,0,99,,,,,DN,0.049,0.05,EST,0.489,83.21,83.56,0.4262,,,,,,,,,,,,,TAKER_FORCE|EST_BID
2026-03-09T03:09:33.710815267+00:00,R0308_200647,DUMP,S3,btc,btc-updown-5m-1773025500,27,67134.94,,,,,,,,,,,,,0,,0,99,,,,,DN,0.049,0.05,EST,0.4702,66874.42,67113.5,0.3575,,,,,,,,,,,,,TAKER_FORCE|EST_BID
2026-03-09T03:09:33.710881156+00:00,R0308_200647,DUMP,S3,eth,eth-updown-5m-1773025500,27,1980.56,,,,,,,,,,,,,0,,0,99,,,,,DN,0.049,0.05,EST,0.4702,1970.89,1980.08,0.4666,,,,,,,,,,,,,TAKER_FORCE|EST_BID
2026-03-09T03:09:33.710943459+00:00,R0308_200647,DUMP,S3,xrp,xrp-updown-5m-1773025500,27,1.36,,,,,,,,,,,,,0,,0,99,,,,,DN,0.099,0.1,EST,0.9501,1.35,1.36,0.2922,,,,,,,,,,,,,TAKER_FORCE|EST_BID
2026-03-09T03:10:00.646096754+00:00,R0308_205043,SETTLE,S3,btc,btc-updown-5m-1773025500,0,67103.88,,,0.01,,,,,,,,0.01,,,,,,,,,,,0.049,,,66874.42,67107.11,0.348,UP,CL,0.99,0,0.3087,0.0274,0.5202,150.4984,250.4984,164,94,,,
2026-03-09T03:10:00.646292189+00:00,R0308_205043,SETTLE,S3,sol,sol-updown-5m-1773025500,0,83.62,,,0.01,,,,,,,,0.01,,,,,,,,,,,0.049,,,83.21,83.64,0.5211,UP,CL,0.99,0,0.3087,0.0285,0.1222,150.1004,250.1004,164,94,,,
2026-03-09T03:10:00.646390176+00:00,R0308_205043,SETTLE,S3,eth,eth-updown-5m-1773025500,0,1981.41,,,0.01,,,,,,,,0.01,,,,,,,,,,,0.049,,,1970.89,1981.75,0.5513,UP,CL,0.99,0,0.3088,0.028,0.3168,150.295,250.295,164,94,,,
2026-03-09T03:10:00.646490268+00:00,R0308_205043,SETTLE,S3,xrp,xrp-updown-5m-1773025500,0,1.36,,,0.01,,,,,,,,0.01,,,,,,,,,,,0.099,,,1.35,1.36,0.3262,UP,CL,0.99,0,0.3087,0.0525,0.966,150.9442,250.9442,164,94,,,
2026-03-09T03:10:00.844204225+00:00,R0308_200647,SETTLE,S3,sol,sol-updown-5m-1773025500,0,83.65,,,0.01,,,,,,,,0.01,,,,,,,,,,,0.049,,,83.21,83.64,0.5211,UP,CL,0.99,0,0.3087,0.0291,-0.0641,176.4669,276.4669,194,96,,,
2026-03-09T03:10:00.844406891+00:00,R0308_200647,SETTLE,S3,btc,btc-updown-5m-1773025500,0,67106.59,,,0.01,,,,,,,,0.01,,,,,,,,,,,0.049,,,66874.42,67107.11,0.348,UP,CL,0.99,0,0.3088,0.028,0.3168,176.8478,276.8478,195,95,,,
2026-03-09T03:10:00.844510577+00:00,R0308_200647,SETTLE,S3,eth,eth-updown-5m-1773025500,0,1981.41,,,0.01,,,,,,,,0.01,,,,,,,,,,,0.049,,,1970.89,1981.75,0.5513,UP,CL,0.99,0,0.3088,0.028,0.3168,176.8478,276.8478,195,95,,,
2026-03-09T03:10:00.844852293+00:00,R0308_200647,SETTLE,S3,xrp,xrp-updown-5m-1773025500,0,1.36,,,0.01,,,,,,,,0.01,,,,,,,,,,,0.099,,,1.35,1.36,0.3262,UP,CL,0.99,0,0.3088,0.0535,0.7711,177.3021,277.3021,195,95,,,
2026-03-09T03:10:10.058830362+00:00,R0308_205043,ENTRY,S3,btc,btc-updown-5m-1773025800,290,67134.51,0.53,0.52,0.01,867.4,213.6,52,47,0,0.48,0.47,0.01,213.6,867.4,47,52,0,0.531,0.481,5,5,,,,,,,,,,,,,,,,,,,,,
2026-03-09T03:10:10.059007951+00:00,R0308_205043,ENTRY,S3,xrp,xrp-updown-5m-1773025800,290,1.36,0.51,0.5,0.01,9.2,19,50,49,0,0.5,0.49,0.01,19,9.2,49,50,0,0.511,0.501,5,5,,,,,,,,,,,,,,,,,,,,,
2026-03-09T03:10:10.264662322+00:00,R0308_200647,ENTRY,S3,btc,btc-updown-5m-1773025800,290,67134.51,0.53,0.52,0.01,690.4,305.1,52,47,0,0.48,0.47,0.01,305.1,690.4,47,52,0,0.531,0.481,5,5,,,,,,,,,,,,,,,,,,,,,
2026-03-09T03:10:10.264786960+00:00,R0308_200647,ENTRY,S3,xrp,xrp-updown-5m-1773025800,290,1.36,0.51,0.5,0.01,9.2,41,50,49,0,0.5,0.49,0.01,41,9.2,49,50,0,0.511,0.501,5,5,,,,,,,,,,,,,,,,,,,,,
2026-03-09T03:10:11.093209173+00:00,R0308_205043,ENTRY,S3,sol,sol-updown-5m-1773025800,289,83.68,0.53,0.52,0.01,27,57.5,52,47,0,0.48,0.47,0.01,57.5,27,47,52,0,0.531,0.481,5,5,,,,,,,,,,,,,,,,,,,,,
2026-03-09T03:10:11.295108071+00:00,R0308_200647,ENTRY,S3,sol,sol-updown-5m-1773025800,289,83.68,0.53,0.52,0.01,27,57.5,52,47,0,0.48,0.47,0.01,57.5,27,47,52,0,0.531,0.481,5,5,,,,,,,,,,,,,,,,,,,,,
2026-03-09T03:10:12.124545656+00:00,R0308_205043,ENTRY,S3,eth,eth-updown-5m-1773025800,288,1982.79,0.53,0.52,0.01,23.8,486.2,52,47,0,0.48,0.47,0.01,486.2,23.8,47,52,0,0.531,0.481,5,5,,,,,,,,,,,,,,,,,,,,,
2026-03-09T03:10:12.434584550+00:00,R0308_200647,ENTRY,S3,eth,eth-updown-5m-1773025800,288,1982.59,0.52,0.51,0.01,90,25.6,51,48,0,0.49,0.48,0.01,25.6,90,48,51,0,0.521,0.491,5,5,,,,,,,,,,,,,,,,,,,,,
2026-03-09T03:14:33.170308719+00:00,R0308_205043,DUMP,S3,xrp,xrp-updown-5m-1773025800,27,1.36,,,,,,,,,,,,,250.8,,2,97,,,,,DN,0.02,0.02,REAL,0.1996,1.36,1.36,0.2369,,,,,,,,,,,,,MAKER_FILL
2026-03-09T03:14:33.170411313+00:00,R0308_205043,DUMP,S3,eth,eth-updown-5m-1773025800,27,1992.7,,,,,,,,,,,,,0,,0,99,,,,,DN,0.049,0.05,EST,0.5094,1981.74,1992.57,0.5469,,,,,,,,,,,,,TAKER_FORCE|EST_BID
2026-03-09T03:14:33.170453948+00:00,R0308_205043,DUMP,S3,btc,btc-updown-5m-1773025800,27,67356.12,,,,,,,,,,,,,0,,0,121,,,,,DN,0.049,0.05,EST,0.5094,67101.91,67363.68,0.3901,,,,,,,,,,,,,TAKER_FORCE|EST_BID
2026-03-09T03:14:33.170495560+00:00,R0308_205043,DUMP,S3,sol,sol-updown-5m-1773025800,27,84.05,,,,,,,,,,,,,0,,0,99,,,,,DN,0.049,0.05,EST,0.5094,83.62,84.06,0.5301,,,,,,,,,,,,,TAKER_FORCE|EST_BID
2026-03-09T03:14:33.494357110+00:00,R0308_200647,DUMP,S3,xrp,xrp-updown-5m-1773025800,27,1.36,,,,,,,,,,,,,250.8,,2,97,,,,,DN,0.02,0.02,REAL,0.1996,1.36,1.36,0.2321,,,,,,,,,,,,,MAKER_FILL
2026-03-09T03:14:33.494468207+00:00,R0308_200647,DUMP,S3,btc,btc-updown-5m-1773025800,27,67351.37,,,,,,,,,,,,,0,,0,121,,,,,DN,0.049,0.05,EST,0.5094,67105.14,67359.57,0.3792,,,,,,,,,,,,,TAKER_FORCE|EST_BID
2026-03-09T03:14:33.494530821+00:00,R0308_200647,DUMP,S3,sol,sol-updown-5m-1773025800,27,84.05,,,,,,,,,,,,,0,,0,99,,,,,DN,0.049,0.05,EST,0.5094,83.63,84.05,0.5041,,,,,,,,,,,,,TAKER_FORCE|EST_BID
2026-03-09T03:14:33.494594148+00:00,R0308_200647,DUMP,S3,eth,eth-updown-5m-1773025800,27,1992.7,,,,,,,,,,,,,0,,0,99,,,,,DN,0.049,0.05,EST,0.499,1981.74,1992.48,0.5423,,,,,,,,,,,,,TAKER_FORCE|EST_BID
2026-03-09T03:15:00.322860026+00:00,R0308_205043,SETTLE,S3,xrp,xrp-updown-5m-1773025800,0,1.36,,,0.01,,,,,,,,0.01,,,,,,,,,,,0.02,,,1.36,1.36,0.3182,UP,CL,0.99,0,0.3087,0.0122,-0.3366,151.5668,251.5668,167,95,,,
2026-03-09T03:15:00.322974588+00:00,R0308_205043,SETTLE,S3,eth,eth-updown-5m-1773025800,0,1997.72,,,0.01,,,,,,,,0.01,,,,,,,,,,,0.049,,,1981.74,1997.3,0.7854,UP,CL,0.99,0,0.3087,0.0303,-0.4135,151.49,251.49,167,95,,,
2026-03-09T03:15:00.323033547+00:00,R0308_205043,SETTLE,S3,btc,btc-updown-5m-1773025800,0,67452,,,0.01,,,,,,,,0.01,,,,,,,,,,,0.049,,,67101.91,67443.84,0.5096,UP,CL,0.999,0,0.3087,0.0303,-0.4135,151.49,251.49,167,95,,,
2026-03-09T03:15:00.323093237+00:00,R0308_205043,SETTLE,S3,sol,sol-updown-5m-1773025800,0,84.25,,,0.01,,,,,,,,0.01,,,,,,,,,,,0.049,,,83.62,84.21,0.7051,UP,CL,0.99,0,0.3087,0.0303,-0.4135,151.49,251.49,167,95,,,
2026-03-09T03:15:00.534349116+00:00,R0308_200647,SETTLE,S3,xrp,xrp-updown-5m-1773025800,0,1.36,,,0.01,,,,,,,,0.01,,,,,,,,,,,0.02,,,1.36,1.36,0.3182,UP,CL,0.99,0,0.3087,0.0122,-0.3366,177.5351,277.5351,197,97,,,
2026-03-09T03:15:00.534455797+00:00,R0308_200647,SETTLE,S3,btc,btc-updown-5m-1773025800,0,67452,,,0.01,,,,,,,,0.01,,,,,,,,,,,0.049,,,67105.14,67443.84,0.5047,UP,CL,0.999,0,0.3087,0.0303,-0.4135,177.4583,277.4583,197,97,,,
2026-03-09T03:15:00.534502407+00:00,R0308_200647,SETTLE,S3,sol,sol-updown-5m-1773025800,0,84.25,,,0.01,,,,,,,,0.01,,,,,,,,,,,0.049,,,83.63,84.21,0.6905,UP,CL,0.99,0,0.3087,0.0303,-0.4135,177.4583,277.4583,197,97,,,
2026-03-09T03:15:00.534541105+00:00,R0308_200647,SETTLE,S3,eth,eth-updown-5m-1773025800,0,1997.73,,,0.01,,,,,,,,0.01,,,,,,,,,,,0.049,,,1981.74,1997.3,0.7854,UP,CL,0.99,0,0.3088,0.0297,-0.2425,177.6293,277.6293,197,97,,,
2026-03-09T03:15:10.780651088+00:00,R0308_205043,ENTRY,S3,eth,eth-updown-5m-1773026100,290,1999.07,0.53,0.52,0.01,155,22.5,52,47,0,0.48,0.47,0.01,22.5,155,47,52,0,0.531,0.481,5,5,,,,,,,,,,,,,,,,,,,,,
2026-03-09T03:15:10.780844470+00:00,R0308_205043,ENTRY,S3,sol,sol-updown-5m-1773026100,290,84.28,0.53,0.51,0.02,13.7,9.9,44,46,0,0.49,0.47,0.02,9.9,13.7,46,44,0,0.531,0.491,5,5,,,,,,,,,,,,,,,,,,,,,
2026-03-09T03:15:12.011177624+00:00,R0308_200647,ENTRY,S3,eth,eth-updown-5m-1773026100,288,1998.82,0.52,0.51,0.01,86.8,15.9,51,48,0,0.49,0.48,0.01,15.9,86.8,48,51,0,0.521,0.491,5,5,,,,,,,,,,,,,,,,,,,,,
2026-03-09T03:15:29.794389618+00:00,R0308_200647,ENTRY,S3,sol,sol-updown-5m-1773026100,271,84.21,0.48,0.47,0.01,42,14.4,47,52,0,0.53,0.52,0.01,14.4,42,52,47,0,0.481,0.531,5,5,,,,,,,,,,,,,,,,,,,,,
2026-03-09T03:15:30.826431094+00:00,R0308_200647,ENTRY,S3,xrp,xrp-updown-5m-1773026100,270,1.36,0.52,0.51,0.01,7,36,50,48,0,0.49,0.48,0.01,36,7,48,50,0,0.521,0.491,5,5,,,,,,,,,,,,,,,,,,,,,
2026-03-09T03:15:30.922089644+00:00,R0308_205043,ENTRY,S3,xrp,xrp-updown-5m-1773026100,270,1.36,0.52,0.51,0.01,14,36,51,48,0,0.49,0.48,0.01,36,14,48,51,0,0.521,0.491,5,5,,,,,,,,,,,,,,,,,,,,,
2026-03-09T03:15:48.628137129+00:00,R0308_205043,ENTRY,S3,btc,btc-updown-5m-1773026100,252,67391.89,0.49,0.47,0.02,82.2,15.5,47,47,0,0.53,0.51,0.02,15.5,82.2,47,47,0,0.491,0.531,5,5,,,,,,,,,,,,,,,,,,,,,
2026-03-09T03:16:09.473695901+00:00,R0308_200647,ENTRY,S3,btc,btc-updown-5m-1773026100,231,67440,0.53,0.49,0.04,231.7,29.8,49,47,0,0.51,0.47,0.04,29.8,231.7,47,49,0,0.531,0.511,5,5,,,,,,,,,,,,,,,,,,,WIDE_SPREAD_UP|WIDE_SPREAD_DN,,
2026-03-09T03:19:33.002293121+00:00,R0308_205043,DUMP,S3,sol,sol-updown-5m-1773026100,27,84.39,,,,,,,,,,,,,5,,3,95,,,,,DN,0.03,0.03,REAL,0.3055,84.17,84.41,0.2835,,,,,,,,,,,,,MAKER_FILL
2026-03-09T03:19:33.002389285+00:00,R0308_205043,DUMP,S3,xrp,xrp-updown-5m-1773026100,27,1.36,,,,,,,,,,,,,5911.4,,1,96,,,,,DN,0.01,0.01,REAL,0.1018,1.36,1.36,0.2432,,,,,,,,,,,,,TAKER_FORCE
2026-03-09T03:19:33.002434064+00:00,R0308_205043,DUMP,S3,btc,btc-updown-5m-1773026100,27,67612,,,,,,,,,,,,,0,,0,99,,,,,DN,0.049,0.05,EST,0.4614,67425.07,67638.4,0.3164,,,,,,,,,,,,,TAKER_FORCE|EST_BID
2026-03-09T03:19:33.002476608+00:00,R0308_205043,DUMP,S3,eth,eth-updown-5m-1773026100,27,2000.61,,,,,,,,,,,,,5,,8,89,,,,,DN,0.05,0.08,REAL,0.5198,1996.33,2000.56,0.212,,,,,,,,,,,,,MAKER_FILL
2026-03-09T03:19:33.463794865+00:00,R0308_200647,DUMP,S3,eth,eth-updown-5m-1773026100,27,2000.61,,,,,,,,,,,,,15.9,,5,92,,,,,DN,0.049,0.05,REAL,0.499,1996.33,2001.06,0.2373,,,,,,,,,,,,,TAKER_FORCE
2026-03-09T03:19:33.463915417+00:00,R0308_200647,DUMP,S3,btc,btc-updown-5m-1773026100,27,67611.99,,,,,,,,,,,,,0,,0,99,,,,,DN,0.049,0.05,EST,0.4795,67425.07,67644.15,0.3249,,,,,,,,,,,,,TAKER_FORCE|EST_BID
2026-03-09T03:19:33.463988326+00:00,R0308_200647,DUMP,S3,xrp,xrp-updown-5m-1773026100,27,1.36,,,,,,,,,,,,,5935.8,,1,96,,,,,DN,0.01,0.01,REAL,0.1018,1.36,1.36,0.2577,,,,,,,,,,,,,TAKER_FORCE
2026-03-09T03:19:33.464054156+00:00,R0308_200647,DUMP,S3,sol,sol-updown-5m-1773026100,27,84.38,,,,,,,,,,,,,10,,4,95,,,,,DN,0.03,0.04,REAL,0.2825,84.17,84.44,0.3141,,,,,,,,,,,,,MAKER_FILL
2026-03-09T03:20:00.161800096+00:00,R0308_205043,SETTLE,S3,sol,sol-updown-5m-1773026100,0,84.37,,,0.02,,,,,,,,0.02,,,,,,,,,,,0.03,,,84.17,84.4,0.2725,UP,CL,0.99,0,0.3056,0.0185,-0.6025,149.724,249.724,167,99,,,
2026-03-09T03:20:00.161895230+00:00,R0308_205043,SETTLE,S3,xrp,xrp-updown-5m-1773026100,0,1.36,,,0.01,,,,,,,,0.01,,,,,,,,,,,0.01,,,1.36,1.36,0.2353,UP,CL,0.99,0,0.3088,0.0063,-0.6163,149.7101,249.7101,167,99,,,
2026-03-09T03:20:00.161937683+00:00,R0308_205043,SETTLE,S3,btc,btc-updown-5m-1773026100,0,67639.7,,,0.02,,,,,,,,0.02,,,,,,,,,,,0.049,,,67425.07,67648.9,0.332,UP,CL,0.99,0,0.3056,0.0274,0.3116,150.6381,250.6381,168,98,,,
2026-03-09T03:20:00.161980538+00:00,R0308_205043,SETTLE,S3,eth,eth-updown-5m-1773026100,0,2003.42,,,0.01,,,,,,,,0.01,,,,,,,,,,,0.05,,,1996.33,2003.72,0.3706,UP,CL,0.99,0,0.3087,0.0309,-0.4037,149.9228,249.9228,167,99,,,
2026-03-09T03:20:00.796641796+00:00,R0308_200647,SETTLE,S3,eth,eth-updown-5m-1773026100,0,2004.73,,,0.01,,,,,,,,0.01,,,,,,,,,,,0.049,,,1996.33,2003.45,0.3571,UP,CL,0.99,0,0.3088,0.0297,-0.2425,176.2232,276.2232,197,101,,,
2026-03-09T03:20:00.796714736+00:00,R0308_200647,SETTLE,S3,btc,btc-updown-5m-1773026100,0,67668.63,,,0.04,,,,,,,,0.04,,,,,,,,,,,0.049,,,67425.07,67641.26,0.3206,UP,CL,0.99,0,0.2994,0.0285,-0.4322,176.0335,276.0335,197,101,,,
2026-03-09T03:20:00.796741776+00:00,R0308_200647,SETTLE,S3,xrp,xrp-updown-5m-1773026100,0,1.37,,,0.01,,,,,,,,0.01,,,,,,,,,,,0.01,,,1.36,1.36,0.2202,UP,CL,0.99,0,0.3088,0.0063,-0.6163,175.8494,275.8494,197,101,,,
2026-03-09T03:20:00.796800976+00:00,R0308_200647,SETTLE,S3,sol,sol-updown-5m-1773026100,0,84.44,,,0.01,,,,,,,,0.01,,,,,,,,,,,0.03,,,84.17,84.39,0.2531,UP,CL,0.99,0,0.3087,0.0171,0.3516,176.8173,276.8173,198,100,,,
2026-03-09T03:25:10.455188118+00:00,R0308_205043,ENTRY,S3,eth,eth-updown-5m-1773026700,290,1980.48,0.49,0.48,0.01,69,24,48,51,0,0.52,0.51,0.01,19,69,51,48,0,0.491,0.521,5,5,,,,,,,,,,,,,,,,,,,,,
2026-03-09T03:25:10.455319125+00:00,R0308_205043,ENTRY,S3,xrp,xrp-updown-5m-1773026700,290,1.35,0.48,0.47,0.01,42.6,20,47,52,0,0.53,0.52,0.01,20,42.6,52,47,0,0.481,0.531,5,5,,,,,,,,,,,,,,,,,,,,,
2026-03-09T03:25:10.830362915+00:00,R0308_200647,ENTRY,S3,eth,eth-updown-5m-1773026700,290,1980.42,0.49,0.48,0.01,56,213.5,48,51,0,0.52,0.51,0.01,213.5,56,51,48,0,0.491,0.521,5,5,,,,,,,,,,,,,,,,,,,,,
2026-03-09T03:25:10.830480864+00:00,R0308_200647,ENTRY,S3,xrp,xrp-updown-5m-1773026700,290,1.35,0.48,0.47,0.01,42.6,20,47,52,0,0.53,0.52,0.01,20,42.6,52,47,0,0.481,0.531,5,5,,,,,,,,,,,,,,,,,,,,,
2026-03-09T03:25:14.037863929+00:00,R0308_200647,ENTRY,S3,btc,btc-updown-5m-1773026700,286,67121.11,0.49,0.48,0.01,24.2,629.8,48,51,0,0.52,0.51,0.01,629.8,24.2,51,48,0,0.491,0.521,5,5,,,,,,,,,,,,,,,,,,,,,
2026-03-09T03:25:14.589600242+00:00,R0308_205043,ENTRY,S3,btc,btc-updown-5m-1773026700,286,67123.99,0.48,0.47,0.01,15,135,47,52,0,0.53,0.52,0.01,135,15,52,47,0,0.481,0.531,5,5,,,,,,,,,,,,,,,,,,,,,
2026-03-09T03:25:30.385454485+00:00,R0308_205043,ENTRY,S3,sol,sol-updown-5m-1773026700,270,83.46,0.48,0.47,0.01,22,50.3,47,52,0,0.53,0.52,0.01,50.3,22,52,47,0,0.481,0.531,5,5,,,,,,,,,,,,,,,,,,,,,
2026-03-09T03:25:30.697059249+00:00,R0308_200647,ENTRY,S3,sol,sol-updown-5m-1773026700,270,83.46,0.48,0.47,0.01,22,60.3,47,52,0,0.53,0.52,0.01,60.3,22,52,47,0,0.481,0.531,5,5,,,,,,,,,,,,,,,,,,,,,
2026-03-09T03:29:32.400880477+00:00,R0308_200647,DUMP,S3,sol,sol-updown-5m-1773026700,28,83.58,,,,,,,,,,,,,5,,6,92,,,,,DN,0.07,0.07,REAL,0.6591,83.49,83.58,0.0992,,,,,,,,,,,,,MAKER_FILL
2026-03-09T03:29:32.708438257+00:00,R0308_205043,DUMP,S3,sol,sol-updown-5m-1773026700,28,83.58,,,,,,,,,,,,,5,,6,92,,,,,DN,0.06,0.07,REAL,0.565,83.49,83.58,0.0992,,,,,,,,,,,,,MAKER_FILL
2026-03-09T03:29:33.544298188+00:00,R0308_200647,DUMP,S3,xrp,xrp-updown-5m-1773026700,27,1.36,,,,,,,,,,,,,65.7,,4,94,,,,,DN,0.039,0.04,REAL,0.3672,1.35,1.36,0.0734,,,,,,,,,,,,,TAKER_FORCE
2026-03-09T03:29:33.544363166+00:00,R0308_200647,DUMP,S3,eth,eth-updown-5m-1773026700,27,1984.21,,,,,,,,,,,,,467.5,,2,97,,,,,DN,0.019,0.02,REAL,0.1823,1981.12,1983.84,0.1373,,,,,,,,,,,,,TAKER_FORCE
2026-03-09T03:29:33.544384057+00:00,R0308_200647,DUMP,S3,btc,btc-updown-5m-1773026700,27,67207.54,,,,,,,,,,,,,2985.5,,2,97,,,,,DN,0.019,0.02,REAL,0.1823,67140.32,67204.79,0.096,,,,,,,,,,,,,TAKER_FORCE
2026-03-09T03:29:33.741000421+00:00,R0308_205043,DUMP,S3,eth,eth-updown-5m-1773026700,27,1984.21,,,,,,,,,,,,,467.5,,2,97,,,,,DN,0.019,0.02,REAL,0.1823,1981.12,1983.84,0.1373,,,,,,,,,,,,,TAKER_FORCE
2026-03-09T03:29:33.741094813+00:00,R0308_205043,DUMP,S3,btc,btc-updown-5m-1773026700,27,67207.54,,,,,,,,,,,,,2979.2,,2,97,,,,,DN,0.019,0.02,REAL,0.1789,67140.32,67204.79,0.096,,,,,,,,,,,,,TAKER_FORCE
2026-03-09T03:29:33.741132811+00:00,R0308_205043,DUMP,S3,xrp,xrp-updown-5m-1773026700,27,1.36,,,,,,,,,,,,,55.4,,4,94,,,,,DN,0.039,0.04,REAL,0.3672,1.35,1.36,0.0734,,,,,,,,,,,,,TAKER_FORCE
2026-03-09T03:30:00.687586790+00:00,R0308_200647,SETTLE,S3,sol,sol-updown-5m-1773026700,0,83.59,,,0.01,,,,,,,,0.01,,,,,,,,,,,0.07,,,83.49,83.58,0.1014,UP,CL,0.99,0,0.3087,0.0383,0.7071,176.2334,276.2334,199,103,,,
2026-03-09T03:30:00.687681653+00:00,R0308_200647,SETTLE,S3,xrp,xrp-updown-5m-1773026700,0,1.36,,,0.01,,,,,,,,0.01,,,,,,,,,,,0.039,,,1.35,1.36,0.1087,UP,CL,0.99,0,0.3087,0.0221,0.4314,175.9577,275.9577,199,103,,,
2026-03-09T03:30:00.687723787+00:00,R0308_200647,SETTLE,S3,eth,eth-updown-5m-1773026700,0,1984.79,,,0.01,,,,,,,,0.01,,,,,,,,,,,0.019,,,1981.12,1984.47,0.1688,UP,CL,0.99,0,0.3088,0.0112,0.0457,175.572,275.572,199,103,,,
2026-03-09T03:30:00.687799471+00:00,R0308_200647,SETTLE,S3,btc,btc-updown-5m-1773026700,0,67226.88,,,0.01,,,,,,,,0.01,,,,,,,,,,,0.019,,,67140.32,67221.71,0.1212,UP,CL,0.99,0,0.3088,0.0112,0.0457,175.572,275.572,199,103,,,
2026-03-09T03:30:01.140066759+00:00,R0308_205043,SETTLE,S3,eth,eth-updown-5m-1773026700,0,1985.16,,,0.01,,,,,,,,0.01,,,,,,,,,,,0.019,,,1981.12,1984.49,0.17,UP,CL,0.99,0,0.3088,0.0112,0.0457,149.0614,249.0614,169,101,,,
2026-03-09T03:30:01.140154721+00:00,R0308_205043,SETTLE,S3,btc,btc-updown-5m-1773026700,0,67230.64,,,0.01,,,,,,,,0.01,,,,,,,,,,,0.019,,,67140.32,67221.71,0.1212,UP,CL,0.99,0,0.3087,0.011,0.2542,149.2699,249.2699,169,101,,,
2026-03-09T03:30:01.140183164+00:00,R0308_205043,SETTLE,S3,sol,sol-updown-5m-1773026700,0,83.61,,,0.01,,,,,,,,0.01,,,,,,,,,,,0.06,,,83.49,83.58,0.1014,UP,CL,0.99,0,0.3087,0.0332,0.618,149.6337,249.6337,169,101,,,
2026-03-09T03:30:01.140211788+00:00,R0308_205043,SETTLE,S3,xrp,xrp-updown-5m-1773026700,0,1.36,,,0.01,,,,,,,,0.01,,,,,,,,,,,0.039,,,1.35,1.36,0.1083,UP,CL,0.99,0,0.3087,0.0221,0.4314,149.4471,249.4471,169,101,,,
2026-03-09T03:30:12.192913209+00:00,R0308_200647,ENTRY,S3,xrp,xrp-updown-5m-1773027000,288,1.36,0.52,0.5,0.02,20.7,60,50,48,0,0.5,0.48,0.02,60,20.7,48,50,0,0.521,0.501,5,5,,,,,,,,,,,,,,,,,,,,,
2026-03-09T03:30:12.764264446+00:00,R0308_205043,ENTRY,S3,eth,eth-updown-5m-1773027000,288,1984.98,0.52,0.51,0.01,10,87.6,51,48,0,0.49,0.48,0.01,87.6,10,48,51,0,0.521,0.491,5,5,,,,,,,,,,,,,,,,,,,,,
2026-03-09T03:30:12.764427442+00:00,R0308_205043,ENTRY,S3,sol,sol-updown-5m-1773027000,288,83.62,0.53,0.52,0.01,7,46,52,47,0,0.48,0.47,0.01,46,7,47,52,0,0.531,0.481,5,5,,,,,,,,,,,,,,,,,,,,,
2026-03-09T03:30:12.764517627+00:00,R0308_205043,ENTRY,S3,xrp,xrp-updown-5m-1773027000,288,1.36,0.51,0.5,0.01,38.7,8,50,49,0,0.5,0.49,0.01,8,38.7,49,50,0,0.511,0.501,5,5,,,,,,,,,,,,,,,,,,,,,
2026-03-09T03:30:13.229319980+00:00,R0308_200647,ENTRY,S3,eth,eth-updown-5m-1773027000,287,1984.98,0.51,0.5,0.01,462,79,50,49,0,0.5,0.49,0.01,79,462,49,50,0,0.511,0.501,5,5,,,,,,,,,,,,,,,,,,,,,
2026-03-09T03:30:13.229429585+00:00,R0308_200647,ENTRY,S3,sol,sol-updown-5m-1773027000,287,83.62,0.53,0.52,0.01,35,7,52,47,0,0.48,0.47,0.01,7,35,47,52,0,0.531,0.481,5,5,,,,,,,,,,,,,,,,,,,,,
2026-03-09T03:30:31.067192052+00:00,R0308_200647,ENTRY,S3,btc,btc-updown-5m-1773027000,269,67236.46,0.52,0.51,0.01,155.7,38.2,51,48,0,0.49,0.48,0.01,38.2,155.7,48,51,0,0.521,0.491,5,5,,,,,,,,,,,,,,,,,,,,,
2026-03-09T03:30:31.554127866+00:00,R0308_205043,ENTRY,S3,btc,btc-updown-5m-1773027000,269,67236.46,0.53,0.51,0.02,165.3,118.6,51,47,0,0.49,0.47,0.02,118.6,165.3,47,51,0,0.531,0.491,5,5,,,,,,,,,,,,,,,,,,,,,
2026-03-09T03:34:31.061632518+00:00,R0308_205043,DUMP,S3,sol,sol-updown-5m-1773027000,29,83.66,,,,,,,,,,,,,11.1,,9,88,,,,,DN,0.09,0.09,REAL,0.9356,83.58,83.66,0.0948,,,,,,,,,,,,,MAKER_FILL
2026-03-09T03:34:31.658314969+00:00,R0308_200647,DUMP,S3,xrp,xrp-updown-5m-1773027000,29,1.36,,,,,,,,,,,,,16.9,,22,77,,,,,DN,0.22,0.22,REAL,2.1956,1.36,1.36,0.034,,,,,,,,,,,,,MAKER_FILL
2026-03-09T03:34:32.692526991+00:00,R0308_200647,DUMP,S3,eth,eth-updown-5m-1773027000,28,1985.2,,,,,,,,,,,,,16,,29,61,,,,,DN,0.28,0.31,REAL,2.7944,1984.46,1985.56,0.0559,,,,,,,,,,,,,MAKER_FILL
2026-03-09T03:34:32.692611268+00:00,R0308_200647,DUMP,S3,sol,sol-updown-5m-1773027000,28,83.64,,,,,,,,,,,,,38.7,,17,79,,,,,DN,0.1,0.19,REAL,1.0395,83.57,83.65,0.0961,,,,,,,,,,,,,MAKER_FILL
2026-03-09T03:34:33.123260852+00:00,R0308_205043,DUMP,S3,xrp,xrp-updown-5m-1773027000,27,1.36,,,,,,,,,,,,,14,,43,55,,,,,DN,0.23,0.43,REAL,2.2954,1.36,1.36,0.0343,,,,,,,,,,,,,MAKER_FILL
2026-03-09T03:34:33.123369386+00:00,R0308_205043,DUMP,S3,btc,btc-updown-5m-1773027000,27,67317.12,,,,,,,,,,,,,0,,0,99,,,,,DN,0.099,0.1,EST,1.0081,67221.84,67329.11,0.1596,,,,,,,,,,,,,TAKER_FORCE|EST_BID
2026-03-09T03:34:33.123434733+00:00,R0308_205043,DUMP,S3,eth,eth-updown-5m-1773027000,27,1985.19,,,,,,,,,,,,,371.8,,42,55,,,,,DN,0.28,0.42,REAL,2.8513,1984.47,1985.56,0.0554,,,,,,,,,,,,,MAKER_FILL
2026-03-09T03:34:33.722984631+00:00,R0308_200647,DUMP,S3,btc,btc-updown-5m-1773027000,27,67310.57,,,,,,,,,,,,,0,,0,99,,,,,DN,0.099,0.1,EST,1.0081,67221.06,67329.68,0.1616,,,,,,,,,,,,,TAKER_FORCE|EST_BID
2026-03-09T03:35:00.534600934+00:00,R0308_205043,SETTLE,S3,sol,sol-updown-5m-1773027000,0,83.6,,,0.01,,,,,,,,0.01,,,,,,,,,,,0.09,,,83.58,83.59,0.014,UP,CL,0.99,0,0.3087,0.0532,-0.0102,150.3548,250.3548,172,102,,,
2026-03-09T03:35:00.534721927+00:00,R0308_205043,SETTLE,S3,xrp,xrp-updown-5m-1773027000,0,1.36,,,0.01,,,,,,,,0.01,,,,,,,,,,,0.23,,,1.36,1.36,0.0049,UP,CL,0.65,0.19,0.3087,0.1105,1.6609,152.026,252.026,173,101,,,
2026-03-09T03:35:00.534804791+00:00,R0308_205043,SETTLE,S3,btc,btc-updown-5m-1773027000,0,67302.82,,,0.02,,,,,,,,0.02,,,,,,,,,,,0.099,,,67221.84,67299.68,0.1158,UP,CL,0.99,0,0.3056,0.0568,0.0619,150.427,250.427,173,101,,,
2026-03-09T03:35:00.534865293+00:00,R0308_205043,SETTLE,S3,eth,eth-updown-5m-1773027000,0,1984.56,,,0.01,,,,,,,,0.01,,,,,,,,,,,0.28,,,1984.47,1984.43,-0.0016,DOWN,CL,0.6,0.36,0.3088,0.1209,2.4408,152.8058,252.8058,173,101,CL_CLOB_SPLIT,,
2026-03-09T03:35:00.844017447+00:00,R0308_200647,SETTLE,S3,btc,btc-updown-5m-1773027000,0,67302.82,,,0.01,,,,,,,,0.01,,,,,,,,,,,0.099,,,67221.06,67299.68,0.117,UP,CL,0.99,0,0.3088,0.0568,0.2396,176.9958,276.9958,203,103,,,
2026-03-09T03:35:00.844162085+00:00,R0308_200647,SETTLE,S3,eth,eth-updown-5m-1773027000,0,1984.56,,,0.01,,,,,,,,0.01,,,,,,,,,,,0.28,,,1984.46,1984.43,-0.0011,DOWN,CL,0.65,0.12,0.3087,0.1233,2.2877,179.044,279.044,203,103,CL_CLOB_SPLIT,,
2026-03-09T03:35:00.844258982+00:00,R0308_200647,SETTLE,S3,xrp,xrp-updown-5m-1773027000,0,1.36,,,0.02,,,,,,,,0.02,,,,,,,,,,,0.22,,,1.36,1.36,0.0042,UP,CL,0.99,0,0.3056,0.107,1.3799,178.1361,278.1361,203,103,,,
2026-03-09T03:35:00.844385322+00:00,R0308_200647,SETTLE,S3,sol,sol-updown-5m-1773027000,0,83.6,,,0.01,,,,,,,,0.01,,,,,,,,,,,0.1,,,83.57,83.59,0.0185,UP,CL,0.99,0,0.3087,0.0585,0.0885,176.8447,276.8447,203,103,,,
2026-03-09T03:35:10.300002760+00:00,R0308_200647,ENTRY,S3,btc,btc-updown-5m-1773027300,290,67300,0.49,0.48,0.01,632,92.9,48,51,0,0.52,0.51,0.01,92.9,632,51,48,0,0.491,0.521,5,5,,,,,,,,,,,,,,,,,,,,,
2026-03-09T03:35:10.300120848+00:00,R0308_200647,ENTRY,S3,eth,eth-updown-5m-1773027300,290,1984.76,0.5,0.49,0.01,549.5,51.5,49,50,0,0.51,0.5,0.01,51.5,549.5,50,49,0,0.501,0.511,5,5,,,,,,,,,,,,,,,,,,,,,
2026-03-09T03:35:10.300183692+00:00,R0308_200647,ENTRY,S3,sol,sol-updown-5m-1773027300,290,83.59,0.49,0.48,0.01,27,55.8,48,51,0,0.52,0.51,0.01,55.8,27,51,48,0,0.491,0.521,5,5,,,,,,,,,,,,,,,,,,,,,
2026-03-09T03:35:11.036535520+00:00,R0308_205043,ENTRY,S3,btc,btc-updown-5m-1773027300,289,67300,0.5,0.49,0.01,105,458.3,49,50,0,0.51,0.5,0.01,458.3,105,50,49,0,0.501,0.511,5,5,,,,,,,,,,,,,,,,,,,,,
2026-03-09T03:35:11.036652938+00:00,R0308_205043,ENTRY,S3,eth,eth-updown-5m-1773027300,289,1984.85,0.51,0.5,0.01,429,142,50,49,0,0.5,0.49,0.01,142,429,49,50,0,0.511,0.501,5,5,,,,,,,,,,,,,,,,,,,,,
2026-03-09T03:35:11.036716383+00:00,R0308_205043,ENTRY,S3,sol,sol-updown-5m-1773027300,289,83.59,0.48,0.47,0.01,35,38.3,47,52,0,0.53,0.52,0.01,38.3,35,52,47,0,0.481,0.531,5,5,,,,,,,,,,,,,,,,,,,,,
2026-03-09T03:38:06.619902145+00:00,R0308_205043,ENTRY,S3,xrp,xrp-updown-5m-1773027300,114,1.36,0.49,0.48,0.01,43.5,15.7,48,50,0,0.52,0.51,0.01,15.7,43.5,50,48,0,0.491,0.521,5,5,,,,,,,,,,,,,,,,,,,,,
2026-03-09T03:38:06.743670170+00:00,R0308_200647,ENTRY,S3,xrp,xrp-updown-5m-1773027300,114,1.36,0.49,0.48,0.01,28.3,15.7,48,51,0,0.52,0.51,0.01,15.7,28.3,51,48,0,0.491,0.521,5,5,,,,,,,,,,,,,,,,,,,,,
2026-03-09T03:39:33.375728196+00:00,R0308_200647,DUMP,S3,sol,sol-updown-5m-1773027300,27,83.25,,,,,,,,,,,,,0,,0,99,,,,,UP,0.049,0.05,EST,0.499,83.58,83.22,-0.4312,,,,,,,,,,,,,TAKER_FORCE|EST_BID
2026-03-09T03:39:33.375878322+00:00,R0308_200647,DUMP,S3,xrp,xrp-updown-5m-1773027300,27,1.35,,,,,,,,,,,,,5639.5,,1,98,,,,,UP,0.01,0.01,REAL,0.1018,1.36,1.35,-0.1915,,,,,,,,,,,,,TAKER_FORCE
2026-03-09T03:39:33.375950991+00:00,R0308_200647,DUMP,S3,btc,btc-updown-5m-1773027300,27,67176.48,,,,,,,,,,,,,0,,0,99,,,,,UP,0.099,0.1,EST,1.0081,67299.96,67166.32,-0.1986,,,,,,,,,,,,,TAKER_FORCE|EST_BID
2026-03-09T03:39:33.376019325+00:00,R0308_200647,DUMP,S3,eth,eth-updown-5m-1773027300,27,1979.32,,,,,,,,,,,,,2627.6,,1,98,,,,,UP,0.01,0.01,REAL,0.0998,1984.43,1978.84,-0.2813,,,,,,,,,,,,,TAKER_FORCE
2026-03-09T03:39:34.031825826+00:00,R0308_205043,DUMP,S3,xrp,xrp-updown-5m-1773027300,26,1.35,,,,,,,,,,,,,4914.5,,1,98,,,,,UP,0.01,0.01,REAL,0.1018,1.36,1.35,-0.1915,,,,,,,,,,,,,TAKER_FORCE
2026-03-09T03:39:34.031923963+00:00,R0308_205043,DUMP,S3,btc,btc-updown-5m-1773027300,26,67170.59,,,,,,,,,,,,,0,,0,99,,,,,UP,0.099,0.1,EST,0.988,67299.96,67166.32,-0.1986,,,,,,,,,,,,,TAKER_FORCE|EST_BID
2026-03-09T03:39:34.031980729+00:00,R0308_205043,DUMP,S3,eth,eth-updown-5m-1773027300,26,1979.19,,,,,,,,,,,,,2557.6,,1,98,,,,,UP,0.01,0.01,REAL,0.0978,1984.43,1978.84,-0.2813,,,,,,,,,,,,,TAKER_FORCE
2026-03-09T03:39:34.032037174+00:00,R0308_205043,DUMP,S3,sol,sol-updown-5m-1773027300,26,83.25,,,,,,,,,,,,,0,,0,99,,,,,UP,0.049,0.05,EST,0.5094,83.58,83.22,-0.4312,,,,,,,,,,,,,TAKER_FORCE|EST_BID
2026-03-09T03:40:00.196014658+00:00,R0308_205043,SETTLE,S3,xrp,xrp-updown-5m-1773027300,0,1.35,,,0.01,,,,,,,,0.01,,,,,,,,,,,0.01,,,1.36,1.35,-0.2479,DOWN,CL,0,0.99,0.3088,0.0063,-0.6163,153.9022,253.9022,175,103,,,
2026-03-09T03:40:00.196171184+00:00,R0308_205043,SETTLE,S3,btc,btc-updown-5m-1773027300,0,67127.61,,,0.01,,,,,,,,0.01,,,,,,,,,,,0.099,,,67299.96,67113.19,-0.2775,DOWN,CL,0,0.99,0.3087,0.0556,0.4084,154.9268,254.9268,176,102,,,
2026-03-09T03:40:00.196263023+00:00,R0308_205043,SETTLE,S3,eth,eth-updown-5m-1773027300,0,1977.97,,,0.01,,,,,,,,0.01,,,,,,,,,,,0.01,,,1984.43,1977.36,-0.356,DOWN,CL,0,0.99,0.3087,0.0061,-0.2369,154.2816,254.2816,175,103,,,
2026-03-09T03:40:00.196334931+00:00,R0308_205043,SETTLE,S3,sol,sol-updown-5m-1773027300,0,83.19,,,0.01,,,,,,,,0.01,,,,,,,,,,,0.049,,,83.58,83.17,-0.4954,DOWN,CL,0,0.99,0.3087,0.0303,-0.4135,154.105,254.105,175,103,,,
2026-03-09T03:40:00.558378012+00:00,R0308_200647,SETTLE,S3,sol,sol-updown-5m-1773027300,0,83.18,,,0.01,,,,,,,,0.01,,,,,,,,,,,0.049,,,83.58,83.18,-0.4878,DOWN,CL,0,0.99,0.3088,0.0297,-0.2425,180.5094,280.5094,206,104,,,
2026-03-09T03:40:00.558442569+00:00,R0308_200647,SETTLE,S3,xrp,xrp-updown-5m-1773027300,0,1.35,,,0.01,,,,,,,,0.01,,,,,,,,,,,0.01,,,1.36,1.35,-0.2468,DOWN,CL,0,0.99,0.3088,0.0063,-0.6163,180.1356,280.1356,206,104,,,
2026-03-09T03:40:00.558470701+00:00,R0308_200647,SETTLE,S3,btc,btc-updown-5m-1773027300,0,67125.2,,,0.01,,,,,,,,0.01,,,,,,,,,,,0.099,,,67299.96,67113.83,-0.2766,DOWN,CL,0,0.99,0.3088,0.0568,0.2396,180.9914,280.9914,207,103,,,
2026-03-09T03:40:00.558499054+00:00,R0308_200647,SETTLE,S3,eth,eth-updown-5m-1773027300,0,1978.11,,,0.01,,,,,,,,0.01,,,,,,,,,,,0.01,,,1984.43,1977.68,-0.3401,DOWN,CL,0,0.99,0.3087,0.0062,-0.4304,180.3215,280.3215,206,104,,,
2026-03-09T03:40:10.743055722+00:00,R0308_205043,ENTRY,S3,btc,btc-updown-5m-1773027600,290,67113.64,0.49,0.48,0.01,14.3,11.1,48,51,0,0.52,0.51,0.01,11.1,14.3,51,48,0,0.491,0.521,5,5,,,,,,,,,,,,,,,,,,,,,
2026-03-09T03:40:10.743174632+00:00,R0308_205043,ENTRY,S3,eth,eth-updown-5m-1773027600,290,1977.61,0.52,0.5,0.02,358,232.2,49,48,0,0.5,0.48,0.02,232.2,358,48,49,0,0.521,0.501,5,5,,,,,,,,,,,,,,,,,,,,,
2026-03-09T03:40:11.021528264+00:00,R0308_200647,ENTRY,S3,btc,btc-updown-5m-1773027600,289,67113.65,0.49,0.48,0.01,49.3,25,48,51,0,0.52,0.51,0.01,25,49.3,51,48,0,0.491,0.521,5,5,,,,,,,,,,,,,,,,,,,,,
2026-03-09T03:40:11.021672421+00:00,R0308_200647,ENTRY,S3,eth,eth-updown-5m-1773027600,289,1977.61,0.51,0.5,0.01,319.7,23,50,49,0,0.5,0.49,0.01,23,319.7,49,50,0,0.511,0.501,5,5,,,,,,,,,,,,,,,,,,,,,
2026-03-09T03:40:33.002026824+00:00,R0308_200647,ENTRY,S3,sol,sol-updown-5m-1773027600,267,83.15,0.49,0.47,0.02,42,22,47,51,0,0.53,0.51,0.02,22,42,51,47,0,0.491,0.531,5,5,,,,,,,,,,,,,,,,,,,,,
2026-03-09T03:40:33.029231403+00:00,R0308_205043,ENTRY,S3,sol,sol-updown-5m-1773027600,267,83.15,0.49,0.47,0.02,42,22,47,51,0,0.53,0.51,0.02,22,42,51,47,0,0.491,0.531,5,5,,,,,,,,,,,,,,,,,,,,,
2026-03-09T03:44:31.079879431+00:00,R0308_200647,DUMP,S3,eth,eth-updown-5m-1773027600,29,1977.11,,,,,,,,,,,,,434,,16,81,,,,,UP,0.16,0.16,REAL,1.5656,1977.15,1976.85,-0.0152,,,,,,,,,,,,,MAKER_FILL
2026-03-09T03:44:31.678583680+00:00,R0308_205043,DUMP,S3,eth,eth-updown-5m-1773027600,29,1977.11,,,,,,,,,,,,,5,,17,82,,,,,UP,0.16,0.17,REAL,1.5355,1977.15,1976.85,-0.0155,,,,,,,,,,,,,MAKER_FILL
2026-03-09T03:44:33.246991833+00:00,R0308_200647,DUMP,S3,btc,btc-updown-5m-1773027600,27,67091.04,,,,,,,,,,,,,15.6,,7,92,,,,,UP,0.07,0.07,REAL,0.7128,67113.04,67086.31,-0.0398,,,,,,,,,,,,,MAKER_FILL
2026-03-09T03:44:33.247101779+00:00,R0308_200647,DUMP,S3,sol,sol-updown-5m-1773027600,27,83.13,,,,,,,,,,,,,14,,10,87,,,,,UP,0.1,0.1,REAL,1.0183,83.16,83.12,-0.0463,,,,,,,,,,,,,MAKER_FILL
2026-03-09T03:44:33.741210299+00:00,R0308_205043,DUMP,S3,btc,btc-updown-5m-1773027600,27,67091.04,,,,,,,,,,,,,591.5,,6,93,,,,,UP,0.059,0.06,REAL,0.6008,67112.44,67086.31,-0.0389,,,,,,,,,,,,,TAKER_FORCE
2026-03-09T03:44:33.741358562+00:00,R0308_205043,DUMP,S3,sol,sol-updown-5m-1773027600,27,83.13,,,,,,,,,,,,,32.1,,9,88,,,,,UP,0.089,0.09,REAL,0.9063,83.16,83.12,-0.0463,,,,,,,,,,,,,TAKER_FORCE
2026-03-09T03:45:00.098967746+00:00,R0308_205043,SETTLE,S3,btc,btc-updown-5m-1773027600,0,67099.4,,,0.01,,,,,,,,0.01,,,,,,,,,,,0.059,,,67112.44,67097.4,-0.0224,DOWN,CL,0,0.99,0.3088,0.0353,-0.1463,153.5138,253.5138,176,106,,,
2026-03-09T03:45:00.099100777+00:00,R0308_205043,SETTLE,S3,sol,sol-updown-5m-1773027600,0,83.14,,,0.02,,,,,,,,0.02,,,,,,,,,,,0.089,,,83.16,83.14,-0.028,DOWN,CL,0,0.99,0.3056,0.0516,-0.0347,153.6254,253.6254,176,106,,,
2026-03-09T03:45:00.099130181+00:00,R0308_205043,SETTLE,S3,eth,eth-updown-5m-1773027600,0,1977.17,,,0.02,,,,,,,,0.02,,,,,,,,,,,0.16,,,1977.15,1977.1,-0.0026,DOWN,CL,0.01,0.95,0.3056,0.0806,1.1293,154.7895,254.7895,177,105,,,
2026-03-09T03:45:00.315071083+00:00,R0308_200647,SETTLE,S3,btc,btc-updown-5m-1773027600,0,67099.4,,,0.01,,,,,,,,0.01,,,,,,,,,,,0.07,,,67113.04,67097.4,-0.0233,DOWN,CL,0,0.99,0.3088,0.0414,-0.0404,179.6618,279.6618,207,107,,,
2026-03-09T03:45:00.315145335+00:00,R0308_200647,SETTLE,S3,eth,eth-updown-5m-1773027600,0,1977.18,,,0.01,,,,,,,,0.01,,,,,,,,,,,0.16,,,1977.15,1977.1,-0.0024,DOWN,CL,0,0.99,0.3087,0.0822,1.1547,180.8569,280.8569,208,106,,,
2026-03-09T03:45:00.315174138+00:00,R0308_200647,SETTLE,S3,sol,sol-updown-5m-1773027600,0,83.14,,,0.02,,,,,,,,0.02,,,,,,,,,,,0.1,,,83.16,83.14,-0.028,DOWN,CL,0,0.99,0.3056,0.0573,0.0716,179.7739,279.7739,208,106,,,
2026-03-09T03:45:10.629430109+00:00,R0308_205043,ENTRY,S3,btc,btc-updown-5m-1773027900,290,67096.61,0.52,0.49,0.03,54.3,30,49,48,0,0.51,0.48,0.03,30,54.3,48,49,0,0.521,0.511,5,5,,,,,,,,,,,,,,,,,,,WIDE_SPREAD_UP|WIDE_SPREAD_DN,,
2026-03-09T03:45:10.629554056+00:00,R0308_205043,ENTRY,S3,eth,eth-updown-5m-1773027900,290,1977.1,0.48,0.47,0.01,54,5,47,52,0,0.53,0.52,0.01,5,54,52,47,0,0.481,0.531,5,5,,,,,,,,,,,,,,,,,,,,,
2026-03-09T03:45:10.758819574+00:00,R0308_200647,ENTRY,S3,btc,btc-updown-5m-1773027900,290,67093.96,0.5,0.49,0.01,42.3,10,49,50,0,0.51,0.5,0.01,10,42.3,50,49,0,0.501,0.511,5,5,,,,,,,,,,,,,,,,,,,,,
2026-03-09T03:45:15.011864252+00:00,R0308_200647,ENTRY,S3,eth,eth-updown-5m-1773027900,285,1976.84,0.49,0.48,0.01,6.2,242,48,51,0,0.52,0.51,0.01,242,6.2,51,48,0,0.491,0.521,5,5,,,,,,,,,,,,,,,,,,,,,
2026-03-09T03:45:17.028666239+00:00,R0308_205043,ENTRY,S3,xrp,xrp-updown-5m-1773027900,283,1.35,0.48,0.47,0.01,8,36.8,47,52,0,0.53,0.52,0.01,36.8,8,52,47,0,0.481,0.531,5,5,,,,,,,,,,,,,,,,,,,,,
2026-03-09T03:45:17.081820925+00:00,R0308_200647,ENTRY,S3,xrp,xrp-updown-5m-1773027900,283,1.35,0.48,0.47,0.01,8,36.8,47,52,0,0.53,0.52,0.01,36.8,8,52,47,0,0.481,0.531,5,5,,,,,,,,,,,,,,,,,,,,,
2026-03-09T03:45:51.681681208+00:00,R0308_205043,ENTRY,S3,sol,sol-updown-5m-1773027900,249,83.11,0.48,0.47,0.01,9.8,17,47,52,0,0.53,0.52,0.01,17,9.8,52,47,0,0.481,0.531,5,5,,,,,,,,,,,,,,,,,,,,,
2026-03-09T03:46:12.356560783+00:00,R0308_200647,ENTRY,S3,sol,sol-updown-5m-1773027900,228,83.14,0.52,0.5,0.02,1.7,51,50,48,0,0.5,0.48,0.02,51,1.7,48,50,0,0.521,0.501,5,5,,,,,,,,,,,,,,,,,,,,,
2026-03-09T03:49:31.455006875+00:00,R0308_205043,DUMP,S3,eth,eth-updown-5m-1773027900,29,1976.7,,,,,,,,,,,,,7.9,,67,32,,,,,DN,0.5,0.67,REAL,4.7081,1977.04,1977.09,0.0024,,,,,,,,,,,,,MAKER_FILL
2026-03-09T03:49:31.455111833+00:00,R0308_205043,DUMP,S3,btc,btc-updown-5m-1773027900,29,67127.94,,,,,,,,,,,,,484.1,,17,82,,,,,DN,0.17,0.17,REAL,1.6634,67097.22,67126.83,0.0441,,,,,,,,,,,,,MAKER_FILL
2026-03-09T03:49:31.455156180+00:00,R0308_205043,DUMP,S3,sol,sol-updown-5m-1773027900,29,83.12,,,,,,,,,,,,,10,,32,66,,,,,UP,0.32,0.32,REAL,3.3264,83.13,83.12,-0.0097,,,,,,,,,,,,,MAKER_FILL
2026-03-09T03:49:31.989132291+00:00,R0308_200647,DUMP,S3,eth,eth-updown-5m-1773027900,29,1976.7,,,,,,,,,,,,,12,,31,68,,,,,UP,0.29,0.31,REAL,2.9532,1977.1,1976.69,-0.0203,,,,,,,,,,,,,MAKER_FILL
2026-03-09T03:49:31.989222497+00:00,R0308_200647,DUMP,S3,sol,sol-updown-5m-1773027900,29,83.12,,,,,,,,,,,,,10,,31,67,,,,,UP,0.32,0.32,REAL,3.071,83.13,83.12,-0.0162,,,,,,,,,,,,,MAKER_FILL
2026-03-09T03:49:33.022413846+00:00,R0308_200647,DUMP,S3,xrp,xrp-updown-5m-1773027900,27,1.35,,,,,,,,,,,,,21,,7,89,,,,,UP,0.069,0.07,REAL,0.7173,1.35,1.35,-0.0603,,,,,,,,,,,,,TAKER_FORCE
2026-03-09T03:49:33.022518044+00:00,R0308_200647,DUMP,S3,btc,btc-updown-5m-1773027900,27,67124.78,,,,,,,,,,,,,617.1,,18,81,,,,,DN,0.179,0.18,REAL,1.7515,67097.36,67124.18,0.04,,,,,,,,,,,,,TAKER_FORCE
2026-03-09T03:49:33.531257601+00:00,R0308_205043,DUMP,S3,xrp,xrp-updown-5m-1773027900,27,1.35,,,,,,,,,,,,,5,,7,91,,,,,UP,0.069,0.07,REAL,0.7173,1.35,1.35,-0.0597,,,,,,,,,,,,,TAKER_FORCE
2026-03-09T03:50:00.202556710+00:00,R0308_200647,SETTLE,S3,xrp,xrp-updown-5m-1773027900,0,1.35,,,0.01,,,,,,,,0.01,,,,,,,,,,,0.069,,,1.35,1.35,-0.0974,DOWN,CL,0,0.99,0.3087,0.0417,-0.217,180.6711,280.6711,209,108,,,
2026-03-09T03:50:00.202654317+00:00,R0308_200647,SETTLE,S3,eth,eth-updown-5m-1773027900,0,1976.63,,,0.01,,,,,,,,0.01,,,,,,,,,,,0.29,,,1977.1,1976.61,-0.0245,DOWN,CL,0.01,0.98,0.3088,0.131,2.1103,182.9984,282.9984,210,107,,,
2026-03-09T03:50:00.202698233+00:00,R0308_200647,SETTLE,S3,sol,sol-updown-5m-1773027900,0,83.11,,,0.02,,,,,,,,0.02,,,,,,,,,,,0.32,,,83.13,83.11,-0.0237,DOWN,CL,0.01,0.98,0.3056,0.1305,2.6149,183.503,283.503,210,107,,,
2026-03-09T03:50:00.202742910+00:00,R0308_200647,SETTLE,S3,btc,btc-updown-5m-1773027900,0,67135.9,,,0.01,,,,,,,,0.01,,,,,,,,,,,0.179,,,67097.36,67134.62,0.0555,UP,CL,0.99,0,0.3087,0.0899,1.3329,182.221,282.221,210,107,,,
2026-03-09T03:50:01.035793623+00:00,R0308_205043,SETTLE,S3,eth,eth-updown-5m-1773027900,0,1976.76,,,0.01,,,,,,,,0.01,,,,,,,,,,,0.5,,,1977.04,1976.61,-0.0215,DOWN,CL,0,0.99,0.3087,0.1624,4.1425,158.7509,258.7509,178,107,,,
2026-03-09T03:50:01.035892461+00:00,R0308_205043,SETTLE,S3,btc,btc-updown-5m-1773027900,0,67130,,,0.03,,,,,,,,0.03,,,,,,,,,,,0.17,,,67097.22,67134.65,0.0558,UP,CL,0.99,0,0.3025,0.0863,0.8715,155.48,255.48,178,107,,,
2026-03-09T03:50:01.035933173+00:00,R0308_205043,SETTLE,S3,xrp,xrp-updown-5m-1773027900,0,1.35,,,0.01,,,,,,,,0.01,,,,,,,,,,,0.069,,,1.35,1.35,-0.0994,DOWN,CL,0,0.99,0.3087,0.0417,-0.217,154.3914,254.3914,177,108,,,
2026-03-09T03:50:01.035962307+00:00,R0308_205043,SETTLE,S3,sol,sol-updown-5m-1773027900,0,83.1,,,0.01,,,,,,,,0.01,,,,,,,,,,,0.32,,,83.13,83.11,-0.0232,DOWN,CL,0.01,0.98,0.3087,0.1414,2.2925,156.9009,256.9009,178,107,,,
2026-03-09T03:50:10.346153514+00:00,R0308_205043,ENTRY,S3,sol,sol-updown-5m-1773028200,290,83.12,0.52,0.51,0.01,23.6,103.3,51,48,0,0.49,0.48,0.01,103.3,23.6,48,51,0,0.521,0.491,5,5,,,,,,,,,,,,,,,,,,,,,
2026-03-09T03:50:10.346280616+00:00,R0308_205043,ENTRY,S3,xrp,xrp-updown-5m-1773028200,290,1.35,0.48,0.47,0.01,11,68.8,47,52,0,0.53,0.52,0.01,68.8,11,52,47,0,0.481,0.531,5,5,,,,,,,,,,,,,,,,,,,,,
2026-03-09T03:50:10.638745300+00:00,R0308_200647,ENTRY,S3,sol,sol-updown-5m-1773028200,290,83.12,0.52,0.51,0.01,16.6,95.3,51,48,0,0.49,0.48,0.01,95.3,16.6,48,51,0,0.521,0.491,5,5,,,,,,,,,,,,,,,,,,,,,
2026-03-09T03:50:10.638882517+00:00,R0308_200647,ENTRY,S3,xrp,xrp-updown-5m-1773028200,290,1.35,0.48,0.47,0.01,10,61.1,47,52,0,0.53,0.52,0.01,61.1,10,52,47,0,0.481,0.531,5,5,,,,,,,,,,,,,,,,,,,,,
2026-03-09T03:50:14.726103855+00:00,R0308_205043,ENTRY,S3,btc,btc-updown-5m-1773028200,286,67131.13,0.5,0.49,0.01,24.4,968,49,50,0,0.51,0.5,0.01,968,24.4,50,49,0,0.501,0.511,5,5,,,,,,,,,,,,,,,,,,,,,
2026-03-09T03:50:14.764516067+00:00,R0308_200647,ENTRY,S3,btc,btc-updown-5m-1773028200,286,67131.13,0.5,0.49,0.01,24.4,956,49,50,0,0.51,0.5,0.01,956,24.4,50,49,0,0.501,0.511,5,5,,,,,,,,,,,,,,,,,,,,,
2026-03-09T03:50:17.979746243+00:00,R0308_200647,ENTRY,S3,eth,eth-updown-5m-1773028200,283,1976.87,0.52,0.51,0.01,43.4,58,51,48,0,0.49,0.48,0.01,58,43.4,48,51,0,0.521,0.491,5,5,,,,,,,,,,,,,,,,,,,,,
2026-03-09T03:50:20.927120149+00:00,R0308_205043,ENTRY,S3,eth,eth-updown-5m-1773028200,280,1976.35,0.48,0.47,0.01,22.3,51,47,52,0,0.53,0.52,0.01,51,22.3,52,47,0,0.481,0.531,5,5,,,,,,,,,,,,,,,,,,,,,
2026-03-09T03:54:33.230106593+00:00,R0308_200647,DUMP,S3,sol,sol-updown-5m-1773028200,27,82.96,,,,,,,,,,,,,4835.1,,1,98,,,,,UP,0.01,0.01,REAL,0.096,83.11,82.96,-0.1863,,,,,,,,,,,,,TAKER_FORCE
2026-03-09T03:54:33.230193072+00:00,R0308_200647,DUMP,S3,eth,eth-updown-5m-1773028200,27,1973.71,,,,,,,,,,,,,5,,2,97,,,,,UP,0.02,0.02,REAL,0.1919,1976.6,1973.21,-0.1712,,,,,,,,,,,,,MAKER_FILL
2026-03-09T03:54:33.230234986+00:00,R0308_200647,DUMP,S3,btc,btc-updown-5m-1773028200,27,67066.19,,,,,,,,,,,,,69.5,,3,96,,,,,UP,0.029,0.03,REAL,0.2894,67134.46,67064.33,-0.1045,,,,,,,,,,,,,TAKER_FORCE
2026-03-09T03:54:33.230278061+00:00,R0308_200647,DUMP,S3,xrp,xrp-updown-5m-1773028200,27,1.35,,,,,,,,,,,,,240.8,,2,97,,,,,UP,0.019,0.02,REAL,0.1975,1.35,1.35,-0.1148,,,,,,,,,,,,,TAKER_FORCE
2026-03-09T03:54:33.233451537+00:00,R0308_205043,DUMP,S3,sol,sol-updown-5m-1773028200,27,82.96,,,,,,,,,,,,,4835.1,,1,98,,,,,UP,0.01,0.01,REAL,0.096,83.11,82.96,-0.1867,,,,,,,,,,,,,TAKER_FORCE
2026-03-09T03:54:33.233526160+00:00,R0308_205043,DUMP,S3,xrp,xrp-updown-5m-1773028200,27,1.35,,,,,,,,,,,,,240.8,,2,97,,,,,UP,0.019,0.02,REAL,0.1975,1.35,1.35,-0.1145,,,,,,,,,,,,,TAKER_FORCE
2026-03-09T03:54:33.233568303+00:00,R0308_205043,DUMP,S3,btc,btc-updown-5m-1773028200,27,67066.19,,,,,,,,,,,,,69.5,,3,96,,,,,UP,0.029,0.03,REAL,0.2894,67134.62,67064.33,-0.1047,,,,,,,,,,,,,TAKER_FORCE
2026-03-09T03:54:33.233622976+00:00,R0308_205043,DUMP,S3,eth,eth-updown-5m-1773028200,27,1973.71,,,,,,,,,,,,,5,,2,97,,,,,UP,0.02,0.02,REAL,0.2079,1976.6,1973.21,-0.1712,,,,,,,,,,,,,MAKER_FILL
2026-03-09T03:55:00.482339380+00:00,R0308_200647,SETTLE,S3,sol,sol-updown-5m-1773028200,0,82.99,,,0.01,,,,,,,,0.01,,,,,,,,,,,0.01,,,83.11,82.98,-0.153,DOWN,CL,0,0.99,0.3088,0.0059,-0.0354,186.6937,286.6937,212,109,,,
2026-03-09T03:55:00.482443917+00:00,R0308_200647,SETTLE,S3,eth,eth-updown-5m-1773028200,0,1973.86,,,0.01,,,,,,,,0.01,,,,,,,,,,,0.02,,,1976.6,1973.63,-0.15,DOWN,CL,0,0.99,0.3088,0.0118,0.0547,186.7839,286.7839,213,108,,,
2026-03-09T03:55:00.482504879+00:00,R0308_200647,SETTLE,S3,btc,btc-updown-5m-1773028200,0,67079.04,,,0.01,,,,,,,,0.01,,,,,,,,,,,0.029,,,67134.46,67078.14,-0.0839,DOWN,CL,0,0.99,0.3087,0.0176,-0.2522,186.477,286.477,212,109,,,
2026-03-09T03:55:00.482564579+00:00,R0308_200647,SETTLE,S3,xrp,xrp-updown-5m-1773028200,0,1.35,,,0.01,,,,,,,,0.01,,,,,,,,,,,0.019,,,1.35,1.35,-0.0903,DOWN,CL,0,0.99,0.3087,0.0121,-0.7072,186.022,286.022,212,109,,,
2026-03-09T03:55:00.639937689+00:00,R0308_205043,SETTLE,S3,sol,sol-updown-5m-1773028200,0,83,,,0.01,,,,,,,,0.01,,,,,,,,,,,0.01,,,83.11,82.99,-0.1487,DOWN,CL,0,0.99,0.3088,0.0059,-0.0354,161.6625,261.6625,180,109,,,
2026-03-09T03:55:00.640056798+00:00,R0308_205043,SETTLE,S3,xrp,xrp-updown-5m-1773028200,0,1.35,,,0.01,,,,,,,,0.01,,,,,,,,,,,0.019,,,1.35,1.35,-0.0901,DOWN,CL,0,0.99,0.3087,0.0121,-0.7072,160.9908,260.9908,180,109,,,
2026-03-09T03:55:00.640117050+00:00,R0308_205043,SETTLE,S3,btc,btc-updown-5m-1773028200,0,67079.04,,,0.01,,,,,,,,0.01,,,,,,,,,,,0.029,,,67134.62,67078.14,-0.0841,DOWN,CL,0,0.99,0.3087,0.0176,-0.2522,161.4458,261.4458,180,109,,,
2026-03-09T03:55:00.640177210+00:00,R0308_205043,SETTLE,S3,eth,eth-updown-5m-1773028200,0,1973.86,,,0.01,,,,,,,,0.01,,,,,,,,,,,0.02,,,1976.6,1973.63,-0.15,DOWN,CL,0,0.99,0.3087,0.0127,-0.6974,161.0005,261.0005,180,109,,,
2026-03-09T03:55:10.123854399+00:00,R0308_205043,ENTRY,S3,btc,btc-updown-5m-1773028500,290,67079.04,0.5,0.49,0.01,609.1,2920.5,49,50,0,0.51,0.5,0.01,2920.5,609.1,50,49,0,0.501,0.511,5,5,,,,,,,,,,,,,,,,,,,,,
2026-03-09T03:55:10.124045296+00:00,R0308_205043,ENTRY,S3,sol,sol-updown-5m-1773028500,290,83,0.53,0.52,0.01,19,66.9,52,47,0,0.48,0.47,0.01,66.9,19,47,52,0,0.531,0.481,5,5,,,,,,,,,,,,,,,,,,,,,
2026-03-09T03:55:10.971259309+00:00,R0308_200647,ENTRY,S3,btc,btc-updown-5m-1773028500,290,67079.03,0.5,0.49,0.01,463.1,3078.5,49,50,0,0.51,0.5,0.01,3078.5,463.1,50,49,0,0.501,0.511,5,5,,,,,,,,,,,,,,,,,,,,,
2026-03-09T03:55:10.971446361+00:00,R0308_200647,ENTRY,S3,eth,eth-updown-5m-1773028500,290,1973.99,0.53,0.52,0.01,80,15,52,47,0,0.48,0.47,0.01,15,80,47,52,0,0.531,0.481,5,5,,,,,,,,,,,,,,,,,,,,,
2026-03-09T03:55:10.971495875+00:00,R0308_200647,ENTRY,S3,sol,sol-updown-5m-1773028500,290,83,0.52,0.51,0.01,45,47.6,51,48,0,0.49,0.48,0.01,47.6,45,48,51,0,0.521,0.491,5,5,,,,,,,,,,,,,,,,,,,,,
2026-03-09T03:55:11.154008721+00:00,R0308_205043,ENTRY,S3,eth,eth-updown-5m-1773028500,289,1973.99,0.53,0.52,0.01,80,15,52,47,0,0.48,0.47,0.01,15,80,47,52,0,0.531,0.481,5,5,,,,,,,,,,,,,,,,,,,,,
2026-03-09T03:55:16.161969759+00:00,R0308_200647,ENTRY,S3,xrp,xrp-updown-5m-1773028500,284,1.35,0.51,0.5,0.01,104.9,18,50,49,0,0.5,0.49,0.01,18,104.9,49,50,0,0.511,0.501,5,5,,,,,,,,,,,,,,,,,,,,,
2026-03-09T03:55:16.500343601+00:00,R0308_205043,ENTRY,S3,xrp,xrp-updown-5m-1773028500,284,1.35,0.51,0.5,0.01,97.9,10,50,49,0,0.5,0.49,0.01,10,97.9,49,50,0,0.511,0.501,5,5,,,,,,,,,,,,,,,,,,,,,
2026-03-09T03:59:33.757272319+00:00,R0308_200647,DUMP,S3,xrp,xrp-updown-5m-1773028500,27,1.35,,,,,,,,,,,,,5026.2,,1,98,,,,,DN,0.01,0.01,REAL,0.0998,1.35,1.35,0.1291,,,,,,,,,,,,,TAKER_FORCE
2026-03-09T03:59:33.757477189+00:00,R0308_200647,DUMP,S3,sol,sol-updown-5m-1773028500,27,83.17,,,,,,,,,,,,,4134.7,,1,98,,,,,DN,0.01,0.01,REAL,0.1018,82.99,83.15,0.1996,,,,,,,,,,,,,TAKER_FORCE
2026-03-09T03:59:33.757535106+00:00,R0308_200647,DUMP,S3,btc,btc-updown-5m-1773028500,27,67211.27,,,,,,,,,,,,,60,,1,114,,,,,DN,0.01,0.001,REAL,0.0978,67078.42,67197.01,0.1768,,,,,,,,,,,,,TAKER_FORCE
2026-03-09T03:59:33.757579683+00:00,R0308_200647,DUMP,S3,eth,eth-updown-5m-1773028500,27,1977.68,,,,,,,,,,,,,3889.5,,1,98,,,,,DN,0.01,0.01,REAL,0.104,1973.68,1977.3,0.1836,,,,,,,,,,,,,TAKER_FORCE
2026-03-09T03:59:33.897559186+00:00,R0308_205043,DUMP,S3,sol,sol-updown-5m-1773028500,27,83.17,,,,,,,,,,,,,4134.7,,1,98,,,,,DN,0.01,0.01,REAL,0.104,82.99,83.15,0.1996,,,,,,,,,,,,,TAKER_FORCE
2026-03-09T03:59:33.897661670+00:00,R0308_205043,DUMP,S3,xrp,xrp-updown-5m-1773028500,27,1.35,,,,,,,,,,,,,5021.2,,1,98,,,,,DN,0.01,0.01,REAL,0.0998,1.35,1.35,0.1291,,,,,,,,,,,,,TAKER_FORCE
2026-03-09T03:59:33.897706468+00:00,R0308_205043,DUMP,S3,btc,btc-updown-5m-1773028500,27,67211.27,,,,,,,,,,,,,60,,1,114,,,,,DN,0.01,0.001,REAL,0.0978,67078.42,67197.01,0.1768,,,,,,,,,,,,,TAKER_FORCE
2026-03-09T03:59:33.897768711+00:00,R0308_205043,DUMP,S3,eth,eth-updown-5m-1773028500,27,1977.68,,,,,,,,,,,,,3889.5,,1,98,,,,,DN,0.01,0.01,REAL,0.104,1973.68,1977.3,0.1836,,,,,,,,,,,,,TAKER_FORCE
2026-03-09T04:00:00.243101210+00:00,R0308_205043,SETTLE,S3,sol,sol-updown-5m-1773028500,0,83.16,,,0.01,,,,,,,,0.01,,,,,,,,,,,0.01,,,82.99,83.15,0.1989,UP,CL,0.99,0,0.3087,0.0064,-0.795,159.2108,259.2108,180,113,,,
2026-03-09T04:00:00.243824411+00:00,R0308_205043,SETTLE,S3,xrp,xrp-updown-5m-1773028500,0,1.35,,,0.01,,,,,,,,0.01,,,,,,,,,,,0.01,,,1.35,1.35,0.1173,UP,CL,0.99,0,0.3087,0.0062,-0.4304,159.5754,259.5754,180,113,,,
2026-03-09T04:00:00.243906104+00:00,R0308_205043,SETTLE,S3,btc,btc-updown-5m-1773028500,0,67205.05,,,0.01,,,,,,,,0.01,,,,,,,,,,,0.01,,,67078.42,67199.65,0.1807,UP,CL,0.999,0,0.3087,0.0061,-0.2369,159.7689,259.7689,180,113,,,
2026-03-09T04:00:00.243994428+00:00,R0308_205043,SETTLE,S3,eth,eth-updown-5m-1773028500,0,1977.48,,,0.01,,,,,,,,0.01,,,,,,,,,,,0.01,,,1973.68,1977.37,0.187,UP,CL,0.99,0,0.3087,0.0064,-0.795,159.2108,259.2108,180,113,,,
2026-03-09T04:00:00.893932828+00:00,R0308_200647,SETTLE,S3,xrp,xrp-updown-5m-1773028500,0,1.35,,,0.01,,,,,,,,0.01,,,,,,,,,,,0.01,,,1.35,1.35,0.1173,UP,CL,0.99,0,0.3087,0.0062,-0.4304,185.3588,285.3588,213,112,,,
2026-03-09T04:00:00.894078277+00:00,R0308_200647,SETTLE,S3,sol,sol-updown-5m-1773028500,0,83.16,,,0.01,,,,,,,,0.01,,,,,,,,,,,0.01,,,82.99,83.15,0.1989,UP,CL,0.99,0,0.3088,0.0063,-0.6163,185.1729,285.1729,213,112,,,
2026-03-09T04:00:00.894176164+00:00,R0308_200647,SETTLE,S3,btc,btc-updown-5m-1773028500,0,67205.06,,,0.01,,,,,,,,0.01,,,,,,,,,,,0.01,,,67078.42,67199.65,0.1807,UP,CL,0.999,0,0.3087,0.0061,-0.2369,185.5522,285.5522,213,112,,,
2026-03-09T04:00:00.894219821+00:00,R0308_200647,SETTLE,S3,eth,eth-updown-5m-1773028500,0,1977.48,,,0.01,,,,,,,,0.01,,,,,,,,,,,0.01,,,1973.68,1977.37,0.187,UP,CL,0.99,0,0.3087,0.0064,-0.795,184.9941,284.9941,213,112,,,
2026-03-09T04:00:10.350350302+00:00,R0308_200647,ENTRY,S3,btc,btc-updown-5m-1773028800,290,67243.27,0.5,0.49,0.01,316.9,10.1,49,50,0,0.51,0.5,0.01,10.1,316.9,50,49,0,0.501,0.511,5,5,,,,,,,,,,,,,,,,,,,,,
2026-03-09T04:00:10.784201745+00:00,R0308_205043,ENTRY,S3,btc,btc-updown-5m-1773028800,290,67243.27,0.5,0.49,0.01,391.2,4.5,49,50,0,0.51,0.5,0.01,4.5,391.2,50,49,0,0.501,0.511,5,5,,,,,,,,,,,,,,,,,,,,,
2026-03-09T04:00:40.754250403+00:00,R0308_200647,ENTRY,S3,eth,eth-updown-5m-1773028800,260,1977.58,0.51,0.5,0.01,94,5,50,49,0,0.5,0.49,0.01,5,94,49,50,0,0.511,0.501,5,5,,,,,,,,,,,,,,,,,,,,,
2026-03-09T04:00:41.137713261+00:00,R0308_205043,ENTRY,S3,eth,eth-updown-5m-1773028800,259,1977.58,0.51,0.5,0.01,22,64,50,49,0,0.5,0.49,0.01,64,22,49,50,0,0.511,0.501,5,5,,,,,,,,,,,,,,,,,,,,,
2026-03-09T04:00:53.979975635+00:00,R0308_205043,ENTRY,S3,xrp,xrp-updown-5m-1773028800,247,1.35,0.53,0.49,0.04,8,81,49,47,0,0.51,0.47,0.04,81,8,47,49,0,0.531,0.511,5,5,,,,,,,,,,,,,,,,,,,WIDE_SPREAD_UP|WIDE_SPREAD_DN,,
2026-03-09T04:00:54.343325599+00:00,R0308_200647,ENTRY,S3,xrp,xrp-updown-5m-1773028800,246,1.35,0.52,0.5,0.02,33,21,50,48,0,0.5,0.48,0.02,21,33,48,50,0,0.521,0.501,5,5,,,,,,,,,,,,,,,,,,,,,
2026-03-09T04:01:12.195993379+00:00,R0308_200647,ENTRY,S3,sol,sol-updown-5m-1773028800,228,83.17,0.52,0.51,0.01,34.7,39.9,51,47,0,0.49,0.48,0.01,39.9,34.7,47,51,0,0.521,0.491,5,5,,,,,,,,,,,,,,,,,,,,,
2026-03-09T04:01:12.704036357+00:00,R0308_205043,ENTRY,S3,sol,sol-updown-5m-1773028800,228,83.16,0.51,0.5,0.01,5,34.6,50,49,0,0.5,0.49,0.01,34.6,5,49,50,0,0.511,0.501,5,5,,,,,,,,,,,,,,,,,,,,,
2026-03-09T04:04:31.337416785+00:00,R0308_205043,DUMP,S3,eth,eth-updown-5m-1773028800,29,1979.25,,,,,,,,,,,,,414.9,,11,88,,,,,DN,0.11,0.11,REAL,1.0978,1977.37,1979,0.0827,,,,,,,,,,,,,MAKER_FILL
2026-03-09T04:04:32.285768282+00:00,R0308_200647,DUMP,S3,eth,eth-updown-5m-1773028800,28,1979.07,,,,,,,,,,,,,9.4,,12,86,,,,,DN,0.12,0.12,REAL,1.1976,1977.37,1978.98,0.0816,,,,,,,,,,,,,MAKER_FILL
2026-03-09T04:04:32.285877366+00:00,R0308_200647,DUMP,S3,btc,btc-updown-5m-1773028800,28,67229.11,,,,,,,,,,,,,440,,22,77,,,,,DN,0.22,0.22,REAL,2.1526,67199.44,67223.91,0.0364,,,,,,,,,,,,,MAKER_FILL
2026-03-09T04:04:32.367589112+00:00,R0308_205043,DUMP,S3,btc,btc-updown-5m-1773028800,28,67229.11,,,,,,,,,,,,,409.8,,22,77,,,,,DN,0.22,0.22,REAL,2.1526,67199.44,67223.91,0.0364,,,,,,,,,,,,,MAKER_FILL
2026-03-09T04:04:33.320332282+00:00,R0308_200647,DUMP,S3,sol,sol-updown-5m-1773028800,27,83.27,,,,,,,,,,,,,457.8,,2,97,,,,,DN,0.019,0.02,REAL,0.1935,83.15,83.26,0.1308,,,,,,,,,,,,,TAKER_FORCE
2026-03-09T04:04:33.320446004+00:00,R0308_200647,DUMP,S3,xrp,xrp-updown-5m-1773028800,27,1.35,,,,,,,,,,,,,62.5,,4,94,,,,,DN,0.039,0.04,REAL,0.3892,1.35,1.35,0.0725,,,,,,,,,,,,,TAKER_FORCE
2026-03-09T04:04:33.593170471+00:00,R0308_205043,DUMP,S3,sol,sol-updown-5m-1773028800,27,83.27,,,,,,,,,,,,,457.8,,2,97,,,,,DN,0.019,0.02,REAL,0.1896,83.15,83.26,0.1308,,,,,,,,,,,,,TAKER_FORCE
2026-03-09T04:04:33.593267869+00:00,R0308_205043,DUMP,S3,xrp,xrp-updown-5m-1773028800,27,1.35,,,,,,,,,,,,,62.5,,4,94,,,,,DN,0.039,0.04,REAL,0.3816,1.35,1.35,0.0725,,,,,,,,,,,,,TAKER_FORCE
2026-03-09T04:05:00.549789589+00:00,R0308_200647,SETTLE,S3,eth,eth-updown-5m-1773028800,0,1979.44,,,0.01,,,,,,,,0.01,,,,,,,,,,,0.12,,,1977.37,1978.89,0.0771,UP,CL,0.99,0,0.3087,0.0659,0.6077,184.3182,284.3182,214,115,,,
2026-03-09T04:05:00.549895088+00:00,R0308_200647,SETTLE,S3,sol,sol-updown-5m-1773028800,0,83.26,,,0.01,,,,,,,,0.01,,,,,,,,,,,0.019,,,83.15,83.25,0.116,UP,CL,0.99,0,0.3088,0.0119,-0.5302,183.1803,283.1803,213,116,,,
2026-03-09T04:05:00.549934257+00:00,R0308_200647,SETTLE,S3,btc,btc-updown-5m-1773028800,0,67221.04,,,0.01,,,,,,,,0.01,,,,,,,,,,,0.22,,,67199.44,67215.15,0.0234,UP,CL,0.99,0,0.3087,0.1049,1.719,185.4295,285.4295,214,115,,,
2026-03-09T04:05:00.549973927+00:00,R0308_200647,SETTLE,S3,xrp,xrp-updown-5m-1773028800,0,1.35,,,0.02,,,,,,,,0.02,,,,,,,,,,,0.039,,,1.35,1.35,0.0734,UP,CL,0.99,0,0.3056,0.0234,-0.3429,183.3677,283.3677,213,116,,,
2026-03-09T04:05:00.813152577+00:00,R0308_205043,SETTLE,S3,btc,btc-updown-5m-1773028800,0,67221.04,,,0.01,,,,,,,,0.01,,,,,,,,,,,0.22,,,67199.44,67215.15,0.0234,UP,CL,0.99,0,0.3087,0.1049,1.719,159.4674,259.4674,181,116,,,
2026-03-09T04:05:00.813255111+00:00,R0308_205043,SETTLE,S3,sol,sol-updown-5m-1773028800,0,83.26,,,0.01,,,,,,,,0.01,,,,,,,,,,,0.019,,,83.15,83.25,0.1174,UP,CL,0.99,0,0.3087,0.0116,-0.346,157.4024,257.4024,180,117,,,
2026-03-09T04:05:00.813286438+00:00,R0308_205043,SETTLE,S3,eth,eth-updown-5m-1773028800,0,1979.44,,,0.01,,,,,,,,0.01,,,,,,,,,,,0.11,,,1977.37,1978.9,0.0774,UP,CL,0.99,0,0.3087,0.0611,0.5127,158.2612,258.2612,181,116,,,
2026-03-09T04:05:00.813324236+00:00,R0308_205043,SETTLE,S3,xrp,xrp-updown-5m-1773028800,0,1.35,,,0.04,,,,,,,,0.04,,,,,,,,,,,0.039,,,1.35,1.35,0.0743,UP,CL,0.99,0,0.2994,0.0229,-0.5245,157.2239,257.2239,180,117,,,
2026-03-09T04:05:10.339232552+00:00,R0308_205043,ENTRY,S3,eth,eth-updown-5m-1773029100,290,1979.47,0.53,0.52,0.01,57.8,39,52,47,0,0.48,0.47,0.01,39,57.8,47,52,0,0.531,0.481,5,5,,,,,,,,,,,,,,,,,,,,,
2026-03-09T04:05:10.339392733+00:00,R0308_205043,ENTRY,S3,xrp,xrp-updown-5m-1773029100,290,1.35,0.5,0.49,0.01,17,48,49,50,0,0.51,0.5,0.01,48,17,50,49,0,0.501,0.511,5,5,,,,,,,,,,,,,,,,,,,,,
2026-03-09T04:05:11.035175174+00:00,R0308_200647,ENTRY,S3,eth,eth-updown-5m-1773029100,289,1979.46,0.53,0.52,0.01,71,11,52,47,0,0.48,0.47,0.01,11,71,47,52,0,0.531,0.481,5,5,,,,,,,,,,,,,,,,,,,,,
2026-03-09T04:05:11.035315286+00:00,R0308_200647,ENTRY,S3,xrp,xrp-updown-5m-1773029100,289,1.35,0.5,0.49,0.01,25,53,49,50,0,0.51,0.5,0.01,53,25,50,49,0,0.501,0.511,5,5,,,,,,,,,,,,,,,,,,,,,
2026-03-09T04:05:12.071163003+00:00,R0308_200647,ENTRY,S3,sol,sol-updown-5m-1773029100,288,83.23,0.5,0.47,0.03,10,63.5,47,50,0,0.53,0.5,0.03,63.5,10,50,47,0,0.501,0.531,5,5,,,,,,,,,,,,,,,,,,,WIDE_SPREAD_UP|WIDE_SPREAD_DN,,
2026-03-09T04:05:12.408070898+00:00,R0308_205043,ENTRY,S3,sol,sol-updown-5m-1773029100,288,83.23,0.49,0.47,0.02,20,10,47,51,0,0.53,0.51,0.02,10,20,51,47,0,0.491,0.531,5,5,,,,,,,,,,,,,,,,,,,,,
2026-03-09T04:05:14.479971282+00:00,R0308_205043,ENTRY,S3,btc,btc-updown-5m-1773029100,286,67221.04,0.5,0.49,0.01,30,268.3,48,50,0,0.51,0.5,0.01,268.3,30,50,48,0,0.501,0.511,5,5,,,,,,,,,,,,,,,,,,,,,
2026-03-09T04:05:15.177489802+00:00,R0308_200647,ENTRY,S3,btc,btc-updown-5m-1773029100,285,67221.04,0.5,0.49,0.01,30,136.3,48,50,0,0.51,0.5,0.01,136.3,30,50,48,0,0.501,0.511,5,5,,,,,,,,,,,,,,,,,,,,,
2026-03-09T04:09:31.414629497+00:00,R0308_205043,DUMP,S3,xrp,xrp-updown-5m-1773029100,29,1.35,,,,,,,,,,,,,4.5,,56,42,,,,,DN,0.44,0.56,REAL,4.3053,1.35,1.35,0.0179,,,,,,,,,,,,,MAKER_FILL
2026-03-09T04:09:31.967504689+00:00,R0308_200647,DUMP,S3,xrp,xrp-updown-5m-1773029100,29,1.35,,,,,,,,,,,,,6.8,,47,40,,,,,DN,0.5,0.5,REAL,4.8924,1.35,1.35,0.0179,,,,,,,,,,,,,MAKER_FILL
2026-03-09T04:09:32.446389178+00:00,R0308_205043,DUMP,S3,sol,sol-updown-5m-1773029100,28,83.17,,,,,,,,,,,,,37.5,,8,91,,,,,UP,0.07,0.08,REAL,0.7128,83.25,83.17,-0.0934,,,,,,,,,,,,,MAKER_FILL
2026-03-09T04:09:32.446518112+00:00,R0308_205043,DUMP,S3,btc,btc-updown-5m-1773029100,28,67213,,,,,,,,,,,,,6.5,,21,72,,,,,UP,0.2,0.22,REAL,1.996,67216.84,67207.29,-0.0142,,,,,,,,,,,,,MAKER_FILL
2026-03-09T04:09:33.005960519+00:00,R0308_200647,DUMP,S3,btc,btc-updown-5m-1773029100,27,67212.85,,,,,,,,,,,,,40,,27,66,,,,,UP,0.2,0.29,REAL,1.996,67216.84,67207.29,-0.0142,,,,,,,,,,,,,MAKER_FILL
2026-03-09T04:09:33.006024136+00:00,R0308_200647,DUMP,S3,eth,eth-updown-5m-1773029100,27,1979.65,,,,,,,,,,,,,510.1,,29,70,,,,,DN,0.289,0.29,REAL,3.0042,1978.91,1979.33,0.0209,,,,,,,,,,,,,TAKER_FORCE
2026-03-09T04:09:33.006043976+00:00,R0308_200647,DUMP,S3,sol,sol-updown-5m-1773029100,27,83.17,,,,,,,,,,,,,160,,6,93,,,,,UP,0.059,0.06,REAL,0.5888,83.25,83.17,-0.0934,,,,,,,,,,,,,TAKER_FORCE
2026-03-09T04:09:33.483014882+00:00,R0308_205043,DUMP,S3,eth,eth-updown-5m-1773029100,27,1979.65,,,,,,,,,,,,,87.9,,31,68,,,,,DN,0.3,0.31,REAL,3.1185,1978.91,1979.26,0.0177,,,,,,,,,,,,,MAKER_FILL
2026-03-09T04:10:00.326520030+00:00,R0308_200647,SETTLE,S3,btc,btc-updown-5m-1773029100,0,67203.36,,,0.01,,,,,,,,0.01,,,,,,,,,,,0.2,,,67216.84,67202.41,-0.0215,DOWN,CL,0,0.99,0.3087,0.0998,1.3722,186.5364,286.5364,216,117,,,
2026-03-09T04:10:00.326593320+00:00,R0308_200647,SETTLE,S3,xrp,xrp-updown-5m-1773029100,0,1.35,,,0.01,,,,,,,,0.01,,,,,,,,,,,0.5,,,1.35,1.35,-0.0076,DOWN,CL,0.01,0.9,0.3087,0.1559,4.3101,189.4742,289.4742,216,117,,,
2026-03-09T04:10:00.326638419+00:00,R0308_200647,SETTLE,S3,eth,eth-updown-5m-1773029100,0,1979.3,,,0.01,,,,,,,,0.01,,,,,,,,,,,0.289,,,1978.91,1979.27,0.0178,UP,CL,0.95,0.01,0.3087,0.1335,1.9781,187.1423,287.1423,216,117,,,
2026-03-09T04:10:00.326675895+00:00,R0308_200647,SETTLE,S3,sol,sol-updown-5m-1773029100,0,83.17,,,0.03,,,,,,,,0.03,,,,,,,,,,,0.059,,,83.25,83.17,-0.0902,DOWN,CL,0,0.99,0.3025,0.0346,-0.3321,184.8321,284.8321,215,118,,,
2026-03-09T04:10:00.988205727+00:00,R0308_205043,SETTLE,S3,xrp,xrp-updown-5m-1773029100,0,1.35,,,0.01,,,,,,,,0.01,,,,,,,,,,,0.44,,,1.35,1.35,-0.0076,DOWN,CL,0.01,0.9,0.3087,0.1537,3.7135,162.8231,262.8231,183,118,,,
2026-03-09T04:10:00.988303795+00:00,R0308_205043,SETTLE,S3,sol,sol-updown-5m-1773029100,0,83.17,,,0.02,,,,,,,,0.02,,,,,,,,,,,0.07,,,83.25,83.17,-0.0902,DOWN,CL,0,0.99,0.3056,0.0414,-0.218,158.8916,258.8916,182,119,,,
2026-03-09T04:10:00.988348793+00:00,R0308_205043,SETTLE,S3,btc,btc-updown-5m-1773029100,0,67203.36,,,0.01,,,,,,,,0.01,,,,,,,,,,,0.2,,,67216.84,67202.41,-0.0215,DOWN,CL,0,0.99,0.3087,0.0998,1.3722,160.4818,260.4818,183,118,,,
2026-03-09T04:10:00.988386059+00:00,R0308_205043,SETTLE,S3,eth,eth-updown-5m-1773029100,0,1979.31,,,0.01,,,,,,,,0.01,,,,,,,,,,,0.3,,,1978.91,1979.27,0.0178,UP,CL,0.95,0.01,0.3087,0.1364,2.0895,161.1991,261.1991,183,118,,,
2026-03-09T04:10:10.540852051+00:00,R0308_205043,ENTRY,S3,xrp,xrp-updown-5m-1773029400,290,1.35,0.49,0.48,0.01,72.8,78,48,51,0,0.52,0.51,0.01,78,72.8,51,48,0,0.491,0.521,5,5,,,,,,,,,,,,,,,,,,,,,
2026-03-09T04:10:10.825386748+00:00,R0308_200647,ENTRY,S3,sol,sol-updown-5m-1773029400,290,83.16,0.48,0.47,0.01,10,35,47,51,0,0.53,0.52,0.01,35,10,51,47,0,0.481,0.531,5,5,,,,,,,,,,,,,,,,,,,,,
2026-03-09T04:10:10.825510014+00:00,R0308_200647,ENTRY,S3,xrp,xrp-updown-5m-1773029400,290,1.35,0.49,0.48,0.01,96.8,70,48,51,0,0.52,0.51,0.01,70,96.8,51,48,0,0.491,0.521,5,5,,,,,,,,,,,,,,,,,,,,,
2026-03-09T04:10:17.788450762+00:00,R0308_205043,ENTRY,S3,eth,eth-updown-5m-1773029400,283,1979.24,0.48,0.47,0.01,576.3,14,47,52,0,0.53,0.52,0.01,14,576.3,52,47,0,0.481,0.531,5,5,,,,,,,,,,,,,,,,,,,,,
2026-03-09T04:10:18.066079754+00:00,R0308_200647,ENTRY,S3,eth,eth-updown-5m-1773029400,282,1979.24,0.48,0.47,0.01,507.1,14,47,52,0,0.53,0.52,0.01,14,507.1,52,47,0,0.481,0.531,5,5,,,,,,,,,,,,,,,,,,,,,
2026-03-09T04:10:18.825927988+00:00,R0308_205043,ENTRY,S3,btc,btc-updown-5m-1773029400,282,67208.16,0.49,0.48,0.01,170,15,48,51,0,0.52,0.51,0.01,15,170,51,48,0,0.491,0.521,5,5,,,,,,,,,,,,,,,,,,,,,
2026-03-09T04:10:18.826052266+00:00,R0308_205043,ENTRY,S3,sol,sol-updown-5m-1773029400,282,83.16,0.49,0.48,0.01,60.4,5.3,48,51,0,0.52,0.51,0.01,5.3,60.4,51,48,0,0.491,0.521,5,5,,,,,,,,,,,,,,,,,,,,,
2026-03-09T04:10:19.102908040+00:00,R0308_200647,ENTRY,S3,btc,btc-updown-5m-1773029400,281,67208.17,0.5,0.49,0.01,54,461,49,50,0,0.51,0.5,0.01,461,54,50,49,0,0.501,0.511,5,5,,,,,,,,,,,,,,,,,,,,,
2026-03-09T04:14:32.544226660+00:00,R0308_200647,DUMP,S3,btc,btc-updown-5m-1773029400,28,67196.95,,,,,,,,,,,,,5,,17,81,,,,,UP,0.17,0.17,REAL,1.6966,67200.39,67191.99,-0.0125,,,,,,,,,,,,,MAKER_FILL
2026-03-09T04:14:33.519509984+00:00,R0308_205043,DUMP,S3,xrp,xrp-updown-5m-1773029400,27,1.35,,,,,,,,,,,,,8,,17,81,,,,,DN,0.169,0.17,REAL,1.6219,1.35,1.35,0.0432,,,,,,,,,,,,,TAKER_FORCE
2026-03-09T04:14:33.519612779+00:00,R0308_205043,DUMP,S3,eth,eth-updown-5m-1773029400,27,1975.42,,,,,,,,,,,,,3465.9,,1,98,,,,,UP,0.01,0.01,REAL,0.104,1979.26,1975.19,-0.2054,,,,,,,,,,,,,TAKER_FORCE
2026-03-09T04:14:33.519687091+00:00,R0308_205043,DUMP,S3,sol,sol-updown-5m-1773029400,27,83.19,,,,,,,,,,,,,28,,29,69,,,,,DN,0.289,0.29,REAL,2.7735,83.17,83.19,0.0254,,,,,,,,,,,,,TAKER_FORCE
2026-03-09T04:14:33.519774853+00:00,R0308_205043,DUMP,S3,btc,btc-updown-5m-1773029400,27,67196.95,,,,,,,,,,,,,37.2,,16,83,,,,,UP,0.159,0.16,REAL,1.6191,67200.39,67194.15,-0.0093,,,,,,,,,,,,,TAKER_FORCE
2026-03-09T04:14:33.576358278+00:00,R0308_200647,DUMP,S3,eth,eth-updown-5m-1773029400,27,1975.42,,,,,,,,,,,,,3465.9,,1,98,,,,,UP,0.01,0.01,REAL,0.104,1979.26,1975.19,-0.2053,,,,,,,,,,,,,TAKER_FORCE
2026-03-09T04:14:33.576440522+00:00,R0308_200647,DUMP,S3,xrp,xrp-updown-5m-1773029400,27,1.35,,,,,,,,,,,,,15,,17,81,,,,,DN,0.169,0.17,REAL,1.6219,1.35,1.35,0.0432,,,,,,,,,,,,,TAKER_FORCE
2026-03-09T04:14:33.576482265+00:00,R0308_200647,DUMP,S3,sol,sol-updown-5m-1773029400,27,83.19,,,,,,,,,,,,,28,,29,69,,,,,DN,0.289,0.29,REAL,2.7213,83.17,83.19,0.0254,,,,,,,,,,,,,TAKER_FORCE
2026-03-09T04:15:00.686778890+00:00,R0308_200647,SETTLE,S3,eth,eth-updown-5m-1773029400,0,1975.07,,,0.01,,,,,,,,0.01,,,,,,,,,,,0.01,,,1979.26,1975.13,-0.2084,DOWN,CL,0,0.99,0.3087,0.0064,-0.795,191.6974,291.6974,218,119,,,
2026-03-09T04:15:00.686883977+00:00,R0308_200647,SETTLE,S3,btc,btc-updown-5m-1773029400,0,67170.23,,,0.01,,,,,,,,0.01,,,,,,,,,,,0.17,,,67200.39,67175.26,-0.0374,DOWN,CL,0,0.99,0.3087,0.088,1.0846,193.577,293.577,219,118,,,
2026-03-09T04:15:00.686945461+00:00,R0308_200647,SETTLE,S3,xrp,xrp-updown-5m-1773029400,0,1.35,,,0.01,,,,,,,,0.01,,,,,,,,,,,0.169,,,1.35,1.35,0.0163,UP,CL,0.97,0.01,0.3088,0.0842,1.4122,193.9046,293.9046,219,118,,,
2026-03-09T04:15:00.687009858+00:00,R0308_200647,SETTLE,S3,sol,sol-updown-5m-1773029400,0,83.15,,,0.01,,,,,,,,0.01,,,,,,,,,,,0.289,,,83.17,83.16,-0.0175,DOWN,CL,0.01,0.98,0.3087,0.1335,1.9781,194.4705,294.4705,219,118,,,
2026-03-09T04:15:00.742858277+00:00,R0308_205043,SETTLE,S3,xrp,xrp-updown-5m-1773029400,0,1.35,,,0.01,,,,,,,,0.01,,,,,,,,,,,0.169,,,1.35,1.35,0.0163,UP,CL,0.97,0.01,0.3088,0.0842,1.4122,167.479,267.479,186,119,,,
2026-03-09T04:15:00.742980962+00:00,R0308_205043,SETTLE,S3,eth,eth-updown-5m-1773029400,0,1975.01,,,0.01,,,,,,,,0.01,,,,,,,,,,,0.01,,,1979.26,1975.13,-0.2086,DOWN,CL,0,0.99,0.3087,0.0064,-0.795,165.2718,265.2718,185,120,,,
2026-03-09T04:15:00.743041884+00:00,R0308_205043,SETTLE,S3,sol,sol-updown-5m-1773029400,0,83.15,,,0.01,,,,,,,,0.01,,,,,,,,,,,0.289,,,83.17,83.16,-0.0175,DOWN,CL,0.01,0.98,0.3088,0.1308,2.1004,168.1672,268.1672,186,119,,,
2026-03-09T04:15:00.743103306+00:00,R0308_205043,SETTLE,S3,btc,btc-updown-5m-1773029400,0,67170.23,,,0.01,,,,,,,,0.01,,,,,,,,,,,0.159,,,67200.39,67175.26,-0.0374,DOWN,CL,0,0.99,0.3088,0.0851,0.8222,166.889,266.889,186,119,,,
2026-03-09T04:15:10.136522521+00:00,R0308_200647,ENTRY,S3,sol,sol-updown-5m-1773029700,290,83.15,0.5,0.49,0.01,21,31,49,50,0,0.51,0.5,0.01,31,21,50,49,0,0.501,0.511,5,5,,,,,,,,,,,,,,,,,,,,,
2026-03-09T04:15:10.222979653+00:00,R0308_205043,ENTRY,S3,sol,sol-updown-5m-1773029700,290,83.15,0.5,0.49,0.01,21,27,49,50,0,0.51,0.5,0.01,27,21,50,49,0,0.501,0.511,5,5,,,,,,,,,,,,,,,,,,,,,
2026-03-09T04:15:41.528699037+00:00,R0308_200647,ENTRY,S3,xrp,xrp-updown-5m-1773029700,259,1.35,0.48,0.47,0.01,20,73,47,52,0,0.53,0.52,0.01,73,20,52,47,0,0.481,0.531,5,5,,,,,,,,,,,,,,,,,,,,,
2026-03-09T04:15:41.717684330+00:00,R0308_205043,ENTRY,S3,xrp,xrp-updown-5m-1773029700,259,1.35,0.48,0.47,0.01,20,52,47,52,0,0.53,0.52,0.01,52,20,52,47,0,0.481,0.531,5,5,,,,,,,,,,,,,,,,,,,,,
2026-03-09T04:15:44.626214091+00:00,R0308_200647,ENTRY,S3,eth,eth-updown-5m-1773029700,256,1975.42,0.51,0.5,0.01,26,105.4,50,49,0,0.5,0.49,0.01,105.4,26,49,50,0,0.511,0.501,5,5,,,,,,,,,,,,,,,,,,,,,
2026-03-09T04:15:44.821826537+00:00,R0308_205043,ENTRY,S3,eth,eth-updown-5m-1773029700,256,1975.42,0.5,0.49,0.01,99,16,49,50,0,0.51,0.5,0.01,16,99,50,49,0,0.501,0.511,5,5,,,,,,,,,,,,,,,,,,,,,
2026-03-09T04:16:00.627657298+00:00,R0308_205043,ENTRY,S3,btc,btc-updown-5m-1773029700,240,67190.23,0.53,0.52,0.01,129.1,175.5,52,47,0,0.48,0.47,0.01,175.5,129.1,47,52,0,0.531,0.481,5,5,,,,,,,,,,,,,,,,,,,,,
2026-03-09T04:16:01.399786989+00:00,R0308_200647,ENTRY,S3,btc,btc-updown-5m-1773029700,239,67190.23,0.51,0.5,0.01,76.1,54,50,49,0,0.5,0.49,0.01,54,76.1,49,50,0,0.511,0.501,5,5,,,,,,,,,,,,,,,,,,,,,
2026-03-09T04:19:31.470904709+00:00,R0308_205043,DUMP,S3,sol,sol-updown-5m-1773029700,29,83.18,,,,,,,,,,,,,7,,32,64,,,,,DN,0.32,0.34,REAL,3.1311,83.16,83.18,0.0181,,,,,,,,,,,,,MAKER_FILL
2026-03-09T04:19:32.903013256+00:00,R0308_200647,DUMP,S3,eth,eth-updown-5m-1773029700,28,1975.06,,,,,,,,,,,,,68,,38,61,,,,,UP,0.37,0.38,REAL,3.6204,1975.16,1974.93,-0.0118,,,,,,,,,,,,,MAKER_FILL
2026-03-09T04:19:33.538492328+00:00,R0308_205043,DUMP,S3,eth,eth-updown-5m-1773029700,27,1975.06,,,,,,,,,,,,,110,,40,59,,,,,UP,0.37,0.4,REAL,3.6926,1975.16,1974.91,-0.0127,,,,,,,,,,,,,MAKER_FILL
2026-03-09T04:19:33.538595104+00:00,R0308_205043,DUMP,S3,btc,btc-updown-5m-1773029700,27,67214.19,,,,,,,,,,,,,1012,,5,94,,,,,DN,0.049,0.05,REAL,0.5094,67175.8,67214.07,0.057,,,,,,,,,,,,,TAKER_FORCE
2026-03-09T04:19:33.538640141+00:00,R0308_205043,DUMP,S3,xrp,xrp-updown-5m-1773029700,27,1.35,,,,,,,,,,,,,8,,28,69,,,,,UP,0.279,0.28,REAL,2.9002,1.35,1.35,-0.0215,,,,,,,,,,,,,TAKER_FORCE
2026-03-09T04:19:33.937099353+00:00,R0308_200647,DUMP,S3,xrp,xrp-updown-5m-1773029700,27,1.35,,,,,,,,,,,,,8,,27,70,,,,,UP,0.269,0.27,REAL,2.7963,1.35,1.35,-0.0215,,,,,,,,,,,,,TAKER_FORCE
2026-03-09T04:19:33.937215598+00:00,R0308_200647,DUMP,S3,btc,btc-updown-5m-1773029700,27,67214.19,,,,,,,,,,,,,551.1,,5,94,,,,,DN,0.049,0.05,REAL,0.489,67175.8,67214.07,0.057,,,,,,,,,,,,,TAKER_FORCE
2026-03-09T04:19:33.937278674+00:00,R0308_200647,DUMP,S3,sol,sol-updown-5m-1773029700,27,83.18,,,,,,,,,,,,,28.3,,26,68,,,,,DN,0.259,0.26,REAL,2.5342,83.16,83.17,0.0159,,,,,,,,,,,,,TAKER_FORCE
2026-03-09T04:20:00.227512245+00:00,R0308_200647,SETTLE,S3,xrp,xrp-updown-5m-1773029700,0,1.35,,,0.01,,,,,,,,0.01,,,,,,,,,,,0.269,,,1.35,1.35,0.0328,UP,CL,0.99,0,0.3087,0.1157,2.5035,198.6758,298.6758,222,119,,,
2026-03-09T04:20:00.227673198+00:00,R0308_200647,SETTLE,S3,eth,eth-updown-5m-1773029700,0,1976.31,,,0.01,,,,,,,,0.01,,,,,,,,,,,0.37,,,1975.16,1976.11,0.0481,UP,CL,0.99,0,0.3087,0.1454,3.0232,199.1955,299.1955,222,119,,,
2026-03-09T04:20:00.227797114+00:00,R0308_200647,SETTLE,S3,btc,btc-updown-5m-1773029700,0,67254.37,,,0.01,,,,,,,,0.01,,,,,,,,,,,0.049,,,67175.8,67249.25,0.1093,UP,CL,0.99,0,0.3087,0.0291,-0.0641,196.1082,296.1082,221,120,,,
2026-03-09T04:20:00.227897635+00:00,R0308_200647,SETTLE,S3,sol,sol-updown-5m-1773029700,0,83.24,,,0.01,,,,,,,,0.01,,,,,,,,,,,0.259,,,83.16,83.23,0.0836,UP,CL,0.99,0,0.3087,0.1174,2.0882,198.2604,298.2604,222,119,,,
2026-03-09T04:20:00.864489583+00:00,R0308_205043,SETTLE,S3,eth,eth-updown-5m-1773029700,0,1976.31,,,0.01,,,,,,,,0.01,,,,,,,,,,,0.37,,,1975.16,1976.11,0.0481,UP,CL,0.99,0,0.3087,0.1426,3.1491,172.7557,272.7557,189,120,,,
2026-03-09T04:20:00.864600080+00:00,R0308_205043,SETTLE,S3,btc,btc-updown-5m-1773029700,0,67254.37,,,0.01,,,,,,,,0.01,,,,,,,,,,,0.049,,,67175.8,67249.25,0.1093,UP,CL,0.99,0,0.3087,0.0303,-0.4135,169.1931,269.1931,188,121,,,
2026-03-09T04:20:00.864644206+00:00,R0308_205043,SETTLE,S3,sol,sol-updown-5m-1773029700,0,83.24,,,0.01,,,,,,,,0.01,,,,,,,,,,,0.32,,,83.16,83.23,0.0836,UP,CL,0.99,0,0.3087,0.1331,2.6693,172.2759,272.2759,189,120,,,
2026-03-09T04:20:00.864694+00:00,R0308_205043,SETTLE,S3,xrp,xrp-updown-5m-1773029700,0,1.35,,,0.01,,,,,,,,0.01,,,,,,,,,,,0.279,,,1.35,1.35,0.0328,UP,CL,0.99,0,0.3087,0.1184,2.595,172.2016,272.2016,189,120,,,
2026-03-09T04:20:10.309334434+00:00,R0308_205043,ENTRY,S3,btc,btc-updown-5m-1773030000,290,67275.74,0.52,0.49,0.03,32,5,49,48,0,0.51,0.48,0.03,5,32,48,49,0,0.521,0.511,5,5,,,,,,,,,,,,,,,,,,,WIDE_SPREAD_UP|WIDE_SPREAD_DN,,
2026-03-09T04:20:11.345736283+00:00,R0308_205043,ENTRY,S3,sol,sol-updown-5m-1773030000,289,83.24,0.52,0.51,0.01,8,76.3,51,47,0,0.49,0.48,0.01,76.3,8,47,51,0,0.521,0.491,5,5,,,,,,,,,,,,,,,,,,,,,
2026-03-09T04:20:11.345878557+00:00,R0308_205043,ENTRY,S3,xrp,xrp-updown-5m-1773030000,289,1.35,0.52,0.48,0.04,8,14,48,47,0,0.52,0.48,0.04,14,8,47,48,0,0.521,0.521,5,5,,,,,,,,,,,,,,,,,,,WIDE_SPREAD_UP|WIDE_SPREAD_DN,,
2026-03-09T04:20:11.722192433+00:00,R0308_200647,ENTRY,S3,sol,sol-updown-5m-1773030000,289,83.24,0.52,0.51,0.01,8,96.3,51,47,0,0.49,0.48,0.01,96.3,8,47,51,0,0.521,0.491,5,5,,,,,,,,,,,,,,,,,,,,,
2026-03-09T04:20:11.722304723+00:00,R0308_200647,ENTRY,S3,xrp,xrp-updown-5m-1773030000,289,1.35,0.49,0.48,0.01,8,25,48,49,0,0.52,0.51,0.01,25,8,49,48,0,0.491,0.521,5,5,,,,,,,,,,,,,,,,,,,,,
2026-03-09T04:20:16.911422586+00:00,R0308_200647,ENTRY,S3,btc,btc-updown-5m-1773030000,284,67268.32,0.53,0.52,0.01,170.4,15,52,47,0,0.48,0.47,0.01,15,170.4,47,52,0,0.531,0.481,5,5,,,,,,,,,,,,,,,,,,,,,
2026-03-09T04:24:33.325464730+00:00,R0308_200647,DUMP,S3,btc,btc-updown-5m-1773030000,27,67355.13,,,,,,,,,,,,,0,,0,99,,,,,DN,0.099,0.1,EST,1.0291,67239.97,67349.31,0.1626,,,,,,,,,,,,,TAKER_FORCE|EST_BID
2026-03-09T04:24:33.325557990+00:00,R0308_200647,DUMP,S3,xrp,xrp-updown-5m-1773030000,27,1.35,,,,,,,,,,,,,8,,4,94,,,,,DN,0.04,0.04,REAL,0.3839,1.35,1.35,0.0808,,,,,,,,,,,,,MAKER_FILL
2026-03-09T04:24:33.325602007+00:00,R0308_200647,DUMP,S3,sol,sol-updown-5m-1773030000,27,83.4,,,,,,,,,,,,,2537.9,,1,98,,,,,DN,0.01,0.01,REAL,0.1018,83.22,83.39,0.2098,,,,,,,,,,,,,TAKER_FORCE
2026-03-09T04:24:33.658742848+00:00,R0308_205043,DUMP,S3,sol,sol-updown-5m-1773030000,27,83.4,,,,,,,,,,,,,2537.9,,1,98,,,,,DN,0.01,0.01,REAL,0.1018,83.22,83.39,0.202,,,,,,,,,,,,,TAKER_FORCE
2026-03-09T04:24:33.658857241+00:00,R0308_205043,DUMP,S3,xrp,xrp-updown-5m-1773030000,27,1.35,,,,,,,,,,,,,8,,4,93,,,,,DN,0.04,0.04,REAL,0.3839,1.35,1.35,0.0777,,,,,,,,,,,,,MAKER_FILL
2026-03-09T04:24:33.658901948+00:00,R0308_205043,DUMP,S3,btc,btc-updown-5m-1773030000,27,67355.12,,,,,,,,,,,,,0,,0,99,,,,,DN,0.099,0.1,EST,0.9687,67244.08,67349.31,0.1565,,,,,,,,,,,,,TAKER_FORCE|EST_BID
2026-03-09T04:25:00.572602121+00:00,R0308_200647,SETTLE,S3,btc,btc-updown-5m-1773030000,0,67373.71,,,0.01,,,,,,,,0.01,,,,,,,,,,,0.099,,,67239.97,67364.81,0.1857,UP,CL,0.99,0,0.3087,0.058,0.0786,203.8017,303.8017,225,120,,,
2026-03-09T04:25:00.572741662+00:00,R0308_200647,SETTLE,S3,xrp,xrp-updown-5m-1773030000,0,1.35,,,0.01,,,,,,,,0.01,,,,,,,,,,,0.04,,,1.35,1.35,0.1001,UP,CL,0.99,0,0.3088,0.023,0.2354,203.9585,303.9585,225,120,,,
2026-03-09T04:25:00.572821361+00:00,R0308_200647,SETTLE,S3,sol,sol-updown-5m-1773030000,0,83.43,,,0.01,,,,,,,,0.01,,,,,,,,,,,0.01,,,83.22,83.43,0.2533,UP,CL,0.99,0,0.3088,0.0063,-0.6163,203.1068,303.1068,224,121,,,
2026-03-09T04:25:00.856864164+00:00,R0308_205043,SETTLE,S3,sol,sol-updown-5m-1773030000,0,83.43,,,0.01,,,,,,,,0.01,,,,,,,,,,,0.01,,,83.22,83.43,0.2459,UP,CL,0.99,0,0.3088,0.0063,-0.6163,176.9902,276.9902,191,122,,,
2026-03-09T04:25:00.856969253+00:00,R0308_205043,SETTLE,S3,xrp,xrp-updown-5m-1773030000,0,1.35,,,0.04,,,,,,,,0.04,,,,,,,,,,,0.04,,,1.35,1.35,0.097,UP,CL,0.99,0,0.2994,0.023,-0.3416,177.2649,277.2649,191,122,,,
2026-03-09T04:25:00.856999569+00:00,R0308_205043,SETTLE,S3,btc,btc-updown-5m-1773030000,0,67373.7,,,0.03,,,,,,,,0.03,,,,,,,,,,,0.099,,,67244.08,67365.83,0.1811,UP,CL,0.99,0,0.3025,0.0545,0.2086,177.8151,277.8151,192,121,,,
2026-03-09T04:25:10.390638841+00:00,R0308_205043,ENTRY,S3,btc,btc-updown-5m-1773030300,290,67373.71,0.5,0.48,0.02,398.8,64.9,48,50,0,0.52,0.5,0.02,64.9,398.8,50,48,0,0.501,0.521,5,5,,,,,,,,,,,,,,,,,,,,,
2026-03-09T04:25:10.390845893+00:00,R0308_205043,ENTRY,S3,eth,eth-updown-5m-1773030300,290,1983.73,0.5,0.48,0.02,91.4,30,48,50,0,0.52,0.5,0.02,30,91.4,50,48,0,0.501,0.521,5,5,,,,,,,,,,,,,,,,,,,,,
2026-03-09T04:25:10.390948198+00:00,R0308_205043,ENTRY,S3,sol,sol-updown-5m-1773030300,290,83.43,0.5,0.48,0.02,153,37.4,48,50,0,0.52,0.5,0.02,37.4,153,50,48,0,0.501,0.521,5,5,,,,,,,,,,,,,,,,,,,,,
2026-03-09T04:25:10.391029240+00:00,R0308_205043,ENTRY,S3,xrp,xrp-updown-5m-1773030300,290,1.35,0.51,0.5,0.01,8,1.6,50,47,0,0.5,0.49,0.01,1.6,8,47,50,0,0.511,0.501,5,5,,,,,,,,,,,,,,,,,,,,,
2026-03-09T04:25:11.047695091+00:00,R0308_200647,ENTRY,S3,btc,btc-updown-5m-1773030300,289,67380.24,0.5,0.49,0.01,814.8,49.1,49,50,0,0.51,0.5,0.01,49.1,814.8,50,49,0,0.501,0.511,5,5,,,,,,,,,,,,,,,,,,,,,
2026-03-09T04:25:11.047879699+00:00,R0308_200647,ENTRY,S3,eth,eth-updown-5m-1773030300,289,1983.77,0.53,0.52,0.01,151.8,56,52,47,0,0.48,0.47,0.01,56,151.8,47,52,0,0.531,0.481,5,5,,,,,,,,,,,,,,,,,,,,,
2026-03-09T04:29:33.544539519+00:00,R0308_205043,DUMP,S3,btc,btc-updown-5m-1773030300,27,67597.76,,,,,,,,,,,,,0,,0,99,,,,,DN,0.049,0.05,EST,0.4702,67363.83,67583.97,0.3268,,,,,,,,,,,,,TAKER_FORCE|EST_BID
2026-03-09T04:29:33.544659259+00:00,R0308_205043,DUMP,S3,eth,eth-updown-5m-1773030300,27,1987.7,,,,,,,,,,,,,0,,0,99,,,,,DN,0.099,0.1,EST,0.9501,1983.44,1987.51,0.2049,,,,,,,,,,,,,TAKER_FORCE|EST_BID
2026-03-09T04:29:33.544709134+00:00,R0308_205043,DUMP,S3,sol,sol-updown-5m-1773030300,27,83.73,,,,,,,,,,,,,0,,0,99,,,,,DN,0.049,0.05,EST,0.4702,83.43,83.72,0.3521,,,,,,,,,,,,,TAKER_FORCE|EST_BID
2026-03-09T04:29:33.544768604+00:00,R0308_205043,DUMP,S3,xrp,xrp-updown-5m-1773030300,27,1.36,,,,,,,,,,,,,2583.5,,1,98,,,,,DN,0.01,0.01,REAL,0.0998,1.35,1.36,0.1417,,,,,,,,,,,,,TAKER_FORCE
2026-03-09T04:29:33.658002629+00:00,R0308_200647,DUMP,S3,eth,eth-updown-5m-1773030300,27,1987.7,,,,,,,,,,,,,0,,0,99,,,,,DN,0.099,0.1,EST,1.0291,1983.44,1987.51,0.2049,,,,,,,,,,,,,TAKER_FORCE|EST_BID
2026-03-09T04:29:33.658118113+00:00,R0308_200647,DUMP,S3,btc,btc-updown-5m-1773030300,27,67597.76,,,,,,,,,,,,,0,,0,99,,,,,DN,0.049,0.05,EST,0.4795,67363.83,67583.97,0.3268,,,,,,,,,,,,,TAKER_FORCE|EST_BID
2026-03-09T04:30:00.727256103+00:00,R0308_200647,SETTLE,S3,eth,eth-updown-5m-1773030300,0,1986.95,,,0.01,,,,,,,,0.01,,,,,,,,,,,0.099,,,1983.44,1986.93,0.1761,UP,CL,0.999,0,0.3087,0.058,0.0786,203.4994,303.4994,227,121,,,
2026-03-09T04:30:00.727441553+00:00,R0308_200647,SETTLE,S3,btc,btc-updown-5m-1773030300,0,67571.5,,,0.01,,,,,,,,0.01,,,,,,,,,,,0.049,,,67363.83,67570.56,0.3069,UP,CL,0.999,0,0.3087,0.0285,0.1222,203.543,303.543,227,121,,,
2026-03-09T04:30:00.828911205+00:00,R0308_205043,SETTLE,S3,btc,btc-updown-5m-1773030300,0,67571.5,,,0.02,,,,,,,,0.02,,,,,,,,,,,0.049,,,67363.83,67570.56,0.3069,UP,CL,0.999,0,0.3056,0.028,0.1167,176.9739,276.9739,193,123,,,
2026-03-09T04:30:00.829061561+00:00,R0308_205043,SETTLE,S3,eth,eth-updown-5m-1773030300,0,1986.94,,,0.02,,,,,,,,0.02,,,,,,,,,,,0.099,,,1983.44,1986.93,0.1761,UP,CL,0.999,0,0.3056,0.0535,0.571,177.4282,277.4282,193,123,,,
2026-03-09T04:30:00.829097866+00:00,R0308_205043,SETTLE,S3,sol,sol-updown-5m-1773030300,0,83.71,,,0.02,,,,,,,,0.02,,,,,,,,,,,0.049,,,83.43,83.71,0.3452,UP,CL,0.999,0,0.3056,0.028,0.1167,176.9739,276.9739,193,123,,,
2026-03-09T04:30:00.829132278+00:00,R0308_205043,SETTLE,S3,xrp,xrp-updown-5m-1773030300,0,1.35,,,0.01,,,,,,,,0.01,,,,,,,,,,,0.01,,,1.35,1.35,0.1286,UP,CL,0.99,0,0.3087,0.0062,-0.4304,176.4268,276.4268,192,124,,,
2026-03-09T04:35:10.181594990+00:00,R0308_200647,ENTRY,S3,eth,eth-updown-5m-1773030900,290,1985.78,0.49,0.48,0.01,50,25,48,51,0,0.52,0.51,0.01,25,50,51,48,0,0.491,0.521,5,5,,,,,,,,,,,,,,,,,,,,,
2026-03-09T04:35:10.298242295+00:00,R0308_205043,ENTRY,S3,eth,eth-updown-5m-1773030900,290,1985.78,0.5,0.49,0.01,5,159.3,49,50,0,0.51,0.5,0.01,159.3,5,50,49,0,0.501,0.511,5,5,,,,,,,,,,,,,,,,,,,,,
2026-03-09T04:35:16.376337829+00:00,R0308_200647,ENTRY,S3,sol,sol-updown-5m-1773030900,284,83.6,0.5,0.49,0.01,40.8,14.2,49,50,0,0.51,0.5,0.01,14.2,40.8,50,49,0,0.501,0.511,5,5,,,,,,,,,,,,,,,,,,,,,
2026-03-09T04:35:16.614542482+00:00,R0308_205043,ENTRY,S3,sol,sol-updown-5m-1773030900,284,83.6,0.5,0.49,0.01,40.8,14.2,49,50,0,0.51,0.5,0.01,14.2,40.8,50,49,0,0.501,0.511,5,5,,,,,,,,,,,,,,,,,,,,,
2026-03-09T04:35:19.603202075+00:00,R0308_200647,ENTRY,S3,btc,btc-updown-5m-1773030900,281,67513.16,0.49,0.48,0.01,343.1,695.6,48,51,0,0.52,0.51,0.01,695.6,343.1,51,48,0,0.491,0.521,5,5,,,,,,,,,,,,,,,,,,,,,
2026-03-09T04:35:19.721894642+00:00,R0308_205043,ENTRY,S3,btc,btc-updown-5m-1773030900,281,67511.5,0.49,0.48,0.01,343.1,675.6,48,51,0,0.52,0.51,0.01,675.6,343.1,51,48,0,0.491,0.521,5,5,,,,,,,,,,,,,,,,,,,,,
2026-03-09T04:35:53.319585026+00:00,R0308_205043,ENTRY,S3,xrp,xrp-updown-5m-1773030900,247,1.35,0.49,0.48,0.01,79,71,48,51,0,0.52,0.51,0.01,71,79,51,48,0,0.491,0.521,5,5,,,,,,,,,,,,,,,,,,,,,
2026-03-09T04:35:54.018469538+00:00,R0308_200647,ENTRY,S3,xrp,xrp-updown-5m-1773030900,246,1.35,0.49,0.48,0.01,49.2,71,48,51,0,0.52,0.51,0.01,71,49.2,51,48,0,0.491,0.521,5,5,,,,,,,,,,,,,,,,,,,,,
2026-03-09T04:39:32.062817185+00:00,R0308_205043,DUMP,S3,eth,eth-updown-5m-1773030900,28,1985.64,,,,,,,,,,,,,5,,46,53,,,,,UP,0.45,0.46,REAL,4.491,1985.67,1985.51,-0.0082,,,,,,,,,,,,,MAKER_FILL
2026-03-09T04:39:33.200856777+00:00,R0308_205043,DUMP,S3,btc,btc-updown-5m-1773030900,27,67495.2,,,,,,,,,,,,,213,,14,83,,,,,UP,0.139,0.14,REAL,1.4155,67510.36,67497.31,-0.0193,,,,,,,,,,,,,TAKER_FORCE
2026-03-09T04:39:33.200953553+00:00,R0308_205043,DUMP,S3,sol,sol-updown-5m-1773030900,27,83.61,,,,,,,,,,,,,10,,42,57,,,,,DN,0.38,0.42,REAL,3.7182,83.61,83.61,0.0067,,,,,,,,,,,,,MAKER_FILL
2026-03-09T04:39:33.201011151+00:00,R0308_205043,DUMP,S3,xrp,xrp-updown-5m-1773030900,27,1.35,,,,,,,,,,,,,5751.4,,1,98,,,,,UP,0.01,0.01,REAL,0.1018,1.35,1.35,-0.1039,,,,,,,,,,,,,TAKER_FORCE
2026-03-09T04:39:33.411782298+00:00,R0308_200647,DUMP,S3,eth,eth-updown-5m-1773030900,27,1985.63,,,,,,,,,,,,,13.9,,48,51,,,,,UP,0.4,0.48,REAL,4.0733,1985.67,1985.43,-0.0122,,,,,,,,,,,,,MAKER_FILL
2026-03-09T04:39:33.411887386+00:00,R0308_200647,DUMP,S3,btc,btc-updown-5m-1773030900,27,67495.2,,,,,,,,,,,,,777,,15,84,,,,,UP,0.149,0.15,REAL,1.5173,67510.36,67496.82,-0.0201,,,,,,,,,,,,,TAKER_FORCE
2026-03-09T04:39:33.411959185+00:00,R0308_200647,DUMP,S3,sol,sol-updown-5m-1773030900,27,83.61,,,,,,,,,,,,,10,,42,57,,,,,DN,0.38,0.42,REAL,3.7182,83.61,83.61,0.0067,,,,,,,,,,,,,MAKER_FILL
2026-03-09T04:39:33.412078926+00:00,R0308_200647,DUMP,S3,xrp,xrp-updown-5m-1773030900,27,1.35,,,,,,,,,,,,,5751.4,,1,98,,,,,UP,0.01,0.01,REAL,0.1018,1.35,1.35,-0.1039,,,,,,,,,,,,,TAKER_FORCE
2026-03-09T04:40:00.305281230+00:00,R0308_205043,SETTLE,S3,eth,eth-updown-5m-1773030900,0,1986.29,,,0.01,,,,,,,,0.01,,,,,,,,,,,0.45,,,1985.67,1986.09,0.0209,UP,CL,0.95,0.01,0.3087,0.1514,3.9231,181.1543,281.1543,196,124,,,
2026-03-09T04:40:00.305510986+00:00,R0308_205043,SETTLE,S3,btc,btc-updown-5m-1773030900,0,67521.18,,,0.01,,,,,,,,0.01,,,,,,,,,,,0.139,,,67510.36,67515.78,0.008,UP,CL,0.95,0.04,0.3088,0.0718,1.1367,178.368,278.368,196,124,,,
2026-03-09T04:40:00.306763365+00:00,R0308_205043,SETTLE,S3,sol,sol-updown-5m-1773030900,0,83.63,,,0.01,,,,,,,,0.01,,,,,,,,,,,0.38,,,83.61,83.63,0.0298,UP,CL,0.99,0,0.3087,0.1441,3.2454,180.4767,280.4767,196,124,,,
2026-03-09T04:40:00.306806880+00:00,R0308_205043,SETTLE,S3,xrp,xrp-updown-5m-1773030900,0,1.35,,,0.01,,,,,,,,0.01,,,,,,,,,,,0.01,,,1.35,1.35,-0.1088,DOWN,CL,0,0.99,0.3088,0.0063,-0.6163,176.615,276.615,195,125,,,
2026-03-09T04:40:00.551005120+00:00,R0308_200647,SETTLE,S3,eth,eth-updown-5m-1773030900,0,1986.29,,,0.01,,,,,,,,0.01,,,,,,,,,,,0.4,,,1985.67,1986.09,0.0209,UP,CL,0.95,0.01,0.3088,0.144,3.5694,207.191,307.191,229,121,,,
2026-03-09T04:40:00.551082547+00:00,R0308_200647,SETTLE,S3,btc,btc-updown-5m-1773030900,0,67521.18,,,0.01,,,,,,,,0.01,,,,,,,,,,,0.149,,,67510.36,67515.78,0.008,UP,CL,0.95,0.03,0.3088,0.0761,1.2284,204.8501,304.8501,229,121,,,
2026-03-09T04:40:00.551112412+00:00,R0308_200647,SETTLE,S3,sol,sol-updown-5m-1773030900,0,83.63,,,0.01,,,,,,,,0.01,,,,,,,,,,,0.38,,,83.61,83.63,0.0298,UP,CL,0.99,0,0.3087,0.1441,3.2454,206.867,306.867,229,121,,,
2026-03-09T04:40:00.551140184+00:00,R0308_200647,SETTLE,S3,xrp,xrp-updown-5m-1773030900,0,1.35,,,0.01,,,,,,,,0.01,,,,,,,,,,,0.01,,,1.35,1.35,-0.1088,DOWN,CL,0,0.99,0.3088,0.0063,-0.6163,203.0053,303.0053,228,122,,,
2026-03-09T04:40:10.835822618+00:00,R0308_205043,ENTRY,S3,eth,eth-updown-5m-1773031200,290,1985.96,0.5,0.49,0.01,392.1,1,49,50,0,0.51,0.5,0.01,1,392.1,50,49,0,0.501,0.511,5,5,,,,,,,,,,,,,,,,,,,,,
2026-03-09T04:40:10.835941408+00:00,R0308_205043,ENTRY,S3,sol,sol-updown-5m-1773031200,290,83.63,0.52,0.51,0.01,28.5,71.3,51,48,0,0.49,0.48,0.01,71.3,28.5,48,51,0,0.521,0.491,5,5,,,,,,,,,,,,,,,,,,,,,
2026-03-09T04:40:10.836035299+00:00,R0308_205043,ENTRY,S3,xrp,xrp-updown-5m-1773031200,290,1.35,0.52,0.5,0.02,103,52,50,48,0,0.5,0.48,0.02,52,103,48,50,0,0.521,0.501,5,5,,,,,,,,,,,,,,,,,,,,,
2026-03-09T04:40:11.035094364+00:00,R0308_200647,ENTRY,S3,eth,eth-updown-5m-1773031200,289,1986.2,0.51,0.5,0.01,107.7,5,50,49,0,0.5,0.49,0.01,5,107.7,49,50,0,0.511,0.501,5,5,,,,,,,,,,,,,,,,,,,,,
2026-03-09T04:40:11.035239292+00:00,R0308_200647,ENTRY,S3,sol,sol-updown-5m-1773031200,289,83.63,0.52,0.51,0.01,30.5,63.8,51,48,0,0.49,0.48,0.01,63.8,30.5,48,51,0,0.521,0.491,5,5,,,,,,,,,,,,,,,,,,,,,
2026-03-09T04:40:11.035350911+00:00,R0308_200647,ENTRY,S3,xrp,xrp-updown-5m-1773031200,289,1.35,0.52,0.5,0.02,124,45,50,48,0,0.5,0.48,0.02,45,124,48,50,0,0.521,0.501,5,5,,,,,,,,,,,,,,,,,,,,,
2026-03-09T04:40:11.880616269+00:00,R0308_205043,ENTRY,S3,btc,btc-updown-5m-1773031200,289,67520.07,0.49,0.47,0.02,9.7,106.5,47,51,0,0.53,0.51,0.02,106.5,9.7,51,47,0,0.491,0.531,5,5,,,,,,,,,,,,,,,,,,,,,
2026-03-09T04:40:13.105017352+00:00,R0308_200647,ENTRY,S3,btc,btc-updown-5m-1773031200,287,67520.08,0.5,0.48,0.02,203.3,134,48,50,0,0.52,0.5,0.02,134,203.3,50,48,0,0.501,0.521,5,5,,,,,,,,,,,,,,,,,,,,,
2026-03-09T04:44:31.382038615+00:00,R0308_205043,DUMP,S3,sol,sol-updown-5m-1773031200,29,83.75,,,,,,,,,,,,,10,,4,93,,,,,DN,0.04,0.04,REAL,0.4073,83.63,83.74,0.1374,,,,,,,,,,,,,MAKER_FILL
2026-03-09T04:44:33.121402312+00:00,R0308_200647,DUMP,S3,btc,btc-updown-5m-1773031200,27,67500.01,,,,,,,,,,,,,12.3,,27,72,,,,,UP,0.27,0.27,REAL,2.6946,67513.11,67491.83,-0.0315,,,,,,,,,,,,,MAKER_FILL
2026-03-09T04:44:33.121492689+00:00,R0308_200647,DUMP,S3,sol,sol-updown-5m-1773031200,27,83.75,,,,,,,,,,,,,8.3,,3,95,,,,,DN,0.029,0.03,REAL,0.2953,83.63,83.74,0.1293,,,,,,,,,,,,,TAKER_FORCE
2026-03-09T04:44:33.121529945+00:00,R0308_200647,DUMP,S3,xrp,xrp-updown-5m-1773031200,27,1.35,,,,,,,,,,,,,49.1,,10,89,,,,,UP,0.099,0.1,REAL,0.9501,1.35,1.35,-0.0462,,,,,,,,,,,,,TAKER_FORCE
2026-03-09T04:44:33.121549865+00:00,R0308_200647,DUMP,S3,eth,eth-updown-5m-1773031200,27,1985.74,,,,,,,,,,,,,6,,20,79,,,,,UP,0.2,0.2,REAL,1.9569,1985.75,1985.52,-0.0116,,,,,,,,,,,,,MAKER_FILL
2026-03-09T04:44:33.452545954+00:00,R0308_205043,DUMP,S3,xrp,xrp-updown-5m-1773031200,27,1.35,,,,,,,,,,,,,31.1,,10,89,,,,,UP,0.099,0.1,REAL,0.9501,1.35,1.35,-0.0462,,,,,,,,,,,,,TAKER_FORCE
2026-03-09T04:44:33.452649140+00:00,R0308_205043,DUMP,S3,eth,eth-updown-5m-1773031200,27,1985.74,,,,,,,,,,,,,25,,19,80,,,,,UP,0.189,0.19,REAL,1.8862,1985.75,1985.52,-0.0116,,,,,,,,,,,,,TAKER_FORCE
2026-03-09T04:44:33.452683722+00:00,R0308_205043,DUMP,S3,btc,btc-updown-5m-1773031200,27,67500.01,,,,,,,,,,,,,46.2,,27,72,,,,,UP,0.269,0.27,REAL,2.7393,67513.11,67491.83,-0.0315,,,,,,,,,,,,,TAKER_FORCE
2026-03-09T04:45:00.245005489+00:00,R0308_200647,SETTLE,S3,btc,btc-updown-5m-1773031200,0,67506.04,,,0.02,,,,,,,,0.02,,,,,,,,,,,0.27,,,67513.11,67497.69,-0.0228,DOWN,CL,0.01,0.98,0.3056,0.1229,1.863,212.9115,312.9115,232,122,,,
2026-03-09T04:45:00.245109977+00:00,R0308_200647,SETTLE,S3,sol,sol-updown-5m-1773031200,0,83.73,,,0.01,,,,,,,,0.01,,,,,,,,,,,0.029,,,83.63,83.71,0.0935,UP,CL,0.99,0,0.3088,0.0179,-0.4344,210.6141,310.6141,231,123,,,
2026-03-09T04:45:00.245155515+00:00,R0308_200647,SETTLE,S3,xrp,xrp-updown-5m-1773031200,0,1.35,,,0.02,,,,,,,,0.02,,,,,,,,,,,0.099,,,1.35,1.35,-0.0606,DOWN,CL,0,0.99,0.3056,0.0535,0.571,211.6196,311.6196,232,122,,,
2026-03-09T04:45:00.245197349+00:00,R0308_200647,SETTLE,S3,eth,eth-updown-5m-1773031200,0,1985.77,,,0.01,,,,,,,,0.01,,,,,,,,,,,0.2,,,1985.75,1985.09,-0.0328,DOWN,CL,0.01,0.94,0.3087,0.0978,1.5304,212.5789,312.5789,232,122,,,
2026-03-09T04:45:00.753003805+00:00,R0308_205043,SETTLE,S3,xrp,xrp-updown-5m-1773031200,0,1.35,,,0.02,,,,,,,,0.02,,,,,,,,,,,0.099,,,1.35,1.35,-0.0606,DOWN,CL,0,0.99,0.3056,0.0535,0.571,185.4912,285.4912,199,125,,,
2026-03-09T04:45:00.753112289+00:00,R0308_205043,SETTLE,S3,sol,sol-updown-5m-1773031200,0,83.73,,,0.01,,,,,,,,0.01,,,,,,,,,,,0.04,,,83.63,83.71,0.0935,UP,CL,0.99,0,0.3088,0.0244,-0.3289,184.5912,284.5912,198,126,,,
2026-03-09T04:45:00.753154862+00:00,R0308_205043,SETTLE,S3,eth,eth-updown-5m-1773031200,0,1985.77,,,0.01,,,,,,,,0.01,,,,,,,,,,,0.189,,,1985.75,1985.09,-0.0328,DOWN,CL,0.01,0.94,0.3087,0.0956,1.2666,186.1868,286.1868,199,125,,,
2026-03-09T04:45:00.753195755+00:00,R0308_205043,SETTLE,S3,btc,btc-updown-5m-1773031200,0,67506.04,,,0.02,,,,,,,,0.02,,,,,,,,,,,0.269,,,67513.11,67497.69,-0.0228,DOWN,CL,0.19,0.8,0.3056,0.1252,1.7247,186.6449,286.6449,199,125,,,
2026-03-09T04:45:10.198254717+00:00,R0308_205043,ENTRY,S3,btc,btc-updown-5m-1773031500,290,67504.85,0.49,0.48,0.01,956,130.4,48,51,0,0.52,0.51,0.01,130.4,956,51,48,0,0.491,0.521,5,5,,,,,,,,,,,,,,,,,,,,,
2026-03-09T04:45:10.198551164+00:00,R0308_205043,ENTRY,S3,xrp,xrp-updown-5m-1773031500,290,1.35,0.5,0.49,0.01,75,21,49,50,0,0.51,0.5,0.01,21,75,50,49,0,0.501,0.511,5,5,,,,,,,,,,,,,,,,,,,,,
2026-03-09T04:45:10.672009137+00:00,R0308_200647,ENTRY,S3,btc,btc-updown-5m-1773031500,290,67504.85,0.49,0.48,0.01,983.1,136.2,48,51,0,0.52,0.51,0.01,136.2,983.1,51,48,0,0.491,0.521,5,5,,,,,,,,,,,,,,,,,,,,,
2026-03-09T04:45:10.672115567+00:00,R0308_200647,ENTRY,S3,xrp,xrp-updown-5m-1773031500,290,1.35,0.5,0.49,0.01,75,72.2,49,50,0,0.51,0.5,0.01,72.2,75,50,49,0,0.501,0.511,5,5,,,,,,,,,,,,,,,,,,,,,
2026-03-09T04:45:17.047469668+00:00,R0308_200647,ENTRY,S3,eth,eth-updown-5m-1773031500,283,1985.92,0.53,0.52,0.01,85,6,52,47,0,0.48,0.47,0.01,6,85,47,52,0,0.531,0.481,5,5,,,,,,,,,,,,,,,,,,,,,
2026-03-09T04:45:17.445070646+00:00,R0308_205043,ENTRY,S3,eth,eth-updown-5m-1773031500,283,1985.92,0.53,0.52,0.01,97,6,52,47,0,0.48,0.47,0.01,6,97,47,52,0,0.531,0.481,5,5,,,,,,,,,,,,,,,,,,,,,
2026-03-09T04:46:15.642367348+00:00,R0308_200647,ENTRY,S3,sol,sol-updown-5m-1773031500,225,83.74,0.53,0.52,0.01,41,67.2,52,47,0,0.48,0.47,0.01,67.2,41,47,52,0,0.531,0.481,5,5,,,,,,,,,,,,,,,,,,,,,
2026-03-09T04:46:16.136101469+00:00,R0308_205043,ENTRY,S3,sol,sol-updown-5m-1773031500,224,83.74,0.53,0.52,0.01,48,67.2,52,47,0,0.48,0.47,0.01,67.2,48,47,52,0,0.531,0.481,5,5,,,,,,,,,,,,,,,,,,,,,
2026-03-09T04:49:31.887517450+00:00,R0308_205043,DUMP,S3,xrp,xrp-updown-5m-1773031500,29,1.35,,,,,,,,,,,,,22,,28,68,,,,,UP,0.27,0.28,REAL,2.6946,1.35,1.35,-0.0116,,,,,,,,,,,,,MAKER_FILL
2026-03-09T04:49:31.972564918+00:00,R0308_200647,DUMP,S3,xrp,xrp-updown-5m-1773031500,29,1.35,,,,,,,,,,,,,28,,30,67,,,,,UP,0.27,0.3,REAL,2.6946,1.35,1.35,-0.0113,,,,,,,,,,,,,MAKER_FILL
2026-03-09T04:49:33.003089899+00:00,R0308_200647,DUMP,S3,sol,sol-updown-5m-1773031500,27,83.73,,,,,,,,,,,,,12.9,,32,67,,,,,DN,0.319,0.32,REAL,3.316,83.71,83.73,0.0287,,,,,,,,,,,,,TAKER_FORCE
2026-03-09T04:49:33.003194516+00:00,R0308_200647,DUMP,S3,eth,eth-updown-5m-1773031500,27,1984.04,,,,,,,,,,,,,366.1,,3,96,,,,,UP,0.029,0.03,REAL,0.2731,1985.07,1983.78,-0.0651,,,,,,,,,,,,,TAKER_FORCE
2026-03-09T04:49:33.003239805+00:00,R0308_200647,DUMP,S3,btc,btc-updown-5m-1773031500,27,67461.86,,,,,,,,,,,,,97.1,,5,94,,,,,UP,0.049,0.05,REAL,0.499,67489.59,67454.47,-0.052,,,,,,,,,,,,,TAKER_FORCE
2026-03-09T04:49:33.960043263+00:00,R0308_205043,DUMP,S3,btc,btc-updown-5m-1773031500,27,67461.86,,,,,,,,,,,,,939.3,,4,95,,,,,UP,0.039,0.04,REAL,0.3971,67489.59,67454.47,-0.052,,,,,,,,,,,,,TAKER_FORCE
2026-03-09T04:49:33.960170143+00:00,R0308_205043,DUMP,S3,eth,eth-updown-5m-1773031500,27,1984.04,,,,,,,,,,,,,411,,3,96,,,,,UP,0.029,0.03,REAL,0.2731,1985.07,1983.78,-0.0651,,,,,,,,,,,,,TAKER_FORCE
2026-03-09T04:49:33.960243264+00:00,R0308_205043,DUMP,S3,sol,sol-updown-5m-1773031500,27,83.73,,,,,,,,,,,,,6,,31,67,,,,,DN,0.319,0.32,REAL,3.316,83.71,83.73,0.0287,,,,,,,,,,,,,TAKER_FORCE
2026-03-09T04:50:00.076814505+00:00,R0308_205043,SETTLE,S3,btc,btc-updown-5m-1773031500,0,67461.86,,,0.01,,,,,,,,0.01,,,,,,,,,,,0.039,,,67489.59,67453.82,-0.053,DOWN,CL,0,0.99,0.3088,0.0239,-0.3385,187.815,287.815,201,127,,,
2026-03-09T04:50:00.076932032+00:00,R0308_205043,SETTLE,S3,eth,eth-updown-5m-1773031500,0,1984.25,,,0.01,,,,,,,,0.01,,,,,,,,,,,0.029,,,1985.07,1984.06,-0.0508,DOWN,CL,0,0.99,0.3087,0.0166,0.3428,188.4963,288.4963,202,126,,,
2026-03-09T04:50:00.076994035+00:00,R0308_205043,SETTLE,S3,xrp,xrp-updown-5m-1773031500,0,1.35,,,0.01,,,,,,,,0.01,,,,,,,,,,,0.27,,,1.35,1.35,0.0109,UP,CL,0.31,0.38,0.3087,0.1205,2.1926,190.3462,290.3462,202,126,CL_CLOB_SPLIT,,
2026-03-09T04:50:00.077068868+00:00,R0308_205043,SETTLE,S3,sol,sol-updown-5m-1773031500,0,83.74,,,0.01,,,,,,,,0.01,,,,,,,,,,,0.319,,,83.71,83.74,0.0404,UP,CL,0.98,0.01,0.3087,0.1411,2.2823,190.4359,290.4359,202,126,,,
2026-03-09T04:50:00.184968099+00:00,R0308_200647,SETTLE,S3,sol,sol-updown-5m-1773031500,0,83.74,,,0.01,,,,,,,,0.01,,,,,,,,,,,0.319,,,83.71,83.74,0.0404,UP,CL,0.98,0.01,0.3087,0.1411,2.2823,216.8608,316.8608,235,123,,,
2026-03-09T04:50:00.185071355+00:00,R0308_200647,SETTLE,S3,eth,eth-updown-5m-1773031500,0,1984.24,,,0.01,,,,,,,,0.01,,,,,,,,,,,0.029,,,1985.07,1984.06,-0.0508,DOWN,CL,0,0.99,0.3087,0.0166,0.3428,214.9213,314.9213,235,123,,,
2026-03-09T04:50:00.185131385+00:00,R0308_200647,SETTLE,S3,xrp,xrp-updown-5m-1773031500,0,1.35,,,0.01,,,,,,,,0.01,,,,,,,,,,,0.27,,,1.35,1.35,0.0109,UP,CL,0.31,0.37,0.3087,0.1205,2.1926,216.7711,316.7711,235,123,CL_CLOB_SPLIT,,
2026-03-09T04:50:00.185190825+00:00,R0308_200647,SETTLE,S3,btc,btc-updown-5m-1773031500,0,67461.86,,,0.01,,,,,,,,0.01,,,,,,,,,,,0.049,,,67489.59,67453.82,-0.053,DOWN,CL,0,0.99,0.3088,0.0297,-0.2425,214.336,314.336,234,124,,,
2026-03-09T04:50:10.578519799+00:00,R0308_205043,ENTRY,S3,btc,btc-updown-5m-1773031800,290,67461.86,0.5,0.49,0.01,786.6,403.3,49,50,0,0.51,0.5,0.01,403.3,786.6,50,49,0,0.501,0.511,5,5,,,,,,,,,,,,,,,,,,,,,
2026-03-09T04:50:10.578675834+00:00,R0308_205043,ENTRY,S3,sol,sol-updown-5m-1773031800,290,83.75,0.5,0.49,0.01,225.9,26.8,49,50,0,0.51,0.5,0.01,26.8,225.9,50,49,0,0.501,0.511,5,5,,,,,,,,,,,,,,,,,,,,,
2026-03-09T04:50:10.631263247+00:00,R0308_200647,ENTRY,S3,btc,btc-updown-5m-1773031800,290,67461.86,0.5,0.49,0.01,786.6,403.3,49,50,0,0.51,0.5,0.01,403.3,786.6,50,49,0,0.501,0.511,5,5,,,,,,,,,,,,,,,,,,,,,
2026-03-09T04:50:10.631379502+00:00,R0308_200647,ENTRY,S3,sol,sol-updown-5m-1773031800,290,83.75,0.5,0.49,0.01,220.9,26.8,49,50,0,0.51,0.5,0.01,26.8,220.9,50,49,0,0.501,0.511,5,5,,,,,,,,,,,,,,,,,,,,,
2026-03-09T04:50:17.937611621+00:00,R0308_205043,ENTRY,S3,eth,eth-updown-5m-1773031800,283,1984.6,0.53,0.52,0.01,89,28,52,47,0,0.48,0.47,0.01,28,89,47,52,0,0.531,0.481,5,5,,,,,,,,,,,,,,,,,,,,,
2026-03-09T04:50:17.984087375+00:00,R0308_200647,ENTRY,S3,eth,eth-updown-5m-1773031800,283,1984.6,0.53,0.52,0.01,89,28,52,47,0,0.48,0.47,0.01,28,89,47,52,0,0.531,0.481,5,5,,,,,,,,,,,,,,,,,,,,,
2026-03-09T04:51:41.787996274+00:00,R0308_205043,ENTRY,S3,xrp,xrp-updown-5m-1773031800,199,1.35,0.53,0.52,0.01,9.6,40,50,47,0,0.48,0.47,0.01,40,9.6,47,50,0,0.531,0.481,5,5,,,,,,,,,,,,,,,,,,,,,
2026-03-09T04:51:45.683410332+00:00,R0308_200647,ENTRY,S3,xrp,xrp-updown-5m-1773031800,195,1.35,0.48,0.47,0.01,19,13,47,52,0,0.53,0.52,0.01,13,19,52,47,0,0.481,0.531,5,5,,,,,,,,,,,,,,,,,,,,,
2026-03-09T04:54:33.772229566+00:00,R0308_200647,DUMP,S3,eth,eth-updown-5m-1773031800,27,1981.21,,,,,,,,,,,,,2393.6,,1,98,,,,,UP,0.01,0.01,REAL,0.0942,1984.07,1981.04,-0.1527,,,,,,,,,,,,,TAKER_FORCE
2026-03-09T04:54:33.772348305+00:00,R0308_200647,DUMP,S3,xrp,xrp-updown-5m-1773031800,27,1.35,,,,,,,,,,,,,5539.9,,1,97,,,,,UP,0.01,0.01,REAL,0.104,1.35,1.35,-0.1344,,,,,,,,,,,,,TAKER_FORCE
2026-03-09T04:54:33.772404800+00:00,R0308_200647,DUMP,S3,btc,btc-updown-5m-1773031800,27,67391.9,,,,,,,,,,,,,15357.3,,1,98,,,,,UP,0.01,0.01,REAL,0.0998,67453.81,67382.04,-0.1064,,,,,,,,,,,,,TAKER_FORCE
2026-03-09T04:54:33.772462968+00:00,R0308_200647,DUMP,S3,sol,sol-updown-5m-1773031800,27,83.55,,,,,,,,,,,,,0,,0,99,,,,,UP,0.099,0.1,EST,0.988,83.74,83.54,-0.2408,,,,,,,,,,,,,TAKER_FORCE|EST_BID
2026-03-09T04:54:33.800670929+00:00,R0308_205043,DUMP,S3,sol,sol-updown-5m-1773031800,27,83.55,,,,,,,,,,,,,0,,0,99,,,,,UP,0.099,0.1,EST,0.988,83.74,83.54,-0.24,,,,,,,,,,,,,TAKER_FORCE|EST_BID
2026-03-09T04:54:33.800830890+00:00,R0308_205043,DUMP,S3,xrp,xrp-updown-5m-1773031800,27,1.35,,,,,,,,,,,,,5539.9,,1,97,,,,,UP,0.01,0.01,REAL,0.0942,1.35,1.35,-0.1329,,,,,,,,,,,,,TAKER_FORCE
2026-03-09T04:54:33.800905923+00:00,R0308_205043,DUMP,S3,eth,eth-updown-5m-1773031800,27,1981.21,,,,,,,,,,,,,2393.6,,1,98,,,,,UP,0.01,0.01,REAL,0.0942,1984.07,1981.04,-0.1527,,,,,,,,,,,,,TAKER_FORCE
2026-03-09T04:54:33.800978983+00:00,R0308_205043,DUMP,S3,btc,btc-updown-5m-1773031800,27,67391.9,,,,,,,,,,,,,15337.3,,1,98,,,,,UP,0.01,0.01,REAL,0.0998,67453.81,67382.04,-0.1064,,,,,,,,,,,,,TAKER_FORCE
2026-03-09T04:55:00.952065776+00:00,R0308_200647,SETTLE,S3,eth,eth-updown-5m-1773031800,0,1981.27,,,0.01,,,,,,,,0.01,,,,,,,,,,,0.01,,,1984.07,1981.17,-0.1461,DOWN,CL,0,0.99,0.3087,0.0058,0.1746,219.3283,319.3283,238,124,,,
2026-03-09T04:55:00.952217895+00:00,R0308_200647,SETTLE,S3,xrp,xrp-updown-5m-1773031800,0,1.35,,,0.01,,,,,,,,0.01,,,,,,,,,,,0.01,,,1.35,1.35,-0.1741,DOWN,CL,0,0.99,0.3087,0.0064,-0.795,218.3587,318.3587,237,125,,,
2026-03-09T04:55:00.952353429+00:00,R0308_200647,SETTLE,S3,btc,btc-updown-5m-1773031800,0,67389.21,,,0.01,,,,,,,,0.01,,,,,,,,,,,0.01,,,67453.81,67381,-0.1079,DOWN,CL,0,0.99,0.3087,0.0062,-0.4304,218.7233,318.7233,237,125,,,
2026-03-09T04:55:00.952434261+00:00,R0308_200647,SETTLE,S3,sol,sol-updown-5m-1773031800,0,83.53,,,0.01,,,,,,,,0.01,,,,,,,,,,,0.099,,,83.74,83.52,-0.2653,DOWN,CL,0,0.99,0.3087,0.0556,0.4084,219.5621,319.5621,238,124,,,
2026-03-09T04:55:01.011522960+00:00,R0308_205043,SETTLE,S3,sol,sol-updown-5m-1773031800,0,83.53,,,0.01,,,,,,,,0.01,,,,,,,,,,,0.099,,,83.74,83.52,-0.2653,DOWN,CL,0,0.99,0.3087,0.0556,0.4084,193.0411,293.0411,205,127,,,
2026-03-09T04:55:01.011645375+00:00,R0308_205043,SETTLE,S3,xrp,xrp-updown-5m-1773031800,0,1.35,,,0.01,,,,,,,,0.01,,,,,,,,,,,0.01,,,1.35,1.35,-0.1726,DOWN,CL,0,0.99,0.3087,0.0058,0.1746,192.8074,292.8074,205,127,,,
2026-03-09T04:55:01.011686277+00:00,R0308_205043,SETTLE,S3,eth,eth-updown-5m-1773031800,0,1981.27,,,0.01,,,,,,,,0.01,,,,,,,,,,,0.01,,,1984.07,1981.17,-0.1461,DOWN,CL,0,0.99,0.3087,0.0058,0.1746,192.8074,292.8074,205,127,,,
2026-03-09T04:55:01.011716181+00:00,R0308_205043,SETTLE,S3,btc,btc-updown-5m-1773031800,0,67389.21,,,0.01,,,,,,,,0.01,,,,,,,,,,,0.01,,,67453.81,67381,-0.1079,DOWN,CL,0,0.99,0.3087,0.0062,-0.4304,192.2024,292.2024,204,128,,,
2026-03-09T04:55:10.351421354+00:00,R0308_200647,ENTRY,S3,btc,btc-updown-5m-1773032100,290,67389.22,0.48,0.47,0.01,1245.9,65.8,47,52,0,0.53,0.52,0.01,65.8,1245.9,52,47,0,0.481,0.531,5,5,,,,,,,,,,,,,,,,,,,,,
2026-03-09T04:55:10.351577139+00:00,R0308_200647,ENTRY,S3,eth,eth-updown-5m-1773032100,290,1981.27,0.52,0.51,0.01,145,12,51,48,0,0.49,0.48,0.01,12,145,48,51,0,0.521,0.491,5,5,,,,,,,,,,,,,,,,,,,,,
2026-03-09T04:55:10.351678082+00:00,R0308_200647,ENTRY,S3,xrp,xrp-updown-5m-1773032100,290,1.35,0.51,0.5,0.01,119.2,112.5,50,49,0,0.5,0.49,0.01,112.5,119.2,49,50,0,0.511,0.501,5,5,,,,,,,,,,,,,,,,,,,,,
2026-03-09T04:55:10.451273829+00:00,R0308_205043,ENTRY,S3,btc,btc-updown-5m-1773032100,290,67389.22,0.48,0.47,0.01,1174.6,65.8,47,52,0,0.53,0.52,0.01,65.8,1174.6,52,47,0,0.481,0.531,5,5,,,,,,,,,,,,,,,,,,,,,
2026-03-09T04:55:10.451442042+00:00,R0308_205043,ENTRY,S3,eth,eth-updown-5m-1773032100,290,1981.27,0.52,0.51,0.01,141,12,51,48,0,0.49,0.48,0.01,12,141,48,51,0,0.521,0.491,5,5,,,,,,,,,,,,,,,,,,,,,
2026-03-09T04:55:10.451529715+00:00,R0308_205043,ENTRY,S3,xrp,xrp-updown-5m-1773032100,290,1.35,0.51,0.5,0.01,119.2,112.5,50,49,0,0.5,0.49,0.01,112.5,119.2,49,50,0,0.511,0.501,5,5,,,,,,,,,,,,,,,,,,,,,
2026-03-09T04:55:17.599740943+00:00,R0308_200647,ENTRY,S3,sol,sol-updown-5m-1773032100,283,83.51,0.49,0.48,0.01,60,36.8,48,51,0,0.52,0.51,0.01,36.8,60,51,48,0,0.491,0.521,5,5,,,,,,,,,,,,,,,,,,,,,
2026-03-09T04:55:17.799797319+00:00,R0308_205043,ENTRY,S3,sol,sol-updown-5m-1773032100,283,83.51,0.49,0.48,0.01,156,5,48,50,0,0.52,0.51,0.01,5,156,50,48,0,0.491,0.521,5,5,,,,,,,,,,,,,,,,,,,,,
2026-03-09T04:59:33.208498766+00:00,R0308_205043,DUMP,S3,xrp,xrp-updown-5m-1773032100,27,1.34,,,,,,,,,,,,,0,,0,98,,,,,UP,0.049,0.05,EST,0.4795,1.35,1.34,-0.3182,,,,,,,,,,,,,TAKER_FORCE|EST_BID
2026-03-09T04:59:33.208598337+00:00,R0308_205043,DUMP,S3,sol,sol-updown-5m-1773032100,27,83.19,,,,,,,,,,,,,0,,0,99,,,,,UP,0.049,0.05,EST,0.499,83.51,83.19,-0.3919,,,,,,,,,,,,,TAKER_FORCE|EST_BID
2026-03-09T04:59:33.208641011+00:00,R0308_205043,DUMP,S3,btc,btc-updown-5m-1773032100,27,67133.2,,,,,,,,,,,,,0,,0,99,,,,,UP,0.049,0.05,EST,0.5094,67381.07,67138.82,-0.3595,,,,,,,,,,,,,TAKER_FORCE|EST_BID
2026-03-09T04:59:33.208682833+00:00,R0308_205043,DUMP,S3,eth,eth-updown-5m-1773032100,27,1977.42,,,,,,,,,,,,,0,,0,99,,,,,UP,0.099,0.1,EST,0.9501,1981.18,1977.28,-0.1968,,,,,,,,,,,,,TAKER_FORCE|EST_BID
2026-03-09T04:59:33.444041168+00:00,R0308_200647,DUMP,S3,xrp,xrp-updown-5m-1773032100,27,1.34,,,,,,,,,,,,,0,,0,98,,,,,UP,0.049,0.05,EST,0.4795,1.35,1.34,-0.3182,,,,,,,,,,,,,TAKER_FORCE|EST_BID
2026-03-09T04:59:33.444129891+00:00,R0308_200647,DUMP,S3,sol,sol-updown-5m-1773032100,27,83.19,,,,,,,,,,,,,0,,0,99,,,,,UP,0.049,0.05,EST,0.499,83.51,83.19,-0.3919,,,,,,,,,,,,,TAKER_FORCE|EST_BID
2026-03-09T04:59:33.444169251+00:00,R0308_200647,DUMP,S3,eth,eth-updown-5m-1773032100,27,1977.42,,,,,,,,,,,,,0,,0,99,,,,,UP,0.099,0.1,EST,0.9501,1981.18,1977.28,-0.1968,,,,,,,,,,,,,TAKER_FORCE|EST_BID
2026-03-09T04:59:33.444189251+00:00,R0308_200647,DUMP,S3,btc,btc-updown-5m-1773032100,27,67133.21,,,,,,,,,,,,,0,,0,99,,,,,UP,0.049,0.05,EST,0.5094,67381.07,67138.82,-0.3595,,,,,,,,,,,,,TAKER_FORCE|EST_BID
2026-03-09T05:00:00.530015719+00:00,R0308_205043,SETTLE,S3,xrp,xrp-updown-5m-1773032100,0,1.34,,,0.01,,,,,,,,0.01,,,,,,,,,,,0.049,,,1.35,1.34,-0.3429,DOWN,CL,0,0.999,0.3087,0.0285,0.1222,193.0822,293.0822,208,128,,,
2026-03-09T05:00:00.530126977+00:00,R0308_205043,SETTLE,S3,sol,sol-updown-5m-1773032100,0,83.2,,,0.01,,,,,,,,0.01,,,,,,,,,,,0.049,,,83.51,83.19,-0.3884,DOWN,CL,0,0.999,0.3088,0.0297,-0.2425,192.7174,292.7174,207,129,,,
2026-03-09T05:00:00.530167849+00:00,R0308_205043,SETTLE,S3,btc,btc-updown-5m-1773032100,0,67131.1,,,0.01,,,,,,,,0.01,,,,,,,,,,,0.049,,,67381.07,67127.71,-0.376,DOWN,CL,0,0.999,0.3087,0.0303,-0.4135,192.5465,292.5465,207,129,,,
2026-03-09T05:00:00.530207719+00:00,R0308_205043,SETTLE,S3,eth,eth-updown-5m-1773032100,0,1977.58,,,0.01,,,,,,,,0.01,,,,,,,,,,,0.099,,,1981.18,1976.93,-0.2149,DOWN,CL,0,0.99,0.3088,0.0535,0.7711,193.7311,293.7311,208,128,,,
2026-03-09T05:00:00.643878683+00:00,R0308_200647,SETTLE,S3,xrp,xrp-updown-5m-1773032100,0,1.34,,,0.01,,,,,,,,0.01,,,,,,,,,,,0.049,,,1.35,1.34,-0.3429,DOWN,CL,0,0.999,0.3087,0.0285,0.1222,218.6335,318.6335,240,126,,,
2026-03-09T05:00:00.643995109+00:00,R0308_200647,SETTLE,S3,sol,sol-updown-5m-1773032100,0,83.2,,,0.01,,,,,,,,0.01,,,,,,,,,,,0.049,,,83.51,83.19,-0.3884,DOWN,CL,0,0.999,0.3088,0.0297,-0.2425,218.2688,318.2688,239,127,,,
2026-03-09T05:00:00.644033487+00:00,R0308_200647,SETTLE,S3,eth,eth-updown-5m-1773032100,0,1977.58,,,0.01,,,,,,,,0.01,,,,,,,,,,,0.099,,,1981.18,1976.93,-0.2149,DOWN,CL,0,0.99,0.3088,0.0535,0.7711,219.2824,319.2824,240,126,,,
2026-03-09T05:00:00.644069282+00:00,R0308_200647,SETTLE,S3,btc,btc-updown-5m-1773032100,0,67136.32,,,0.01,,,,,,,,0.01,,,,,,,,,,,0.049,,,67381.07,67127.71,-0.376,DOWN,CL,0,0.999,0.3087,0.0303,-0.4135,218.0978,318.0978,239,127,,,
2026-03-09T05:00:11.022650424+00:00,R0308_205043,ENTRY,S3,eth,eth-updown-5m-1773032400,289,1977.31,0.53,0.52,0.01,114.3,42.4,52,47,0,0.48,0.47,0.01,42.4,114.3,47,52,0,0.531,0.481,5,5,,,,,,,,,,,,,,,,,,,,,
2026-03-09T05:00:11.098859522+00:00,R0308_200647,ENTRY,S3,eth,eth-updown-5m-1773032400,289,1977.31,0.53,0.52,0.01,114.3,42.4,52,47,0,0.48,0.47,0.01,42.4,114.3,47,52,0,0.531,0.481,5,5,,,,,,,,,,,,,,,,,,,,,
2026-03-09T05:00:12.057047437+00:00,R0308_205043,ENTRY,S3,xrp,xrp-updown-5m-1773032400,288,1.34,0.49,0.48,0.01,94,9.8,48,51,0,0.52,0.51,0.01,9.8,94,51,48,0,0.491,0.521,5,5,,,,,,,,,,,,,,,,,,,,,
2026-03-09T05:00:12.134534781+00:00,R0308_200647,ENTRY,S3,xrp,xrp-updown-5m-1773032400,288,1.34,0.5,0.48,0.02,80,19.3,48,50,0,0.52,0.5,0.02,19.3,80,50,48,0,0.501,0.521,5,5,,,,,,,,,,,,,,,,,,,,,
2026-03-09T05:00:28.722691931+00:00,R0308_205043,ENTRY,S3,sol,sol-updown-5m-1773032400,272,83.19,0.52,0.51,0.01,24.8,150,51,48,0,0.49,0.48,0.01,150,24.8,48,51,0,0.521,0.491,5,5,,,,,,,,,,,,,,,,,,,,,
2026-03-09T05:00:28.783422514+00:00,R0308_200647,ENTRY,S3,sol,sol-updown-5m-1773032400,272,83.18,0.52,0.51,0.01,24.8,14,51,48,0,0.49,0.48,0.01,14,24.8,48,51,0,0.521,0.491,5,5,,,,,,,,,,,,,,,,,,,,,
2026-03-09T05:00:35.049629914+00:00,R0308_205043,ENTRY,S3,btc,btc-updown-5m-1773032400,265,67131.37,0.52,0.51,0.01,771.2,80,51,48,0,0.49,0.48,0.01,80,771.2,48,51,0,0.521,0.491,5,5,,,,,,,,,,,,,,,,,,,,,
2026-03-09T05:00:35.152106578+00:00,R0308_200647,ENTRY,S3,btc,btc-updown-5m-1773032400,265,67131.37,0.52,0.51,0.01,744.2,60.3,51,48,0,0.49,0.48,0.01,60.3,744.2,48,51,0,0.521,0.491,5,5,,,,,,,,,,,,,,,,,,,,,
2026-03-09T05:04:33.614048493+00:00,R0308_205043,DUMP,S3,btc,btc-updown-5m-1773032400,27,67216.01,,,,,,,,,,,,,8910.4,,1,98,,,,,DN,0.01,0.01,REAL,0.1018,67120.6,67217.11,0.1438,,,,,,,,,,,,,TAKER_FORCE
2026-03-09T05:04:33.614154092+00:00,R0308_205043,DUMP,S3,sol,sol-updown-5m-1773032400,27,83.36,,,,,,,,,,,,,4011.1,,1,98,,,,,DN,0.01,0.01,REAL,0.1018,83.19,83.34,0.1796,,,,,,,,,,,,,TAKER_FORCE
2026-03-09T05:04:33.614196977+00:00,R0308_205043,DUMP,S3,xrp,xrp-updown-5m-1773032400,27,1.34,,,,,,,,,,,,,25,,8,89,,,,,DN,0.079,0.08,REAL,0.7582,1.34,1.34,0.0388,,,,,,,,,,,,,TAKER_FORCE
2026-03-09T05:04:33.614239992+00:00,R0308_205043,DUMP,S3,eth,eth-updown-5m-1773032400,27,1981.35,,,,,,,,,,,,,0,,0,99,,,,,DN,0.099,0.1,EST,1.0291,1976.94,1981.16,0.2139,,,,,,,,,,,,,TAKER_FORCE|EST_BID
2026-03-09T05:04:33.808429572+00:00,R0308_200647,DUMP,S3,btc,btc-updown-5m-1773032400,27,67216.01,,,,,,,,,,,,,9834.8,,1,98,,,,,DN,0.01,0.01,REAL,0.1018,67120.6,67217.11,0.1438,,,,,,,,,,,,,TAKER_FORCE
2026-03-09T05:04:33.808550485+00:00,R0308_200647,DUMP,S3,eth,eth-updown-5m-1773032400,27,1981.35,,,,,,,,,,,,,0,,0,99,,,,,DN,0.099,0.1,EST,1.0291,1976.94,1981.16,0.2139,,,,,,,,,,,,,TAKER_FORCE|EST_BID
2026-03-09T05:04:33.808599979+00:00,R0308_200647,DUMP,S3,sol,sol-updown-5m-1773032400,27,83.36,,,,,,,,,,,,,3999.8,,1,98,,,,,DN,0.01,0.01,REAL,0.1018,83.19,83.34,0.1796,,,,,,,,,,,,,TAKER_FORCE
2026-03-09T05:04:33.808643315+00:00,R0308_200647,DUMP,S3,xrp,xrp-updown-5m-1773032400,27,1.34,,,,,,,,,,,,,41.6,,7,90,,,,,DN,0.069,0.07,REAL,0.6622,1.34,1.34,0.0388,,,,,,,,,,,,,TAKER_FORCE
2026-03-09T05:05:00.737038659+00:00,R0308_205043,SETTLE,S3,btc,btc-updown-5m-1773032400,0,67208.44,,,0.01,,,,,,,,0.01,,,,,,,,,,,0.01,,,67120.6,67213.77,0.1388,UP,CL,0.99,0,0.3088,0.0063,-0.6163,192.5811,292.5811,209,131,,,
2026-03-09T05:05:00.737163888+00:00,R0308_205043,SETTLE,S3,sol,sol-updown-5m-1773032400,0,83.34,,,0.01,,,,,,,,0.01,,,,,,,,,,,0.01,,,83.19,83.34,0.1782,UP,CL,0.99,0,0.3088,0.0063,-0.6163,192.5811,292.5811,209,131,,,
2026-03-09T05:05:00.737226453+00:00,R0308_205043,SETTLE,S3,xrp,xrp-updown-5m-1773032400,0,1.34,,,0.01,,,,,,,,0.01,,,,,,,,,,,0.079,,,1.34,1.34,0.0324,UP,CL,0.99,0,0.3088,0.0436,0.5891,193.7864,293.7864,210,130,,,
2026-03-09T05:05:00.737309748+00:00,R0308_205043,SETTLE,S3,eth,eth-updown-5m-1773032400,0,1980.61,,,0.01,,,,,,,,0.01,,,,,,,,,,,0.099,,,1976.94,1980.77,0.1938,UP,CL,0.99,0,0.3087,0.058,0.0786,193.2759,293.2759,210,130,,,
2026-03-09T05:05:00.884738718+00:00,R0308_200647,SETTLE,S3,btc,btc-updown-5m-1773032400,0,67209.92,,,0.01,,,,,,,,0.01,,,,,,,,,,,0.01,,,67120.6,67213.77,0.1388,UP,CL,0.99,0,0.3088,0.0063,-0.6163,218.1324,318.1324,241,129,,,
2026-03-09T05:05:00.884890106+00:00,R0308_200647,SETTLE,S3,eth,eth-updown-5m-1773032400,0,1980.67,,,0.01,,,,,,,,0.01,,,,,,,,,,,0.099,,,1976.94,1980.77,0.1938,UP,CL,0.99,0,0.3087,0.058,0.0786,218.8273,318.8273,242,128,,,
2026-03-09T05:05:00.884983308+00:00,R0308_200647,SETTLE,S3,sol,sol-updown-5m-1773032400,0,83.34,,,0.01,,,,,,,,0.01,,,,,,,,,,,0.01,,,83.19,83.34,0.1782,UP,CL,0.99,0,0.3088,0.0063,-0.6163,218.1324,318.1324,241,129,,,
2026-03-09T05:05:00.885046103+00:00,R0308_200647,SETTLE,S3,xrp,xrp-updown-5m-1773032400,0,1.34,,,0.02,,,,,,,,0.02,,,,,,,,,,,0.069,,,1.34,1.34,0.0324,UP,CL,0.99,0,0.3056,0.0385,0.2981,219.0467,319.0467,242,128,,,
2026-03-09T05:05:53.041540776+00:00,R0308_205043,ENTRY,S3,btc,btc-updown-5m-1773032700,247,67198.24,0.51,0.5,0.01,2.8,37.5,50,43,0,0.5,0.49,0.01,37.5,2.8,43,50,0,0.511,0.501,5,5,,,,,,,,,,,,,,,,,,,,,
2026-03-09T05:05:54.280801990+00:00,R0308_200647,ENTRY,S3,btc,btc-updown-5m-1773032700,246,67200.79,0.53,0.49,0.04,99.5,39.9,49,47,0,0.51,0.47,0.04,39.9,99.5,47,49,0,0.531,0.511,5,5,,,,,,,,,,,,,,,,,,,WIDE_SPREAD_UP|WIDE_SPREAD_DN,,
2026-03-09T05:06:03.500668281+00:00,R0308_205043,ENTRY,S3,xrp,xrp-updown-5m-1773032700,237,1.34,0.52,0.51,0.01,26,21,51,48,0,0.49,0.48,0.01,21,26,48,51,0,0.521,0.491,5,5,,,,,,,,,,,,,,,,,,,,,
2026-03-09T05:06:03.705024615+00:00,R0308_200647,ENTRY,S3,xrp,xrp-updown-5m-1773032700,237,1.34,0.53,0.51,0.02,26,43,51,47,0,0.49,0.47,0.02,43,26,47,51,0,0.531,0.491,5,5,,,,,,,,,,,,,,,,,,,,,
2026-03-09T05:06:07.755419374+00:00,R0308_205043,ENTRY,S3,eth,eth-updown-5m-1773032700,233,1980.61,0.51,0.49,0.02,73.4,78,49,49,0,0.51,0.49,0.02,78,73.4,49,49,0,0.511,0.511,5,5,,,,,,,,,,,,,,,,,,,,,
2026-03-09T05:06:07.949982438+00:00,R0308_200647,ENTRY,S3,eth,eth-updown-5m-1773032700,233,1980.61,0.5,0.49,0.01,1.4,102.3,49,50,0,0.51,0.5,0.01,102.3,1.4,50,49,0,0.501,0.511,5,5,,,,,,,,,,,,,,,,,,,,,
2026-03-09T05:06:08.984306316+00:00,R0308_200647,ENTRY,S3,sol,sol-updown-5m-1773032700,232,83.33,0.53,0.52,0.01,10,28.4,52,47,0,0.48,0.47,0.01,28.4,10,47,52,0,0.531,0.481,5,5,,,,,,,,,,,,,,,,,,,,,
2026-03-09T05:06:09.824205150+00:00,R0308_205043,ENTRY,S3,sol,sol-updown-5m-1773032700,231,83.33,0.53,0.52,0.01,2,14,52,47,0,0.48,0.47,0.01,14,2,47,52,0,0.531,0.481,5,5,,,,,,,,,,,,,,,,,,,,,
2026-03-09T05:09:31.624814333+00:00,R0308_205043,DUMP,S3,btc,btc-updown-5m-1773032700,29,67189.79,,,,,,,,,,,,,40.1,,24,75,,,,,UP,0.16,0.24,REAL,1.5656,67210.16,67176.46,-0.0502,,,,,,,,,,,,,MAKER_FILL
2026-03-09T05:09:31.624918130+00:00,R0308_205043,DUMP,S3,eth,eth-updown-5m-1773032700,29,1980.75,,,,,,,,,,,,,5,,63,34,,,,,UP,0.5,0.63,REAL,4.8924,1980.74,1980.52,-0.0114,,,,,,,,,,,,,MAKER_FILL
2026-03-09T05:09:31.844875241+00:00,R0308_200647,DUMP,S3,eth,eth-updown-5m-1773032700,29,1980.75,,,,,,,,,,,,,5,,63,35,,,,,UP,0.5,0.63,REAL,4.99,1980.74,1980.52,-0.0114,,,,,,,,,,,,,MAKER_FILL
2026-03-09T05:09:33.820885313+00:00,R0308_205043,DUMP,S3,xrp,xrp-updown-5m-1773032700,27,1.34,,,,,,,,,,,,,52,,31,68,,,,,UP,0.3,0.31,REAL,2.8791,1.34,1.34,-0.0277,,,,,,,,,,,,,MAKER_FILL
2026-03-09T05:09:33.820979605+00:00,R0308_205043,DUMP,S3,sol,sol-updown-5m-1773032700,27,83.4,,,,,,,,,,,,,45.9,,3,96,,,,,DN,0.029,0.03,REAL,0.3015,83.33,83.4,0.0855,,,,,,,,,,,,,TAKER_FORCE
2026-03-09T05:09:33.912170717+00:00,R0308_200647,DUMP,S3,btc,btc-updown-5m-1773032700,27,67189.8,,,,,,,,,,,,,104.8,,24,75,,,,,UP,0.23,0.24,REAL,2.1657,67210.16,67186.89,-0.0346,,,,,,,,,,,,,MAKER_FILL
2026-03-09T05:09:33.912248404+00:00,R0308_200647,DUMP,S3,sol,sol-updown-5m-1773032700,27,83.4,,,,,,,,,,,,,38.9,,3,96,,,,,DN,0.029,0.03,REAL,0.3015,83.33,83.4,0.0855,,,,,,,,,,,,,TAKER_FORCE
2026-03-09T05:09:33.912310567+00:00,R0308_200647,DUMP,S3,xrp,xrp-updown-5m-1773032700,27,1.34,,,,,,,,,,,,,45,,31,68,,,,,UP,0.3,0.31,REAL,2.8249,1.34,1.34,-0.0277,,,,,,,,,,,,,MAKER_FILL
2026-03-09T05:10:00.107586098+00:00,R0308_200647,SETTLE,S3,btc,btc-updown-5m-1773032700,0,67197.37,,,0.04,,,,,,,,0.04,,,,,,,,,,,0.23,,,67210.16,67197.1,-0.0194,DOWN,CL,0.01,0.98,0.2994,0.1042,1.5469,219.4396,319.4396,244,130,,,
2026-03-09T05:10:00.107724646+00:00,R0308_200647,SETTLE,S3,sol,sol-updown-5m-1773032700,0,83.42,,,0.01,,,,,,,,0.01,,,,,,,,,,,0.029,,,83.33,83.42,0.1011,UP,CL,0.99,0,0.3087,0.0183,-0.6094,217.2834,317.2834,243,131,,,
2026-03-09T05:10:00.107832099+00:00,R0308_200647,SETTLE,S3,xrp,xrp-updown-5m-1773032700,0,1.34,,,0.02,,,,,,,,0.02,,,,,,,,,,,0.3,,,1.34,1.34,-0.0179,DOWN,CL,0.01,0.98,0.3056,0.1236,2.5789,220.4717,320.4717,244,130,,,
2026-03-09T05:10:00.107897747+00:00,R0308_200647,SETTLE,S3,eth,eth-updown-5m-1773032700,0,1980.79,,,0.01,,,,,,,,0.01,,,,,,,,,,,0.5,,,1980.74,1980.87,0.0066,UP,CL,0.98,0.01,0.3087,0.1529,4.4108,222.3035,322.3035,244,130,,,
2026-03-09T05:10:00.982391096+00:00,R0308_205043,SETTLE,S3,btc,btc-updown-5m-1773032700,0,67197.37,,,0.01,,,,,,,,0.01,,,,,,,,,,,0.16,,,67210.16,67196.26,-0.0207,DOWN,CL,0,0.99,0.3087,0.0822,1.1547,193.7871,293.7871,212,132,,,
2026-03-09T05:10:00.982510916+00:00,R0308_205043,SETTLE,S3,xrp,xrp-updown-5m-1773032700,0,1.34,,,0.01,,,,,,,,0.01,,,,,,,,,,,0.3,,,1.34,1.34,-0.0186,DOWN,CL,0,0.99,0.3088,0.126,2.6277,195.2601,295.2601,212,132,,,
2026-03-09T05:10:00.982555233+00:00,R0308_205043,SETTLE,S3,eth,eth-updown-5m-1773032700,0,1980.8,,,0.02,,,,,,,,0.02,,,,,,,,,,,0.5,,,1980.74,1980.88,0.0071,UP,CL,0.99,0,0.3056,0.1529,4.2186,196.851,296.851,212,132,,,
2026-03-09T05:10:00.982584687+00:00,R0308_205043,SETTLE,S3,sol,sol-updown-5m-1773032700,0,83.42,,,0.01,,,,,,,,0.01,,,,,,,,,,,0.029,,,83.33,83.42,0.0997,UP,CL,0.99,0,0.3087,0.0183,-0.6094,192.023,292.023,211,133,,,
2026-03-09T05:10:10.424248665+00:00,R0308_205043,ENTRY,S3,btc,btc-updown-5m-1773033000,290,67202.78,0.52,0.51,0.01,1233.1,69.3,51,48,0,0.49,0.48,0.01,69.3,1233.1,48,51,0,0.521,0.491,5,5,,,,,,,,,,,,,,,,,,,,,
2026-03-09T05:10:10.424398461+00:00,R0308_205043,ENTRY,S3,sol,sol-updown-5m-1773033000,290,83.43,0.53,0.52,0.01,60,53.9,52,47,0,0.48,0.47,0.01,53.9,60,47,52,0,0.531,0.481,5,5,,,,,,,,,,,,,,,,,,,,,
2026-03-09T05:10:10.424462318+00:00,R0308_205043,ENTRY,S3,xrp,xrp-updown-5m-1773033000,290,1.34,0.49,0.48,0.01,51,48,48,51,0,0.52,0.51,0.01,48,51,51,48,0,0.491,0.521,5,5,,,,,,,,,,,,,,,,,,,,,
2026-03-09T05:10:10.589678122+00:00,R0308_200647,ENTRY,S3,sol,sol-updown-5m-1773033000,290,83.43,0.53,0.52,0.01,60,51.8,52,47,0,0.48,0.47,0.01,51.8,60,47,52,0,0.531,0.481,5,5,,,,,,,,,,,,,,,,,,,,,
2026-03-09T05:10:13.527397045+00:00,R0308_205043,ENTRY,S3,eth,eth-updown-5m-1773033000,287,1981.37,0.53,0.52,0.01,86.6,26,52,47,0,0.48,0.47,0.01,26,86.6,47,52,0,0.531,0.481,5,5,,,,,,,,,,,,,,,,,,,,,
2026-03-09T05:10:13.687274267+00:00,R0308_200647,ENTRY,S3,btc,btc-updown-5m-1773033000,287,67190.15,0.51,0.49,0.02,168.6,152.1,49,49,0,0.51,0.49,0.02,152.1,168.6,49,49,0,0.511,0.511,5,5,,,,,,,,,,,,,,,,,,,,,
2026-03-09T05:10:13.687400477+00:00,R0308_200647,ENTRY,S3,eth,eth-updown-5m-1773033000,287,1981.37,0.53,0.52,0.01,26,26,52,47,0,0.48,0.47,0.01,26,26,47,52,0,0.531,0.481,5,5,,,,,,,,,,,,,,,,,,,,,
2026-03-09T05:14:31.184975948+00:00,R0308_200647,DUMP,S3,btc,btc-updown-5m-1773033000,29,67157,,,,,,,,,,,,,59,,5,94,,,,,UP,0.05,0.05,REAL,0.4892,67196.85,67152.18,-0.0665,,,,,,,,,,,,,MAKER_FILL
2026-03-09T05:14:31.185096149+00:00,R0308_200647,DUMP,S3,eth,eth-updown-5m-1773033000,29,1980.69,,,,,,,,,,,,,16,,35,64,,,,,UP,0.34,0.35,REAL,3.2015,1980.86,1980.6,-0.0131,,,,,,,,,,,,,MAKER_FILL
2026-03-09T05:14:31.945847312+00:00,R0308_205043,DUMP,S3,xrp,xrp-updown-5m-1773033000,29,1.34,,,,,,,,,,,,,49,,24,72,,,,,UP,0.17,0.26,REAL,1.7312,1.34,1.34,-0.0557,,,,,,,,,,,,,MAKER_FILL
2026-03-09T05:14:33.252273138+00:00,R0308_200647,DUMP,S3,sol,sol-updown-5m-1773033000,27,83.32,,,,,,,,,,,,,97.9,,3,96,,,,,UP,0.029,0.03,REAL,0.2731,83.41,83.32,-0.1125,,,,,,,,,,,,,TAKER_FORCE
2026-03-09T05:14:34.018935056+00:00,R0308_205043,DUMP,S3,btc,btc-updown-5m-1773033000,26,67157,,,,,,,,,,,,,631.8,,4,95,,,,,UP,0.039,0.04,REAL,0.3743,67196.96,67154.39,-0.0634,,,,,,,,,,,,,TAKER_FORCE
2026-03-09T05:14:34.019028797+00:00,R0308_205043,DUMP,S3,sol,sol-updown-5m-1773033000,26,83.32,,,,,,,,,,,,,97.9,,3,96,,,,,UP,0.029,0.03,REAL,0.2731,83.42,83.32,-0.1146,,,,,,,,,,,,,TAKER_FORCE
2026-03-09T05:14:34.019086304+00:00,R0308_205043,DUMP,S3,eth,eth-updown-5m-1773033000,26,1980.7,,,,,,,,,,,,,32.1,,34,65,,,,,UP,0.34,0.34,REAL,3.2015,1980.9,1980.64,-0.0127,,,,,,,,,,,,,MAKER_FILL
2026-03-09T05:15:00.210313817+00:00,R0308_205043,SETTLE,S3,btc,btc-updown-5m-1773033000,0,67157,,,0.01,,,,,,,,0.01,,,,,,,,,,,0.039,,,67196.96,67153.73,-0.0643,DOWN,CL,0,0.99,0.3088,0.0225,0.2263,200.2503,300.2503,215,133,,,
2026-03-09T05:15:00.210507900+00:00,R0308_205043,SETTLE,S3,sol,sol-updown-5m-1773033000,0,83.31,,,0.01,,,,,,,,0.01,,,,,,,,,,,0.029,,,83.42,83.31,-0.134,DOWN,CL,0,0.99,0.3087,0.0166,0.3428,200.3667,300.3667,215,133,,,
2026-03-09T05:15:00.210645658+00:00,R0308_205043,SETTLE,S3,eth,eth-updown-5m-1773033000,0,1980.69,,,0.01,,,,,,,,0.01,,,,,,,,,,,0.34,,,1980.9,1980.61,-0.0143,DOWN,CL,0.01,0.9,0.3087,0.1321,3.1557,203.1797,303.1797,215,133,,,
2026-03-09T05:15:00.210695423+00:00,R0308_205043,SETTLE,S3,xrp,xrp-updown-5m-1773033000,0,1.34,,,0.01,,,,,,,,0.01,,,,,,,,,,,0.17,,,1.34,1.34,-0.0178,DOWN,CL,0.01,0.87,0.3088,0.0898,0.9295,200.9535,300.9535,215,133,,,
2026-03-09T05:15:00.542058727+00:00,R0308_200647,SETTLE,S3,btc,btc-updown-5m-1773033000,0,67157,,,0.02,,,,,,,,0.02,,,,,,,,,,,0.05,,,67196.85,67156.26,-0.0604,DOWN,CL,0,0.99,0.3056,0.029,-0.0607,225.7592,325.7592,246,132,,,
2026-03-09T05:15:00.542130324+00:00,R0308_200647,SETTLE,S3,sol,sol-updown-5m-1773033000,0,83.31,,,0.01,,,,,,,,0.01,,,,,,,,,,,0.029,,,83.41,83.31,-0.1315,DOWN,CL,0,0.99,0.3087,0.0166,0.3428,226.1627,326.1627,247,131,,,
2026-03-09T05:15:00.542159319+00:00,R0308_200647,SETTLE,S3,eth,eth-updown-5m-1773033000,0,1980.69,,,0.01,,,,,,,,0.01,,,,,,,,,,,0.34,,,1980.86,1980.62,-0.0118,DOWN,CL,0.01,0.9,0.3087,0.1321,3.1557,228.9757,328.9757,247,131,,,
2026-03-09T05:15:10.684124483+00:00,R0308_205043,ENTRY,S3,btc,btc-updown-5m-1773033300,290,67161.13,0.52,0.51,0.01,45.4,276.6,51,48,0,0.49,0.48,0.01,276.6,45.4,48,51,0,0.521,0.491,5,5,,,,,,,,,,,,,,,,,,,,,
2026-03-09T05:15:10.684296823+00:00,R0308_205043,ENTRY,S3,eth,eth-updown-5m-1773033300,290,1980.83,0.51,0.5,0.01,6,115.5,50,49,0,0.5,0.49,0.01,115.5,6,49,50,0,0.511,0.501,5,5,,,,,,,,,,,,,,,,,,,,,
2026-03-09T05:15:10.684436493+00:00,R0308_205043,ENTRY,S3,sol,sol-updown-5m-1773033300,290,83.31,0.5,0.49,0.01,155,42,49,50,0,0.51,0.5,0.01,42,155,50,49,0,0.501,0.511,5,5,,,,,,,,,,,,,,,,,,,,,
2026-03-09T05:15:11.014239704+00:00,R0308_200647,ENTRY,S3,btc,btc-updown-5m-1773033300,289,67158.33,0.51,0.5,0.01,68.2,30,50,49,0,0.5,0.49,0.01,30,68.2,49,50,0,0.511,0.501,5,5,,,,,,,,,,,,,,,,,,,,,
2026-03-09T05:15:11.014347316+00:00,R0308_200647,ENTRY,S3,eth,eth-updown-5m-1773033300,289,1980.71,0.5,0.49,0.01,66,68.5,49,50,0,0.51,0.5,0.01,68.5,66,50,49,0,0.501,0.511,5,5,,,,,,,,,,,,,,,,,,,,,
2026-03-09T05:15:11.014466597+00:00,R0308_200647,ENTRY,S3,sol,sol-updown-5m-1773033300,289,83.31,0.5,0.49,0.01,160,47.6,49,50,0,0.51,0.5,0.01,47.6,160,50,49,0,0.501,0.511,5,5,,,,,,,,,,,,,,,,,,,,,
2026-03-09T05:15:16.891607733+00:00,R0308_205043,ENTRY,S3,xrp,xrp-updown-5m-1773033300,284,1.34,0.52,0.51,0.01,86.1,6.1,51,48,0,0.49,0.48,0.01,6.1,86.1,48,51,0,0.521,0.491,5,5,,,,,,,,,,,,,,,,,,,,,
2026-03-09T05:15:17.210977418+00:00,R0308_200647,ENTRY,S3,xrp,xrp-updown-5m-1773033300,283,1.34,0.52,0.51,0.01,79.1,6.1,51,48,0,0.49,0.48,0.01,6.1,79.1,48,51,0,0.521,0.491,5,5,,,,,,,,,,,,,,,,,,,,,
2026-03-09T05:19:31.886211799+00:00,R0308_200647,DUMP,S3,eth,eth-updown-5m-1773033300,29,1980.54,,,,,,,,,,,,,15,,40,59,,,,,UP,0.36,0.4,REAL,3.5928,1980.52,1980.43,-0.0047,,,,,,,,,,,,,MAKER_FILL
2026-03-09T05:19:32.037776996+00:00,R0308_205043,DUMP,S3,eth,eth-updown-5m-1773033300,28,1980.54,,,,,,,,,,,,,15,,40,59,,,,,UP,0.36,0.4,REAL,3.5225,1980.52,1980.43,-0.0047,,,,,,,,,,,,,MAKER_FILL
2026-03-09T05:19:33.066340075+00:00,R0308_200647,DUMP,S3,btc,btc-updown-5m-1773033300,27,67194.43,,,,,,,,,,,,,1856.8,,3,96,,,,,DN,0.029,0.03,REAL,0.2894,67155.61,67191.71,0.0538,,,,,,,,,,,,,TAKER_FORCE
2026-03-09T05:19:33.066471633+00:00,R0308_200647,DUMP,S3,sol,sol-updown-5m-1773033300,27,83.37,,,,,,,,,,,,,31.3,,4,95,,,,,DN,0.039,0.04,REAL,0.3816,83.31,83.37,0.0733,,,,,,,,,,,,,TAKER_FORCE
2026-03-09T05:19:33.066541428+00:00,R0308_200647,DUMP,S3,xrp,xrp-updown-5m-1773033300,27,1.35,,,,,,,,,,,,,4579.5,,1,98,,,,,DN,0.01,0.01,REAL,0.1018,1.34,1.35,0.1253,,,,,,,,,,,,,TAKER_FORCE
2026-03-09T05:19:33.070612559+00:00,R0308_205043,DUMP,S3,btc,btc-updown-5m-1773033300,27,67194.43,,,,,,,,,,,,,1856.8,,3,96,,,,,DN,0.029,0.03,REAL,0.2953,67155.61,67191.71,0.0538,,,,,,,,,,,,,TAKER_FORCE
2026-03-09T05:19:33.070720512+00:00,R0308_205043,DUMP,S3,xrp,xrp-updown-5m-1773033300,27,1.35,,,,,,,,,,,,,4579.5,,1,98,,,,,DN,0.01,0.01,REAL,0.1018,1.34,1.35,0.1253,,,,,,,,,,,,,TAKER_FORCE
2026-03-09T05:19:33.070770717+00:00,R0308_205043,DUMP,S3,sol,sol-updown-5m-1773033300,27,83.37,,,,,,,,,,,,,31.3,,4,95,,,,,DN,0.039,0.04,REAL,0.3816,83.31,83.37,0.0733,,,,,,,,,,,,,TAKER_FORCE
2026-03-09T05:20:00.164547300+00:00,R0308_205043,SETTLE,S3,btc,btc-updown-5m-1773033300,0,67185.82,,,0.01,,,,,,,,0.01,,,,,,,,,,,0.029,,,67155.61,67184.47,0.043,UP,CL,0.99,0,0.3088,0.0179,-0.4344,204.2439,304.2439,218,134,,,
2026-03-09T05:20:00.164673540+00:00,R0308_205043,SETTLE,S3,xrp,xrp-updown-5m-1773033300,0,1.35,,,0.01,,,,,,,,0.01,,,,,,,,,,,0.01,,,1.34,1.35,0.092,UP,CL,0.99,0,0.3088,0.0063,-0.6163,204.062,304.062,218,134,,,
2026-03-09T05:20:00.164721092+00:00,R0308_205043,SETTLE,S3,eth,eth-updown-5m-1773033300,0,1980.01,,,0.01,,,,,,,,0.01,,,,,,,,,,,0.36,,,1980.52,1979.9,-0.0316,DOWN,CL,0,0.99,0.3087,0.1409,3.0529,207.7312,307.7312,219,133,,,
2026-03-09T05:20:00.164796856+00:00,R0308_205043,SETTLE,S3,sol,sol-updown-5m-1773033300,0,83.35,,,0.01,,,,,,,,0.01,,,,,,,,,,,0.039,,,83.31,83.34,0.0456,UP,CL,0.99,0,0.3087,0.0229,0.03,204.7083,304.7083,219,133,,,
2026-03-09T05:20:00.228248714+00:00,R0308_200647,SETTLE,S3,btc,btc-updown-5m-1773033300,0,67185.82,,,0.01,,,,,,,,0.01,,,,,,,,,,,0.029,,,67155.61,67184.47,0.043,UP,CL,0.99,0,0.3087,0.0176,-0.2522,229.0056,329.0056,248,133,,,
2026-03-09T05:20:00.228341043+00:00,R0308_200647,SETTLE,S3,eth,eth-updown-5m-1773033300,0,1980.01,,,0.01,,,,,,,,0.01,,,,,,,,,,,0.36,,,1980.52,1979.9,-0.0316,DOWN,CL,0,0.99,0.3087,0.1437,2.9251,232.1828,332.1828,249,132,,,
2026-03-09T05:20:00.228388865+00:00,R0308_200647,SETTLE,S3,sol,sol-updown-5m-1773033300,0,83.35,,,0.01,,,,,,,,0.01,,,,,,,,,,,0.039,,,83.31,83.34,0.0456,UP,CL,0.99,0,0.3087,0.0229,0.03,229.2877,329.2877,249,132,,,
2026-03-09T05:20:00.228425661+00:00,R0308_200647,SETTLE,S3,xrp,xrp-updown-5m-1773033300,0,1.35,,,0.01,,,,,,,,0.01,,,,,,,,,,,0.01,,,1.34,1.35,0.092,UP,CL,0.99,0,0.3088,0.0063,-0.6163,228.6414,328.6414,248,133,,,
2026-03-09T05:20:24.349098553+00:00,R0308_200647,ENTRY,S3,xrp,xrp-updown-5m-1773033600,276,1.34,0.48,0.47,0.01,10,42,47,52,0,0.53,0.52,0.01,42,10,52,47,0,0.481,0.531,5,5,,,,,,,,,,,,,,,,,,,,,
2026-03-09T05:20:24.366638406+00:00,R0308_205043,ENTRY,S3,xrp,xrp-updown-5m-1773033600,276,1.34,0.48,0.47,0.01,10,42,47,52,0,0.53,0.52,0.01,42,10,52,47,0,0.481,0.531,5,5,,,,,,,,,,,,,,,,,,,,,
2026-03-09T05:20:31.601299679+00:00,R0308_205043,ENTRY,S3,eth,eth-updown-5m-1773033600,269,1980.01,0.49,0.48,0.01,14,50.1,39,51,0,0.52,0.51,0.01,50.1,14,51,39,0,0.491,0.521,5,5,,,,,,,,,,,,,,,,,,,,,
2026-03-09T05:20:31.739893249+00:00,R0308_200647,ENTRY,S3,eth,eth-updown-5m-1773033600,269,1980,0.49,0.48,0.01,14,0.1,48,51,0,0.52,0.51,0.01,0.1,14,51,48,0,0.491,0.521,5,5,,,,,,,,,,,,,,,,,,,,,
2026-03-09T05:20:38.956563536+00:00,R0308_205043,ENTRY,S3,btc,btc-updown-5m-1773033600,262,67170.2,0.5,0.47,0.03,18,81,47,50,0,0.53,0.5,0.03,81,18,50,47,0,0.501,0.531,5,5,,,,,,,,,,,,,,,,,,,WIDE_SPREAD_UP|WIDE_SPREAD_DN,,
2026-03-09T05:20:39.120568004+00:00,R0308_200647,ENTRY,S3,btc,btc-updown-5m-1773033600,261,67172.88,0.5,0.48,0.02,30,81,48,50,0,0.52,0.5,0.02,81,30,50,48,0,0.501,0.521,5,5,,,,,,,,,,,,,,,,,,,,,
2026-03-09T05:20:43.202785980+00:00,R0308_205043,ENTRY,S3,sol,sol-updown-5m-1773033600,257,83.33,0.48,0.47,0.01,66,37,47,52,0,0.53,0.52,0.01,37,66,52,47,0,0.481,0.531,5,5,,,,,,,,,,,,,,,,,,,,,
2026-03-09T05:21:05.282211019+00:00,R0308_200647,ENTRY,S3,sol,sol-updown-5m-1773033600,235,83.34,0.48,0.47,0.01,187.6,16.1,47,50,0,0.53,0.52,0.01,16.1,187.6,50,47,0,0.481,0.531,5,5,,,,,,,,,,,,,,,,,,,,,
2026-03-09T05:24:33.024344652+00:00,R0308_200647,DUMP,S3,eth,eth-updown-5m-1773033600,27,1985,,,,,,,,,,,,,385.8,,2,111,,,,,DN,0.01,0.002,REAL,0.096,1979.92,1984.59,0.2358,,,,,,,,,,,,,TAKER_FORCE
2026-03-09T05:24:33.024484303+00:00,R0308_200647,DUMP,S3,btc,btc-updown-5m-1773033600,27,67319.67,,,,,,,,,,,,,1.4,,4,109,,,,,DN,0.01,0.006,REAL,0.096,67184.07,67315.41,0.1955,,,,,,,,,,,,,TAKER_FORCE
2026-03-09T05:24:33.024556232+00:00,R0308_200647,DUMP,S3,xrp,xrp-updown-5m-1773033600,27,1.35,,,,,,,,,,,,,5527.9,,1,95,,,,,DN,0.01,0.01,REAL,0.0942,1.35,1.35,0.082,,,,,,,,,,,,,TAKER_FORCE
2026-03-09T05:24:33.024628220+00:00,R0308_200647,DUMP,S3,sol,sol-updown-5m-1773033600,27,83.5,,,,,,,,,,,,,728.9,,1,98,,,,,DN,0.01,0.01,REAL,0.0942,83.35,83.49,0.1655,,,,,,,,,,,,,TAKER_FORCE
2026-03-09T05:24:33.037607795+00:00,R0308_205043,DUMP,S3,btc,btc-updown-5m-1773033600,27,67319.67,,,,,,,,,,,,,1.4,,4,109,,,,,DN,0.01,0.006,REAL,0.0942,67184.07,67315.41,0.1955,,,,,,,,,,,,,TAKER_FORCE
2026-03-09T05:24:33.037721547+00:00,R0308_205043,DUMP,S3,xrp,xrp-updown-5m-1773033600,27,1.35,,,,,,,,,,,,,5527.9,,1,95,,,,,DN,0.01,0.01,REAL,0.0942,1.35,1.35,0.082,,,,,,,,,,,,,TAKER_FORCE
2026-03-09T05:24:33.037814578+00:00,R0308_205043,DUMP,S3,sol,sol-updown-5m-1773033600,27,83.5,,,,,,,,,,,,,728.9,,1,98,,,,,DN,0.01,0.01,REAL,0.0942,83.35,83.49,0.1655,,,,,,,,,,,,,TAKER_FORCE
2026-03-09T05:24:33.037874067+00:00,R0308_205043,DUMP,S3,eth,eth-updown-5m-1773033600,27,1985,,,,,,,,,,,,,385.8,,2,111,,,,,DN,0.01,0.002,REAL,0.096,1979.92,1984.59,0.2358,,,,,,,,,,,,,TAKER_FORCE
2026-03-09T05:25:00.165460173+00:00,R0308_205043,SETTLE,S3,btc,btc-updown-5m-1773033600,0,67298.48,,,0.03,,,,,,,,0.03,,,,,,,,,,,0.01,,,67184.07,67293.11,0.1623,UP,CL,0.999,0,0.3025,0.0058,-0.2341,206.4763,306.4763,220,136,,,
2026-03-09T05:25:00.165621666+00:00,R0308_205043,SETTLE,S3,xrp,xrp-updown-5m-1773033600,0,1.35,,,0.01,,,,,,,,0.01,,,,,,,,,,,0.01,,,1.35,1.35,0.0308,UP,CL,0.99,0,0.3087,0.0058,0.1746,206.8851,306.8851,221,135,,,
2026-03-09T05:25:00.165724701+00:00,R0308_205043,SETTLE,S3,sol,sol-updown-5m-1773033600,0,83.47,,,0.01,,,,,,,,0.01,,,,,,,,,,,0.01,,,83.35,83.46,0.1284,UP,CL,0.99,0,0.3087,0.0058,0.1746,206.8851,306.8851,221,135,,,
2026-03-09T05:25:00.165836890+00:00,R0308_205043,SETTLE,S3,eth,eth-updown-5m-1773033600,0,1984.28,,,0.01,,,,,,,,0.01,,,,,,,,,,,0.01,,,1979.92,1984.01,0.2068,UP,CL,0.999,0,0.3088,0.0059,-0.0354,206.675,306.675,220,136,,,
2026-03-09T05:25:00.409357181+00:00,R0308_200647,SETTLE,S3,eth,eth-updown-5m-1773033600,0,1984.28,,,0.01,,,,,,,,0.01,,,,,,,,,,,0.01,,,1979.92,1984.03,0.2078,UP,CL,0.999,0,0.3088,0.0059,-0.0354,231.3089,331.3089,250,135,,,
2026-03-09T05:25:00.409504494+00:00,R0308_200647,SETTLE,S3,btc,btc-updown-5m-1773033600,0,67298.48,,,0.02,,,,,,,,0.02,,,,,,,,,,,0.01,,,67184.07,67293.11,0.1623,UP,CL,0.999,0,0.3056,0.0059,-0.2356,231.1088,331.1088,250,135,,,
2026-03-09T05:25:00.409598205+00:00,R0308_200647,SETTLE,S3,xrp,xrp-updown-5m-1773033600,0,1.35,,,0.01,,,,,,,,0.01,,,,,,,,,,,0.01,,,1.35,1.35,0.0308,UP,CL,0.99,0,0.3087,0.0058,0.1746,231.5189,331.5189,251,134,,,
2026-03-09T05:25:00.409685457+00:00,R0308_200647,SETTLE,S3,sol,sol-updown-5m-1773033600,0,83.47,,,0.01,,,,,,,,0.01,,,,,,,,,,,0.01,,,83.35,83.46,0.1269,UP,CL,0.99,0,0.3087,0.0058,0.1746,231.5189,331.5189,251,134,,,
2026-03-09T05:25:10.621283327+00:00,R0308_205043,ENTRY,S3,btc,btc-updown-5m-1773033900,290,67290.73,0.48,0.47,0.01,1159.6,62.5,47,52,0,0.53,0.52,0.01,62.5,1159.6,52,47,0,0.481,0.531,5,5,,,,,,,,,,,,,,,,,,,,,
2026-03-09T05:25:10.621501105+00:00,R0308_205043,ENTRY,S3,eth,eth-updown-5m-1773033900,290,1984.36,0.51,0.5,0.01,512.8,10.3,50,49,0,0.5,0.49,0.01,10.3,512.8,49,50,0,0.511,0.501,5,5,,,,,,,,,,,,,,,,,,,,,
2026-03-09T05:25:10.621576729+00:00,R0308_205043,ENTRY,S3,sol,sol-updown-5m-1773033900,290,83.47,0.51,0.49,0.02,52,10,49,49,0,0.51,0.49,0.02,10,52,49,49,0,0.511,0.511,5,5,,,,,,,,,,,,,,,,,,,,,
2026-03-09T05:25:10.903123310+00:00,R0308_200647,ENTRY,S3,btc,btc-updown-5m-1773033900,290,67290.73,0.48,0.47,0.01,1130.7,60.4,47,52,0,0.53,0.52,0.01,60.4,1130.7,52,47,0,0.481,0.531,5,5,,,,,,,,,,,,,,,,,,,,,
2026-03-09T05:25:10.903205885+00:00,R0308_200647,ENTRY,S3,eth,eth-updown-5m-1773033900,290,1984.36,0.51,0.5,0.01,506,10.3,50,49,0,0.5,0.49,0.01,10.3,506,49,50,0,0.511,0.501,5,5,,,,,,,,,,,,,,,,,,,,,
2026-03-09T05:25:10.903253777+00:00,R0308_200647,ENTRY,S3,sol,sol-updown-5m-1773033900,290,83.47,0.51,0.5,0.01,31,10,50,49,0,0.5,0.49,0.01,10,31,49,50,0,0.511,0.501,5,5,,,,,,,,,,,,,,,,,,,,,
2026-03-09T05:25:14.008132139+00:00,R0308_200647,ENTRY,S3,xrp,xrp-updown-5m-1773033900,286,1.35,0.53,0.51,0.02,64.3,43,51,47,0,0.49,0.47,0.02,43,64.3,47,51,0,0.531,0.491,5,5,,,,,,,,,,,,,,,,,,,,,
2026-03-09T05:25:14.883060192+00:00,R0308_205043,ENTRY,S3,xrp,xrp-updown-5m-1773033900,286,1.35,0.52,0.5,0.02,21,64,50,48,0,0.5,0.48,0.02,64,21,48,50,0,0.521,0.501,5,5,,,,,,,,,,,,,,,,,,,,,
2026-03-09T05:29:33.276614993+00:00,R0308_205043,DUMP,S3,eth,eth-updown-5m-1773033900,27,1987.83,,,,,,,,,,,,,17.8,,1,113,,,,,DN,0.01,0.001,REAL,0.0998,1984.01,1987.63,0.1824,,,,,,,,,,,,,TAKER_FORCE
2026-03-09T05:29:33.276716817+00:00,R0308_205043,DUMP,S3,btc,btc-updown-5m-1773033900,27,67382.06,,,,,,,,,,,,,8175.3,,1,98,,,,,DN,0.01,0.01,REAL,0.0942,67292.4,67373.81,0.121,,,,,,,,,,,,,TAKER_FORCE
2026-03-09T05:29:33.276774503+00:00,R0308_205043,DUMP,S3,sol,sol-updown-5m-1773033900,27,83.5,,,,,,,,,,,,,24,,25,72,,,,,DN,0.249,0.25,REAL,2.4364,83.46,83.49,0.0307,,,,,,,,,,,,,TAKER_FORCE
2026-03-09T05:29:33.276817519+00:00,R0308_205043,DUMP,S3,xrp,xrp-updown-5m-1773033900,27,1.34,,,,,,,,,,,,,48.3,,6,92,,,,,UP,0.059,0.06,REAL,0.5662,1.35,1.34,-0.0621,,,,,,,,,,,,,TAKER_FORCE
2026-03-09T05:29:33.399082806+00:00,R0308_200647,DUMP,S3,sol,sol-updown-5m-1773033900,27,83.5,,,,,,,,,,,,,8,,25,74,,,,,DN,0.249,0.25,REAL,2.485,83.47,83.49,0.0285,,,,,,,,,,,,,TAKER_FORCE
2026-03-09T05:29:33.399170217+00:00,R0308_200647,DUMP,S3,eth,eth-updown-5m-1773033900,27,1987.83,,,,,,,,,,,,,17.8,,1,113,,,,,DN,0.01,0.001,REAL,0.0998,1984.02,1987.65,0.1829,,,,,,,,,,,,,TAKER_FORCE
2026-03-09T05:29:33.399212462+00:00,R0308_200647,DUMP,S3,btc,btc-updown-5m-1773033900,27,67382.06,,,,,,,,,,,,,8175.3,,1,98,,,,,DN,0.01,0.01,REAL,0.0942,67290.63,67373.81,0.1236,,,,,,,,,,,,,TAKER_FORCE
2026-03-09T05:29:33.399263969+00:00,R0308_200647,DUMP,S3,xrp,xrp-updown-5m-1773033900,27,1.34,,,,,,,,,,,,,15,,6,92,,,,,UP,0.059,0.06,REAL,0.5556,1.35,1.34,-0.0595,,,,,,,,,,,,,TAKER_FORCE
2026-03-09T05:30:00.481408501+00:00,R0308_205043,SETTLE,S3,eth,eth-updown-5m-1773033900,0,1987.95,,,0.01,,,,,,,,0.01,,,,,,,,,,,0.01,,,1984.01,1987.33,0.1672,UP,CL,0.999,0,0.3087,0.0062,-0.4304,206.3597,306.3597,222,138,,,
2026-03-09T05:30:00.481547531+00:00,R0308_205043,SETTLE,S3,btc,btc-updown-5m-1773033900,0,67389.82,,,0.01,,,,,,,,0.01,,,,,,,,,,,0.01,,,67292.4,67371.34,0.1173,UP,CL,0.99,0,0.3087,0.0058,0.1746,206.9647,306.9647,223,137,,,
2026-03-09T05:30:00.481606841+00:00,R0308_205043,SETTLE,S3,sol,sol-updown-5m-1773033900,0,83.52,,,0.02,,,,,,,,0.02,,,,,,,,,,,0.249,,,83.46,83.48,0.0243,UP,CL,0.99,0,0.3056,0.1144,1.8012,208.5913,308.5913,223,137,,,
2026-03-09T05:30:00.481665910+00:00,R0308_205043,SETTLE,S3,xrp,xrp-updown-5m-1773033900,0,1.35,,,0.02,,,,,,,,0.02,,,,,,,,,,,0.059,,,1.35,1.35,-0.0514,DOWN,CL,0,0.99,0.3056,0.0333,0.2073,206.9974,306.9974,223,137,,,
2026-03-09T05:30:00.624991238+00:00,R0308_200647,SETTLE,S3,sol,sol-updown-5m-1773033900,0,83.53,,,0.01,,,,,,,,0.01,,,,,,,,,,,0.249,,,83.47,83.48,0.0221,UP,CL,0.99,0,0.3087,0.1166,1.8444,233.2669,333.2669,253,136,,,
2026-03-09T05:30:00.625149216+00:00,R0308_200647,SETTLE,S3,eth,eth-updown-5m-1773033900,0,1988.06,,,0.01,,,,,,,,0.01,,,,,,,,,,,0.01,,,1984.02,1987.33,0.1664,UP,CL,0.999,0,0.3087,0.0062,-0.4304,230.9922,330.9922,252,137,,,
2026-03-09T05:30:00.625238101+00:00,R0308_200647,SETTLE,S3,btc,btc-updown-5m-1773033900,0,67389.82,,,0.01,,,,,,,,0.01,,,,,,,,,,,0.01,,,67290.63,67371.34,0.1199,UP,CL,0.99,0,0.3087,0.0058,0.1746,231.5971,331.5971,253,136,,,
2026-03-09T05:30:00.625275527+00:00,R0308_200647,SETTLE,S3,xrp,xrp-updown-5m-1773033900,0,1.35,,,0.02,,,,,,,,0.02,,,,,,,,,,,0.059,,,1.35,1.35,-0.0488,DOWN,CL,0,0.99,0.3056,0.0327,0.4006,231.8231,331.8231,253,136,,,
2026-03-09T05:30:12.184159367+00:00,R0308_200647,ENTRY,S3,eth,eth-updown-5m-1773034200,288,1987.3,0.49,0.47,0.02,14,23.6,47,51,0,0.53,0.51,0.02,23.6,14,51,47,0,0.491,0.531,5,5,,,,,,,,,,,,,,,,,,,,,
2026-03-09T05:30:13.012243610+00:00,R0308_205043,ENTRY,S3,eth,eth-updown-5m-1773034200,287,1987.31,0.5,0.49,0.01,9.4,147.2,49,50,0,0.51,0.5,0.01,147.2,9.4,50,49,0,0.501,0.511,5,5,,,,,,,,,,,,,,,,,,,,,
2026-03-09T05:30:13.012432113+00:00,R0308_205043,ENTRY,S3,sol,sol-updown-5m-1773034200,287,83.49,0.48,0.47,0.01,14,56.1,47,52,0,0.53,0.52,0.01,56.1,14,52,47,0,0.481,0.531,5,5,,,,,,,,,,,,,,,,,,,,,
2026-03-09T05:30:13.376032797+00:00,R0308_200647,ENTRY,S3,sol,sol-updown-5m-1773034200,287,83.48,0.49,0.48,0.01,24.2,17.3,48,51,0,0.52,0.51,0.01,17.3,24.2,51,48,0,0.491,0.521,5,5,,,,,,,,,,,,,,,,,,,,,
2026-03-09T05:30:46.431404174+00:00,R0308_205043,ENTRY,S3,btc,btc-updown-5m-1773034200,254,67387.16,0.53,0.52,0.01,243.8,43.7,52,46,0,0.48,0.47,0.01,43.7,243.8,46,52,0,0.531,0.481,5,5,,,,,,,,,,,,,,,,,,,,,
2026-03-09T05:30:46.908908583+00:00,R0308_200647,ENTRY,S3,btc,btc-updown-5m-1773034200,254,67387.16,0.53,0.52,0.01,146,41.6,52,47,0,0.48,0.47,0.01,41.6,146,47,52,0,0.531,0.481,5,5,,,,,,,,,,,,,,,,,,,,,
2026-03-09T05:30:51.045361758+00:00,R0308_200647,ENTRY,S3,xrp,xrp-updown-5m-1773034200,249,1.35,0.52,0.48,0.04,73.7,8,48,48,0,0.52,0.48,0.04,8,73.7,48,48,0,0.521,0.521,5,5,,,,,,,,,,,,,,,,,,,WIDE_SPREAD_UP|WIDE_SPREAD_DN,,
2026-03-09T05:30:51.783525564+00:00,R0308_205043,ENTRY,S3,xrp,xrp-updown-5m-1773034200,249,1.35,0.53,0.52,0.01,10,75.5,52,47,0,0.48,0.47,0.01,75.5,10,47,52,0,0.531,0.481,5,5,,,,,,,,,,,,,,,,,,,,,
2026-03-09T05:34:33.304552197+00:00,R0308_205043,DUMP,S3,eth,eth-updown-5m-1773034200,27,1995.67,,,,,,,,,,,,,0,,0,99,,,,,DN,0.049,0.05,EST,0.4795,1987.34,1995.55,0.4131,,,,,,,,,,,,,TAKER_FORCE|EST_BID
2026-03-09T05:34:33.304690066+00:00,R0308_205043,DUMP,S3,sol,sol-updown-5m-1773034200,27,83.83,,,,,,,,,,,,,0,,0,99,,,,,DN,0.049,0.05,EST,0.4614,83.48,83.83,0.4132,,,,,,,,,,,,,TAKER_FORCE|EST_BID
2026-03-09T05:34:33.304778719+00:00,R0308_205043,DUMP,S3,btc,btc-updown-5m-1773034200,27,67622.07,,,,,,,,,,,,,0,,0,120,,,,,DN,0.049,0.05,EST,0.5094,67373.3,67618.2,0.3635,,,,,,,,,,,,,TAKER_FORCE|EST_BID
2026-03-09T05:34:33.304840312+00:00,R0308_205043,DUMP,S3,xrp,xrp-updown-5m-1773034200,27,1.35,,,,,,,,,,,,,0,,0,99,,,,,DN,0.099,0.1,EST,1.0291,1.35,1.35,0.2658,,,,,,,,,,,,,TAKER_FORCE|EST_BID
2026-03-09T05:34:33.869892366+00:00,R0308_200647,DUMP,S3,xrp,xrp-updown-5m-1773034200,27,1.35,,,,,,,,,,,,,0,,0,99,,,,,DN,0.099,0.1,EST,0.9501,1.35,1.35,0.2658,,,,,,,,,,,,,TAKER_FORCE|EST_BID
2026-03-09T05:34:33.869976042+00:00,R0308_200647,DUMP,S3,btc,btc-updown-5m-1773034200,27,67622.07,,,,,,,,,,,,,0,,0,120,,,,,DN,0.049,0.05,EST,0.5094,67373.3,67618.2,0.3635,,,,,,,,,,,,,TAKER_FORCE|EST_BID
2026-03-09T05:34:33.870030073+00:00,R0308_200647,DUMP,S3,eth,eth-updown-5m-1773034200,27,1995.67,,,,,,,,,,,,,0,,0,99,,,,,DN,0.049,0.05,EST,0.4614,1987.34,1995.55,0.4131,,,,,,,,,,,,,TAKER_FORCE|EST_BID
2026-03-09T05:34:33.870070145+00:00,R0308_200647,DUMP,S3,sol,sol-updown-5m-1773034200,27,83.83,,,,,,,,,,,,,0,,0,99,,,,,DN,0.049,0.05,EST,0.4702,83.48,83.83,0.4132,,,,,,,,,,,,,TAKER_FORCE|EST_BID
2026-03-09T05:35:00.168190365+00:00,R0308_200647,SETTLE,S3,xrp,xrp-updown-5m-1773034200,0,1.35,,,0.04,,,,,,,,0.04,,,,,,,,,,,0.099,,,1.35,1.35,0.2708,UP,CL,0.99,0,0.2994,0.0535,0.1941,233.6058,333.6058,256,137,,,
2026-03-09T05:35:00.168316575+00:00,R0308_200647,SETTLE,S3,btc,btc-updown-5m-1773034200,0,67587.08,,,0.01,,,,,,,,0.01,,,,,,,,,,,0.049,,,67373.3,67592.61,0.3255,UP,CL,0.999,0,0.3087,0.0303,-0.4135,232.9982,332.9982,255,138,,,
2026-03-09T05:35:00.168355775+00:00,R0308_200647,SETTLE,S3,eth,eth-updown-5m-1773034200,0,1992.88,,,0.02,,,,,,,,0.02,,,,,,,,,,,0.049,,,1987.34,1994.51,0.3604,UP,CL,0.99,0,0.3056,0.0274,0.3116,233.7233,333.7233,256,137,,,
2026-03-09T05:35:00.168402435+00:00,R0308_200647,SETTLE,S3,sol,sol-updown-5m-1773034200,0,83.96,,,0.01,,,,,,,,0.01,,,,,,,,,,,0.049,,,83.48,83.91,0.5171,UP,CL,0.99,0,0.3088,0.028,0.3168,233.7285,333.7285,256,137,,,
2026-03-09T05:35:00.492112336+00:00,R0308_205043,SETTLE,S3,eth,eth-updown-5m-1773034200,0,1992.88,,,0.01,,,,,,,,0.01,,,,,,,,,,,0.049,,,1987.34,1994.63,0.3664,UP,CL,0.99,0,0.3087,0.0285,0.1222,208.665,308.665,226,138,,,
2026-03-09T05:35:00.492231345+00:00,R0308_205043,SETTLE,S3,sol,sol-updown-5m-1773034200,0,83.96,,,0.01,,,,,,,,0.01,,,,,,,,,,,0.049,,,83.48,83.95,0.5577,UP,CL,0.99,0,0.3087,0.0274,0.5202,209.063,309.063,226,138,,,
2026-03-09T05:35:00.492275031+00:00,R0308_205043,SETTLE,S3,btc,btc-updown-5m-1773034200,0,67587.07,,,0.01,,,,,,,,0.01,,,,,,,,,,,0.049,,,67373.3,67593.08,0.3262,UP,CL,0.999,0,0.3087,0.0303,-0.4135,208.1293,308.1293,225,139,,,
2026-03-09T05:35:00.492313128+00:00,R0308_205043,SETTLE,S3,xrp,xrp-updown-5m-1773034200,0,1.35,,,0.01,,,,,,,,0.01,,,,,,,,,,,0.099,,,1.35,1.35,0.2735,UP,CL,0.99,0,0.3087,0.058,0.0786,208.6214,308.6214,226,138,,,
2026-03-09T05:35:36.111841218+00:00,R0308_205043,ENTRY,S3,btc,btc-updown-5m-1773034500,264,67582.21,0.49,0.47,0.02,19,542.9,47,51,0,0.53,0.51,0.02,542.9,19,51,47,0,0.491,0.531,5,5,,,,,,,,,,,,,,,,,,,,,
2026-03-09T05:35:36.833446062+00:00,R0308_200647,ENTRY,S3,btc,btc-updown-5m-1773034500,264,67582.21,0.49,0.48,0.01,116.9,548.2,48,51,0,0.52,0.51,0.01,548.2,116.9,51,48,0,0.491,0.521,5,5,,,,,,,,,,,,,,,,,,,,,
2026-03-09T05:39:31.080995025+00:00,R0308_205043,DUMP,S3,btc,btc-updown-5m-1773034500,29,67568.96,,,,,,,,,,,,,25.1,,18,81,,,,,UP,0.13,0.18,REAL,1.3238,67589.99,67553.5,-0.054,,,,,,,,,,,,,MAKER_FILL
2026-03-09T05:39:33.827530283+00:00,R0308_200647,DUMP,S3,btc,btc-updown-5m-1773034500,27,67564.12,,,,,,,,,,,,,281.4,,15,82,,,,,UP,0.14,0.15,REAL,1.4257,67589.99,67558.3,-0.0469,,,,,,,,,,,,,MAKER_FILL
2026-03-09T05:40:00.385260617+00:00,R0308_205043,SETTLE,S3,btc,btc-updown-5m-1773034500,0,67589.77,,,0.02,,,,,,,,0.02,,,,,,,,,,,0.13,,,67589.99,67546.75,-0.064,DOWN,CL,0,0.99,0.3056,0.072,0.3624,209.2128,309.2128,229,139,,,
2026-03-09T05:40:01.106850419+00:00,R0308_200647,SETTLE,S3,btc,btc-updown-5m-1773034500,0,67589.77,,,0.01,,,,,,,,0.01,,,,,,,,,,,0.14,,,67589.99,67547.34,-0.0631,DOWN,CL,0,0.99,0.3088,0.0766,0.6372,234.4581,334.4581,259,138,,,
2026-03-09T05:40:10.423152418+00:00,R0308_200647,ENTRY,S3,btc,btc-updown-5m-1773034800,290,67571.62,0.52,0.5,0.02,28.3,40,50,48,0,0.5,0.48,0.02,40,28.3,48,50,0,0.521,0.501,5,5,,,,,,,,,,,,,,,,,,,,,
2026-03-09T05:40:10.839854958+00:00,R0308_205043,ENTRY,S3,btc,btc-updown-5m-1773034800,290,67571.62,0.48,0.47,0.01,61.6,2.9,47,52,0,0.53,0.52,0.01,2.9,61.6,52,47,0,0.481,0.531,5,5,,,,,,,,,,,,,,,,,,,,,
2026-03-09T05:40:23.350677362+00:00,R0308_205043,ENTRY,S3,eth,eth-updown-5m-1773034800,277,1991.04,0.5,0.48,0.02,36,5,48,48,0,0.52,0.5,0.02,5,36,48,48,0,0.501,0.521,5,5,,,,,,,,,,,,,,,,,,,,,
2026-03-09T05:40:23.350880579+00:00,R0308_205043,ENTRY,S3,sol,sol-updown-5m-1773034800,277,83.76,0.52,0.51,0.01,90,36.7,50,46,0,0.49,0.48,0.01,36.7,90,46,50,0,0.521,0.491,5,5,,,,,,,,,,,,,,,,,,,,,
2026-03-09T05:40:24.083642220+00:00,R0308_200647,ENTRY,S3,sol,sol-updown-5m-1773034800,276,83.74,0.53,0.51,0.02,16.4,10,51,47,0,0.49,0.47,0.02,10,16.4,47,51,0,0.531,0.491,5,5,,,,,,,,,,,,,,,,,,,,,
2026-03-09T05:40:24.083784485+00:00,R0308_200647,ENTRY,S3,xrp,xrp-updown-5m-1773034800,276,1.35,0.49,0.48,0.01,20,19.2,48,50,0,0.52,0.51,0.01,19.2,20,50,48,0,0.491,0.521,5,5,,,,,,,,,,,,,,,,,,,,,
2026-03-09T05:40:24.491070582+00:00,R0308_205043,ENTRY,S3,xrp,xrp-updown-5m-1773034800,276,1.35,0.49,0.48,0.01,20,10,48,51,0,0.52,0.51,0.01,10,20,51,48,0,0.491,0.521,5,5,,,,,,,,,,,,,,,,,,,,,
2026-03-09T05:44:33.064863145+00:00,R0308_205043,DUMP,S3,btc,btc-updown-5m-1773034800,27,67959.81,,,,,,,,,,,,,0,,0,99,,,,,DN,0.049,0.05,EST,0.4614,67572.73,67959.27,0.572,,,,,,,,,,,,,TAKER_FORCE|EST_BID
2026-03-09T05:44:33.064993952+00:00,R0308_205043,DUMP,S3,eth,eth-updown-5m-1773034800,27,2005.46,,,,,,,,,,,,,0,,0,115,,,,,DN,0.049,0.05,EST,0.4702,1991.05,2005.23,0.7123,,,,,,,,,,,,,TAKER_FORCE|EST_BID
2026-03-09T05:44:33.065058769+00:00,R0308_205043,DUMP,S3,sol,sol-updown-5m-1773034800,27,84.35,,,,,,,,,,,,,0,,0,107,,,,,DN,0.049,0.05,EST,0.499,83.75,84.36,0.7383,,,,,,,,,,,,,TAKER_FORCE|EST_BID
2026-03-09T05:44:33.065123969+00:00,R0308_205043,DUMP,S3,xrp,xrp-updown-5m-1773034800,27,1.36,,,,,,,,,,,,,0,,0,110,,,,,DN,0.049,0.05,EST,0.4702,1.35,1.36,0.5788,,,,,,,,,,,,,TAKER_FORCE|EST_BID
2026-03-09T05:44:33.348562302+00:00,R0308_200647,DUMP,S3,btc,btc-updown-5m-1773034800,27,67960.94,,,,,,,,,,,,,0,,0,99,,,,,DN,0.049,0.05,EST,0.489,67572.73,67959.27,0.572,,,,,,,,,,,,,TAKER_FORCE|EST_BID
2026-03-09T05:44:33.348683535+00:00,R0308_200647,DUMP,S3,xrp,xrp-updown-5m-1773034800,27,1.36,,,,,,,,,,,,,0,,0,110,,,,,DN,0.049,0.05,EST,0.4702,1.35,1.36,0.5788,,,,,,,,,,,,,TAKER_FORCE|EST_BID
2026-03-09T05:44:33.348773721+00:00,R0308_200647,DUMP,S3,sol,sol-updown-5m-1773034800,27,84.37,,,,,,,,,,,,,0,,0,107,,,,,DN,0.049,0.05,EST,0.499,83.75,84.35,0.7196,,,,,,,,,,,,,TAKER_FORCE|EST_BID
2026-03-09T05:45:00.267082365+00:00,R0308_205043,SETTLE,S3,btc,btc-updown-5m-1773034800,0,67939.59,,,0.01,,,,,,,,0.01,,,,,,,,,,,0.049,,,67572.73,67905.68,0.4927,UP,CL,0.99,0,0.3087,0.0274,0.5202,209.733,309.733,230,139,,,
2026-03-09T05:45:00.267254074+00:00,R0308_205043,SETTLE,S3,eth,eth-updown-5m-1773034800,0,2004.06,,,0.02,,,,,,,,0.02,,,,,,,,,,,0.049,,,1991.05,2002.38,0.5688,UP,CL,0.999,0,0.3056,0.028,0.1167,209.3295,309.3295,230,139,,,
2026-03-09T05:45:00.267354035+00:00,R0308_205043,SETTLE,S3,sol,sol-updown-5m-1773034800,0,84.3,,,0.01,,,,,,,,0.01,,,,,,,,,,,0.049,,,83.75,84.26,0.6135,UP,CL,0.999,0,0.3088,0.0297,-0.2425,208.9703,308.9703,229,140,,,
2026-03-09T05:45:00.267463269+00:00,R0308_205043,SETTLE,S3,xrp,xrp-updown-5m-1773034800,0,1.35,,,0.01,,,,,,,,0.01,,,,,,,,,,,0.049,,,1.35,1.35,0.4643,UP,CL,0.999,0,0.3088,0.028,0.3168,209.5297,309.5297,230,139,,,
2026-03-09T05:45:00.457002888+00:00,R0308_200647,SETTLE,S3,btc,btc-updown-5m-1773034800,0,67939.58,,,0.02,,,,,,,,0.02,,,,,,,,,,,0.049,,,67572.73,67905.9,0.4931,UP,CL,0.99,0,0.3056,0.0291,-0.2487,234.2093,334.2093,259,139,,,
2026-03-09T05:45:00.457170110+00:00,R0308_200647,SETTLE,S3,xrp,xrp-updown-5m-1773034800,0,1.35,,,0.01,,,,,,,,0.01,,,,,,,,,,,0.049,,,1.35,1.35,0.4663,UP,CL,0.999,0,0.3088,0.028,0.3168,234.7749,334.7749,260,138,,,
2026-03-09T05:45:00.457291473+00:00,R0308_200647,SETTLE,S3,sol,sol-updown-5m-1773034800,0,84.3,,,0.02,,,,,,,,0.02,,,,,,,,,,,0.049,,,83.75,84.26,0.6135,UP,CL,0.999,0,0.3056,0.0297,-0.4201,234.038,334.038,259,139,,,
2026-03-09T05:45:11.793876177+00:00,R0308_205043,ENTRY,S3,sol,sol-updown-5m-1773035100,289,84.32,0.53,0.52,0.01,17,7,52,47,0,0.48,0.47,0.01,7,17,47,52,0,0.531,0.481,5,5,,,,,,,,,,,,,,,,,,,,,
2026-03-09T05:45:14.057659813+00:00,R0308_200647,ENTRY,S3,sol,sol-updown-5m-1773035100,286,84.32,0.53,0.51,0.02,32,52,51,47,0,0.49,0.47,0.02,52,32,47,51,0,0.531,0.491,5,5,,,,,,,,,,,,,,,,,,,,,
2026-03-09T05:45:14.889248659+00:00,R0308_205043,ENTRY,S3,eth,eth-updown-5m-1773035100,286,2004.05,0.53,0.52,0.01,51,12,52,47,0,0.48,0.47,0.01,12,51,47,52,0,0.531,0.481,5,5,,,,,,,,,,,,,,,,,,,,,
2026-03-09T05:45:15.209057664+00:00,R0308_200647,ENTRY,S3,eth,eth-updown-5m-1773035100,285,2004.02,0.53,0.52,0.01,17,366,52,47,0,0.48,0.47,0.01,366,17,47,52,0,0.531,0.481,5,5,,,,,,,,,,,,,,,,,,,,,
2026-03-09T05:45:22.243247346+00:00,R0308_205043,ENTRY,S3,btc,btc-updown-5m-1773035100,278,67943.27,0.5,0.48,0.02,30,867.5,48,50,0,0.52,0.5,0.02,867.5,30,50,48,0,0.501,0.521,5,5,,,,,,,,,,,,,,,,,,,,,
2026-03-09T05:45:22.488576434+00:00,R0308_200647,ENTRY,S3,btc,btc-updown-5m-1773035100,278,67943.27,0.5,0.49,0.01,30,826.6,49,50,0,0.51,0.5,0.01,826.6,30,50,49,0,0.501,0.511,5,5,,,,,,,,,,,,,,,,,,,,,
2026-03-09T05:45:49.453671037+00:00,R0308_205043,ENTRY,S3,xrp,xrp-updown-5m-1773035100,251,1.35,0.48,0.47,0.01,35.9,36,47,52,0,0.53,0.52,0.01,36,35.9,52,47,0,0.481,0.531,5,5,,,,,,,,,,,,,,,,,,,,,
2026-03-09T05:45:49.750910183+00:00,R0308_200647,ENTRY,S3,xrp,xrp-updown-5m-1773035100,251,1.35,0.48,0.47,0.01,30.4,36,47,52,0,0.53,0.52,0.01,36,30.4,52,47,0,0.481,0.531,5,5,,,,,,,,,,,,,,,,,,,,,
2026-03-09T05:49:31.823572150+00:00,R0308_200647,DUMP,S3,sol,sol-updown-5m-1773035100,29,84.28,,,,,,,,,,,,,18,,53,46,,,,,UP,0.41,0.53,REAL,3.8606,84.26,84.25,-0.0151,,,,,,,,,,,,,MAKER_FILL
2026-03-09T05:49:31.823663537+00:00,R0308_200647,DUMP,S3,eth,eth-updown-5m-1773035100,29,2002.52,,,,,,,,,,,,,16,,35,64,,,,,UP,0.33,0.35,REAL,3.1073,2002.33,2002.21,-0.0058,,,,,,,,,,,,,MAKER_FILL
2026-03-09T05:49:31.989391243+00:00,R0308_205043,DUMP,S3,eth,eth-updown-5m-1773035100,29,2002.74,,,,,,,,,,,,,360,,36,63,,,,,UP,0.33,0.36,REAL,3.1073,2002.33,2002.21,-0.0058,,,,,,,,,,,,,MAKER_FILL
2026-03-09T05:49:31.989501820+00:00,R0308_205043,DUMP,S3,sol,sol-updown-5m-1773035100,29,84.28,,,,,,,,,,,,,11.5,,53,45,,,,,UP,0.41,0.53,REAL,3.8606,84.26,84.25,-0.0151,,,,,,,,,,,,,MAKER_FILL
2026-03-09T05:49:32.857004137+00:00,R0308_200647,DUMP,S3,xrp,xrp-updown-5m-1773035100,28,1.35,,,,,,,,,,,,,8,,25,73,,,,,DN,0.22,0.25,REAL,2.0716,1.35,1.35,0.0311,,,,,,,,,,,,,MAKER_FILL
2026-03-09T05:49:33.020116437+00:00,R0308_205043,DUMP,S3,btc,btc-updown-5m-1773035100,27,67898.05,,,,,,,,,,,,,91.7,,18,81,,,,,UP,0.179,0.18,REAL,1.7864,67904.98,67880.19,-0.0365,,,,,,,,,,,,,TAKER_FORCE
2026-03-09T05:49:33.020249067+00:00,R0308_205043,DUMP,S3,xrp,xrp-updown-5m-1773035100,27,1.35,,,,,,,,,,,,,8,,25,74,,,,,DN,0.23,0.25,REAL,2.1657,1.35,1.35,0.0311,,,,,,,,,,,,,MAKER_FILL
2026-03-09T05:49:33.891686974+00:00,R0308_200647,DUMP,S3,btc,btc-updown-5m-1773035100,27,67898.06,,,,,,,,,,,,,124.6,,17,82,,,,,UP,0.169,0.17,REAL,1.6866,67904.98,67881.83,-0.0341,,,,,,,,,,,,,TAKER_FORCE
2026-03-09T05:50:00.150787059+00:00,R0308_200647,SETTLE,S3,sol,sol-updown-5m-1773035100,0,84.59,,,0.02,,,,,,,,0.02,,,,,,,,,,,0.41,,,84.26,84.47,0.2503,UP,CL,0.99,0,0.3056,0.154,3.1318,237.2378,337.2378,261,140,,,
2026-03-09T05:50:00.150930385+00:00,R0308_200647,SETTLE,S3,btc,btc-updown-5m-1773035100,0,68033.54,,,0.01,,,,,,,,0.01,,,,,,,,,,,0.169,,,67904.98,68002.07,0.143,UP,CL,0.99,0,0.3087,0.0859,1.239,235.3451,335.3451,261,140,,,
2026-03-09T05:50:00.151017827+00:00,R0308_200647,SETTLE,S3,eth,eth-updown-5m-1773035100,0,2013.09,,,0.01,,,,,,,,0.01,,,,,,,,,,,0.33,,,2002.33,2010.13,0.3898,UP,CL,0.99,0,0.3087,0.1436,2.3942,236.5002,336.5002,261,140,,,
2026-03-09T05:50:00.151105369+00:00,R0308_200647,SETTLE,S3,xrp,xrp-updown-5m-1773035100,0,1.36,,,0.01,,,,,,,,0.01,,,,,,,,,,,0.22,,,1.35,1.36,0.2629,UP,CL,0.99,0,0.3087,0.101,2.0568,236.1629,336.1629,261,140,,,
2026-03-09T05:50:00.175515465+00:00,R0308_205043,SETTLE,S3,eth,eth-updown-5m-1773035100,0,2013.08,,,0.01,,,,,,,,0.01,,,,,,,,,,,0.33,,,2002.33,2010.13,0.3898,UP,CL,0.99,0,0.3087,0.1436,2.3942,212.3183,312.3183,233,140,,,
2026-03-09T05:50:00.175650568+00:00,R0308_205043,SETTLE,S3,btc,btc-updown-5m-1773035100,0,68033.54,,,0.02,,,,,,,,0.02,,,,,,,,,,,0.179,,,67904.98,68002.07,0.143,UP,CL,0.99,0,0.3056,0.0881,1.3041,211.2282,311.2282,233,140,,,
2026-03-09T05:50:00.175698621+00:00,R0308_205043,SETTLE,S3,xrp,xrp-updown-5m-1773035100,0,1.36,,,0.01,,,,,,,,0.01,,,,,,,,,,,0.23,,,1.35,1.36,0.2629,UP,CL,0.99,0,0.3087,0.1042,2.1478,212.0719,312.0719,233,140,,,
2026-03-09T05:50:00.175726743+00:00,R0308_205043,SETTLE,S3,sol,sol-updown-5m-1773035100,0,84.59,,,0.01,,,,,,,,0.01,,,,,,,,,,,0.41,,,84.26,84.47,0.2503,UP,CL,0.99,0,0.3087,0.1572,3.2122,213.1364,313.1364,233,140,,,
2026-03-09T05:50:10.618974294+00:00,R0308_200647,ENTRY,S3,btc,btc-updown-5m-1773035400,290,68023.89,0.48,0.47,0.01,41.9,69.3,47,52,0,0.53,0.52,0.01,69.3,41.9,52,47,0,0.481,0.531,5,5,,,,,,,,,,,,,,,,,,,,,
2026-03-09T05:50:10.619081716+00:00,R0308_200647,ENTRY,S3,eth,eth-updown-5m-1773035400,290,2012.17,0.49,0.48,0.01,61,465.9,48,51,0,0.52,0.51,0.01,465.9,61,51,48,0,0.491,0.521,5,5,,,,,,,,,,,,,,,,,,,,,
2026-03-09T05:50:10.619144651+00:00,R0308_200647,ENTRY,S3,sol,sol-updown-5m-1773035400,290,84.56,0.52,0.51,0.01,25,45.2,49,48,0,0.49,0.48,0.01,45.2,25,48,49,0,0.521,0.491,5,5,,,,,,,,,,,,,,,,,,,,,
2026-03-09T05:50:10.809835336+00:00,R0308_205043,ENTRY,S3,btc,btc-updown-5m-1773035400,290,68023.89,0.48,0.47,0.01,70,65.3,47,52,0,0.53,0.52,0.01,65.3,70,52,47,0,0.481,0.531,5,5,,,,,,,,,,,,,,,,,,,,,
2026-03-09T05:50:10.809964682+00:00,R0308_205043,ENTRY,S3,eth,eth-updown-5m-1773035400,290,2012.07,0.48,0.47,0.01,5,90,47,52,0,0.53,0.52,0.01,90,5,52,47,0,0.481,0.531,5,5,,,,,,,,,,,,,,,,,,,,,
2026-03-09T05:50:10.810073786+00:00,R0308_205043,ENTRY,S3,sol,sol-updown-5m-1773035400,290,84.56,0.52,0.51,0.01,25,36.2,48,48,0,0.49,0.48,0.01,36.2,25,48,48,0,0.521,0.491,5,5,,,,,,,,,,,,,,,,,,,,,
2026-03-09T05:50:24.178638037+00:00,R0308_200647,ENTRY,S3,xrp,xrp-updown-5m-1773035400,276,1.36,0.52,0.51,0.01,38,28,51,48,0,0.49,0.48,0.01,28,38,48,51,0,0.521,0.491,5,5,,,,,,,,,,,,,,,,,,,,,
2026-03-09T05:50:24.425472715+00:00,R0308_205043,ENTRY,S3,xrp,xrp-updown-5m-1773035400,276,1.36,0.52,0.51,0.01,60,28,51,47,0,0.49,0.48,0.01,28,60,47,51,0,0.521,0.491,5,5,,,,,,,,,,,,,,,,,,,,,
2026-03-09T05:54:31.335078531+00:00,R0308_200647,DUMP,S3,eth,eth-updown-5m-1773035400,29,2011.46,,,,,,,,,,,,,487.9,,66,32,,,,,DN,0.5,0.66,REAL,4.7985,2010.35,2011.22,0.0436,,,,,,,,,,,,,MAKER_FILL
2026-03-09T05:54:32.011531816+00:00,R0308_205043,DUMP,S3,eth,eth-updown-5m-1773035400,28,2011.37,,,,,,,,,,,,,26.3,,70,29,,,,,DN,0.5,0.7,REAL,4.7081,2010.35,2011.22,0.0436,,,,,,,,,,,,,MAKER_FILL
2026-03-09T05:54:33.043231001+00:00,R0308_205043,DUMP,S3,xrp,xrp-updown-5m-1773035400,27,1.35,,,,,,,,,,,,,0,,0,99,,,,,UP,0.099,0.1,EST,0.9501,1.36,1.35,-0.2495,,,,,,,,,,,,,TAKER_FORCE|EST_BID
2026-03-09T05:54:33.043340446+00:00,R0308_205043,DUMP,S3,sol,sol-updown-5m-1773035400,27,84.29,,,,,,,,,,,,,0,,0,99,,,,,UP,0.099,0.1,EST,0.9501,84.48,84.28,-0.2308,,,,,,,,,,,,,TAKER_FORCE|EST_BID
2026-03-09T05:54:33.043402680+00:00,R0308_205043,DUMP,S3,btc,btc-updown-5m-1773035400,27,67865.14,,,,,,,,,,,,,0,,0,99,,,,,UP,0.099,0.1,EST,1.0291,68000.12,67865.46,-0.198,,,,,,,,,,,,,TAKER_FORCE|EST_BID
2026-03-09T05:54:33.421261765+00:00,R0308_200647,DUMP,S3,sol,sol-updown-5m-1773035400,27,84.29,,,,,,,,,,,,,0,,0,99,,,,,UP,0.099,0.1,EST,0.9501,84.48,84.28,-0.2307,,,,,,,,,,,,,TAKER_FORCE|EST_BID
2026-03-09T05:54:33.421344720+00:00,R0308_200647,DUMP,S3,xrp,xrp-updown-5m-1773035400,27,1.35,,,,,,,,,,,,,0,,0,99,,,,,UP,0.099,0.1,EST,0.9501,1.36,1.35,-0.2554,,,,,,,,,,,,,TAKER_FORCE|EST_BID
2026-03-09T05:54:33.421384941+00:00,R0308_200647,DUMP,S3,btc,btc-updown-5m-1773035400,27,67865.14,,,,,,,,,,,,,0,,0,99,,,,,UP,0.099,0.1,EST,1.0291,68000.12,67865.42,-0.1981,,,,,,,,,,,,,TAKER_FORCE|EST_BID
2026-03-09T05:55:00.123160353+00:00,R0308_205043,SETTLE,S3,xrp,xrp-updown-5m-1773035400,0,1.35,,,0.01,,,,,,,,0.01,,,,,,,,,,,0.099,,,1.36,1.35,-0.3088,DOWN,CL,0,0.99,0.3088,0.0535,0.7711,219.7535,319.7535,237,140,,,
2026-03-09T05:55:00.123307406+00:00,R0308_205043,SETTLE,S3,sol,sol-updown-5m-1773035400,0,84.22,,,0.01,,,,,,,,0.01,,,,,,,,,,,0.099,,,84.48,84.2,-0.3241,DOWN,CL,0,0.999,0.3088,0.0535,0.7711,219.7535,319.7535,237,140,,,
2026-03-09T05:55:00.123350892+00:00,R0308_205043,SETTLE,S3,btc,btc-updown-5m-1773035400,0,67842.35,,,0.01,,,,,,,,0.01,,,,,,,,,,,0.099,,,68000.12,67829.6,-0.2508,DOWN,CL,0,0.99,0.3087,0.058,0.0786,219.061,319.061,237,140,,,
2026-03-09T05:55:00.123393155+00:00,R0308_205043,SETTLE,S3,eth,eth-updown-5m-1773035400,0,2010.17,,,0.01,,,,,,,,0.01,,,,,,,,,,,0.5,,,2010.35,2009.59,-0.0376,DOWN,CL,0,0.99,0.3087,0.1624,4.1425,223.1249,323.1249,237,140,,,
2026-03-09T05:55:00.513539593+00:00,R0308_200647,SETTLE,S3,eth,eth-updown-5m-1773035400,0,2010.17,,,0.01,,,,,,,,0.01,,,,,,,,,,,0.5,,,2010.35,2009.59,-0.0376,DOWN,CL,0,0.99,0.3088,0.1591,4.2207,247.1486,347.1486,265,140,,,
2026-03-09T05:55:00.513619104+00:00,R0308_200647,SETTLE,S3,sol,sol-updown-5m-1773035400,0,84.22,,,0.01,,,,,,,,0.01,,,,,,,,,,,0.099,,,84.48,84.2,-0.3241,DOWN,CL,0,0.999,0.3088,0.0535,0.7711,243.699,343.699,265,140,,,
2026-03-09T05:55:00.513648098+00:00,R0308_200647,SETTLE,S3,xrp,xrp-updown-5m-1773035400,0,1.35,,,0.01,,,,,,,,0.01,,,,,,,,,,,0.099,,,1.36,1.35,-0.3139,DOWN,CL,0,0.99,0.3088,0.0535,0.7711,243.699,343.699,265,140,,,
2026-03-09T05:55:00.513699745+00:00,R0308_200647,SETTLE,S3,btc,btc-updown-5m-1773035400,0,67842.35,,,0.01,,,,,,,,0.01,,,,,,,,,,,0.099,,,68000.12,67829.6,-0.2508,DOWN,CL,0,0.99,0.3087,0.058,0.0786,243.0064,343.0064,265,140,,,
2026-03-09T05:55:10.565158535+00:00,R0308_205043,ENTRY,S3,btc,btc-updown-5m-1773035700,290,67840,0.49,0.48,0.01,768.6,93.9,48,51,0,0.52,0.51,0.01,93.9,768.6,51,48,0,0.491,0.521,5,5,,,,,,,,,,,,,,,,,,,,,
2026-03-09T05:55:10.565289342+00:00,R0308_205043,ENTRY,S3,xrp,xrp-updown-5m-1773035700,290,1.35,0.53,0.52,0.01,10,52,51,47,0,0.48,0.47,0.01,52,10,47,51,0,0.531,0.481,5,5,,,,,,,,,,,,,,,,,,,,,
2026-03-09T05:55:10.978970442+00:00,R0308_200647,ENTRY,S3,btc,btc-updown-5m-1773035700,290,67840.01,0.49,0.48,0.01,827.9,71,48,51,0,0.52,0.51,0.01,71,827.9,51,48,0,0.491,0.521,5,5,,,,,,,,,,,,,,,,,,,,,
2026-03-09T05:55:10.979075200+00:00,R0308_200647,ENTRY,S3,xrp,xrp-updown-5m-1773035700,290,1.35,0.52,0.51,0.01,48.4,28,51,48,0,0.49,0.48,0.01,28,48.4,48,51,0,0.521,0.491,5,5,,,,,,,,,,,,,,,,,,,,,
2026-03-09T05:55:12.132095149+00:00,R0308_200647,ENTRY,S3,sol,sol-updown-5m-1773035700,288,84.2,0.49,0.47,0.02,88.6,36.7,47,51,0,0.53,0.51,0.02,36.7,88.6,51,47,0,0.491,0.531,5,5,,,,,,,,,,,,,,,,,,,,,
2026-03-09T05:55:12.748733194+00:00,R0308_205043,ENTRY,S3,sol,sol-updown-5m-1773035700,288,84.21,0.49,0.48,0.01,21,42,48,51,0,0.52,0.51,0.01,42,21,51,48,0,0.491,0.521,5,5,,,,,,,,,,,,,,,,,,,,,
2026-03-09T05:55:25.259070843+00:00,R0308_205043,ENTRY,S3,eth,eth-updown-5m-1773035700,275,2009.75,0.48,0.47,0.01,465.2,97,47,52,0,0.53,0.52,0.01,97,465.2,52,47,0,0.481,0.531,5,5,,,,,,,,,,,,,,,,,,,,,
2026-03-09T05:55:25.678689397+00:00,R0308_200647,ENTRY,S3,eth,eth-updown-5m-1773035700,275,2009.75,0.48,0.47,0.01,477.2,123,47,52,0,0.53,0.52,0.01,123,477.2,52,47,0,0.481,0.531,5,5,,,,,,,,,,,,,,,,,,,,,
2026-03-09T05:59:31.668115827+00:00,R0308_200647,DUMP,S3,sol,sol-updown-5m-1773035700,29,84.25,,,,,,,,,,,,,2.9,,23,76,,,,,DN,0.23,0.23,REAL,2.1657,84.22,84.23,0.0158,,,,,,,,,,,,,MAKER_FILL
2026-03-09T05:59:31.860335869+00:00,R0308_205043,DUMP,S3,sol,sol-updown-5m-1773035700,29,84.25,,,,,,,,,,,,,14,,76,22,,,,,UP,0.5,0.76,REAL,5.0916,84.24,84.23,-0.0086,,,,,,,,,,,,,MAKER_FILL
2026-03-09T05:59:31.860451874+00:00,R0308_205043,DUMP,S3,eth,eth-updown-5m-1773035700,29,2010.28,,,,,,,,,,,,,16.5,,51,48,,,,,UP,0.5,0.51,REAL,5.1975,2010.04,2009.75,-0.0146,,,,,,,,,,,,,MAKER_FILL
2026-03-09T05:59:32.700783034+00:00,R0308_200647,DUMP,S3,eth,eth-updown-5m-1773035700,28,2010.28,,,,,,,,,,,,,2.1,,49,50,,,,,DN,0.49,0.49,REAL,4.6139,2009.53,2009.99,0.0225,,,,,,,,,,,,,MAKER_FILL
2026-03-09T05:59:33.863221123+00:00,R0308_200647,DUMP,S3,btc,btc-updown-5m-1773035700,27,67900.87,,,,,,,,,,,,,1416.7,,3,96,,,,,DN,0.029,0.03,REAL,0.2783,67833.18,67885.77,0.0775,,,,,,,,,,,,,TAKER_FORCE
2026-03-09T05:59:33.863284649+00:00,R0308_200647,DUMP,S3,xrp,xrp-updown-5m-1773035700,27,1.35,,,,,,,,,,,,,931,,1,98,,,,,DN,0.01,0.01,REAL,0.1018,1.35,1.35,0.136,,,,,,,,,,,,,TAKER_FORCE
2026-03-09T05:59:34.048099942+00:00,R0308_205043,DUMP,S3,btc,btc-updown-5m-1773035700,26,67916.03,,,,,,,,,,,,,618.6,,3,96,,,,,DN,0.029,0.03,REAL,0.2783,67847.45,67886.61,0.0577,,,,,,,,,,,,,TAKER_FORCE
2026-03-09T05:59:34.048190409+00:00,R0308_205043,DUMP,S3,xrp,xrp-updown-5m-1773035700,26,1.36,,,,,,,,,,,,,926,,1,98,,,,,DN,0.01,0.01,REAL,0.104,1.35,1.35,0.0926,,,,,,,,,,,,,TAKER_FORCE
2026-03-09T06:00:00.053788510+00:00,R0308_205043,SETTLE,S3,btc,btc-updown-5m-1773035700,0,67911.16,,,0.01,,,,,,,,0.01,,,,,,,,,,,0.029,,,67847.45,67896.37,0.0721,UP,CL,0.99,0,0.3088,0.0169,0.136,224.8818,324.8818,241,140,,,
2026-03-09T06:00:00.053900069+00:00,R0308_205043,SETTLE,S3,sol,sol-updown-5m-1773035700,0,84.27,,,0.01,,,,,,,,0.01,,,,,,,,,,,0.5,,,84.24,84.25,0.0145,UP,CL,0.99,0,0.3088,0.15,4.5231,229.2689,329.2689,241,140,,,
2026-03-09T06:00:00.053939107+00:00,R0308_205043,SETTLE,S3,xrp,xrp-updown-5m-1773035700,0,1.35,,,0.01,,,,,,,,0.01,,,,,,,,,,,0.01,,,1.35,1.35,0.0606,UP,CL,0.99,0,0.3087,0.0064,-0.795,223.9508,323.9508,240,141,,,
2026-03-09T06:00:00.053978297+00:00,R0308_205043,SETTLE,S3,eth,eth-updown-5m-1773035700,0,2010.6,,,0.01,,,,,,,,0.01,,,,,,,,,,,0.5,,,2010.04,2010.22,0.009,UP,CL,0.99,0,0.3087,0.1471,4.6472,229.393,329.393,241,140,,,
2026-03-09T06:00:01.034341539+00:00,R0308_200647,SETTLE,S3,btc,btc-updown-5m-1773035700,0,67921.06,,,0.01,,,,,,,,0.01,,,,,,,,,,,0.029,,,67833.18,67897.83,0.0953,UP,CL,0.99,0,0.3088,0.0169,0.136,248.9054,348.9054,269,140,,,
2026-03-09T06:00:01.034440037+00:00,R0308_200647,SETTLE,S3,xrp,xrp-updown-5m-1773035700,0,1.36,,,0.01,,,,,,,,0.01,,,,,,,,,,,0.01,,,1.35,1.35,0.1055,UP,CL,0.99,0,0.3088,0.0063,-0.6163,248.1532,348.1532,268,141,,,
2026-03-09T06:00:01.034469772+00:00,R0308_200647,SETTLE,S3,eth,eth-updown-5m-1773035700,0,2011.04,,,0.01,,,,,,,,0.01,,,,,,,,,,,0.49,,,2009.53,2010.22,0.0342,UP,CL,0.99,0,0.3087,0.1471,4.5531,253.3226,353.3226,269,140,,,
2026-03-09T06:00:01.034498255+00:00,R0308_200647,SETTLE,S3,sol,sol-updown-5m-1773035700,0,84.3,,,0.02,,,,,,,,0.02,,,,,,,,,,,0.23,,,84.22,84.25,0.0409,UP,CL,0.99,0,0.3056,0.1042,1.9392,250.7086,350.7086,269,140,,,
2026-03-09T06:00:10.491228587+00:00,R0308_200647,ENTRY,S3,sol,sol-updown-5m-1773036000,290,84.3,0.53,0.52,0.01,8,35,52,46,0,0.48,0.47,0.01,35,8,46,52,0,0.531,0.481,5,5,,,,,,,,,,,,,,,,,,,,,
2026-03-09T06:00:10.491340026+00:00,R0308_200647,ENTRY,S3,xrp,xrp-updown-5m-1773036000,290,1.35,0.52,0.51,0.01,17.5,14,51,48,0,0.49,0.48,0.01,14,17.5,48,51,0,0.521,0.491,5,5,,,,,,,,,,,,,,,,,,,,,
2026-03-09T06:00:10.546351382+00:00,R0308_205043,ENTRY,S3,btc,btc-updown-5m-1773036000,290,67914.87,0.49,0.47,0.02,89,23.6,47,51,0,0.53,0.51,0.02,23.6,89,51,47,0,0.491,0.531,5,5,,,,,,,,,,,,,,,,,,,,,
2026-03-09T06:00:10.546513266+00:00,R0308_205043,ENTRY,S3,sol,sol-updown-5m-1773036000,290,84.3,0.53,0.52,0.01,8,74.6,52,46,0,0.48,0.47,0.01,74.6,8,46,52,0,0.531,0.481,5,5,,,,,,,,,,,,,,,,,,,,,
2026-03-09T06:00:10.546600017+00:00,R0308_205043,ENTRY,S3,xrp,xrp-updown-5m-1773036000,290,1.35,0.52,0.51,0.01,17.5,14,51,48,0,0.49,0.48,0.01,14,17.5,48,51,0,0.521,0.491,5,5,,,,,,,,,,,,,,,,,,,,,
2026-03-09T06:00:11.525858022+00:00,R0308_200647,ENTRY,S3,btc,btc-updown-5m-1773036000,289,67896.71,0.49,0.47,0.02,73.1,402,47,51,0,0.53,0.51,0.02,402,73.1,51,47,0,0.491,0.531,5,5,,,,,,,,,,,,,,,,,,,,,
2026-03-09T06:00:12.561361055+00:00,R0308_200647,ENTRY,S3,eth,eth-updown-5m-1773036000,288,2010.9,0.5,0.49,0.01,50,18,49,50,0,0.51,0.5,0.01,18,50,50,49,0,0.501,0.511,5,5,,,,,,,,,,,,,,,,,,,,,
2026-03-09T06:00:12.616089244+00:00,R0308_205043,ENTRY,S3,eth,eth-updown-5m-1773036000,288,2010.9,0.5,0.49,0.01,50,378,49,50,0,0.51,0.5,0.01,378,50,50,49,0,0.501,0.511,5,5,,,,,,,,,,,,,,,,,,,,,
2026-03-09T06:04:31.844369365+00:00,R0308_200647,DUMP,S3,xrp,xrp-updown-5m-1773036000,29,1.36,,,,,,,,,,,,,25,,32,65,,,,,DN,0.23,0.33,REAL,2.3422,1.35,1.36,0.0582,,,,,,,,,,,,,MAKER_FILL
2026-03-09T06:04:32.061277892+00:00,R0308_205043,DUMP,S3,xrp,xrp-updown-5m-1773036000,28,1.36,,,,,,,,,,,,,39,,32,65,,,,,DN,0.25,0.33,REAL,2.5458,1.35,1.36,0.0582,,,,,,,,,,,,,MAKER_FILL
2026-03-09T06:04:33.095424877+00:00,R0308_205043,DUMP,S3,eth,eth-updown-5m-1773036000,27,2007.39,,,,,,,,,,,,,604.9,,1,98,,,,,UP,0.01,0.01,REAL,0.0998,2010.15,2007.52,-0.1312,,,,,,,,,,,,,TAKER_FORCE
2026-03-09T06:04:33.095564448+00:00,R0308_205043,DUMP,S3,btc,btc-updown-5m-1773036000,27,67769.98,,,,,,,,,,,,,0,,0,99,,,,,UP,0.099,0.1,EST,1.0081,67896.78,67776.7,-0.1768,,,,,,,,,,,,,TAKER_FORCE|EST_BID
2026-03-09T06:04:33.095633743+00:00,R0308_205043,DUMP,S3,sol,sol-updown-5m-1773036000,27,84.2,,,,,,,,,,,,,41.8,,5,94,,,,,UP,0.049,0.05,REAL,0.4614,84.25,84.22,-0.0321,,,,,,,,,,,,,TAKER_FORCE
2026-03-09T06:04:33.914709756+00:00,R0308_200647,DUMP,S3,btc,btc-updown-5m-1773036000,27,67769.97,,,,,,,,,,,,,0,,0,99,,,,,UP,0.099,0.1,EST,1.0081,67896.78,67770.2,-0.1864,,,,,,,,,,,,,TAKER_FORCE|EST_BID
2026-03-09T06:04:33.914848916+00:00,R0308_200647,DUMP,S3,eth,eth-updown-5m-1773036000,27,2007.38,,,,,,,,,,,,,0,,0,99,,,,,UP,0.199,0.2,EST,1.986,2010.15,2007.28,-0.1429,,,,,,,,,,,,,TAKER_FORCE|EST_BID
2026-03-09T06:04:33.914906934+00:00,R0308_200647,DUMP,S3,sol,sol-updown-5m-1773036000,27,84.2,,,,,,,,,,,,,126.6,,5,94,,,,,UP,0.049,0.05,REAL,0.4614,84.25,84.21,-0.0511,,,,,,,,,,,,,TAKER_FORCE
2026-03-09T06:05:00.168335889+00:00,R0308_200647,SETTLE,S3,btc,btc-updown-5m-1773036000,0,67769.13,,,0.02,,,,,,,,0.02,,,,,,,,,,,0.099,,,67896.78,67752.93,-0.2119,DOWN,CL,0,0.99,0.3056,0.0568,0.0619,254.8434,354.8434,272,141,,,
2026-03-09T06:05:00.168524493+00:00,R0308_200647,SETTLE,S3,eth,eth-updown-5m-1773036000,0,2006.44,,,0.01,,,,,,,,0.01,,,,,,,,,,,0.199,,,2010.15,2005.87,-0.2133,DOWN,CL,0,0.99,0.3087,0.0994,1.3626,256.144,356.144,272,141,,,
2026-03-09T06:05:00.168619727+00:00,R0308_200647,SETTLE,S3,sol,sol-updown-5m-1773036000,0,84.17,,,0.01,,,,,,,,0.01,,,,,,,,,,,0.049,,,84.25,84.16,-0.1106,DOWN,CL,0,0.99,0.3087,0.0274,0.5202,255.3017,355.3017,272,141,,,
2026-03-09T06:05:00.168733057+00:00,R0308_200647,SETTLE,S3,xrp,xrp-updown-5m-1773036000,0,1.35,,,0.01,,,,,,,,0.01,,,,,,,,,,,0.23,,,1.35,1.35,0.0003,UP,CL,0.01,0.78,0.3088,0.1127,1.5176,256.299,356.299,272,141,CL_CLOB_SPLIT,,
2026-03-09T06:05:00.321292254+00:00,R0308_205043,SETTLE,S3,xrp,xrp-updown-5m-1773036000,0,1.35,,,0.01,,,,,,,,0.01,,,,,,,,,,,0.25,,,1.35,1.35,-0.0005,DOWN,CL,0.01,0.6,0.3088,0.1125,2.1613,235.4183,335.4183,244,141,,,
2026-03-09T06:05:00.321412446+00:00,R0308_205043,SETTLE,S3,eth,eth-updown-5m-1773036000,0,2006.44,,,0.01,,,,,,,,0.01,,,,,,,,,,,0.01,,,2010.15,2006.05,-0.2042,DOWN,CL,0,0.99,0.3087,0.0062,-0.4304,232.8266,332.8266,243,142,,,
2026-03-09T06:05:00.321472716+00:00,R0308_205043,SETTLE,S3,btc,btc-updown-5m-1773036000,0,67769.13,,,0.02,,,,,,,,0.02,,,,,,,,,,,0.099,,,67896.78,67757.92,-0.2045,DOWN,CL,0,0.99,0.3056,0.0568,0.0619,233.319,333.319,244,141,,,
2026-03-09T06:05:00.321533909+00:00,R0308_205043,SETTLE,S3,sol,sol-updown-5m-1773036000,0,84.17,,,0.01,,,,,,,,0.01,,,,,,,,,,,0.049,,,84.25,84.16,-0.112,DOWN,CL,0,0.99,0.3087,0.0274,0.5202,233.7773,333.7773,244,141,,,
2026-03-09T06:05:10.795460181+00:00,R0308_205043,ENTRY,S3,eth,eth-updown-5m-1773036300,290,2006.25,0.48,0.47,0.01,60,28.9,47,52,0,0.53,0.52,0.01,28.9,60,52,47,0,0.481,0.531,5,5,,,,,,,,,,,,,,,,,,,,,
2026-03-09T06:05:12.731352892+00:00,R0308_200647,ENTRY,S3,btc,btc-updown-5m-1773036300,288,67758.16,0.48,0.47,0.01,21.5,420.8,47,52,0,0.53,0.52,0.01,420.8,21.5,52,47,0,0.481,0.531,5,5,,,,,,,,,,,,,,,,,,,,,
2026-03-09T06:05:12.860878588+00:00,R0308_205043,ENTRY,S3,btc,btc-updown-5m-1773036300,288,67758.16,0.48,0.47,0.01,31.6,404.8,47,52,0,0.53,0.52,0.01,404.8,31.6,52,47,0,0.481,0.531,5,5,,,,,,,,,,,,,,,,,,,,,
2026-03-09T06:05:13.763262555+00:00,R0308_200647,ENTRY,S3,eth,eth-updown-5m-1773036300,287,2006.51,0.5,0.48,0.02,5,143.7,48,50,0,0.52,0.5,0.02,143.7,5,50,48,0,0.501,0.521,5,5,,,,,,,,,,,,,,,,,,,,,
2026-03-09T06:05:16.868967036+00:00,R0308_200647,ENTRY,S3,sol,sol-updown-5m-1773036300,284,84.16,0.48,0.47,0.01,7,52.9,47,52,0,0.53,0.52,0.01,52.9,7,52,47,0,0.481,0.531,5,5,,,,,,,,,,,,,,,,,,,,,
2026-03-09T06:09:33.209820420+00:00,R0308_205043,DUMP,S3,eth,eth-updown-5m-1773036300,27,2004.4,,,,,,,,,,,,,352.4,,3,96,,,,,UP,0.029,0.03,REAL,0.3015,2005.74,2004.25,-0.0743,,,,,,,,,,,,,TAKER_FORCE
2026-03-09T06:09:33.209931537+00:00,R0308_205043,DUMP,S3,btc,btc-updown-5m-1773036300,27,67636.35,,,,,,,,,,,,,0,,0,119,,,,,UP,0.099,0.1,EST,1.0291,67752.27,67624.57,-0.1885,,,,,,,,,,,,,TAKER_FORCE|EST_BID
2026-03-09T06:09:34.002363909+00:00,R0308_200647,DUMP,S3,btc,btc-updown-5m-1773036300,26,67633.77,,,,,,,,,,,,,0,,0,119,,,,,UP,0.099,0.1,EST,1.0291,67752.7,67622.63,-0.192,,,,,,,,,,,,,TAKER_FORCE|EST_BID
2026-03-09T06:09:34.002462997+00:00,R0308_200647,DUMP,S3,sol,sol-updown-5m-1773036300,26,83.99,,,,,,,,,,,,,0,,0,99,,,,,UP,0.099,0.1,EST,1.0291,84.16,83.98,-0.208,,,,,,,,,,,,,TAKER_FORCE|EST_BID
2026-03-09T06:09:34.002505091+00:00,R0308_200647,DUMP,S3,eth,eth-updown-5m-1773036300,26,2004.4,,,,,,,,,,,,,329.5,,3,96,,,,,UP,0.029,0.03,REAL,0.2894,2005.82,2004.14,-0.0839,,,,,,,,,,,,,TAKER_FORCE
2026-03-09T06:10:00.170341579+00:00,R0308_200647,SETTLE,S3,btc,btc-updown-5m-1773036300,0,67641.87,,,0.01,,,,,,,,0.01,,,,,,,,,,,0.099,,,67752.7,67631.89,-0.1783,DOWN,CL,0,0.999,0.3087,0.058,0.0786,258.3224,358.3224,276,141,,,
2026-03-09T06:10:00.170460609+00:00,R0308_200647,SETTLE,S3,sol,sol-updown-5m-1773036300,0,84.01,,,0.01,,,,,,,,0.01,,,,,,,,,,,0.099,,,84.16,84.01,-0.176,DOWN,CL,0,0.99,0.3087,0.058,0.0786,258.3224,358.3224,276,141,,,
2026-03-09T06:10:00.170522091+00:00,R0308_200647,SETTLE,S3,eth,eth-updown-5m-1773036300,0,2004.87,,,0.02,,,,,,,,0.02,,,,,,,,,,,0.029,,,2005.82,2004.59,-0.0613,DOWN,CL,0,0.99,0.3056,0.0176,-0.4368,257.807,357.807,275,142,,,
2026-03-09T06:10:00.307963656+00:00,R0308_205043,SETTLE,S3,eth,eth-updown-5m-1773036300,0,2004.87,,,0.01,,,,,,,,0.01,,,,,,,,,,,0.029,,,2005.74,2004.59,-0.0574,DOWN,CL,0,0.99,0.3087,0.0183,-0.6094,234.9607,334.9607,246,143,,,
2026-03-09T06:10:00.308136617+00:00,R0308_205043,SETTLE,S3,btc,btc-updown-5m-1773036300,0,67641.87,,,0.01,,,,,,,,0.01,,,,,,,,,,,0.099,,,67752.27,67631.89,-0.1777,DOWN,CL,0,0.999,0.3087,0.058,0.0786,235.6487,335.6487,247,142,,,
2026-03-09T06:10:10.680680068+00:00,R0308_200647,ENTRY,S3,sol,sol-updown-5m-1773036600,290,84.01,0.48,0.47,0.01,25,24,47,52,0,0.53,0.52,0.01,24,25,52,47,0,0.481,0.531,5,5,,,,,,,,,,,,,,,,,,,,,
2026-03-09T06:10:10.800975473+00:00,R0308_205043,ENTRY,S3,sol,sol-updown-5m-1773036600,290,84.01,0.48,0.47,0.01,25,59.7,47,52,0,0.53,0.52,0.01,59.7,25,52,47,0,0.481,0.531,5,5,,,,,,,,,,,,,,,,,,,,,
2026-03-09T06:10:11.717733469+00:00,R0308_200647,ENTRY,S3,btc,btc-updown-5m-1773036600,289,67640.2,0.52,0.48,0.04,223.5,24,48,48,0,0.52,0.48,0.04,24,223.5,48,48,0,0.521,0.521,5,5,,,,,,,,,,,,,,,,,,,WIDE_SPREAD_UP|WIDE_SPREAD_DN,,
2026-03-09T06:10:11.717860621+00:00,R0308_200647,ENTRY,S3,eth,eth-updown-5m-1773036600,289,2005.36,0.53,0.52,0.01,82,342.4,52,47,0,0.48,0.47,0.01,342.4,82,47,52,0,0.531,0.481,5,5,,,,,,,,,,,,,,,,,,,,,
2026-03-09T06:10:11.949112387+00:00,R0308_205043,ENTRY,S3,btc,btc-updown-5m-1773036600,289,67640.2,0.53,0.51,0.02,5,179.3,49,47,0,0.49,0.47,0.02,179.3,5,47,49,0,0.531,0.491,5,5,,,,,,,,,,,,,,,,,,,,,
2026-03-09T06:10:11.949202664+00:00,R0308_205043,ENTRY,S3,eth,eth-updown-5m-1773036600,289,2005.36,0.53,0.52,0.01,88,342.4,52,47,0,0.48,0.47,0.01,342.4,88,47,52,0,0.531,0.481,5,5,,,,,,,,,,,,,,,,,,,,,
2026-03-09T06:14:31.053949570+00:00,R0308_205043,DUMP,S3,btc,btc-updown-5m-1773036600,29,67643,,,,,,,,,,,,,15,,45,52,,,,,DN,0.38,0.46,REAL,3.8697,67631.18,67637.34,0.0091,,,,,,,,,,,,,MAKER_FILL
2026-03-09T06:14:31.470489281+00:00,R0308_200647,DUMP,S3,btc,btc-updown-5m-1773036600,29,67643,,,,,,,,,,,,,688.6,,47,52,,,,,DN,0.41,0.47,REAL,3.9347,67631.18,67637.15,0.0088,,,,,,,,,,,,,MAKER_FILL
2026-03-09T06:14:32.512535963+00:00,R0308_200647,DUMP,S3,sol,sol-updown-5m-1773036600,28,84.01,,,,,,,,,,,,,8,,38,60,,,,,UP,0.38,0.38,REAL,3.9501,84,83.99,-0.0152,,,,,,,,,,,,,MAKER_FILL
2026-03-09T06:14:33.236343353+00:00,R0308_205043,DUMP,S3,sol,sol-updown-5m-1773036600,27,84.01,,,,,,,,,,,,,8,,39,60,,,,,UP,0.39,0.39,REAL,4.0541,84.01,83.99,-0.0236,,,,,,,,,,,,,MAKER_FILL
2026-03-09T06:14:33.236471907+00:00,R0308_205043,DUMP,S3,eth,eth-updown-5m-1773036600,27,2006.97,,,,,,,,,,,,,37.5,,3,96,,,,,DN,0.029,0.03,REAL,0.3015,2004.54,2006.49,0.0971,,,,,,,,,,,,,TAKER_FORCE
2026-03-09T06:14:33.551158720+00:00,R0308_200647,DUMP,S3,eth,eth-updown-5m-1773036600,27,2006.97,,,,,,,,,,,,,37.5,,3,96,,,,,DN,0.029,0.03,REAL,0.3015,2004.42,2006.49,0.1032,,,,,,,,,,,,,TAKER_FORCE
2026-03-09T06:15:00.321818923+00:00,R0308_205043,SETTLE,S3,sol,sol-updown-5m-1773036600,0,84,,,0.01,,,,,,,,0.01,,,,,,,,,,,0.39,,,84.01,83.98,-0.0302,DOWN,CL,0,0.99,0.3087,0.1546,3.0069,238.0463,338.0463,248,143,,,
2026-03-09T06:15:00.321934507+00:00,R0308_205043,SETTLE,S3,btc,btc-updown-5m-1773036600,0,67626.61,,,0.02,,,,,,,,0.02,,,,,,,,,,,0.38,,,67631.18,67608.7,-0.0332,DOWN,CL,0,0.99,0.3056,0.1387,3.3172,238.3565,338.3565,248,143,,,
2026-03-09T06:15:00.321994828+00:00,R0308_205043,SETTLE,S3,eth,eth-updown-5m-1773036600,0,2007.29,,,0.01,,,,,,,,0.01,,,,,,,,,,,0.029,,,2004.54,2006.82,0.1134,UP,CL,0.99,0,0.3087,0.0183,-0.6094,234.4299,334.4299,247,144,,,
2026-03-09T06:15:00.953131617+00:00,R0308_200647,SETTLE,S3,btc,btc-updown-5m-1773036600,0,67626.61,,,0.04,,,,,,,,0.04,,,,,,,,,,,0.41,,,67631.18,67608.7,-0.0332,DOWN,CL,0,0.99,0.2994,0.1451,3.0872,261.0514,361.0514,278,142,,,
2026-03-09T06:15:00.953265018+00:00,R0308_200647,SETTLE,S3,eth,eth-updown-5m-1773036600,0,2007.29,,,0.01,,,,,,,,0.01,,,,,,,,,,,0.029,,,2004.42,2006.82,0.1196,UP,CL,0.99,0,0.3087,0.0183,-0.6094,257.3548,357.3548,277,143,,,
2026-03-09T06:15:00.953363487+00:00,R0308_200647,SETTLE,S3,sol,sol-updown-5m-1773036600,0,84,,,0.01,,,,,,,,0.01,,,,,,,,,,,0.38,,,84,83.98,-0.0218,DOWN,CL,0,0.99,0.3087,0.1531,2.9045,260.8687,360.8687,278,142,,,
2026-03-09T06:15:10.463083672+00:00,R0308_200647,ENTRY,S3,btc,btc-updown-5m-1773036900,290,67627.45,0.51,0.5,0.01,702.5,260.3,50,49,0,0.5,0.49,0.01,260.3,702.5,49,50,0,0.511,0.501,5,5,,,,,,,,,,,,,,,,,,,,,
2026-03-09T06:15:10.463197344+00:00,R0308_200647,ENTRY,S3,eth,eth-updown-5m-1773036900,290,2007.23,0.49,0.48,0.01,379.5,26,48,51,0,0.52,0.51,0.01,26,379.5,51,48,0,0.491,0.521,5,5,,,,,,,,,,,,,,,,,,,,,
2026-03-09T06:15:10.463260539+00:00,R0308_200647,ENTRY,S3,sol,sol-updown-5m-1773036900,290,84.01,0.52,0.51,0.01,191,35.2,51,47,0,0.49,0.48,0.01,35.2,191,47,51,0,0.521,0.491,5,5,,,,,,,,,,,,,,,,,,,,,
2026-03-09T06:15:10.463323694+00:00,R0308_200647,ENTRY,S3,xrp,xrp-updown-5m-1773036900,290,1.35,0.5,0.49,0.01,7,5.9,49,50,0,0.51,0.5,0.01,5.9,7,50,49,0,0.501,0.511,5,5,,,,,,,,,,,,,,,,,,,,,
2026-03-09T06:15:10.786181808+00:00,R0308_205043,ENTRY,S3,btc,btc-updown-5m-1773036900,290,67619.17,0.51,0.5,0.01,30.5,713.7,50,49,0,0.5,0.49,0.01,713.7,30.5,49,50,0,0.511,0.501,5,5,,,,,,,,,,,,,,,,,,,,,
2026-03-09T06:15:10.786287618+00:00,R0308_205043,ENTRY,S3,sol,sol-updown-5m-1773036900,290,83.99,0.49,0.48,0.01,18.6,15,46,51,0,0.52,0.51,0.01,15,18.6,51,46,0,0.491,0.521,5,5,,,,,,,,,,,,,,,,,,,,,
2026-03-09T06:15:23.290032221+00:00,R0308_205043,ENTRY,S3,xrp,xrp-updown-5m-1773036900,277,1.35,0.49,0.48,0.01,37.5,19.4,48,51,0,0.52,0.51,0.01,19.4,37.5,51,48,0,0.491,0.521,5,5,,,,,,,,,,,,,,,,,,,,,
2026-03-09T06:16:45.912204586+00:00,R0308_205043,ENTRY,S3,eth,eth-updown-5m-1773036900,195,2007.28,0.52,0.51,0.01,26,10,51,48,0,0.49,0.48,0.01,10,26,48,51,0,0.521,0.491,5,5,,,,,,,,,,,,,,,,,,,,,
2026-03-09T06:19:31.948947359+00:00,R0308_200647,DUMP,S3,sol,sol-updown-5m-1773036900,29,84.01,,,,,,,,,,,,,7,,36,62,,,,,DN,0.36,0.36,REAL,3.666,83.98,84.01,0.0266,,,,,,,,,,,,,MAKER_FILL
2026-03-09T06:19:33.035189093+00:00,R0308_205043,DUMP,S3,btc,btc-updown-5m-1773036900,27,67613.1,,,,,,,,,,,,,237.4,,35,64,,,,,UP,0.349,0.35,REAL,3.4149,67608.69,67605.9,-0.0041,,,,,,,,,,,,,TAKER_FORCE
2026-03-09T06:19:33.035303727+00:00,R0308_205043,DUMP,S3,xrp,xrp-updown-5m-1773036900,27,1.36,,,,,,,,,,,,,811.9,,1,98,,,,,DN,0.01,0.01,REAL,0.096,1.35,1.36,0.1111,,,,,,,,,,,,,TAKER_FORCE
2026-03-09T06:19:33.035372580+00:00,R0308_205043,DUMP,S3,sol,sol-updown-5m-1773036900,27,84.02,,,,,,,,,,,,,7,,39,60,,,,,DN,0.37,0.39,REAL,3.5509,83.98,84.01,0.0265,,,,,,,,,,,,,MAKER_FILL
2026-03-09T06:19:33.035440242+00:00,R0308_205043,DUMP,S3,eth,eth-updown-5m-1773036900,27,2005.1,,,,,,,,,,,,,23,,7,92,,,,,UP,0.069,0.07,REAL,0.6622,2006.72,2004.99,-0.0861,,,,,,,,,,,,,TAKER_FORCE
2026-03-09T06:19:34.026161504+00:00,R0308_200647,DUMP,S3,xrp,xrp-updown-5m-1773036900,26,1.36,,,,,,,,,,,,,794.9,,1,98,,,,,DN,0.01,0.01,REAL,0.0978,1.35,1.36,0.1127,,,,,,,,,,,,,TAKER_FORCE
2026-03-09T06:19:34.026282506+00:00,R0308_200647,DUMP,S3,btc,btc-updown-5m-1773036900,26,67613.1,,,,,,,,,,,,,102,,37,62,,,,,UP,0.36,0.37,REAL,3.5225,67608.69,67605.9,-0.0041,,,,,,,,,,,,,MAKER_FILL
2026-03-09T06:19:34.026349487+00:00,R0308_200647,DUMP,S3,eth,eth-updown-5m-1773036900,26,2005.1,,,,,,,,,,,,,143.4,,5,93,,,,,UP,0.049,0.05,REAL,0.499,2006.72,2004.99,-0.0861,,,,,,,,,,,,,TAKER_FORCE
2026-03-09T06:20:00.218746675+00:00,R0308_205043,SETTLE,S3,btc,btc-updown-5m-1773036900,0,67594.72,,,0.01,,,,,,,,0.01,,,,,,,,,,,0.349,,,67608.69,67580.09,-0.0423,DOWN,CL,0,0.99,0.3087,0.1389,2.9472,243.7013,343.7013,250,144,,,
2026-03-09T06:20:00.218931514+00:00,R0308_205043,SETTLE,S3,xrp,xrp-updown-5m-1773036900,0,1.36,,,0.01,,,,,,,,0.01,,,,,,,,,,,0.01,,,1.35,1.36,0.0705,UP,CL,0.999,0,0.3088,0.0059,-0.0354,240.7186,340.7186,249,145,,,
2026-03-09T06:20:00.219020909+00:00,R0308_205043,SETTLE,S3,sol,sol-updown-5m-1773036900,0,83.97,,,0.01,,,,,,,,0.01,,,,,,,,,,,0.37,,,83.98,83.94,-0.049,DOWN,CL,0,0.999,0.3088,0.1484,2.9076,243.6617,343.6617,250,144,,,
2026-03-09T06:20:00.219108400+00:00,R0308_205043,SETTLE,S3,eth,eth-updown-5m-1773036900,0,2004.97,,,0.01,,,,,,,,0.01,,,,,,,,,,,0.069,,,2006.72,2004.35,-0.1179,DOWN,CL,0,0.99,0.3088,0.0385,0.4982,241.2523,341.2523,250,144,,,
2026-03-09T06:20:00.233364341+00:00,R0308_200647,SETTLE,S3,sol,sol-updown-5m-1773036900,0,83.97,,,0.01,,,,,,,,0.01,,,,,,,,,,,0.36,,,83.98,83.94,-0.0488,DOWN,CL,0,0.999,0.3088,0.1382,3.1912,266.5377,366.5377,280,143,,,
2026-03-09T06:20:00.233519084+00:00,R0308_200647,SETTLE,S3,xrp,xrp-updown-5m-1773036900,0,1.36,,,0.01,,,,,,,,0.01,,,,,,,,,,,0.01,,,1.35,1.36,0.0716,UP,CL,0.999,0,0.3087,0.0061,-0.2369,263.1095,363.1095,279,144,,,
2026-03-09T06:20:00.233604643+00:00,R0308_200647,SETTLE,S3,btc,btc-updown-5m-1773036900,0,67594.72,,,0.01,,,,,,,,0.01,,,,,,,,,,,0.36,,,67608.69,67579.05,-0.0438,DOWN,CL,0,0.99,0.3087,0.1409,3.0529,266.3994,366.3994,280,143,,,
2026-03-09T06:20:00.233664974+00:00,R0308_200647,SETTLE,S3,eth,eth-updown-5m-1773036900,0,2004.97,,,0.01,,,,,,,,0.01,,,,,,,,,,,0.049,,,2006.72,2004.35,-0.1179,DOWN,CL,0,0.99,0.3088,0.0297,-0.2425,263.104,363.104,279,144,,,
2026-03-09T06:20:10.681220511+00:00,R0308_205043,ENTRY,S3,btc,btc-updown-5m-1773037200,290,67587.88,0.49,0.48,0.01,122,32.1,48,51,0,0.52,0.51,0.01,32.1,122,51,48,0,0.491,0.521,5,5,,,,,,,,,,,,,,,,,,,,,
2026-03-09T06:20:10.681348484+00:00,R0308_205043,ENTRY,S3,sol,sol-updown-5m-1773037200,290,83.95,0.5,0.48,0.02,32.1,165.6,48,50,0,0.52,0.5,0.02,165.6,32.1,50,48,0,0.501,0.521,5,5,,,,,,,,,,,,,,,,,,,,,
2026-03-09T06:20:10.760718296+00:00,R0308_200647,ENTRY,S3,btc,btc-updown-5m-1773037200,290,67587.88,0.49,0.48,0.01,122,32.1,48,51,0,0.52,0.51,0.01,32.1,122,51,48,0,0.491,0.521,5,5,,,,,,,,,,,,,,,,,,,,,
2026-03-09T06:20:10.760890346+00:00,R0308_200647,ENTRY,S3,sol,sol-updown-5m-1773037200,290,83.95,0.5,0.48,0.02,32.1,165.6,48,50,0,0.52,0.5,0.02,165.6,32.1,50,48,0,0.501,0.521,5,5,,,,,,,,,,,,,,,,,,,,,
2026-03-09T06:20:12.742687618+00:00,R0308_205043,ENTRY,S3,eth,eth-updown-5m-1773037200,288,2004.78,0.5,0.49,0.01,677.6,141.3,49,50,0,0.51,0.5,0.01,141.3,677.6,50,49,0,0.501,0.511,5,5,,,,,,,,,,,,,,,,,,,,,
2026-03-09T06:20:12.836953688+00:00,R0308_200647,ENTRY,S3,eth,eth-updown-5m-1773037200,288,2004.78,0.5,0.49,0.01,667.6,141.3,49,50,0,0.51,0.5,0.01,141.3,667.6,50,49,0,0.501,0.511,5,5,,,,,,,,,,,,,,,,,,,,,
2026-03-09T06:24:33.102378776+00:00,R0308_205043,DUMP,S3,btc,btc-updown-5m-1773037200,27,67556.86,,,,,,,,,,,,,27,,16,83,,,,,UP,0.159,0.16,REAL,1.6191,67580.52,67547.4,-0.049,,,,,,,,,,,,,TAKER_FORCE
2026-03-09T06:24:33.102526980+00:00,R0308_205043,DUMP,S3,sol,sol-updown-5m-1773037200,27,83.91,,,,,,,,,,,,,23.6,,14,84,,,,,UP,0.139,0.14,REAL,1.3872,83.96,83.9,-0.0734,,,,,,,,,,,,,TAKER_FORCE
2026-03-09T06:24:33.102596053+00:00,R0308_205043,DUMP,S3,eth,eth-updown-5m-1773037200,27,2002.89,,,,,,,,,,,,,356.1,,4,94,,,,,UP,0.039,0.04,REAL,0.3892,2004.23,2002.51,-0.0859,,,,,,,,,,,,,TAKER_FORCE
2026-03-09T06:24:33.276665670+00:00,R0308_200647,DUMP,S3,sol,sol-updown-5m-1773037200,27,83.91,,,,,,,,,,,,,23.6,,14,84,,,,,UP,0.139,0.14,REAL,1.3872,83.96,83.9,-0.0743,,,,,,,,,,,,,TAKER_FORCE
2026-03-09T06:24:33.276769837+00:00,R0308_200647,DUMP,S3,eth,eth-updown-5m-1773037200,27,2002.89,,,,,,,,,,,,,347.7,,4,94,,,,,UP,0.039,0.04,REAL,0.3892,2004.23,2002.51,-0.0859,,,,,,,,,,,,,TAKER_FORCE
2026-03-09T06:24:33.276817729+00:00,R0308_200647,DUMP,S3,btc,btc-updown-5m-1773037200,27,67556.86,,,,,,,,,,,,,77.6,,15,84,,,,,UP,0.149,0.15,REAL,1.5173,67580.52,67547.4,-0.049,,,,,,,,,,,,,TAKER_FORCE
2026-03-09T06:25:00.367714307+00:00,R0308_205043,SETTLE,S3,btc,btc-updown-5m-1773037200,0,67577.11,,,0.01,,,,,,,,0.01,,,,,,,,,,,0.159,,,67580.52,67560.62,-0.0295,DOWN,CL,0,0.99,0.3088,0.0851,0.8222,247.8939,347.8939,253,145,,,
2026-03-09T06:25:00.367864073+00:00,R0308_205043,SETTLE,S3,sol,sol-updown-5m-1773037200,0,83.96,,,0.02,,,,,,,,0.02,,,,,,,,,,,0.139,,,83.96,83.94,-0.0224,DOWN,CL,0,0.99,0.3056,0.0747,0.6039,247.6756,347.6756,253,145,,,
2026-03-09T06:25:00.367924373+00:00,R0308_205043,SETTLE,S3,eth,eth-updown-5m-1773037200,0,2003.86,,,0.01,,,,,,,,0.01,,,,,,,,,,,0.039,,,2004.23,2003.34,-0.0443,DOWN,CL,0,0.99,0.3087,0.0234,-0.1582,246.9135,346.9135,252,146,,,
2026-03-09T06:25:00.635931133+00:00,R0308_200647,SETTLE,S3,sol,sol-updown-5m-1773037200,0,83.96,,,0.02,,,,,,,,0.02,,,,,,,,,,,0.139,,,83.96,83.94,-0.0224,DOWN,CL,0,0.99,0.3056,0.0747,0.6039,269.7151,369.7151,282,145,,,
2026-03-09T06:25:00.636035360+00:00,R0308_200647,SETTLE,S3,eth,eth-updown-5m-1773037200,0,2003.86,,,0.01,,,,,,,,0.01,,,,,,,,,,,0.039,,,2004.23,2003.34,-0.0443,DOWN,CL,0,0.99,0.3087,0.0234,-0.1582,268.953,368.953,281,146,,,
2026-03-09T06:25:00.636100959+00:00,R0308_200647,SETTLE,S3,btc,btc-updown-5m-1773037200,0,67577.1,,,0.01,,,,,,,,0.01,,,,,,,,,,,0.149,,,67580.52,67560.62,-0.0295,DOWN,CL,0,0.99,0.3088,0.0807,0.7248,269.836,369.836,282,145,,,
2026-03-09T06:25:15.999838311+00:00,R0308_205043,ENTRY,S3,eth,eth-updown-5m-1773037500,285,2004.26,0.53,0.52,0.01,5,46.5,52,47,0,0.48,0.47,0.01,46.5,5,47,52,0,0.531,0.481,5,5,,,,,,,,,,,,,,,,,,,,,
2026-03-09T06:25:16.363050914+00:00,R0308_200647,ENTRY,S3,eth,eth-updown-5m-1773037500,284,2004.03,0.52,0.51,0.01,9.4,85.8,51,48,0,0.49,0.48,0.01,85.8,9.4,48,51,0,0.521,0.491,5,5,,,,,,,,,,,,,,,,,,,,,
2026-03-09T06:26:23.659991813+00:00,R0308_200647,ENTRY,S3,sol,sol-updown-5m-1773037500,217,83.96,0.53,0.5,0.03,53,61,50,44,0,0.5,0.47,0.03,61,53,44,50,0,0.531,0.501,5,5,,,,,,,,,,,,,,,,,,,WIDE_SPREAD_UP|WIDE_SPREAD_DN,,
2026-03-09T06:26:24.056350438+00:00,R0308_205043,ENTRY,S3,sol,sol-updown-5m-1773037500,216,83.96,0.51,0.5,0.01,40,57.9,49,49,0,0.5,0.49,0.01,57.9,40,49,49,0,0.511,0.501,5,5,,,,,,,,,,,,,,,,,,,,,
2026-03-09T06:26:24.056490098+00:00,R0308_205043,ENTRY,S3,xrp,xrp-updown-5m-1773037500,216,1.35,0.51,0.5,0.01,10.9,86.8,50,49,0,0.5,0.49,0.01,86.8,10.9,49,50,0,0.511,0.501,5,5,,,,,,,,,,,,,,,,,,,,,
2026-03-09T06:26:24.696905762+00:00,R0308_200647,ENTRY,S3,xrp,xrp-updown-5m-1773037500,216,1.35,0.51,0.5,0.01,10.9,60,50,49,0,0.5,0.49,0.01,60,10.9,49,50,0,0.511,0.501,5,5,,,,,,,,,,,,,,,,,,,,,
2026-03-09T06:26:26.777876673+00:00,R0308_200647,ENTRY,S3,btc,btc-updown-5m-1773037500,214,67558.51,0.52,0.51,0.01,684.9,232,51,48,0,0.49,0.48,0.01,232,684.9,48,51,0,0.521,0.491,5,5,,,,,,,,,,,,,,,,,,,,,
2026-03-09T06:26:27.154011488+00:00,R0308_205043,ENTRY,S3,btc,btc-updown-5m-1773037500,213,67558.51,0.52,0.51,0.01,586.4,232,51,48,0,0.49,0.48,0.01,232,586.4,48,51,0,0.521,0.491,5,5,,,,,,,,,,,,,,,,,,,,,
2026-03-09T06:29:33.717280288+00:00,R0308_205043,DUMP,S3,eth,eth-updown-5m-1773037500,27,1999.61,,,,,,,,,,,,,0,,0,99,,,,,UP,0.099,0.1,EST,0.9322,2003.24,1999.44,-0.1896,,,,,,,,,,,,,TAKER_FORCE|EST_BID
2026-03-09T06:29:33.717378817+00:00,R0308_205043,DUMP,S3,xrp,xrp-updown-5m-1773037500,27,1.35,,,,,,,,,,,,,113.3,,1,98,,,,,UP,0.01,0.01,REAL,0.0978,1.35,1.35,-0.1318,,,,,,,,,,,,,TAKER_FORCE
2026-03-09T06:29:33.717453500+00:00,R0308_205043,DUMP,S3,sol,sol-updown-5m-1773037500,27,83.75,,,,,,,,,,,,,0,,0,99,,,,,UP,0.099,0.1,EST,0.9687,83.94,83.72,-0.2561,,,,,,,,,,,,,TAKER_FORCE|EST_BID
2026-03-09T06:29:33.717500771+00:00,R0308_205043,DUMP,S3,btc,btc-updown-5m-1773037500,27,67519.96,,,,,,,,,,,,,10,,3,96,,,,,UP,0.03,0.03,REAL,0.2879,67558.52,67496.71,-0.0915,,,,,,,,,,,,,MAKER_FILL
2026-03-09T06:29:33.978855526+00:00,R0308_200647,DUMP,S3,sol,sol-updown-5m-1773037500,27,83.75,,,,,,,,,,,,,0,,0,99,,,,,UP,0.099,0.1,EST,0.9322,83.94,83.72,-0.2561,,,,,,,,,,,,,TAKER_FORCE|EST_BID
2026-03-09T06:29:33.978982398+00:00,R0308_200647,DUMP,S3,xrp,xrp-updown-5m-1773037500,27,1.35,,,,,,,,,,,,,0,,0,99,,,,,UP,0.199,0.2,EST,1.9472,1.35,1.35,-0.1318,,,,,,,,,,,,,TAKER_FORCE|EST_BID
2026-03-09T06:29:33.979031141+00:00,R0308_200647,DUMP,S3,btc,btc-updown-5m-1773037500,27,67519.96,,,,,,,,,,,,,266.9,,3,96,,,,,UP,0.03,0.03,REAL,0.2879,67558.52,67496.71,-0.0915,,,,,,,,,,,,,MAKER_FILL
2026-03-09T06:29:33.979100927+00:00,R0308_200647,DUMP,S3,eth,eth-updown-5m-1773037500,27,1999.61,,,,,,,,,,,,,0,,0,99,,,,,UP,0.099,0.1,EST,0.9501,2003.24,1999.44,-0.1896,,,,,,,,,,,,,TAKER_FORCE|EST_BID
2026-03-09T06:30:00.135983646+00:00,R0308_200647,SETTLE,S3,sol,sol-updown-5m-1773037500,0,83.77,,,0.03,,,,,,,,0.03,,,,,,,,,,,0.099,,,83.94,83.75,-0.221,DOWN,CL,0,0.99,0.3025,0.0525,0.5572,270.8389,370.8389,284,146,,,
2026-03-09T06:30:00.136120513+00:00,R0308_200647,SETTLE,S3,xrp,xrp-updown-5m-1773037500,0,1.35,,,0.01,,,,,,,,0.01,,,,,,,,,,,0.199,,,1.35,1.35,-0.1471,DOWN,CL,0,0.99,0.3087,0.0975,1.521,271.8027,371.8027,284,146,,,
2026-03-09T06:30:00.136211370+00:00,R0308_200647,SETTLE,S3,btc,btc-updown-5m-1773037500,0,67508.24,,,0.01,,,,,,,,0.01,,,,,,,,,,,0.03,,,67558.52,67497.21,-0.0908,DOWN,CL,0,0.99,0.3088,0.0175,0.145,270.4267,370.4267,284,146,,,
2026-03-09T06:30:00.136278722+00:00,R0308_200647,SETTLE,S3,eth,eth-updown-5m-1773037500,0,1998.95,,,0.01,,,,,,,,0.01,,,,,,,,,,,0.099,,,2003.24,1998.75,-0.224,DOWN,CL,0,0.99,0.3088,0.0535,0.7711,271.0528,371.0528,284,146,,,
2026-03-09T06:30:00.872291381+00:00,R0308_205043,SETTLE,S3,eth,eth-updown-5m-1773037500,0,1999.06,,,0.01,,,,,,,,0.01,,,,,,,,,,,0.099,,,2003.24,1998.75,-0.224,DOWN,CL,0,0.99,0.3087,0.0525,0.966,249.3056,349.3056,255,146,,,
2026-03-09T06:30:00.872381707+00:00,R0308_205043,SETTLE,S3,xrp,xrp-updown-5m-1773037500,0,1.35,,,0.01,,,,,,,,0.01,,,,,,,,,,,0.01,,,1.35,1.35,-0.1471,DOWN,CL,0,0.99,0.3087,0.0061,-0.2369,248.1027,348.1027,254,147,,,
2026-03-09T06:30:00.872420656+00:00,R0308_205043,SETTLE,S3,sol,sol-updown-5m-1773037500,0,83.77,,,0.01,,,,,,,,0.01,,,,,,,,,,,0.099,,,83.94,83.75,-0.221,DOWN,CL,0,0.99,0.3087,0.0545,0.5854,248.9251,348.9251,255,146,,,
2026-03-09T06:30:00.872448408+00:00,R0308_205043,SETTLE,S3,btc,btc-updown-5m-1773037500,0,67509.58,,,0.01,,,,,,,,0.01,,,,,,,,,,,0.03,,,67558.52,67497.21,-0.0908,DOWN,CL,0,0.99,0.3088,0.0175,0.145,248.4846,348.4846,255,146,,,
2026-03-09T06:30:10.313186967+00:00,R0308_205043,ENTRY,S3,btc,btc-updown-5m-1773037800,290,67519.03,0.52,0.51,0.01,274.5,25.5,51,48,0,0.49,0.48,0.01,25.5,274.5,48,51,0,0.521,0.491,5,5,,,,,,,,,,,,,,,,,,,,,
2026-03-09T06:30:10.313363103+00:00,R0308_205043,ENTRY,S3,xrp,xrp-updown-5m-1773037800,290,1.35,0.49,0.48,0.01,61.2,14.3,48,51,0,0.52,0.51,0.01,14.3,61.2,51,48,0,0.491,0.521,5,5,,,,,,,,,,,,,,,,,,,,,
2026-03-09T06:30:10.630380408+00:00,R0308_200647,ENTRY,S3,xrp,xrp-updown-5m-1773037800,290,1.35,0.5,0.49,0.01,28,35.8,49,50,0,0.51,0.5,0.01,35.8,28,50,49,0,0.501,0.511,5,5,,,,,,,,,,,,,,,,,,,,,
2026-03-09T06:30:13.422073507+00:00,R0308_205043,ENTRY,S3,sol,sol-updown-5m-1773037800,287,83.77,0.52,0.51,0.01,10,14,51,48,0,0.49,0.48,0.01,14,10,48,51,0,0.521,0.491,5,5,,,,,,,,,,,,,,,,,,,,,
2026-03-09T06:30:13.849718588+00:00,R0308_200647,ENTRY,S3,eth,eth-updown-5m-1773037800,287,1999.09,0.52,0.51,0.01,10.9,125.9,51,47,0,0.49,0.48,0.01,125.9,10.9,47,51,0,0.521,0.491,5,5,,,,,,,,,,,,,,,,,,,,,
2026-03-09T06:30:13.849897738+00:00,R0308_200647,ENTRY,S3,sol,sol-updown-5m-1773037800,287,83.75,0.49,0.48,0.01,17.8,20.7,47,51,0,0.52,0.51,0.01,20.7,17.8,51,47,0,0.491,0.521,5,5,,,,,,,,,,,,,,,,,,,,,
2026-03-09T06:30:14.580941144+00:00,R0308_205043,ENTRY,S3,eth,eth-updown-5m-1773037800,286,1999.15,0.53,0.52,0.01,67.5,39,52,47,0,0.48,0.47,0.01,39,67.5,47,52,0,0.531,0.481,5,5,,,,,,,,,,,,,,,,,,,,,
2026-03-09T06:30:14.884261892+00:00,R0308_200647,ENTRY,S3,btc,btc-updown-5m-1773037800,286,67511.54,0.53,0.51,0.02,41.2,21.4,51,47,0,0.49,0.47,0.02,21.4,41.2,47,51,0,0.531,0.491,5,5,,,,,,,,,,,,,,,,,,,,,
2026-03-09T06:34:31.614967648+00:00,R0308_205043,DUMP,S3,xrp,xrp-updown-5m-1773037800,29,1.35,,,,,,,,,,,,,8,,16,83,,,,,UP,0.16,0.16,REAL,1.6293,1.35,1.35,-0.045,,,,,,,,,,,,,MAKER_FILL
2026-03-09T06:34:31.636158328+00:00,R0308_200647,DUMP,S3,xrp,xrp-updown-5m-1773037800,29,1.35,,,,,,,,,,,,,8,,16,83,,,,,UP,0.16,0.16,REAL,1.5968,1.35,1.35,-0.045,,,,,,,,,,,,,MAKER_FILL
2026-03-09T06:34:33.677863107+00:00,R0308_205043,DUMP,S3,sol,sol-updown-5m-1773037800,27,83.65,,,,,,,,,,,,,119.3,,2,97,,,,,UP,0.019,0.02,REAL,0.1823,83.75,83.64,-0.1372,,,,,,,,,,,,,TAKER_FORCE
2026-03-09T06:34:33.677966933+00:00,R0308_205043,DUMP,S3,eth,eth-updown-5m-1773037800,27,1997.42,,,,,,,,,,,,,26.4,,10,88,,,,,UP,0.099,0.1,REAL,0.9322,1998.57,1997.1,-0.0733,,,,,,,,,,,,,TAKER_FORCE
2026-03-09T06:34:33.678010249+00:00,R0308_205043,DUMP,S3,btc,btc-updown-5m-1773037800,27,67466.37,,,,,,,,,,,,,125,,10,89,,,,,UP,0.099,0.1,REAL,0.9501,67493.83,67452.62,-0.0611,,,,,,,,,,,,,TAKER_FORCE
2026-03-09T06:34:33.702657320+00:00,R0308_200647,DUMP,S3,eth,eth-updown-5m-1773037800,27,1997.42,,,,,,,,,,,,,26.4,,10,88,,,,,UP,0.099,0.1,REAL,0.9501,1998.57,1997.1,-0.0733,,,,,,,,,,,,,TAKER_FORCE
2026-03-09T06:34:33.702771141+00:00,R0308_200647,DUMP,S3,sol,sol-updown-5m-1773037800,27,83.65,,,,,,,,,,,,,119.3,,2,97,,,,,UP,0.019,0.02,REAL,0.1935,83.75,83.64,-0.136,,,,,,,,,,,,,TAKER_FORCE
2026-03-09T06:34:33.702797662+00:00,R0308_200647,DUMP,S3,btc,btc-updown-5m-1773037800,27,67466.37,,,,,,,,,,,,,125,,10,89,,,,,UP,0.099,0.1,REAL,0.9322,67493.83,67452.62,-0.0611,,,,,,,,,,,,,TAKER_FORCE
2026-03-09T06:35:00.046457918+00:00,R0308_205043,SETTLE,S3,sol,sol-updown-5m-1773037800,0,83.65,,,0.01,,,,,,,,0.01,,,,,,,,,,,0.019,,,83.75,83.65,-0.1195,DOWN,CL,0,0.99,0.3088,0.0112,0.0457,249.8448,349.8448,258,147,,,
2026-03-09T06:35:00.046558959+00:00,R0308_205043,SETTLE,S3,eth,eth-updown-5m-1773037800,0,1997.5,,,0.01,,,,,,,,0.01,,,,,,,,,,,0.099,,,1998.57,1997.15,-0.0707,DOWN,CL,0,0.99,0.3087,0.0525,0.966,250.7651,350.7651,258,147,,,
2026-03-09T06:35:00.046596637+00:00,R0308_205043,SETTLE,S3,btc,btc-updown-5m-1773037800,0,67477.07,,,0.01,,,,,,,,0.01,,,,,,,,,,,0.099,,,67493.83,67464.65,-0.0432,DOWN,CL,0,0.99,0.3088,0.0535,0.7711,250.5703,350.5703,258,147,,,
2026-03-09T06:35:00.046624719+00:00,R0308_205043,SETTLE,S3,xrp,xrp-updown-5m-1773037800,0,1.35,,,0.01,,,,,,,,0.01,,,,,,,,,,,0.16,,,1.35,1.35,-0.0092,DOWN,CL,0,0.99,0.3088,0.0855,0.832,250.6311,350.6311,258,147,,,
2026-03-09T06:35:00.967591230+00:00,R0308_200647,SETTLE,S3,eth,eth-updown-5m-1773037800,0,1997.5,,,0.01,,,,,,,,0.01,,,,,,,,,,,0.099,,,1998.57,1997.14,-0.0716,DOWN,CL,0,0.99,0.3088,0.0535,0.7711,274.0472,374.0472,288,146,,,
2026-03-09T06:35:00.967662738+00:00,R0308_200647,SETTLE,S3,sol,sol-updown-5m-1773037800,0,83.65,,,0.01,,,,,,,,0.01,,,,,,,,,,,0.019,,,83.75,83.65,-0.1182,DOWN,CL,0,0.99,0.3088,0.0119,-0.5302,272.7459,372.7459,287,147,,,
2026-03-09T06:35:00.967691371+00:00,R0308_200647,SETTLE,S3,btc,btc-updown-5m-1773037800,0,67471.13,,,0.02,,,,,,,,0.02,,,,,,,,,,,0.099,,,67493.83,67463.99,-0.0442,DOWN,CL,0,0.99,0.3056,0.0525,0.7574,274.0334,374.0334,288,146,,,
2026-03-09T06:35:00.967721736+00:00,R0308_200647,SETTLE,S3,xrp,xrp-updown-5m-1773037800,0,1.35,,,0.01,,,,,,,,0.01,,,,,,,,,,,0.16,,,1.35,1.35,-0.0093,DOWN,CL,0,0.99,0.3087,0.0838,0.989,274.265,374.265,288,146,,,
2026-03-09T06:35:10.392779866+00:00,R0308_200647,ENTRY,S3,btc,btc-updown-5m-1773038100,290,67468.19,0.5,0.49,0.01,982.4,860,49,50,0,0.51,0.5,0.01,860,982.4,50,49,0,0.501,0.511,5,5,,,,,,,,,,,,,,,,,,,,,
2026-03-09T06:35:10.392890552+00:00,R0308_200647,ENTRY,S3,eth,eth-updown-5m-1773038100,290,1997.4,0.51,0.5,0.01,422.9,195,50,49,0,0.5,0.49,0.01,195,422.9,49,50,0,0.511,0.501,5,5,,,,,,,,,,,,,,,,,,,,,
2026-03-09T06:35:10.392954699+00:00,R0308_200647,ENTRY,S3,sol,sol-updown-5m-1773038100,290,83.67,0.52,0.51,0.01,70,76.8,51,48,0,0.49,0.48,0.01,76.8,70,48,51,0,0.521,0.491,5,5,,,,,,,,,,,,,,,,,,,,,
2026-03-09T06:35:10.393016422+00:00,R0308_200647,ENTRY,S3,xrp,xrp-updown-5m-1773038100,290,1.35,0.53,0.51,0.02,60,53,51,47,0,0.49,0.47,0.02,53,60,47,51,0,0.531,0.491,5,5,,,,,,,,,,,,,,,,,,,,,
2026-03-09T06:35:10.533466133+00:00,R0308_205043,ENTRY,S3,btc,btc-updown-5m-1773038100,290,67468.19,0.5,0.49,0.01,982.4,749.2,49,50,0,0.51,0.5,0.01,749.2,982.4,50,49,0,0.501,0.511,5,5,,,,,,,,,,,,,,,,,,,,,
2026-03-09T06:35:10.533635879+00:00,R0308_205043,ENTRY,S3,eth,eth-updown-5m-1773038100,290,1997.4,0.51,0.5,0.01,411.9,155,50,49,0,0.5,0.49,0.01,155,411.9,49,50,0,0.511,0.501,5,5,,,,,,,,,,,,,,,,,,,,,
2026-03-09T06:35:10.533738524+00:00,R0308_205043,ENTRY,S3,sol,sol-updown-5m-1773038100,290,83.67,0.52,0.51,0.01,70,65.7,51,48,0,0.49,0.48,0.01,65.7,70,48,51,0,0.521,0.491,5,5,,,,,,,,,,,,,,,,,,,,,
2026-03-09T06:35:10.533864274+00:00,R0308_205043,ENTRY,S3,xrp,xrp-updown-5m-1773038100,290,1.35,0.53,0.51,0.02,73.9,53,51,47,0,0.49,0.47,0.02,53,73.9,47,51,0,0.531,0.491,5,5,,,,,,,,,,,,,,,,,,,,,
2026-03-09T06:39:33.598224917+00:00,R0308_200647,DUMP,S3,xrp,xrp-updown-5m-1773038100,27,1.35,,,,,,,,,,,,,0,,0,99,,,,,UP,0.099,0.1,EST,0.9322,1.35,1.35,-0.217,,,,,,,,,,,,,TAKER_FORCE|EST_BID
2026-03-09T06:39:33.598331398+00:00,R0308_200647,DUMP,S3,sol,sol-updown-5m-1773038100,27,83.53,,,,,,,,,,,,,111.4,,1,98,,,,,UP,0.01,0.01,REAL,0.096,83.65,83.5,-0.1774,,,,,,,,,,,,,TAKER_FORCE
2026-03-09T06:39:33.598375865+00:00,R0308_200647,DUMP,S3,btc,btc-updown-5m-1773038100,27,67405.69,,,,,,,,,,,,,8434.1,,5,115,,,,,UP,0.01,0.01,REAL,0.0998,67464.88,67396.84,-0.1009,,,,,,,,,,,,,TAKER_FORCE
2026-03-09T06:39:33.598428524+00:00,R0308_200647,DUMP,S3,eth,eth-updown-5m-1773038100,27,1993.84,,,,,,,,,,,,,0,,0,99,,,,,UP,0.099,0.1,EST,0.9687,1997.15,1993.23,-0.1963,,,,,,,,,,,,,TAKER_FORCE|EST_BID
2026-03-09T06:39:33.815917765+00:00,R0308_205043,DUMP,S3,btc,btc-updown-5m-1773038100,27,67405.69,,,,,,,,,,,,,8518.1,,5,116,,,,,UP,0.01,0.01,REAL,0.0998,67464.65,67396.84,-0.1005,,,,,,,,,,,,,TAKER_FORCE
2026-03-09T06:39:33.816015161+00:00,R0308_205043,DUMP,S3,sol,sol-updown-5m-1773038100,27,83.53,,,,,,,,,,,,,91.2,,1,98,,,,,UP,0.01,0.01,REAL,0.096,83.65,83.51,-0.1694,,,,,,,,,,,,,TAKER_FORCE
2026-03-09T06:39:33.816059528+00:00,R0308_205043,DUMP,S3,xrp,xrp-updown-5m-1773038100,27,1.35,,,,,,,,,,,,,0,,0,99,,,,,UP,0.099,0.1,EST,0.9322,1.35,1.35,-0.2177,,,,,,,,,,,,,TAKER_FORCE|EST_BID
2026-03-09T06:39:33.816103034+00:00,R0308_205043,DUMP,S3,eth,eth-updown-5m-1773038100,27,1993.84,,,,,,,,,,,,,0,,0,99,,,,,UP,0.099,0.1,EST,0.9687,1997.15,1993.23,-0.1963,,,,,,,,,,,,,TAKER_FORCE|EST_BID
2026-03-09T06:40:00.896574411+00:00,R0308_200647,SETTLE,S3,xrp,xrp-updown-5m-1773038100,0,1.35,,,0.02,,,,,,,,0.02,,,,,,,,,,,0.099,,,1.35,1.35,-0.2214,DOWN,CL,0,0.99,0.3056,0.0525,0.7574,276.0207,376.0207,291,147,,,
2026-03-09T06:40:00.896716685+00:00,R0308_200647,SETTLE,S3,sol,sol-updown-5m-1773038100,0,83.5,,,0.01,,,,,,,,0.01,,,,,,,,,,,0.01,,,83.65,83.51,-0.1696,DOWN,CL,0,0.99,0.3088,0.0059,-0.0354,275.2279,375.2279,290,148,,,
2026-03-09T06:40:00.896919842+00:00,R0308_200647,SETTLE,S3,btc,btc-updown-5m-1773038100,0,67400.82,,,0.01,,,,,,,,0.01,,,,,,,,,,,0.01,,,67464.88,67403.46,-0.091,DOWN,CL,0,0.999,0.3087,0.0062,-0.4304,274.833,374.833,290,148,,,
2026-03-09T06:40:00.897015135+00:00,R0308_200647,SETTLE,S3,eth,eth-updown-5m-1773038100,0,1993.24,,,0.01,,,,,,,,0.01,,,,,,,,,,,0.099,,,1997.15,1993.27,-0.1945,DOWN,CL,0,0.99,0.3087,0.0545,0.5854,275.8488,375.8488,291,147,,,
2026-03-09T06:40:00.989960143+00:00,R0308_205043,SETTLE,S3,btc,btc-updown-5m-1773038100,0,67400.82,,,0.01,,,,,,,,0.01,,,,,,,,,,,0.01,,,67464.65,67403.46,-0.0907,DOWN,CL,0,0.999,0.3087,0.0062,-0.4304,251.9835,351.9835,261,148,,,
2026-03-09T06:40:00.990088847+00:00,R0308_205043,SETTLE,S3,sol,sol-updown-5m-1773038100,0,83.5,,,0.01,,,,,,,,0.01,,,,,,,,,,,0.01,,,83.65,83.51,-0.1697,DOWN,CL,0,0.99,0.3088,0.0059,-0.0354,252.3785,352.3785,261,148,,,
2026-03-09T06:40:00.990151371+00:00,R0308_205043,SETTLE,S3,xrp,xrp-updown-5m-1773038100,0,1.35,,,0.02,,,,,,,,0.02,,,,,,,,,,,0.099,,,1.35,1.35,-0.2222,DOWN,CL,0,0.99,0.3056,0.0525,0.7574,253.1713,353.1713,262,147,,,
2026-03-09T06:40:00.990212484+00:00,R0308_205043,SETTLE,S3,eth,eth-updown-5m-1773038100,0,1993.09,,,0.01,,,,,,,,0.01,,,,,,,,,,,0.099,,,1997.15,1993.27,-0.1944,DOWN,CL,0,0.99,0.3087,0.0545,0.5854,252.9993,352.9993,262,147,,,
2026-03-09T06:40:20.809154438+00:00,R0308_200647,ENTRY,S3,eth,eth-updown-5m-1773038400,280,1993.02,0.49,0.48,0.01,37.5,114.2,48,51,0,0.52,0.51,0.01,114.2,37.5,51,48,0,0.491,0.521,5,5,,,,,,,,,,,,,,,,,,,,,
2026-03-09T06:40:20.939277076+00:00,R0308_205043,ENTRY,S3,eth,eth-updown-5m-1773038400,280,1993.02,0.49,0.48,0.01,37.5,142.2,48,51,0,0.52,0.51,0.01,142.2,37.5,51,48,0,0.491,0.521,5,5,,,,,,,,,,,,,,,,,,,,,
2026-03-09T06:40:31.412821947+00:00,R0308_205043,ENTRY,S3,btc,btc-updown-5m-1773038400,269,67400.51,0.49,0.47,0.02,10,203.4,47,51,0,0.53,0.51,0.02,203.4,10,51,47,0,0.491,0.531,5,5,,,,,,,,,,,,,,,,,,,,,
2026-03-09T06:40:32.332325659+00:00,R0308_200647,ENTRY,S3,btc,btc-updown-5m-1773038400,268,67400.52,0.48,0.47,0.01,1078,110.1,47,52,0,0.53,0.52,0.01,110.1,1078,52,47,0,0.481,0.531,5,5,,,,,,,,,,,,,,,,,,,,,
2026-03-09T06:44:32.478147947+00:00,R0308_200647,DUMP,S3,btc,btc-updown-5m-1773038400,28,67356.45,,,,,,,,,,,,,837.4,,4,95,,,,,UP,0.04,0.04,REAL,0.4158,67407.7,67344.83,-0.0933,,,,,,,,,,,,,MAKER_FILL
2026-03-09T06:44:32.604953139+00:00,R0308_205043,DUMP,S3,btc,btc-updown-5m-1773038400,28,67356.45,,,,,,,,,,,,,216.6,,4,95,,,,,UP,0.04,0.04,REAL,0.4073,67407.7,67344.83,-0.0933,,,,,,,,,,,,,MAKER_FILL
2026-03-09T06:44:33.513672359+00:00,R0308_200647,DUMP,S3,eth,eth-updown-5m-1773038400,27,1989.79,,,,,,,,,,,,,0,,0,99,,,,,UP,0.099,0.1,EST,1.0081,1993.34,1989.47,-0.1942,,,,,,,,,,,,,TAKER_FORCE|EST_BID
2026-03-09T06:44:33.639575804+00:00,R0308_205043,DUMP,S3,eth,eth-updown-5m-1773038400,27,1989.79,,,,,,,,,,,,,0,,0,99,,,,,UP,0.099,0.1,EST,1.0081,1993.34,1989.47,-0.1942,,,,,,,,,,,,,TAKER_FORCE|EST_BID
2026-03-09T06:45:00.709045589+00:00,R0308_200647,SETTLE,S3,eth,eth-updown-5m-1773038400,0,1990.26,,,0.01,,,,,,,,0.01,,,,,,,,,,,0.099,,,1993.34,1990.02,-0.1665,DOWN,CL,0,0.99,0.3088,0.0568,0.2396,276.3799,376.3799,293,149,,,
2026-03-09T06:45:00.709189496+00:00,R0308_200647,SETTLE,S3,btc,btc-updown-5m-1773038400,0,67363.62,,,0.01,,,,,,,,0.01,,,,,,,,,,,0.04,,,67407.7,67352.18,-0.0824,DOWN,CL,0,0.99,0.3087,0.0249,-0.5017,275.6386,375.6386,292,150,,,
2026-03-09T06:45:00.884646373+00:00,R0308_205043,SETTLE,S3,btc,btc-updown-5m-1773038400,0,67363.62,,,0.02,,,,,,,,0.02,,,,,,,,,,,0.04,,,67407.7,67352.18,-0.0824,DOWN,CL,0,0.99,0.3056,0.0244,-0.5065,252.7844,352.7844,263,150,,,
2026-03-09T06:45:00.884777691+00:00,R0308_205043,SETTLE,S3,eth,eth-updown-5m-1773038400,0,1990.26,,,0.01,,,,,,,,0.01,,,,,,,,,,,0.099,,,1993.34,1990.02,-0.1665,DOWN,CL,0,0.99,0.3088,0.0568,0.2396,253.5305,353.5305,264,149,,,
2026-03-09T06:45:13.444981738+00:00,R0308_205043,ENTRY,S3,sol,sol-updown-5m-1773038700,287,83.33,0.53,0.5,0.03,104.5,33,50,47,0,0.5,0.47,0.03,33,104.5,47,50,0,0.531,0.501,5,5,,,,,,,,,,,,,,,,,,,WIDE_SPREAD_UP|WIDE_SPREAD_DN,,
2026-03-09T06:45:14.558729114+00:00,R0308_200647,ENTRY,S3,sol,sol-updown-5m-1773038700,286,83.33,0.51,0.5,0.01,44,40.4,50,49,0,0.5,0.49,0.01,40.4,44,49,50,0,0.511,0.501,5,5,,,,,,,,,,,,,,,,,,,,,
2026-03-09T06:45:15.515650201+00:00,R0308_205043,ENTRY,S3,xrp,xrp-updown-5m-1773038700,285,1.35,0.49,0.47,0.02,60,31,47,51,0,0.53,0.51,0.02,31,60,51,47,0,0.491,0.531,5,5,,,,,,,,,,,,,,,,,,,,,
2026-03-09T06:45:15.593193958+00:00,R0308_200647,ENTRY,S3,xrp,xrp-updown-5m-1773038700,285,1.35,0.49,0.47,0.02,60,31,47,51,0,0.53,0.51,0.02,31,60,51,47,0,0.491,0.531,5,5,,,,,,,,,,,,,,,,,,,,,
2026-03-09T06:49:31.376359300+00:00,R0308_205043,DUMP,S3,sol,sol-updown-5m-1773038700,29,83.32,,,,,,,,,,,,,11.4,,50,48,,,,,UP,0.44,0.51,REAL,4.1431,83.32,83.3,-0.0207,,,,,,,,,,,,,MAKER_FILL
2026-03-09T06:49:31.819394336+00:00,R0308_200647,DUMP,S3,sol,sol-updown-5m-1773038700,29,83.33,,,,,,,,,,,,,9.5,,48,47,,,,,UP,0.43,0.52,REAL,4.2074,83.32,83.3,-0.0207,,,,,,,,,,,,,MAKER_FILL
2026-03-09T06:49:32.854486719+00:00,R0308_200647,DUMP,S3,xrp,xrp-updown-5m-1773038700,28,1.35,,,,,,,,,,,,,24.4,,18,70,,,,,DN,0.17,0.2,REAL,1.6008,1.35,1.35,0.0311,,,,,,,,,,,,,MAKER_FILL
2026-03-09T06:49:33.455050466+00:00,R0308_205043,DUMP,S3,xrp,xrp-updown-5m-1773038700,27,1.35,,,,,,,,,,,,,10,,20,69,,,,,DN,0.17,0.24,REAL,1.6008,1.35,1.35,0.0312,,,,,,,,,,,,,MAKER_FILL
2026-03-09T06:50:00.181401823+00:00,R0308_200647,SETTLE,S3,sol,sol-updown-5m-1773038700,0,83.29,,,0.01,,,,,,,,0.01,,,,,,,,,,,0.43,,,83.32,83.29,-0.0343,DOWN,CL,0,0.99,0.3087,0.1499,3.7288,279.607,379.607,294,150,,,
2026-03-09T06:50:00.181563007+00:00,R0308_200647,SETTLE,S3,xrp,xrp-updown-5m-1773038700,0,1.35,,,0.02,,,,,,,,0.02,,,,,,,,,,,0.17,,,1.35,1.35,0.0167,UP,CL,0.99,0,0.3056,0.083,1.3954,277.2736,377.2736,294,150,,,
2026-03-09T06:50:00.780681051+00:00,R0308_205043,SETTLE,S3,sol,sol-updown-5m-1773038700,0,83.29,,,0.03,,,,,,,,0.03,,,,,,,,,,,0.44,,,83.32,83.29,-0.035,DOWN,CL,0,0.99,0.3025,0.145,3.6757,256.6996,356.6996,265,150,,,
2026-03-09T06:50:00.780795013+00:00,R0308_205043,SETTLE,S3,xrp,xrp-updown-5m-1773038700,0,1.35,,,0.02,,,,,,,,0.02,,,,,,,,,,,0.17,,,1.35,1.35,0.0144,UP,CL,0.99,0,0.3056,0.083,1.3954,254.4193,354.4193,265,150,,,
2026-03-09T06:50:10.240891071+00:00,R0308_205043,ENTRY,S3,btc,btc-updown-5m-1773039000,290,67335.11,0.51,0.5,0.01,819,55,50,49,0,0.5,0.49,0.01,55,819,49,50,0,0.511,0.501,5,5,,,,,,,,,,,,,,,,,,,,,
2026-03-09T06:50:10.241015288+00:00,R0308_205043,ENTRY,S3,eth,eth-updown-5m-1773039000,290,1987.57,0.48,0.47,0.01,89,467,47,52,0,0.53,0.52,0.01,467,89,52,47,0,0.481,0.531,5,5,,,,,,,,,,,,,,,,,,,,,
2026-03-09T06:50:10.241079636+00:00,R0308_205043,ENTRY,S3,sol,sol-updown-5m-1773039000,290,83.29,0.51,0.5,0.01,10,7,50,49,0,0.5,0.49,0.01,7,10,49,50,0,0.511,0.501,5,5,,,,,,,,,,,,,,,,,,,,,
2026-03-09T06:50:10.697102931+00:00,R0308_200647,ENTRY,S3,btc,btc-updown-5m-1773039000,290,67335.11,0.51,0.5,0.01,871.4,797,50,49,0,0.5,0.49,0.01,797,871.4,49,50,0,0.511,0.501,5,5,,,,,,,,,,,,,,,,,,,,,
2026-03-09T06:50:10.697212066+00:00,R0308_200647,ENTRY,S3,eth,eth-updown-5m-1773039000,290,1987.57,0.48,0.47,0.01,114.8,486,47,52,0,0.53,0.52,0.01,486,114.8,52,47,0,0.481,0.531,5,5,,,,,,,,,,,,,,,,,,,,,
2026-03-09T06:50:10.697275811+00:00,R0308_200647,ENTRY,S3,sol,sol-updown-5m-1773039000,290,83.29,0.52,0.49,0.03,31,40,49,48,0,0.51,0.48,0.03,40,31,48,49,0,0.521,0.511,5,5,,,,,,,,,,,,,,,,,,,WIDE_SPREAD_UP|WIDE_SPREAD_DN,,
2026-03-09T06:50:37.874526805+00:00,R0308_200647,ENTRY,S3,xrp,xrp-updown-5m-1773039000,263,1.35,0.48,0.47,0.01,49,8,47,52,0,0.53,0.52,0.01,8,49,52,47,0,0.481,0.531,5,5,,,,,,,,,,,,,,,,,,,,,
2026-03-09T06:50:39.461120431+00:00,R0308_205043,ENTRY,S3,xrp,xrp-updown-5m-1773039000,261,1.35,0.5,0.49,0.01,20,50,49,50,0,0.51,0.5,0.01,50,20,50,49,0,0.501,0.511,5,5,,,,,,,,,,,,,,,,,,,,,
2026-03-09T06:54:31.053477577+00:00,R0308_205043,DUMP,S3,btc,btc-updown-5m-1773039000,29,67325.24,,,,,,,,,,,,,325.5,,23,71,,,,,UP,0.17,0.26,REAL,1.6634,67341.15,67299.92,-0.0612,,,,,,,,,,,,,MAKER_FILL
2026-03-09T06:54:31.053615365+00:00,R0308_205043,DUMP,S3,eth,eth-updown-5m-1773039000,29,1986.1,,,,,,,,,,,,,17.4,,5,92,,,,,UP,0.04,0.05,REAL,0.4158,1987.84,1985.42,-0.1217,,,,,,,,,,,,,MAKER_FILL
2026-03-09T06:54:31.053690389+00:00,R0308_205043,DUMP,S3,sol,sol-updown-5m-1773039000,29,83.2,,,,,,,,,,,,,12.8,,5,94,,,,,UP,0.04,0.05,REAL,0.3914,83.29,83.16,-0.1611,,,,,,,,,,,,,MAKER_FILL
2026-03-09T06:54:31.053780244+00:00,R0308_205043,DUMP,S3,xrp,xrp-updown-5m-1773039000,29,1.35,,,,,,,,,,,,,28,,21,72,,,,,UP,0.17,0.27,REAL,1.6966,1.35,1.35,-0.0611,,,,,,,,,,,,,MAKER_FILL
2026-03-09T06:54:31.273109182+00:00,R0308_200647,DUMP,S3,eth,eth-updown-5m-1773039000,29,1986.1,,,,,,,,,,,,,372,,5,92,,,,,UP,0.04,0.05,REAL,0.4158,1987.84,1985.5,-0.1174,,,,,,,,,,,,,MAKER_FILL
2026-03-09T06:54:31.273193900+00:00,R0308_200647,DUMP,S3,sol,sol-updown-5m-1773039000,29,83.2,,,,,,,,,,,,,10.8,,5,94,,,,,UP,0.04,0.05,REAL,0.3839,83.29,83.16,-0.1588,,,,,,,,,,,,,MAKER_FILL
2026-03-09T06:54:31.273235713+00:00,R0308_200647,DUMP,S3,xrp,xrp-updown-5m-1773039000,29,1.35,,,,,,,,,,,,,18.3,,21,72,,,,,UP,0.18,0.27,REAL,1.8711,1.35,1.35,-0.0574,,,,,,,,,,,,,MAKER_FILL
2026-03-09T06:54:31.273284806+00:00,R0308_200647,DUMP,S3,btc,btc-updown-5m-1773039000,29,67325.24,,,,,,,,,,,,,388.1,,26,73,,,,,UP,0.16,0.26,REAL,1.5656,67341.15,67302.22,-0.0578,,,,,,,,,,,,,MAKER_FILL
2026-03-09T06:55:00.474137609+00:00,R0308_205043,SETTLE,S3,btc,btc-updown-5m-1773039000,0,67323.45,,,0.01,,,,,,,,0.01,,,,,,,,,,,0.17,,,67341.15,67314.45,-0.0396,DOWN,CL,0,0.99,0.3087,0.0863,1.2484,259.3434,359.3434,267,150,,,
2026-03-09T06:55:00.474241825+00:00,R0308_205043,SETTLE,S3,eth,eth-updown-5m-1773039000,0,1986.54,,,0.01,,,,,,,,0.01,,,,,,,,,,,0.04,,,1987.84,1986.44,-0.0702,DOWN,CL,0,0.99,0.3087,0.0249,-0.5017,257.5933,357.5933,266,151,,,
2026-03-09T06:55:00.474282207+00:00,R0308_205043,SETTLE,S3,sol,sol-updown-5m-1773039000,0,83.2,,,0.01,,,,,,,,0.01,,,,,,,,,,,0.04,,,83.29,83.2,-0.1107,DOWN,CL,0,0.99,0.3087,0.0235,0.0392,258.1342,358.1342,267,150,,,
2026-03-09T06:55:00.474321366+00:00,R0308_205043,SETTLE,S3,xrp,xrp-updown-5m-1773039000,0,1.35,,,0.01,,,,,,,,0.01,,,,,,,,,,,0.17,,,1.35,1.35,-0.0056,DOWN,CL,0.2,0.7,0.3087,0.088,1.0846,259.1796,359.1796,267,150,,,
2026-03-09T06:55:00.529193833+00:00,R0308_200647,SETTLE,S3,eth,eth-updown-5m-1773039000,0,1986.54,,,0.01,,,,,,,,0.01,,,,,,,,,,,0.04,,,1987.84,1986.44,-0.0702,DOWN,CL,0,0.99,0.3087,0.0249,-0.5017,280.5007,380.5007,295,151,,,
2026-03-09T06:55:00.529270968+00:00,R0308_200647,SETTLE,S3,sol,sol-updown-5m-1773039000,0,83.2,,,0.03,,,,,,,,0.03,,,,,,,,,,,0.04,,,83.29,83.2,-0.1107,DOWN,CL,0,0.99,0.3025,0.023,-0.1569,280.8455,380.8455,295,151,,,
2026-03-09T06:55:00.529298890+00:00,R0308_200647,SETTLE,S3,xrp,xrp-updown-5m-1773039000,0,1.35,,,0.01,,,,,,,,0.01,,,,,,,,,,,0.18,,,1.35,1.35,-0.0056,DOWN,CL,0.2,0.7,0.3087,0.0959,0.8827,281.8851,381.8851,296,150,,,
2026-03-09T06:55:00.529328226+00:00,R0308_200647,SETTLE,S3,btc,btc-updown-5m-1773039000,0,67323.45,,,0.01,,,,,,,,0.01,,,,,,,,,,,0.16,,,67341.15,67314.45,-0.0396,DOWN,CL,0,0.99,0.3087,0.0822,1.1547,282.1571,382.1571,296,150,,,
2026-03-09T06:55:10.000560260+00:00,R0308_200647,ENTRY,S3,eth,eth-updown-5m-1773039300,290,1986,0.48,0.47,0.01,57,16.9,47,52,0,0.53,0.52,0.01,16.9,57,52,47,0,0.481,0.531,5,5,,,,,,,,,,,,,,,,,,,,,
2026-03-09T06:55:10.000677727+00:00,R0308_200647,ENTRY,S3,sol,sol-updown-5m-1773039300,290,83.19,0.48,0.47,0.01,87.8,10,46,50,0,0.53,0.52,0.01,10,87.8,50,46,0,0.481,0.531,5,5,,,,,,,,,,,,,,,,,,,,,
2026-03-09T06:55:10.000740712+00:00,R0308_200647,ENTRY,S3,xrp,xrp-updown-5m-1773039300,290,1.35,0.51,0.49,0.02,52,46,49,49,0,0.51,0.49,0.02,46,52,49,49,0,0.511,0.511,5,5,,,,,,,,,,,,,,,,,,,,,
2026-03-09T06:55:10.977189551+00:00,R0308_205043,ENTRY,S3,eth,eth-updown-5m-1773039300,290,1986.01,0.48,0.47,0.01,142,2.9,47,52,0,0.53,0.52,0.01,2.9,142,52,47,0,0.481,0.531,5,5,,,,,,,,,,,,,,,,,,,,,
2026-03-09T06:55:10.977311985+00:00,R0308_205043,ENTRY,S3,sol,sol-updown-5m-1773039300,290,83.19,0.51,0.48,0.03,53.8,27,48,49,0,0.52,0.49,0.03,27,53.8,49,48,0,0.511,0.521,5,5,,,,,,,,,,,,,,,,,,,WIDE_SPREAD_UP|WIDE_SPREAD_DN,,
2026-03-09T06:55:10.977407069+00:00,R0308_205043,ENTRY,S3,xrp,xrp-updown-5m-1773039300,290,1.35,0.51,0.49,0.02,52,67,49,49,0,0.51,0.49,0.02,67,52,49,49,0,0.511,0.511,5,5,,,,,,,,,,,,,,,,,,,,,
2026-03-09T06:55:12.009324143+00:00,R0308_205043,ENTRY,S3,btc,btc-updown-5m-1773039300,288,67303.1,0.52,0.51,0.01,35.2,127.9,51,48,0,0.49,0.48,0.01,127.9,35.2,48,51,0,0.521,0.491,5,5,,,,,,,,,,,,,,,,,,,,,
2026-03-09T06:55:12.071427327+00:00,R0308_200647,ENTRY,S3,btc,btc-updown-5m-1773039300,288,67303.1,0.52,0.51,0.01,11.5,147.9,51,48,0,0.49,0.48,0.01,147.9,11.5,48,51,0,0.521,0.491,5,5,,,,,,,,,,,,,,,,,,,,,
2026-03-09T06:59:31.411720122+00:00,R0308_200647,DUMP,S3,eth,eth-updown-5m-1773039300,29,1985.75,,,,,,,,,,,,,78.2,,13,85,,,,,UP,0.1,0.13,REAL,1.0395,1986.38,1985.78,-0.0302,,,,,,,,,,,,,MAKER_FILL
2026-03-09T06:59:31.411876018+00:00,R0308_200647,DUMP,S3,sol,sol-updown-5m-1773039300,29,83.17,,,,,,,,,,,,,1.6,,20,79,,,,,UP,0.2,0.2,REAL,2.079,83.2,83.16,-0.0468,,,,,,,,,,,,,MAKER_FILL
2026-03-09T06:59:32.002019008+00:00,R0308_205043,DUMP,S3,eth,eth-updown-5m-1773039300,28,1985.75,,,,,,,,,,,,,397.6,,13,86,,,,,UP,0.13,0.13,REAL,1.3514,1986.38,1985.56,-0.0412,,,,,,,,,,,,,MAKER_FILL
2026-03-09T06:59:33.037622543+00:00,R0308_205043,DUMP,S3,xrp,xrp-updown-5m-1773039300,27,1.35,,,,,,,,,,,,,68.1,,3,96,,,,,UP,0.029,0.03,REAL,0.2838,1.35,1.34,-0.0759,,,,,,,,,,,,,TAKER_FORCE
2026-03-09T06:59:33.037721382+00:00,R0308_205043,DUMP,S3,sol,sol-updown-5m-1773039300,27,83.17,,,,,,,,,,,,,36,,18,80,,,,,UP,0.179,0.18,REAL,1.7515,83.2,83.15,-0.0596,,,,,,,,,,,,,TAKER_FORCE
2026-03-09T06:59:33.037775724+00:00,R0308_205043,DUMP,S3,btc,btc-updown-5m-1773039300,27,67293.97,,,,,,,,,,,,,13.1,,11,88,,,,,UP,0.109,0.11,REAL,1.0461,67313.54,67281.19,-0.0481,,,,,,,,,,,,,TAKER_FORCE
2026-03-09T06:59:33.486493709+00:00,R0308_200647,DUMP,S3,btc,btc-updown-5m-1773039300,27,67293.98,,,,,,,,,,,,,880.3,,10,89,,,,,UP,0.099,0.1,REAL,0.9501,67313.54,67281.19,-0.0481,,,,,,,,,,,,,TAKER_FORCE
2026-03-09T06:59:33.486556253+00:00,R0308_200647,DUMP,S3,xrp,xrp-updown-5m-1773039300,27,1.35,,,,,,,,,,,,,57.8,,3,96,,,,,UP,0.029,0.03,REAL,0.2838,1.35,1.34,-0.0759,,,,,,,,,,,,,TAKER_FORCE
2026-03-09T07:00:00.371545352+00:00,R0308_205043,SETTLE,S3,eth,eth-updown-5m-1773039300,0,1985.19,,,0.01,,,,,,,,0.01,,,,,,,,,,,0.13,,,1986.38,1984.47,-0.096,DOWN,CL,0,0.99,0.3087,0.0735,0.3853,260.3508,360.3508,270,151,,,
2026-03-09T07:00:00.371660635+00:00,R0308_205043,SETTLE,S3,xrp,xrp-updown-5m-1773039300,0,1.34,,,0.02,,,,,,,,0.02,,,,,,,,,,,0.029,,,1.35,1.34,-0.0866,DOWN,CL,0,0.99,0.3056,0.0172,-0.2544,259.7111,359.7111,269,152,,,
2026-03-09T07:00:00.371702228+00:00,R0308_205043,SETTLE,S3,sol,sol-updown-5m-1773039300,0,83.14,,,0.03,,,,,,,,0.03,,,,,,,,,,,0.179,,,83.2,83.11,-0.1075,DOWN,CL,0,0.99,0.3025,0.0899,0.956,260.9215,360.9215,270,151,,,
2026-03-09T07:00:00.371740505+00:00,R0308_205043,SETTLE,S3,btc,btc-updown-5m-1773039300,0,67272.37,,,0.01,,,,,,,,0.01,,,,,,,,,,,0.109,,,67313.54,67250.6,-0.0935,DOWN,CL,0,0.99,0.3088,0.0583,0.8624,260.8278,360.8278,270,151,,,
2026-03-09T07:00:00.810380443+00:00,R0308_200647,SETTLE,S3,btc,btc-updown-5m-1773039300,0,67277.73,,,0.01,,,,,,,,0.01,,,,,,,,,,,0.099,,,67313.54,67250.6,-0.0935,DOWN,CL,0,0.99,0.3088,0.0535,0.7711,283.1523,383.1523,298,152,,,
2026-03-09T07:00:00.810490740+00:00,R0308_200647,SETTLE,S3,xrp,xrp-updown-5m-1773039300,0,1.35,,,0.02,,,,,,,,0.02,,,,,,,,,,,0.029,,,1.35,1.34,-0.0866,DOWN,CL,0,0.99,0.3056,0.0172,-0.2544,282.1268,382.1268,297,153,,,
2026-03-09T07:00:00.810532012+00:00,R0308_200647,SETTLE,S3,eth,eth-updown-5m-1773039300,0,1985.33,,,0.01,,,,,,,,0.01,,,,,,,,,,,0.1,,,1986.38,1984.47,-0.096,DOWN,CL,0,0.99,0.3087,0.0585,0.0885,282.4696,382.4696,298,152,,,
2026-03-09T07:00:00.810572072+00:00,R0308_200647,SETTLE,S3,sol,sol-updown-5m-1773039300,0,83.14,,,0.01,,,,,,,,0.01,,,,,,,,,,,0.2,,,83.2,83.11,-0.1075,DOWN,CL,0,0.99,0.3087,0.104,1.0825,283.4636,383.4636,298,152,,,
2026-03-09T07:00:15.499908606+00:00,R0308_200647,ENTRY,S3,eth,eth-updown-5m-1773039600,285,1984.26,0.51,0.5,0.01,42.6,35,50,48,0,0.5,0.49,0.01,35,42.6,48,50,0,0.511,0.501,5,5,,,,,,,,,,,,,,,,,,,,,
2026-03-09T07:00:16.062279633+00:00,R0308_205043,ENTRY,S3,eth,eth-updown-5m-1773039600,284,1984.27,0.5,0.49,0.01,22.8,210,49,50,0,0.51,0.5,0.01,210,22.8,50,49,0,0.501,0.511,5,5,,,,,,,,,,,,,,,,,,,,,
2026-03-09T07:00:17.703563060+00:00,R0308_200647,ENTRY,S3,btc,btc-updown-5m-1773039600,283,67240.03,0.48,0.47,0.01,275.1,49.8,47,52,0,0.53,0.52,0.01,49.8,275.1,52,47,0,0.481,0.531,5,5,,,,,,,,,,,,,,,,,,,,,
2026-03-09T07:00:17.703670152+00:00,R0308_200647,ENTRY,S3,sol,sol-updown-5m-1773039600,283,83.1,0.48,0.47,0.01,8,21,47,52,0,0.53,0.52,0.01,21,8,52,47,0,0.481,0.531,5,5,,,,,,,,,,,,,,,,,,,,,
2026-03-09T07:00:18.282225204+00:00,R0308_205043,ENTRY,S3,btc,btc-updown-5m-1773039600,282,67240.03,0.48,0.47,0.01,242.7,19.7,47,52,0,0.53,0.52,0.01,19.7,242.7,52,47,0,0.481,0.531,5,5,,,,,,,,,,,,,,,,,,,,,
2026-03-09T07:00:18.282340178+00:00,R0308_205043,ENTRY,S3,sol,sol-updown-5m-1773039600,282,83.1,0.48,0.47,0.01,8,17,47,52,0,0.53,0.52,0.01,17,8,52,47,0,0.481,0.531,5,5,,,,,,,,,,,,,,,,,,,,,
2026-03-09T07:00:47.976406704+00:00,R0308_200647,ENTRY,S3,xrp,xrp-updown-5m-1773039600,253,1.34,0.5,0.47,0.03,35,35.5,47,50,0,0.53,0.5,0.03,35.5,35,50,47,0,0.501,0.531,5,5,,,,,,,,,,,,,,,,,,,WIDE_SPREAD_UP|WIDE_SPREAD_DN,,
2026-03-09T07:00:48.570020500+00:00,R0308_205043,ENTRY,S3,xrp,xrp-updown-5m-1773039600,252,1.34,0.51,0.49,0.02,81.5,22,49,49,0,0.51,0.49,0.02,22,81.5,49,49,0,0.511,0.511,5,5,,,,,,,,,,,,,,,,,,,,,
2026-03-09T07:04:33.131724097+00:00,R0308_200647,DUMP,S3,xrp,xrp-updown-5m-1773039600,27,1.34,,,,,,,,,,,,,0,,0,99,,,,,UP,0.099,0.1,EST,0.988,1.34,1.34,-0.1831,,,,,,,,,,,,,TAKER_FORCE|EST_BID
2026-03-09T07:04:33.131889106+00:00,R0308_200647,DUMP,S3,eth,eth-updown-5m-1773039600,27,1980.32,,,,,,,,,,,,,0,,0,99,,,,,UP,0.099,0.1,EST,0.9687,1984.32,1980.24,-0.2056,,,,,,,,,,,,,TAKER_FORCE|EST_BID
2026-03-09T07:04:33.131956258+00:00,R0308_200647,DUMP,S3,btc,btc-updown-5m-1773039600,27,67170.32,,,,,,,,,,,,,0,,0,99,,,,,UP,0.199,0.2,EST,2.0686,67249.18,67159.09,-0.134,,,,,,,,,,,,,TAKER_FORCE|EST_BID
2026-03-09T07:04:33.132019953+00:00,R0308_200647,DUMP,S3,sol,sol-updown-5m-1773039600,27,82.78,,,,,,,,,,,,,0,,0,99,,,,,UP,0.049,0.05,EST,0.5094,83.11,82.76,-0.4267,,,,,,,,,,,,,TAKER_FORCE|EST_BID
2026-03-09T07:04:33.601149995+00:00,R0308_205043,DUMP,S3,eth,eth-updown-5m-1773039600,27,1980.33,,,,,,,,,,,,,0,,0,99,,,,,UP,0.099,0.1,EST,0.988,1984.29,1980.22,-0.2049,,,,,,,,,,,,,TAKER_FORCE|EST_BID
2026-03-09T07:04:33.601252009+00:00,R0308_205043,DUMP,S3,sol,sol-updown-5m-1773039600,27,82.78,,,,,,,,,,,,,0,,0,99,,,,,UP,0.049,0.05,EST,0.5094,83.12,82.76,-0.4254,,,,,,,,,,,,,TAKER_FORCE|EST_BID
2026-03-09T07:04:33.601296155+00:00,R0308_205043,DUMP,S3,btc,btc-updown-5m-1773039600,27,67170.32,,,,,,,,,,,,,0,,0,99,,,,,UP,0.199,0.2,EST,2.0686,67248.14,67159.09,-0.1324,,,,,,,,,,,,,TAKER_FORCE|EST_BID
2026-03-09T07:04:33.601336386+00:00,R0308_205043,DUMP,S3,xrp,xrp-updown-5m-1773039600,27,1.34,,,,,,,,,,,,,0,,0,99,,,,,UP,0.099,0.1,EST,0.9687,1.34,1.34,-0.1851,,,,,,,,,,,,,TAKER_FORCE|EST_BID
2026-03-09T07:05:00.539442575+00:00,R0308_200647,SETTLE,S3,xrp,xrp-updown-5m-1773039600,0,1.34,,,0.03,,,,,,,,0.03,,,,,,,,,,,0.099,,,1.34,1.34,-0.1695,DOWN,CL,0,0.99,0.3025,0.0556,0.0461,284.115,384.115,301,153,,,
2026-03-09T07:05:00.539549907+00:00,R0308_200647,SETTLE,S3,eth,eth-updown-5m-1773039600,0,1980.1,,,0.01,,,,,,,,0.01,,,,,,,,,,,0.099,,,1984.32,1979.62,-0.2371,DOWN,CL,0,0.99,0.3087,0.0545,0.5854,284.6543,384.6543,301,153,,,
2026-03-09T07:05:00.539608975+00:00,R0308_200647,SETTLE,S3,btc,btc-updown-5m-1773039600,0,67186.41,,,0.01,,,,,,,,0.01,,,,,,,,,,,0.199,,,67249.18,67168.58,-0.1199,DOWN,CL,0,0.99,0.3087,0.1036,1.0725,285.1414,385.1414,301,153,,,
2026-03-09T07:05:00.539666663+00:00,R0308_200647,SETTLE,S3,sol,sol-updown-5m-1773039600,0,82.79,,,0.01,,,,,,,,0.01,,,,,,,,,,,0.049,,,83.11,82.76,-0.4291,DOWN,CL,0,0.99,0.3087,0.0303,-0.4135,283.6554,383.6554,300,154,,,
2026-03-09T07:05:00.780528575+00:00,R0308_205043,SETTLE,S3,eth,eth-updown-5m-1773039600,0,1980.1,,,0.01,,,,,,,,0.01,,,,,,,,,,,0.099,,,1984.29,1979.62,-0.2353,DOWN,CL,0,0.99,0.3087,0.0556,0.4084,262.3232,362.3232,273,152,,,
2026-03-09T07:05:00.780694235+00:00,R0308_205043,SETTLE,S3,sol,sol-updown-5m-1773039600,0,82.79,,,0.01,,,,,,,,0.01,,,,,,,,,,,0.049,,,83.12,82.76,-0.4326,DOWN,CL,0,0.99,0.3087,0.0303,-0.4135,261.5013,361.5013,272,153,,,
2026-03-09T07:05:00.780818613+00:00,R0308_205043,SETTLE,S3,btc,btc-updown-5m-1773039600,0,67186.41,,,0.01,,,,,,,,0.01,,,,,,,,,,,0.199,,,67248.14,67168.58,-0.1183,DOWN,CL,0,0.99,0.3087,0.1036,1.0725,262.9873,362.9873,273,152,,,
2026-03-09T07:05:00.780919355+00:00,R0308_205043,SETTLE,S3,xrp,xrp-updown-5m-1773039600,0,1.34,,,0.02,,,,,,,,0.02,,,,,,,,,,,0.099,,,1.34,1.34,-0.1715,DOWN,CL,0,0.99,0.3056,0.0545,0.3933,262.3081,362.3081,273,152,,,
2026-03-09T07:05:10.313173982+00:00,R0308_205043,ENTRY,S3,eth,eth-updown-5m-1773039900,290,1979.83,0.5,0.49,0.01,86.6,358.9,49,50,0,0.51,0.5,0.01,358.9,86.6,50,49,0,0.501,0.511,5,5,,,,,,,,,,,,,,,,,,,,,
2026-03-09T07:05:10.313297489+00:00,R0308_205043,ENTRY,S3,sol,sol-updown-5m-1773039900,290,82.78,0.52,0.51,0.01,63,23.2,51,48,0,0.49,0.48,0.01,23.2,63,48,51,0,0.521,0.491,5,5,,,,,,,,,,,,,,,,,,,,,
2026-03-09T07:05:10.313362476+00:00,R0308_205043,ENTRY,S3,xrp,xrp-updown-5m-1773039900,290,1.34,0.49,0.47,0.02,7.4,8,47,51,0,0.53,0.51,0.02,8,7.4,51,47,0,0.491,0.531,5,5,,,,,,,,,,,,,,,,,,,,,
2026-03-09T07:05:11.040527921+00:00,R0308_200647,ENTRY,S3,eth,eth-updown-5m-1773039900,289,1979.83,0.49,0.48,0.01,39.9,5,48,51,0,0.52,0.51,0.01,5,39.9,51,48,0,0.491,0.521,5,5,,,,,,,,,,,,,,,,,,,,,
2026-03-09T07:05:11.040671799+00:00,R0308_200647,ENTRY,S3,sol,sol-updown-5m-1773039900,289,82.79,0.53,0.52,0.01,80,48.1,52,47,0,0.48,0.47,0.01,48.1,80,47,52,0,0.531,0.481,5,5,,,,,,,,,,,,,,,,,,,,,
2026-03-09T07:05:11.040781224+00:00,R0308_200647,ENTRY,S3,xrp,xrp-updown-5m-1773039900,289,1.34,0.49,0.47,0.02,14,7,47,51,0,0.53,0.51,0.02,7,14,51,47,0,0.491,0.531,5,5,,,,,,,,,,,,,,,,,,,,,
2026-03-09T07:05:14.290537995+00:00,R0308_200647,ENTRY,S3,btc,btc-updown-5m-1773039900,286,67174.66,0.53,0.51,0.02,12.9,20,51,47,0,0.49,0.47,0.02,20,12.9,47,51,0,0.531,0.491,5,5,,,,,,,,,,,,,,,,,,,,,
2026-03-09T07:05:14.595161789+00:00,R0308_205043,ENTRY,S3,btc,btc-updown-5m-1773039900,286,67174.66,0.52,0.5,0.02,1420.8,37.1,50,48,0,0.5,0.48,0.02,57.1,1420.8,48,50,0,0.521,0.501,5,5,,,,,,,,,,,,,,,,,,,,,
2026-03-09T07:09:33.572705389+00:00,R0308_200647,DUMP,S3,sol,sol-updown-5m-1773039900,27,82.89,,,,,,,,,,,,,16.8,,2,97,,,,,DN,0.019,0.02,REAL,0.1975,82.76,82.88,0.15,,,,,,,,,,,,,TAKER_FORCE
2026-03-09T07:09:33.572850418+00:00,R0308_200647,DUMP,S3,eth,eth-updown-5m-1773039900,27,1977.19,,,,,,,,,,,,,313.9,,1,98,,,,,UP,0.01,0.01,REAL,0.1018,1979.5,1976.88,-0.132,,,,,,,,,,,,,TAKER_FORCE
2026-03-09T07:09:33.572896768+00:00,R0308_200647,DUMP,S3,xrp,xrp-updown-5m-1773039900,27,1.34,,,,,,,,,,,,,18,,21,78,,,,,UP,0.209,0.21,REAL,2.1283,1.34,1.34,-0.037,,,,,,,,,,,,,TAKER_FORCE
2026-03-09T07:09:33.572939572+00:00,R0308_200647,DUMP,S3,btc,btc-updown-5m-1773039900,27,67231.2,,,,,,,,,,,,,222.5,,5,94,,,,,DN,0.049,0.05,REAL,0.499,67161.83,67217.64,0.0831,,,,,,,,,,,,,TAKER_FORCE
2026-03-09T07:09:34.011932389+00:00,R0308_205043,DUMP,S3,eth,eth-updown-5m-1773039900,26,1977.19,,,,,,,,,,,,,252.9,,1,98,,,,,UP,0.01,0.01,REAL,0.0998,1979.5,1976.88,-0.132,,,,,,,,,,,,,TAKER_FORCE
2026-03-09T07:09:34.012027543+00:00,R0308_205043,DUMP,S3,xrp,xrp-updown-5m-1773039900,26,1.34,,,,,,,,,,,,,18,,21,78,,,,,UP,0.209,0.21,REAL,2.1283,1.34,1.34,-0.037,,,,,,,,,,,,,TAKER_FORCE
2026-03-09T07:09:34.012070136+00:00,R0308_205043,DUMP,S3,btc,btc-updown-5m-1773039900,26,67231.2,,,,,,,,,,,,,212.7,,5,94,,,,,DN,0.049,0.05,REAL,0.489,67161.83,67217.64,0.0831,,,,,,,,,,,,,TAKER_FORCE
2026-03-09T07:09:34.012113242+00:00,R0308_205043,DUMP,S3,sol,sol-updown-5m-1773039900,26,82.89,,,,,,,,,,,,,11.5,,2,97,,,,,DN,0.019,0.02,REAL,0.1935,82.76,82.88,0.15,,,,,,,,,,,,,TAKER_FORCE
2026-03-09T07:10:00.330672241+00:00,R0308_205043,SETTLE,S3,eth,eth-updown-5m-1773039900,0,1977.74,,,0.01,,,,,,,,0.01,,,,,,,,,,,0.01,,,1979.5,1977.57,-0.0972,DOWN,CL,0,0.99,0.3087,0.0062,-0.4304,262.9451,362.9451,275,154,,,
2026-03-09T07:10:00.330830339+00:00,R0308_205043,SETTLE,S3,xrp,xrp-updown-5m-1773039900,0,1.34,,,0.02,,,,,,,,0.02,,,,,,,,,,,0.209,,,1.34,1.34,-0.0365,DOWN,CL,0,0.99,0.3056,0.1052,1.1337,264.5091,364.5091,276,153,,,
2026-03-09T07:10:00.330911201+00:00,R0308_205043,SETTLE,S3,btc,btc-updown-5m-1773039900,0,67242.01,,,0.02,,,,,,,,0.02,,,,,,,,,,,0.049,,,67161.83,67235.65,0.1099,UP,CL,0.99,0,0.3056,0.0291,-0.2487,263.1267,363.1267,275,154,,,
2026-03-09T07:10:00.330961547+00:00,R0308_205043,SETTLE,S3,sol,sol-updown-5m-1773039900,0,82.88,,,0.01,,,,,,,,0.01,,,,,,,,,,,0.019,,,82.76,82.88,0.1489,UP,CL,0.99,0,0.3088,0.0119,-0.5302,262.8452,362.8452,275,154,,,
2026-03-09T07:10:00.883288861+00:00,R0308_200647,SETTLE,S3,sol,sol-updown-5m-1773039900,0,82.89,,,0.01,,,,,,,,0.01,,,,,,,,,,,0.019,,,82.76,82.87,0.1412,UP,CL,0.99,0,0.3087,0.0121,-0.7072,284.6522,384.6522,303,155,,,
2026-03-09T07:10:00.883389854+00:00,R0308_200647,SETTLE,S3,eth,eth-updown-5m-1773039900,0,1978,,,0.01,,,,,,,,0.01,,,,,,,,,,,0.01,,,1979.5,1977.52,-0.0998,DOWN,CL,0,0.99,0.3088,0.0063,-0.6163,284.7431,384.7431,303,155,,,
2026-03-09T07:10:00.883438888+00:00,R0308_200647,SETTLE,S3,xrp,xrp-updown-5m-1773039900,0,1.34,,,0.02,,,,,,,,0.02,,,,,,,,,,,0.209,,,1.34,1.34,-0.0449,DOWN,CL,0,0.99,0.3056,0.1052,1.1337,286.4931,386.4931,304,154,,,
2026-03-09T07:10:00.883477487+00:00,R0308_200647,SETTLE,S3,btc,btc-updown-5m-1773039900,0,67251.09,,,0.02,,,,,,,,0.02,,,,,,,,,,,0.049,,,67161.83,67234.14,0.1077,UP,CL,0.99,0,0.3056,0.0297,-0.4201,284.9393,384.9393,303,155,,,
2026-03-09T07:10:10.364801386+00:00,R0308_200647,ENTRY,S3,xrp,xrp-updown-5m-1773040200,290,1.34,0.52,0.51,0.01,91.3,41.4,50,48,0,0.49,0.48,0.01,41.4,91.3,48,50,0,0.521,0.491,5,5,,,,,,,,,,,,,,,,,,,,,
2026-03-09T07:10:10.816553925+00:00,R0308_205043,ENTRY,S3,xrp,xrp-updown-5m-1773040200,290,1.34,0.52,0.51,0.01,91.3,42,51,48,0,0.49,0.48,0.01,42,91.3,48,51,0,0.521,0.491,5,5,,,,,,,,,,,,,,,,,,,,,
2026-03-09T07:10:20.291809033+00:00,R0308_205043,ENTRY,S3,eth,eth-updown-5m-1773040200,280,1977.93,0.51,0.5,0.01,454.9,360,50,47,0,0.5,0.49,0.01,360,454.9,47,50,0,0.511,0.501,5,5,,,,,,,,,,,,,,,,,,,,,
2026-03-09T07:10:20.850205400+00:00,R0308_200647,ENTRY,S3,eth,eth-updown-5m-1773040200,280,1977.66,0.51,0.49,0.02,3.1,345,49,48,0,0.51,0.49,0.02,345,3.1,48,49,0,0.511,0.511,5,5,,,,,,,,,,,,,,,,,,,,,
2026-03-09T07:10:27.187841727+00:00,R0308_200647,ENTRY,S3,sol,sol-updown-5m-1773040200,273,82.9,0.53,0.52,0.01,147.7,38,52,47,0,0.48,0.47,0.01,38,147.7,47,52,0,0.531,0.481,5,5,,,,,,,,,,,,,,,,,,,,,
2026-03-09T07:10:27.672952718+00:00,R0308_205043,ENTRY,S3,sol,sol-updown-5m-1773040200,273,82.9,0.53,0.52,0.01,133.7,38,52,47,0,0.48,0.47,0.01,38,133.7,47,52,0,0.531,0.481,5,5,,,,,,,,,,,,,,,,,,,,,
2026-03-09T07:10:28.224366275+00:00,R0308_200647,ENTRY,S3,btc,btc-updown-5m-1773040200,272,67247.9,0.53,0.52,0.01,77.1,157,52,47,0,0.48,0.47,0.01,157,77.1,47,52,0,0.531,0.481,5,5,,,,,,,,,,,,,,,,,,,,,
2026-03-09T07:10:28.709995376+00:00,R0308_205043,ENTRY,S3,btc,btc-updown-5m-1773040200,272,67247.9,0.53,0.52,0.01,57.5,189.5,52,47,0,0.48,0.47,0.01,189.5,57.5,47,52,0,0.531,0.481,5,5,,,,,,,,,,,,,,,,,,,,,
2026-03-09T07:14:31.234582407+00:00,R0308_205043,DUMP,S3,eth,eth-updown-5m-1773040200,29,1975.97,,,,,,,,,,,,,11,,4,95,,,,,UP,0.04,0.04,REAL,0.3914,1977.69,1975.58,-0.1069,,,,,,,,,,,,,MAKER_FILL
2026-03-09T07:14:31.234719734+00:00,R0308_205043,DUMP,S3,sol,sol-updown-5m-1773040200,29,82.88,,,,,,,,,,,,,7,,43,56,,,,,UP,0.43,0.43,REAL,4.049,82.89,82.86,-0.0318,,,,,,,,,,,,,MAKER_FILL
2026-03-09T07:14:33.303688263+00:00,R0308_205043,DUMP,S3,xrp,xrp-updown-5m-1773040200,27,1.34,,,,,,,,,,,,,0,,0,99,,,,,UP,0.099,0.1,EST,0.9501,1.34,1.34,-0.1797,,,,,,,,,,,,,TAKER_FORCE|EST_BID
2026-03-09T07:14:33.303819120+00:00,R0308_205043,DUMP,S3,btc,btc-updown-5m-1773040200,27,67217.83,,,,,,,,,,,,,18,,14,85,,,,,UP,0.13,0.14,REAL,1.2241,67236.52,67203.31,-0.0494,,,,,,,,,,,,,MAKER_FILL
2026-03-09T07:14:33.992379246+00:00,R0308_200647,DUMP,S3,sol,sol-updown-5m-1773040200,27,82.88,,,,,,,,,,,,,35,,37,62,,,,,UP,0.369,0.37,REAL,3.4746,82.88,82.86,-0.023,,,,,,,,,,,,,TAKER_FORCE
2026-03-09T07:14:33.992488301+00:00,R0308_200647,DUMP,S3,eth,eth-updown-5m-1773040200,27,1975.97,,,,,,,,,,,,,421,,3,96,,,,,UP,0.03,0.03,REAL,0.2935,1977.62,1975.55,-0.1047,,,,,,,,,,,,,MAKER_FILL
2026-03-09T07:14:33.992508491+00:00,R0308_200647,DUMP,S3,btc,btc-updown-5m-1773040200,27,67217.83,,,,,,,,,,,,,21,,13,85,,,,,UP,0.13,0.14,REAL,1.2241,67236.54,67203.31,-0.0494,,,,,,,,,,,,,MAKER_FILL
2026-03-09T07:14:33.992528982+00:00,R0308_200647,DUMP,S3,xrp,xrp-updown-5m-1773040200,27,1.34,,,,,,,,,,,,,0,,0,99,,,,,UP,0.099,0.1,EST,0.9501,1.34,1.34,-0.1766,,,,,,,,,,,,,TAKER_FORCE|EST_BID
2026-03-09T07:15:00.366112266+00:00,R0308_200647,SETTLE,S3,sol,sol-updown-5m-1773040200,0,82.82,,,0.01,,,,,,,,0.01,,,,,,,,,,,0.369,,,82.88,82.82,-0.0743,DOWN,CL,0,0.99,0.3087,0.137,3.4238,288.1733,388.1733,305,157,,,
2026-03-09T07:15:00.366189282+00:00,R0308_200647,SETTLE,S3,eth,eth-updown-5m-1773040200,0,1975.21,,,0.02,,,,,,,,0.02,,,,,,,,,,,0.03,,,1977.62,1975.17,-0.1241,DOWN,CL,0,0.99,0.3056,0.0178,-0.2451,284.5044,384.5044,304,158,,,
2026-03-09T07:15:00.366218677+00:00,R0308_200647,SETTLE,S3,btc,btc-updown-5m-1773040200,0,67186,,,0.01,,,,,,,,0.01,,,,,,,,,,,0.13,,,67236.54,67194.69,-0.0622,DOWN,CL,0,0.99,0.3087,0.0666,1.2438,285.9933,385.9933,305,157,,,
2026-03-09T07:15:00.366247380+00:00,R0308_200647,SETTLE,S3,xrp,xrp-updown-5m-1773040200,0,1.34,,,0.01,,,,,,,,0.01,,,,,,,,,,,0.099,,,1.34,1.34,-0.2004,DOWN,CL,0,0.99,0.3088,0.0535,0.7711,285.5207,385.5207,305,157,,,
2026-03-09T07:15:00.584224107+00:00,R0308_205043,SETTLE,S3,eth,eth-updown-5m-1773040200,0,1975.21,,,0.01,,,,,,,,0.01,,,,,,,,,,,0.04,,,1977.69,1975.17,-0.1277,DOWN,CL,0,0.99,0.3087,0.0235,0.0392,263.339,363.339,277,156,,,
2026-03-09T07:15:00.584329525+00:00,R0308_205043,SETTLE,S3,xrp,xrp-updown-5m-1773040200,0,1.34,,,0.01,,,,,,,,0.01,,,,,,,,,,,0.099,,,1.34,1.34,-0.2035,DOWN,CL,0,0.99,0.3088,0.0535,0.7711,264.0709,364.0709,277,156,,,
2026-03-09T07:15:00.584367583+00:00,R0308_205043,SETTLE,S3,sol,sol-updown-5m-1773040200,0,82.82,,,0.01,,,,,,,,0.01,,,,,,,,,,,0.43,,,82.89,82.82,-0.0832,DOWN,CL,0,0.99,0.3087,0.1442,3.991,267.2908,367.2908,277,156,,,
2026-03-09T07:15:00.584424689+00:00,R0308_205043,SETTLE,S3,btc,btc-updown-5m-1773040200,0,67186,,,0.01,,,,,,,,0.01,,,,,,,,,,,0.13,,,67236.52,67194.69,-0.0622,DOWN,CL,0,0.99,0.3087,0.0666,1.2438,264.5436,364.5436,277,156,,,
2026-03-09T07:15:10.885082433+00:00,R0308_200647,ENTRY,S3,sol,sol-updown-5m-1773040500,290,82.82,0.5,0.49,0.01,61.1,28.9,49,50,0,0.51,0.5,0.01,28.9,61.1,50,49,0,0.501,0.511,5,5,,,,,,,,,,,,,,,,,,,,,
2026-03-09T07:15:10.885232769+00:00,R0308_200647,ENTRY,S3,xrp,xrp-updown-5m-1773040500,290,1.34,0.52,0.51,0.01,55,56.7,51,48,0,0.49,0.48,0.01,56.7,55,48,51,0,0.521,0.491,5,5,,,,,,,,,,,,,,,,,,,,,
2026-03-09T07:15:11.103280645+00:00,R0308_205043,ENTRY,S3,sol,sol-updown-5m-1773040500,289,82.82,0.5,0.49,0.01,61.1,17,49,50,0,0.51,0.5,0.01,17,61.1,50,49,0,0.501,0.511,5,5,,,,,,,,,,,,,,,,,,,,,
2026-03-09T07:15:11.103463219+00:00,R0308_205043,ENTRY,S3,xrp,xrp-updown-5m-1773040500,289,1.34,0.52,0.51,0.01,55,56.7,51,48,0,0.49,0.48,0.01,56.7,55,48,51,0,0.521,0.491,5,5,,,,,,,,,,,,,,,,,,,,,
2026-03-09T07:15:13.990241745+00:00,R0308_200647,ENTRY,S3,btc,btc-updown-5m-1773040500,287,67201.11,0.53,0.5,0.03,46,54.1,50,47,0,0.5,0.47,0.03,54.1,46,47,50,0,0.531,0.501,5,5,,,,,,,,,,,,,,,,,,,WIDE_SPREAD_UP|WIDE_SPREAD_DN,,
2026-03-09T07:15:14.220729038+00:00,R0308_205043,ENTRY,S3,btc,btc-updown-5m-1773040500,286,67201.11,0.53,0.49,0.04,130.3,89.1,49,47,0,0.51,0.47,0.04,89.1,130.3,47,49,0,0.531,0.511,5,5,,,,,,,,,,,,,,,,,,,WIDE_SPREAD_UP|WIDE_SPREAD_DN,,
2026-03-09T07:17:22.239721958+00:00,R0308_200647,ENTRY,S3,eth,eth-updown-5m-1773040500,158,1974.85,0.53,0.51,0.02,86.5,58.4,50,47,0,0.49,0.47,0.02,58.4,86.5,47,50,0,0.531,0.491,5,5,,,,,,,,,,,,,,,,,,,,,
2026-03-09T07:19:33.520307755+00:00,R0308_205043,DUMP,S3,xrp,xrp-updown-5m-1773040500,27,1.33,,,,,,,,,,,,,0,,0,99,,,,,UP,0.049,0.05,EST,0.4702,1.34,1.33,-0.3992,,,,,,,,,,,,,TAKER_FORCE|EST_BID
2026-03-09T07:19:33.520418803+00:00,R0308_205043,DUMP,S3,btc,btc-updown-5m-1773040500,27,66951.99,,,,,,,,,,,,,0,,0,99,,,,,UP,0.049,0.05,EST,0.4614,67191.15,66938.58,-0.3759,,,,,,,,,,,,,TAKER_FORCE|EST_BID
2026-03-09T07:19:33.520462178+00:00,R0308_205043,DUMP,S3,sol,sol-updown-5m-1773040500,27,82.47,,,,,,,,,,,,,0,,0,99,,,,,UP,0.049,0.05,EST,0.489,82.81,82.45,-0.4354,,,,,,,,,,,,,TAKER_FORCE|EST_BID
2026-03-09T07:19:33.573538325+00:00,R0308_200647,DUMP,S3,xrp,xrp-updown-5m-1773040500,27,1.33,,,,,,,,,,,,,0,,0,99,,,,,UP,0.049,0.05,EST,0.4702,1.34,1.33,-0.3992,,,,,,,,,,,,,TAKER_FORCE|EST_BID
2026-03-09T07:19:33.573624745+00:00,R0308_200647,DUMP,S3,sol,sol-updown-5m-1773040500,27,82.47,,,,,,,,,,,,,0,,0,99,,,,,UP,0.049,0.05,EST,0.489,82.81,82.45,-0.4354,,,,,,,,,,,,,TAKER_FORCE|EST_BID
2026-03-09T07:19:33.573666619+00:00,R0308_200647,DUMP,S3,eth,eth-updown-5m-1773040500,27,1966.13,,,,,,,,,,,,,0,,0,99,,,,,UP,0.049,0.05,EST,0.4614,1974.9,1965.63,-0.4696,,,,,,,,,,,,,TAKER_FORCE|EST_BID
2026-03-09T07:19:33.573707530+00:00,R0308_200647,DUMP,S3,btc,btc-updown-5m-1773040500,27,66951.99,,,,,,,,,,,,,0,,0,99,,,,,UP,0.049,0.05,EST,0.4614,67191.15,66938.58,-0.3759,,,,,,,,,,,,,TAKER_FORCE|EST_BID
2026-03-09T07:20:00.744384822+00:00,R0308_205043,SETTLE,S3,xrp,xrp-updown-5m-1773040500,0,1.33,,,0.01,,,,,,,,0.01,,,,,,,,,,,0.049,,,1.34,1.33,-0.3281,DOWN,CL,0,0.999,0.3088,0.028,0.3168,269.6618,369.6618,281,156,,,
2026-03-09T07:20:00.744573015+00:00,R0308_205043,SETTLE,S3,btc,btc-updown-5m-1773040500,0,66987.77,,,0.04,,,,,,,,0.04,,,,,,,,,,,0.049,,,67191.15,66988.51,-0.3016,DOWN,CL,0,0.999,0.2994,0.0274,-0.0807,269.2642,369.2642,280,157,,,
2026-03-09T07:20:00.744673627+00:00,R0308_205043,SETTLE,S3,sol,sol-updown-5m-1773040500,0,82.52,,,0.01,,,,,,,,0.01,,,,,,,,,,,0.049,,,82.81,82.52,-0.3593,DOWN,CL,0,0.99,0.3087,0.0291,-0.0641,269.2808,369.2808,280,157,,,
2026-03-09T07:20:00.765277800+00:00,R0308_200647,SETTLE,S3,xrp,xrp-updown-5m-1773040500,0,1.33,,,0.01,,,,,,,,0.01,,,,,,,,,,,0.049,,,1.34,1.33,-0.3281,DOWN,CL,0,0.999,0.3088,0.028,0.3168,290.26,390.26,308,158,,,
2026-03-09T07:20:00.765383880+00:00,R0308_200647,SETTLE,S3,sol,sol-updown-5m-1773040500,0,82.52,,,0.01,,,,,,,,0.01,,,,,,,,,,,0.049,,,82.81,82.52,-0.3593,DOWN,CL,0,0.99,0.3087,0.0291,-0.0641,289.8791,389.8791,307,159,,,
2026-03-09T07:20:00.765453356+00:00,R0308_200647,SETTLE,S3,eth,eth-updown-5m-1773040500,0,1967.17,,,0.02,,,,,,,,0.02,,,,,,,,,,,0.049,,,1974.9,1967.2,-0.3901,DOWN,CL,0,0.99,0.3056,0.0274,0.3116,290.2548,390.2548,308,158,,,
2026-03-09T07:20:00.765511703+00:00,R0308_200647,SETTLE,S3,btc,btc-updown-5m-1773040500,0,66987.77,,,0.03,,,,,,,,0.03,,,,,,,,,,,0.049,,,67191.15,66988.51,-0.3016,DOWN,CL,0,0.999,0.3025,0.0274,0.1115,290.0546,390.0546,308,158,,,
2026-03-09T07:25:10.059889405+00:00,R0308_205043,ENTRY,S3,xrp,xrp-updown-5m-1773041100,290,1.34,0.51,0.5,0.01,7,68,50,49,0,0.5,0.49,0.01,68,7,49,50,0,0.511,0.501,5,5,,,,,,,,,,,,,,,,,,,,,
2026-03-09T07:25:10.207929585+00:00,R0308_200647,ENTRY,S3,xrp,xrp-updown-5m-1773041100,290,1.34,0.51,0.5,0.01,7,60,50,49,0,0.5,0.49,0.01,60,7,49,50,0,0.511,0.501,5,5,,,,,,,,,,,,,,,,,,,,,
2026-03-09T07:25:11.094584099+00:00,R0308_205043,ENTRY,S3,btc,btc-updown-5m-1773041100,289,67135.39,0.5,0.49,0.01,202,793.7,49,50,0,0.51,0.5,0.01,793.7,202,50,49,0,0.501,0.511,5,5,,,,,,,,,,,,,,,,,,,,,
2026-03-09T07:25:11.241543479+00:00,R0308_200647,ENTRY,S3,btc,btc-updown-5m-1773041100,289,67135.39,0.5,0.49,0.01,151.4,915.3,49,50,0,0.51,0.5,0.01,915.3,151.4,50,49,0,0.501,0.511,5,5,,,,,,,,,,,,,,,,,,,,,
2026-03-09T07:25:12.129110369+00:00,R0308_205043,ENTRY,S3,eth,eth-updown-5m-1773041100,288,1973.02,0.48,0.47,0.01,429,7,47,52,0,0.53,0.52,0.01,7,429,52,47,0,0.481,0.531,5,5,,,,,,,,,,,,,,,,,,,,,
2026-03-09T07:25:12.275169662+00:00,R0308_200647,ENTRY,S3,eth,eth-updown-5m-1773041100,288,1973.02,0.48,0.47,0.01,488.4,7,47,52,0,0.53,0.52,0.01,7,488.4,52,47,0,0.481,0.531,5,5,,,,,,,,,,,,,,,,,,,,,
2026-03-09T07:25:15.231518131+00:00,R0308_205043,ENTRY,S3,sol,sol-updown-5m-1773041100,285,82.82,0.49,0.47,0.02,10,63.8,47,51,0,0.53,0.51,0.02,63.8,10,51,47,0,0.491,0.531,5,5,,,,,,,,,,,,,,,,,,,,,
2026-03-09T07:25:15.377991500+00:00,R0308_200647,ENTRY,S3,sol,sol-updown-5m-1773041100,285,82.82,0.49,0.47,0.02,10,63.8,47,51,0,0.53,0.51,0.02,63.8,10,51,47,0,0.491,0.531,5,5,,,,,,,,,,,,,,,,,,,,,
2026-03-09T07:29:33.214504120+00:00,R0308_205043,DUMP,S3,btc,btc-updown-5m-1773041100,27,67236.66,,,,,,,,,,,,,0,,0,99,,,,,DN,0.199,0.2,EST,1.9472,67134.47,67232.38,0.1458,,,,,,,,,,,,,TAKER_FORCE|EST_BID
2026-03-09T07:29:33.214630451+00:00,R0308_205043,DUMP,S3,xrp,xrp-updown-5m-1773041100,27,1.34,,,,,,,,,,,,,13,,35,63,,,,,UP,0.349,0.35,REAL,3.4149,1.34,1.34,-0.0061,,,,,,,,,,,,,TAKER_FORCE
2026-03-09T07:29:33.214687155+00:00,R0308_205043,DUMP,S3,eth,eth-updown-5m-1773041100,27,1977.58,,,,,,,,,,,,,4.6,,1,110,,,,,DN,0.01,0.001,REAL,0.0942,1973.12,1977.28,0.2105,,,,,,,,,,,,,TAKER_FORCE
2026-03-09T07:29:33.214744632+00:00,R0308_205043,DUMP,S3,sol,sol-updown-5m-1773041100,27,82.97,,,,,,,,,,,,,0,,0,99,,,,,DN,0.099,0.1,EST,0.9322,82.82,82.96,0.1648,,,,,,,,,,,,,TAKER_FORCE|EST_BID
2026-03-09T07:29:33.704009677+00:00,R0308_200647,DUMP,S3,btc,btc-updown-5m-1773041100,27,67236.66,,,,,,,,,,,,,0,,0,99,,,,,DN,0.199,0.2,EST,1.9472,67134.47,67232.45,0.1459,,,,,,,,,,,,,TAKER_FORCE|EST_BID
2026-03-09T07:29:33.704091571+00:00,R0308_200647,DUMP,S3,eth,eth-updown-5m-1773041100,27,1977.28,,,,,,,,,,,,,4.6,,1,110,,,,,DN,0.01,0.001,REAL,0.0942,1973.12,1977.27,0.2103,,,,,,,,,,,,,TAKER_FORCE
2026-03-09T07:29:33.704134906+00:00,R0308_200647,DUMP,S3,xrp,xrp-updown-5m-1773041100,27,1.34,,,,,,,,,,,,,9,,33,65,,,,,UP,0.339,0.34,REAL,3.317,1.34,1.34,-0.0146,,,,,,,,,,,,,TAKER_FORCE
2026-03-09T07:29:33.704178432+00:00,R0308_200647,DUMP,S3,sol,sol-updown-5m-1773041100,27,82.96,,,,,,,,,,,,,0,,0,99,,,,,DN,0.099,0.1,EST,0.9322,82.82,82.96,0.1634,,,,,,,,,,,,,TAKER_FORCE|EST_BID
2026-03-09T07:30:00.406089646+00:00,R0308_205043,SETTLE,S3,btc,btc-updown-5m-1773041100,0,67209.6,,,0.01,,,,,,,,0.01,,,,,,,,,,,0.199,,,67134.47,67195.16,0.0904,UP,CL,0.99,0,0.3087,0.0975,1.521,271.038,371.038,282,158,,,
2026-03-09T07:30:00.406273173+00:00,R0308_205043,SETTLE,S3,xrp,xrp-updown-5m-1773041100,0,1.34,,,0.01,,,,,,,,0.01,,,,,,,,,,,0.349,,,1.34,1.34,-0.0645,DOWN,CL,0,0.99,0.3087,0.1389,2.9472,272.4642,372.4642,282,158,,,
2026-03-09T07:30:00.406379102+00:00,R0308_205043,SETTLE,S3,eth,eth-updown-5m-1773041100,0,1976.81,,,0.01,,,,,,,,0.01,,,,,,,,,,,0.01,,,1973.12,1976.54,0.1733,UP,CL,0.999,0,0.3087,0.0058,0.1746,269.6916,369.6916,282,158,,,
2026-03-09T07:30:00.406503870+00:00,R0308_205043,SETTLE,S3,sol,sol-updown-5m-1773041100,0,82.92,,,0.02,,,,,,,,0.02,,,,,,,,,,,0.099,,,82.82,82.91,0.1121,UP,CL,0.99,0,0.3056,0.0525,0.7574,270.2744,370.2744,282,158,,,
2026-03-09T07:30:00.992552619+00:00,R0308_200647,SETTLE,S3,btc,btc-updown-5m-1773041100,0,67209.61,,,0.01,,,,,,,,0.01,,,,,,,,,,,0.199,,,67134.47,67195.33,0.0907,UP,CL,0.99,0,0.3087,0.0975,1.521,292.14,392.14,311,159,,,
2026-03-09T07:30:00.992668944+00:00,R0308_200647,SETTLE,S3,eth,eth-updown-5m-1773041100,0,1976.81,,,0.01,,,,,,,,0.01,,,,,,,,,,,0.01,,,1973.12,1976.5,0.1713,UP,CL,0.999,0,0.3087,0.0058,0.1746,290.7937,390.7937,311,159,,,
2026-03-09T07:30:00.992728534+00:00,R0308_200647,SETTLE,S3,xrp,xrp-updown-5m-1773041100,0,1.34,,,0.01,,,,,,,,0.01,,,,,,,,,,,0.339,,,1.34,1.34,-0.0718,DOWN,CL,0,0.99,0.3087,0.137,2.8513,293.4704,393.4704,311,159,,,
2026-03-09T07:30:00.992801714+00:00,R0308_200647,SETTLE,S3,sol,sol-updown-5m-1773041100,0,82.93,,,0.02,,,,,,,,0.02,,,,,,,,,,,0.099,,,82.82,82.91,0.1104,UP,CL,0.99,0,0.3056,0.0525,0.7574,291.3765,391.3765,311,159,,,
2026-03-09T07:30:10.486049046+00:00,R0308_200647,ENTRY,S3,sol,sol-updown-5m-1773041400,290,82.93,0.52,0.5,0.02,32.6,24,50,48,0,0.5,0.48,0.02,24,32.6,48,50,0,0.521,0.501,5,5,,,,,,,,,,,,,,,,,,,,,
2026-03-09T07:30:10.953633461+00:00,R0308_205043,ENTRY,S3,eth,eth-updown-5m-1773041400,290,1977.31,0.53,0.52,0.01,117,3.6,52,46,0,0.48,0.47,0.01,3.6,117,46,52,0,0.531,0.481,5,5,,,,,,,,,,,,,,,,,,,,,
2026-03-09T07:30:10.953820524+00:00,R0308_205043,ENTRY,S3,sol,sol-updown-5m-1773041400,290,82.93,0.52,0.5,0.02,8,17,50,48,0,0.5,0.48,0.02,17,8,48,50,0,0.521,0.501,5,5,,,,,,,,,,,,,,,,,,,,,
2026-03-09T07:30:53.093621228+00:00,R0308_205043,ENTRY,S3,xrp,xrp-updown-5m-1773041400,247,1.34,0.53,0.52,0.01,1.9,138,52,46,0,0.48,0.47,0.01,138,1.9,46,52,0,0.531,0.481,5,5,,,,,,,,,,,,,,,,,,,,,
2026-03-09T07:30:53.633522722+00:00,R0308_200647,ENTRY,S3,xrp,xrp-updown-5m-1773041400,247,1.34,0.52,0.51,0.01,95.2,36.1,51,48,0,0.49,0.48,0.01,36.1,95.2,48,51,0,0.521,0.491,5,5,,,,,,,,,,,,,,,,,,,,,
2026-03-09T07:31:03.079635514+00:00,R0308_200647,ENTRY,S3,eth,eth-updown-5m-1773041400,237,1976.84,0.53,0.52,0.01,10.8,376.5,52,46,0,0.48,0.47,0.01,376.5,10.8,46,52,0,0.531,0.481,5,5,,,,,,,,,,,,,,,,,,,,,
2026-03-09T07:34:33.222730310+00:00,R0308_200647,DUMP,S3,xrp,xrp-updown-5m-1773041400,27,1.34,,,,,,,,,,,,,1041.5,,1,98,,,,,DN,0.01,0.01,REAL,0.1018,1.34,1.34,0.0929,,,,,,,,,,,,,TAKER_FORCE
2026-03-09T07:34:33.222866236+00:00,R0308_200647,DUMP,S3,eth,eth-updown-5m-1773041400,27,1978.58,,,,,,,,,,,,,18.5,,4,95,,,,,DN,0.039,0.04,REAL,0.4054,1976.57,1977.83,0.0636,,,,,,,,,,,,,TAKER_FORCE
2026-03-09T07:34:33.222931264+00:00,R0308_200647,DUMP,S3,sol,sol-updown-5m-1773041400,27,83.13,,,,,,,,,,,,,0,,0,99,,,,,DN,0.099,0.1,EST,0.988,82.92,83.11,0.234,,,,,,,,,,,,,TAKER_FORCE|EST_BID
2026-03-09T07:34:33.948743281+00:00,R0308_205043,DUMP,S3,xrp,xrp-updown-5m-1773041400,27,1.34,,,,,,,,,,,,,1096.5,,1,98,,,,,DN,0.01,0.01,REAL,0.104,1.34,1.34,0.0946,,,,,,,,,,,,,TAKER_FORCE
2026-03-09T07:34:33.948889151+00:00,R0308_205043,DUMP,S3,eth,eth-updown-5m-1773041400,27,1978.62,,,,,,,,,,,,,635.7,,3,96,,,,,DN,0.029,0.03,REAL,0.3015,1976.46,1977.83,0.0691,,,,,,,,,,,,,TAKER_FORCE
2026-03-09T07:34:33.948951925+00:00,R0308_205043,DUMP,S3,sol,sol-updown-5m-1773041400,27,83.14,,,,,,,,,,,,,0,,0,99,,,,,DN,0.099,0.1,EST,0.988,82.92,83.11,0.2335,,,,,,,,,,,,,TAKER_FORCE|EST_BID
2026-03-09T07:35:00.258126616+00:00,R0308_205043,SETTLE,S3,xrp,xrp-updown-5m-1773041400,0,1.34,,,0.01,,,,,,,,0.01,,,,,,,,,,,0.01,,,1.34,1.34,0.0128,UP,CL,0.99,0,0.3087,0.0064,-0.795,274.1222,374.1222,285,159,,,
2026-03-09T07:35:00.258249462+00:00,R0308_205043,SETTLE,S3,eth,eth-updown-5m-1773041400,0,1977.1,,,0.01,,,,,,,,0.01,,,,,,,,,,,0.029,,,1976.46,1976.84,0.0191,UP,CL,0.99,0,0.3087,0.0183,-0.6094,274.3078,374.3078,285,159,,,
2026-03-09T07:35:00.258341711+00:00,R0308_205043,SETTLE,S3,sol,sol-updown-5m-1773041400,0,83.06,,,0.02,,,,,,,,0.02,,,,,,,,,,,0.099,,,82.92,83.05,0.1647,UP,CL,0.99,0,0.3056,0.0556,0.2237,275.1409,375.1409,286,158,,,
2026-03-09T07:35:00.629488932+00:00,R0308_200647,SETTLE,S3,xrp,xrp-updown-5m-1773041400,0,1.34,,,0.01,,,,,,,,0.01,,,,,,,,,,,0.01,,,1.34,1.34,0.0111,UP,CL,0.99,0,0.3088,0.0063,-0.6163,295.307,395.307,314,160,,,
2026-03-09T07:35:00.629636654+00:00,R0308_200647,SETTLE,S3,eth,eth-updown-5m-1773041400,0,1977.11,,,0.01,,,,,,,,0.01,,,,,,,,,,,0.039,,,1976.57,1976.84,0.0136,UP,CL,0.99,0,0.3087,0.0243,-0.5115,295.4118,395.4118,314,160,,,
2026-03-09T07:35:00.629727792+00:00,R0308_200647,SETTLE,S3,sol,sol-updown-5m-1773041400,0,83.06,,,0.02,,,,,,,,0.02,,,,,,,,,,,0.099,,,82.92,83.05,0.1653,UP,CL,0.99,0,0.3056,0.0556,0.2237,296.147,396.147,315,159,,,
2026-03-09T07:35:40.078833747+00:00,R0308_205043,ENTRY,S3,xrp,xrp-updown-5m-1773041700,260,1.34,0.52,0.5,0.02,8,10,50,48,0,0.5,0.48,0.02,10,8,48,50,0,0.521,0.501,5,5,,,,,,,,,,,,,,,,,,,,,
2026-03-09T07:35:40.417186429+00:00,R0308_200647,ENTRY,S3,xrp,xrp-updown-5m-1773041700,260,1.34,0.52,0.5,0.02,17.3,21.3,50,48,0,0.5,0.48,0.02,21.3,17.3,48,50,0,0.521,0.501,5,5,,,,,,,,,,,,,,,,,,,,,
2026-03-09T07:35:50.565627312+00:00,R0308_205043,ENTRY,S3,sol,sol-updown-5m-1773041700,250,83.08,0.53,0.51,0.02,317.4,21,51,46,0,0.49,0.47,0.02,21,317.4,46,51,0,0.531,0.491,5,5,,,,,,,,,,,,,,,,,,,,,
2026-03-09T07:35:57.156076073+00:00,R0308_200647,ENTRY,S3,sol,sol-updown-5m-1773041700,243,83.07,0.52,0.51,0.01,120,38,51,47,0,0.49,0.48,0.01,38,120,47,51,0,0.521,0.491,5,5,,,,,,,,,,,,,,,,,,,,,
2026-03-09T07:39:31.299377661+00:00,R0308_205043,DUMP,S3,xrp,xrp-updown-5m-1773041700,29,1.34,,,,,,,,,,,,,21,,62,37,,,,,UP,0.5,0.62,REAL,4.7985,1.34,1.34,-0.0041,,,,,,,,,,,,,MAKER_FILL
2026-03-09T07:39:31.692571684+00:00,R0308_200647,DUMP,S3,xrp,xrp-updown-5m-1773041700,29,1.34,,,,,,,,,,,,,28,,37,62,,,,,DN,0.37,0.37,REAL,3.6926,1.34,1.34,0.0122,,,,,,,,,,,,,MAKER_FILL
2026-03-09T07:39:33.503139264+00:00,R0308_205043,DUMP,S3,sol,sol-updown-5m-1773041700,27,83.09,,,,,,,,,,,,,294.1,,35,61,,,,,DN,0.349,0.35,REAL,3.554,83.04,83.07,0.032,,,,,,,,,,,,,TAKER_FORCE
2026-03-09T07:39:33.769523605+00:00,R0308_200647,DUMP,S3,sol,sol-updown-5m-1773041700,27,83.09,,,,,,,,,,,,,98,,38,60,,,,,DN,0.36,0.38,REAL,3.666,83.04,83.07,0.0328,,,,,,,,,,,,,MAKER_FILL
2026-03-09T07:40:00.959971014+00:00,R0308_205043,SETTLE,S3,sol,sol-updown-5m-1773041700,0,83.09,,,0.02,,,,,,,,0.02,,,,,,,,,,,0.349,,,83.04,83.08,0.0391,UP,CL,0.99,0,0.3056,0.1446,2.5199,276.2564,376.2564,287,160,,,
2026-03-09T07:40:00.960131065+00:00,R0308_205043,SETTLE,S3,xrp,xrp-updown-5m-1773041700,0,1.34,,,0.02,,,,,,,,0.02,,,,,,,,,,,0.5,,,1.34,1.34,0.0245,UP,CL,0.99,0,0.3056,0.1559,4.1254,277.8618,377.8618,287,160,,,
2026-03-09T07:40:01.021081488+00:00,R0308_200647,SETTLE,S3,xrp,xrp-updown-5m-1773041700,0,1.34,,,0.02,,,,,,,,0.02,,,,,,,,,,,0.37,,,1.34,1.34,0.0409,UP,CL,0.99,0,0.3056,0.1454,2.8385,297.8577,397.8577,316,161,,,
2026-03-09T07:40:01.021186147+00:00,R0308_200647,SETTLE,S3,sol,sol-updown-5m-1773041700,0,83.09,,,0.01,,,,,,,,0.01,,,,,,,,,,,0.36,,,83.04,83.08,0.0399,UP,CL,0.99,0,0.3088,0.1466,2.8075,297.8267,397.8267,316,161,,,
2026-03-09T07:40:10.411080234+00:00,R0308_205043,ENTRY,S3,btc,btc-updown-5m-1773042000,290,67386.72,0.52,0.51,0.01,262.2,282.8,51,48,0,0.49,0.48,0.01,282.8,262.2,48,51,0,0.521,0.491,5,5,,,,,,,,,,,,,,,,,,,,,
2026-03-09T07:40:10.411202969+00:00,R0308_205043,ENTRY,S3,eth,eth-updown-5m-1773042000,290,1979.77,0.51,0.5,0.01,297.4,4.1,50,49,0,0.5,0.49,0.01,4.1,297.4,49,50,0,0.511,0.501,5,5,,,,,,,,,,,,,,,,,,,,,
2026-03-09T07:40:10.411265503+00:00,R0308_205043,ENTRY,S3,sol,sol-updown-5m-1773042000,290,83.08,0.5,0.49,0.01,53.9,142.3,49,50,0,0.51,0.5,0.01,142.3,53.9,50,49,0,0.501,0.511,5,5,,,,,,,,,,,,,,,,,,,,,
2026-03-09T07:40:10.411327968+00:00,R0308_205043,ENTRY,S3,xrp,xrp-updown-5m-1773042000,290,1.34,0.51,0.5,0.01,203.2,15.5,50,49,0,0.5,0.49,0.01,15.5,203.2,49,50,0,0.511,0.501,5,5,,,,,,,,,,,,,,,,,,,,,
2026-03-09T07:40:10.513342431+00:00,R0308_200647,ENTRY,S3,btc,btc-updown-5m-1773042000,290,67386.72,0.52,0.51,0.01,262.2,358.5,51,48,0,0.49,0.48,0.01,358.5,262.2,48,51,0,0.521,0.491,5,5,,,,,,,,,,,,,,,,,,,,,
2026-03-09T07:40:10.513459278+00:00,R0308_200647,ENTRY,S3,eth,eth-updown-5m-1773042000,290,1979.77,0.51,0.5,0.01,297.4,4.1,50,49,0,0.5,0.49,0.01,4.1,297.4,49,50,0,0.511,0.501,5,5,,,,,,,,,,,,,,,,,,,,,
2026-03-09T07:40:10.513522463+00:00,R0308_200647,ENTRY,S3,sol,sol-updown-5m-1773042000,290,83.08,0.5,0.49,0.01,53.9,142.3,49,50,0,0.51,0.5,0.01,142.3,53.9,50,49,0,0.501,0.511,5,5,,,,,,,,,,,,,,,,,,,,,
2026-03-09T07:40:10.513582504+00:00,R0308_200647,ENTRY,S3,xrp,xrp-updown-5m-1773042000,290,1.34,0.51,0.5,0.01,203.2,8.5,50,49,0,0.5,0.49,0.01,8.5,203.2,49,50,0,0.511,0.501,5,5,,,,,,,,,,,,,,,,,,,,,
2026-03-09T07:44:33.723651904+00:00,R0308_205043,DUMP,S3,sol,sol-updown-5m-1773042000,27,83.11,,,,,,,,,,,,,8.8,,28,71,,,,,DN,0.279,0.28,REAL,2.7299,83.08,83.1,0.0304,,,,,,,,,,,,,TAKER_FORCE
2026-03-09T07:44:33.723792857+00:00,R0308_205043,DUMP,S3,btc,btc-updown-5m-1773042000,27,67432.7,,,,,,,,,,,,,2886.8,,2,97,,,,,DN,0.019,0.02,REAL,0.1935,67370.45,67420.57,0.0744,,,,,,,,,,,,,TAKER_FORCE
2026-03-09T07:44:33.723838666+00:00,R0308_205043,DUMP,S3,eth,eth-updown-5m-1773042000,27,1981.78,,,,,,,,,,,,,879.5,,2,97,,,,,DN,0.019,0.02,REAL,0.1896,1979.3,1981.39,0.1057,,,,,,,,,,,,,TAKER_FORCE
2026-03-09T07:44:33.723886748+00:00,R0308_205043,DUMP,S3,xrp,xrp-updown-5m-1773042000,27,1.34,,,,,,,,,,,,,44,,30,68,,,,,DN,0.309,0.31,REAL,3.0838,1.34,1.34,0.0155,,,,,,,,,,,,,TAKER_FORCE
2026-03-09T07:44:33.765680980+00:00,R0308_200647,DUMP,S3,eth,eth-updown-5m-1773042000,27,1981.78,,,,,,,,,,,,,879.5,,2,97,,,,,DN,0.019,0.02,REAL,0.1896,1979.3,1981.39,0.1057,,,,,,,,,,,,,TAKER_FORCE
2026-03-09T07:44:33.765797516+00:00,R0308_200647,DUMP,S3,btc,btc-updown-5m-1773042000,27,67432.7,,,,,,,,,,,,,2885.8,,2,97,,,,,DN,0.019,0.02,REAL,0.1935,67370.45,67420.57,0.0744,,,,,,,,,,,,,TAKER_FORCE
2026-03-09T07:44:33.765840330+00:00,R0308_200647,DUMP,S3,xrp,xrp-updown-5m-1773042000,27,1.34,,,,,,,,,,,,,44,,30,68,,,,,DN,0.309,0.31,REAL,3.0838,1.34,1.34,0.0155,,,,,,,,,,,,,TAKER_FORCE
2026-03-09T07:44:33.765882134+00:00,R0308_200647,DUMP,S3,sol,sol-updown-5m-1773042000,27,83.11,,,,,,,,,,,,,8.8,,28,71,,,,,DN,0.279,0.28,REAL,2.7299,83.08,83.1,0.0304,,,,,,,,,,,,,TAKER_FORCE
2026-03-09T07:45:00.046688781+00:00,R0308_205043,SETTLE,S3,sol,sol-updown-5m-1773042000,0,83.11,,,0.01,,,,,,,,0.01,,,,,,,,,,,0.279,,,83.08,83.1,0.0322,UP,CL,0.99,0,0.3087,0.123,2.2782,282.66,382.66,289,160,,,
2026-03-09T07:45:00.046879168+00:00,R0308_205043,SETTLE,S3,btc,btc-updown-5m-1773042000,0,67427.67,,,0.01,,,,,,,,0.01,,,,,,,,,,,0.019,,,67370.45,67411.73,0.0613,UP,CL,0.99,0,0.3088,0.0119,-0.5302,279.8516,379.8516,288,161,,,
2026-03-09T07:45:00.046984738+00:00,R0308_205043,SETTLE,S3,eth,eth-updown-5m-1773042000,0,1982.16,,,0.01,,,,,,,,0.01,,,,,,,,,,,0.019,,,1979.3,1981.8,0.126,UP,CL,0.99,0,0.3087,0.0116,-0.346,280.0358,380.0358,288,161,,,
2026-03-09T07:45:00.047090768+00:00,R0308_205043,SETTLE,S3,xrp,xrp-updown-5m-1773042000,0,1.34,,,0.01,,,,,,,,0.01,,,,,,,,,,,0.309,,,1.34,1.34,0.0128,UP,CL,0.99,0,0.3087,0.1332,2.4266,282.8084,382.8084,289,160,,,
2026-03-09T07:45:00.112720208+00:00,R0308_200647,SETTLE,S3,eth,eth-updown-5m-1773042000,0,1982.16,,,0.01,,,,,,,,0.01,,,,,,,,,,,0.019,,,1979.3,1981.8,0.126,UP,CL,0.99,0,0.3087,0.0116,-0.346,300.3192,400.3192,317,162,,,
2026-03-09T07:45:00.112888131+00:00,R0308_200647,SETTLE,S3,btc,btc-updown-5m-1773042000,0,67427.67,,,0.01,,,,,,,,0.01,,,,,,,,,,,0.019,,,67370.45,67411.73,0.0613,UP,CL,0.99,0,0.3088,0.0119,-0.5302,300.1351,400.1351,317,162,,,
2026-03-09T07:45:00.112988913+00:00,R0308_200647,SETTLE,S3,xrp,xrp-updown-5m-1773042000,0,1.34,,,0.01,,,,,,,,0.01,,,,,,,,,,,0.309,,,1.34,1.34,0.0128,UP,CL,0.99,0,0.3087,0.1332,2.4266,303.0919,403.0919,318,161,,,
2026-03-09T07:45:00.113083836+00:00,R0308_200647,SETTLE,S3,sol,sol-updown-5m-1773042000,0,83.11,,,0.01,,,,,,,,0.01,,,,,,,,,,,0.279,,,83.08,83.1,0.0322,UP,CL,0.99,0,0.3087,0.123,2.2782,302.9435,402.9435,318,161,,,
2026-03-09T07:45:10.541121167+00:00,R0308_205043,ENTRY,S3,sol,sol-updown-5m-1773042300,290,83.11,0.5,0.48,0.02,185.9,79.5,48,50,0,0.52,0.5,0.02,79.5,185.9,50,48,0,0.501,0.521,5,5,,,,,,,,,,,,,,,,,,,,,
2026-03-09T07:45:10.680503889+00:00,R0308_200647,ENTRY,S3,sol,sol-updown-5m-1773042300,290,83.11,0.5,0.48,0.02,185.9,79.5,48,50,0,0.52,0.5,0.02,79.5,185.9,50,48,0,0.501,0.521,5,5,,,,,,,,,,,,,,,,,,,,,
2026-03-09T07:45:11.576715746+00:00,R0308_205043,ENTRY,S3,btc,btc-updown-5m-1773042300,289,67421.09,0.48,0.47,0.01,600.9,194,47,52,0,0.53,0.52,0.01,194,600.9,52,47,0,0.481,0.531,5,5,,,,,,,,,,,,,,,,,,,,,
2026-03-09T07:45:11.576905904+00:00,R0308_205043,ENTRY,S3,eth,eth-updown-5m-1773042300,289,1981.77,0.48,0.47,0.01,89,78,47,52,0,0.53,0.52,0.01,78,89,52,47,0,0.481,0.531,5,5,,,,,,,,,,,,,,,,,,,,,
2026-03-09T07:45:11.576958643+00:00,R0308_205043,ENTRY,S3,xrp,xrp-updown-5m-1773042300,289,1.34,0.52,0.5,0.02,7,15.8,50,48,0,0.5,0.48,0.02,15.8,7,48,50,0,0.521,0.501,5,5,,,,,,,,,,,,,,,,,,,,,
2026-03-09T07:45:11.720046182+00:00,R0308_200647,ENTRY,S3,btc,btc-updown-5m-1773042300,289,67421.09,0.48,0.47,0.01,576.5,168.1,47,52,0,0.53,0.52,0.01,168.1,576.5,52,47,0,0.481,0.531,5,5,,,,,,,,,,,,,,,,,,,,,
2026-03-09T07:45:11.720151431+00:00,R0308_200647,ENTRY,S3,eth,eth-updown-5m-1773042300,289,1981.91,0.48,0.47,0.01,253.2,22.7,47,52,0,0.53,0.52,0.01,22.7,253.2,52,47,0,0.481,0.531,5,5,,,,,,,,,,,,,,,,,,,,,
2026-03-09T07:45:11.720203419+00:00,R0308_200647,ENTRY,S3,xrp,xrp-updown-5m-1773042300,289,1.34,0.52,0.5,0.02,88,15.8,50,48,0,0.5,0.48,0.02,15.8,88,48,50,0,0.521,0.501,5,5,,,,,,,,,,,,,,,,,,,,,
2026-03-09T07:49:31.777039135+00:00,R0308_205043,DUMP,S3,eth,eth-updown-5m-1773042300,29,1982.85,,,,,,,,,,,,,123,,28,71,,,,,DN,0.28,0.28,REAL,2.6365,1981.8,1982.16,0.0185,,,,,,,,,,,,,MAKER_FILL
2026-03-09T07:49:32.792124643+00:00,R0308_200647,DUMP,S3,btc,btc-updown-5m-1773042300,28,67477.42,,,,,,,,,,,,,6,,4,95,,,,,DN,0.04,0.04,REAL,0.3766,67411.97,67455.76,0.065,,,,,,,,,,,,,MAKER_FILL
2026-03-09T07:49:32.815686249+00:00,R0308_205043,DUMP,S3,btc,btc-updown-5m-1773042300,28,67477.42,,,,,,,,,,,,,6,,4,95,,,,,DN,0.04,0.04,REAL,0.3766,67411.73,67455.76,0.0653,,,,,,,,,,,,,MAKER_FILL
2026-03-09T07:49:33.828285378+00:00,R0308_200647,DUMP,S3,sol,sol-updown-5m-1773042300,27,83.26,,,,,,,,,,,,,0,,0,98,,,,,DN,0.099,0.1,EST,0.9501,83.1,83.23,0.1523,,,,,,,,,,,,,TAKER_FORCE|EST_BID
2026-03-09T07:49:33.828371868+00:00,R0308_200647,DUMP,S3,xrp,xrp-updown-5m-1773042300,27,1.34,,,,,,,,,,,,,61.1,,3,96,,,,,DN,0.029,0.03,REAL,0.2894,1.34,1.34,0.1071,,,,,,,,,,,,,TAKER_FORCE
2026-03-09T07:49:33.828461473+00:00,R0308_200647,DUMP,S3,eth,eth-updown-5m-1773042300,27,1982.85,,,,,,,,,,,,,11.3,,29,70,,,,,DN,0.289,0.29,REAL,2.7213,1981.79,1982.24,0.0231,,,,,,,,,,,,,TAKER_FORCE
2026-03-09T07:49:33.848608309+00:00,R0308_205043,DUMP,S3,sol,sol-updown-5m-1773042300,27,83.26,,,,,,,,,,,,,0,,0,98,,,,,DN,0.099,0.1,EST,0.9501,83.1,83.23,0.1538,,,,,,,,,,,,,TAKER_FORCE|EST_BID
2026-03-09T07:49:33.848715461+00:00,R0308_205043,DUMP,S3,xrp,xrp-updown-5m-1773042300,27,1.34,,,,,,,,,,,,,61.1,,3,96,,,,,DN,0.029,0.03,REAL,0.2894,1.34,1.34,0.1075,,,,,,,,,,,,,TAKER_FORCE
2026-03-09T07:50:00.991695677+00:00,R0308_205043,SETTLE,S3,btc,btc-updown-5m-1773042300,0,67480.9,,,0.01,,,,,,,,0.01,,,,,,,,,,,0.04,,,67411.73,67455.45,0.0649,UP,CL,0.99,0,0.3087,0.0226,0.4403,284.6507,384.6507,291,162,,,
2026-03-09T07:50:00.991882819+00:00,R0308_205043,SETTLE,S3,sol,sol-updown-5m-1773042300,0,83.25,,,0.02,,,,,,,,0.02,,,,,,,,,,,0.099,,,83.1,83.23,0.1533,UP,CL,0.99,0,0.3056,0.0535,0.571,284.7814,384.7814,291,162,,,
2026-03-09T07:50:00.991975660+00:00,R0308_205043,SETTLE,S3,eth,eth-updown-5m-1773042300,0,1982.67,,,0.01,,,,,,,,0.01,,,,,,,,,,,0.28,,,1981.8,1982.08,0.0143,UP,CL,0.99,0,0.3087,0.1186,2.6042,286.8146,386.8146,291,162,,,
2026-03-09T07:50:00.992069041+00:00,R0308_205043,SETTLE,S3,xrp,xrp-updown-5m-1773042300,0,1.34,,,0.02,,,,,,,,0.02,,,,,,,,,,,0.029,,,1.34,1.34,0.0961,UP,CL,0.99,0,0.3056,0.0176,-0.4368,283.7736,383.7736,290,163,,,
2026-03-09T07:50:01.007873286+00:00,R0308_200647,SETTLE,S3,sol,sol-updown-5m-1773042300,0,83.25,,,0.02,,,,,,,,0.02,,,,,,,,,,,0.099,,,83.1,83.23,0.1518,UP,CL,0.99,0,0.3056,0.0535,0.571,305.0649,405.0649,320,163,,,
2026-03-09T07:50:01.007969041+00:00,R0308_200647,SETTLE,S3,btc,btc-updown-5m-1773042300,0,67480.9,,,0.01,,,,,,,,0.01,,,,,,,,,,,0.04,,,67411.97,67455.45,0.0645,UP,CL,0.99,0,0.3087,0.0226,0.4403,304.9342,404.9342,320,163,,,
2026-03-09T07:50:01.008009291+00:00,R0308_200647,SETTLE,S3,xrp,xrp-updown-5m-1773042300,0,1.34,,,0.02,,,,,,,,0.02,,,,,,,,,,,0.029,,,1.34,1.34,0.0957,UP,CL,0.99,0,0.3056,0.0176,-0.4368,304.057,404.057,319,164,,,
2026-03-09T07:50:01.008037334+00:00,R0308_200647,SETTLE,S3,eth,eth-updown-5m-1773042300,0,1982.67,,,0.01,,,,,,,,0.01,,,,,,,,,,,0.289,,,1981.79,1982.08,0.0147,UP,CL,0.99,0,0.3087,0.1209,2.6866,307.1805,407.1805,320,163,,,
2026-03-09T07:50:11.520925735+00:00,R0308_200647,ENTRY,S3,sol,sol-updown-5m-1773042600,289,83.27,0.49,0.48,0.01,75.3,139.7,48,50,0,0.52,0.51,0.01,139.7,75.3,50,48,0,0.491,0.521,5,5,,,,,,,,,,,,,,,,,,,,,
2026-03-09T07:50:11.521035140+00:00,R0308_200647,ENTRY,S3,xrp,xrp-updown-5m-1773042600,289,1.34,0.51,0.49,0.02,126.9,35,49,49,0,0.51,0.49,0.02,35,126.9,49,49,0,0.511,0.511,5,5,,,,,,,,,,,,,,,,,,,,,
2026-03-09T07:50:11.532385609+00:00,R0308_205043,ENTRY,S3,sol,sol-updown-5m-1773042600,289,83.27,0.49,0.48,0.01,75.3,139.7,48,50,0,0.52,0.51,0.01,139.7,75.3,50,48,0,0.491,0.521,5,5,,,,,,,,,,,,,,,,,,,,,
2026-03-09T07:50:11.532526301+00:00,R0308_205043,ENTRY,S3,xrp,xrp-updown-5m-1773042600,289,1.34,0.51,0.49,0.02,126.9,35,49,49,0,0.51,0.49,0.02,35,126.9,49,49,0,0.511,0.511,5,5,,,,,,,,,,,,,,,,,,,,,
2026-03-09T07:50:23.104956516+00:00,R0308_200647,ENTRY,S3,eth,eth-updown-5m-1773042600,277,1982.85,0.52,0.51,0.01,309.7,56.4,51,48,0,0.49,0.48,0.01,56.4,309.7,48,51,0,0.521,0.491,5,5,,,,,,,,,,,,,,,,,,,,,
2026-03-09T07:50:23.221071589+00:00,R0308_205043,ENTRY,S3,eth,eth-updown-5m-1773042600,277,1982.85,0.52,0.51,0.01,309.7,58.4,51,48,0,0.49,0.48,0.01,58.4,309.7,48,51,0,0.521,0.491,5,5,,,,,,,,,,,,,,,,,,,,,
2026-03-09T07:51:09.344391696+00:00,R0308_205043,ENTRY,S3,btc,btc-updown-5m-1773042600,231,67420.08,0.51,0.5,0.01,189,188.1,50,48,0,0.5,0.49,0.01,188.1,189,48,50,0,0.511,0.501,5,5,,,,,,,,,,,,,,,,,,,,,
2026-03-09T07:51:09.437539398+00:00,R0308_200647,ENTRY,S3,btc,btc-updown-5m-1773042600,231,67420.01,0.51,0.5,0.01,189,188.1,50,48,0,0.5,0.49,0.01,188.1,189,48,50,0,0.511,0.501,5,5,,,,,,,,,,,,,,,,,,,,,
2026-03-09T07:54:33.592475485+00:00,R0308_200647,DUMP,S3,eth,eth-updown-5m-1773042600,27,1981.55,,,,,,,,,,,,,272,,14,85,,,,,UP,0.139,0.14,REAL,1.334,1982.06,1981.1,-0.0485,,,,,,,,,,,,,TAKER_FORCE
2026-03-09T07:54:33.592572401+00:00,R0308_200647,DUMP,S3,sol,sol-updown-5m-1773042600,27,83.14,,,,,,,,,,,,,801.4,,1,98,,,,,UP,0.01,0.01,REAL,0.1018,83.23,83.12,-0.1371,,,,,,,,,,,,,TAKER_FORCE
2026-03-09T07:54:33.592616978+00:00,R0308_200647,DUMP,S3,btc,btc-updown-5m-1773042600,27,67495.98,,,,,,,,,,,,,35.2,,11,88,,,,,DN,0.109,0.11,REAL,1.0878,67455.19,67477.91,0.0337,,,,,,,,,,,,,TAKER_FORCE
2026-03-09T07:54:33.592661917+00:00,R0308_200647,DUMP,S3,xrp,xrp-updown-5m-1773042600,27,1.34,,,,,,,,,,,,,8,,17,82,,,,,UP,0.17,0.17,REAL,1.6634,1.34,1.34,-0.0431,,,,,,,,,,,,,MAKER_FILL
2026-03-09T07:54:33.676895584+00:00,R0308_205043,DUMP,S3,xrp,xrp-updown-5m-1773042600,27,1.34,,,,,,,,,,,,,3,,17,82,,,,,UP,0.17,0.17,REAL,1.6634,1.34,1.34,-0.0431,,,,,,,,,,,,,MAKER_FILL
2026-03-09T07:54:33.677040582+00:00,R0308_205043,DUMP,S3,eth,eth-updown-5m-1773042600,27,1981.55,,,,,,,,,,,,,272,,14,85,,,,,UP,0.139,0.14,REAL,1.334,1982.06,1981.1,-0.0485,,,,,,,,,,,,,TAKER_FORCE
2026-03-09T07:54:33.677085289+00:00,R0308_205043,DUMP,S3,btc,btc-updown-5m-1773042600,27,67495.98,,,,,,,,,,,,,34.1,,11,88,,,,,DN,0.109,0.11,REAL,1.0878,67455.19,67477.91,0.0337,,,,,,,,,,,,,TAKER_FORCE
2026-03-09T07:54:33.677127935+00:00,R0308_205043,DUMP,S3,sol,sol-updown-5m-1773042600,27,83.14,,,,,,,,,,,,,796.4,,1,98,,,,,UP,0.01,0.01,REAL,0.1018,83.23,83.12,-0.1371,,,,,,,,,,,,,TAKER_FORCE
2026-03-09T07:55:00.242620335+00:00,R0308_205043,SETTLE,S3,xrp,xrp-updown-5m-1773042600,0,1.34,,,0.02,,,,,,,,0.02,,,,,,,,,,,0.17,,,1.34,1.34,-0.0112,DOWN,CL,0,0.99,0.3056,0.0863,1.0562,288.4453,388.4453,294,163,,,
2026-03-09T07:55:00.242739945+00:00,R0308_205043,SETTLE,S3,eth,eth-updown-5m-1773042600,0,1982.57,,,0.01,,,,,,,,0.01,,,,,,,,,,,0.139,,,1982.06,1981.92,-0.0073,DOWN,CL,0.2,0.7,0.3088,0.0718,1.1367,288.5258,388.5258,294,163,,,
2026-03-09T07:55:00.242794407+00:00,R0308_205043,SETTLE,S3,btc,btc-updown-5m-1773042600,0,67517.55,,,0.01,,,,,,,,0.01,,,,,,,,,,,0.109,,,67455.19,67495.96,0.0604,UP,CL,0.99,0,0.3087,0.0606,0.5032,287.8923,387.8923,294,163,,,
2026-03-09T07:55:00.242829300+00:00,R0308_205043,SETTLE,S3,sol,sol-updown-5m-1773042600,0,83.16,,,0.01,,,,,,,,0.01,,,,,,,,,,,0.01,,,83.23,83.14,-0.1135,DOWN,CL,0,0.99,0.3088,0.0063,-0.6163,286.7728,386.7728,293,164,,,
2026-03-09T07:55:00.972867462+00:00,R0308_200647,SETTLE,S3,eth,eth-updown-5m-1773042600,0,1982.66,,,0.01,,,,,,,,0.01,,,,,,,,,,,0.139,,,1982.06,1981.99,-0.0037,DOWN,CL,0.12,0.7,0.3088,0.0718,1.1367,308.8917,408.8917,323,164,,,
2026-03-09T07:55:00.972965761+00:00,R0308_200647,SETTLE,S3,sol,sol-updown-5m-1773042600,0,83.15,,,0.01,,,,,,,,0.01,,,,,,,,,,,0.01,,,83.23,83.14,-0.1138,DOWN,CL,0,0.99,0.3088,0.0063,-0.6163,307.1387,407.1387,322,165,,,
2026-03-09T07:55:00.973014493+00:00,R0308_200647,SETTLE,S3,btc,btc-updown-5m-1773042600,0,67517.55,,,0.01,,,,,,,,0.01,,,,,,,,,,,0.109,,,67455.19,67495.96,0.0604,UP,CL,0.99,0,0.3087,0.0606,0.5032,308.2582,408.2582,323,164,,,
2026-03-09T07:55:00.973061134+00:00,R0308_200647,SETTLE,S3,xrp,xrp-updown-5m-1773042600,0,1.34,,,0.02,,,,,,,,0.02,,,,,,,,,,,0.17,,,1.34,1.34,-0.0112,DOWN,CL,0,0.99,0.3056,0.0863,1.0562,308.8112,408.8112,323,164,,,
2026-03-09T07:55:10.444467933+00:00,R0308_200647,ENTRY,S3,btc,btc-updown-5m-1773042900,290,67498.61,0.53,0.52,0.01,1.9,71,52,47,0,0.48,0.47,0.01,71,1.9,47,52,0,0.531,0.481,5,5,,,,,,,,,,,,,,,,,,,,,
2026-03-09T07:55:10.771205938+00:00,R0308_205043,ENTRY,S3,btc,btc-updown-5m-1773042900,290,67498.61,0.52,0.48,0.04,73.6,54.4,48,48,0,0.52,0.48,0.04,54.4,73.6,48,48,0,0.521,0.521,5,5,,,,,,,,,,,,,,,,,,,WIDE_SPREAD_UP|WIDE_SPREAD_DN,,
2026-03-09T07:55:14.599441030+00:00,R0308_200647,ENTRY,S3,eth,eth-updown-5m-1773042900,286,1982.19,0.48,0.47,0.01,39,33,47,52,0,0.53,0.52,0.01,33,39,52,47,0,0.481,0.531,5,5,,,,,,,,,,,,,,,,,,,,,
2026-03-09T07:55:14.599590145+00:00,R0308_200647,ENTRY,S3,sol,sol-updown-5m-1773042900,286,83.13,0.5,0.48,0.02,59,10,48,50,0,0.52,0.5,0.02,10,59,50,48,0,0.501,0.521,5,5,,,,,,,,,,,,,,,,,,,,,
2026-03-09T07:55:14.911018943+00:00,R0308_205043,ENTRY,S3,eth,eth-updown-5m-1773042900,286,1982.19,0.48,0.47,0.01,276.7,24.9,47,52,0,0.53,0.52,0.01,24.9,276.7,52,47,0,0.481,0.531,5,5,,,,,,,,,,,,,,,,,,,,,
2026-03-09T07:55:14.911183331+00:00,R0308_205043,ENTRY,S3,sol,sol-updown-5m-1773042900,286,83.14,0.5,0.48,0.02,85,10,48,50,0,0.52,0.5,0.02,10,85,50,48,0,0.501,0.521,5,5,,,,,,,,,,,,,,,,,,,,,
2026-03-09T07:55:33.639670100+00:00,R0308_200647,ENTRY,S3,xrp,xrp-updown-5m-1773042900,267,1.34,0.51,0.5,0.01,10,98,50,49,0,0.5,0.49,0.01,98,10,49,50,0,0.511,0.501,5,5,,,,,,,,,,,,,,,,,,,,,
2026-03-09T07:55:33.804136353+00:00,R0308_205043,ENTRY,S3,xrp,xrp-updown-5m-1773042900,267,1.34,0.51,0.5,0.01,10,98,50,49,0,0.5,0.49,0.01,98,10,49,50,0,0.511,0.501,5,5,,,,,,,,,,,,,,,,,,,,,
2026-03-09T07:59:31.458036008+00:00,R0308_200647,DUMP,S3,eth,eth-updown-5m-1773042900,29,1983.37,,,,,,,,,,,,,168,,19,80,,,,,DN,0.19,0.19,REAL,1.7891,1981.89,1982.69,0.0405,,,,,,,,,,,,,MAKER_FILL
2026-03-09T07:59:31.906356441+00:00,R0308_205043,DUMP,S3,eth,eth-updown-5m-1773042900,29,1983.37,,,,,,,,,,,,,49.1,,20,79,,,,,DN,0.19,0.2,REAL,1.7891,1981.89,1982.69,0.0406,,,,,,,,,,,,,MAKER_FILL
2026-03-09T07:59:32.494827214+00:00,R0308_200647,DUMP,S3,sol,sol-updown-5m-1773042900,28,83.15,,,,,,,,,,,,,19,,44,55,,,,,UP,0.44,0.44,REAL,4.3912,83.13,83.13,-0.0104,,,,,,,,,,,,,MAKER_FILL
2026-03-09T07:59:33.530697303+00:00,R0308_200647,DUMP,S3,btc,btc-updown-5m-1773042900,27,67531.8,,,,,,,,,,,,,54.9,,15,84,,,,,DN,0.149,0.15,REAL,1.5489,67496.1,67517.02,0.031,,,,,,,,,,,,,TAKER_FORCE
2026-03-09T07:59:33.530780698+00:00,R0308_200647,DUMP,S3,xrp,xrp-updown-5m-1773042900,27,1.34,,,,,,,,,,,,,67,,47,51,,,,,DN,0.469,0.47,REAL,4.6806,1.34,1.34,0.0076,,,,,,,,,,,,,TAKER_FORCE
2026-03-09T07:59:33.971077651+00:00,R0308_205043,DUMP,S3,sol,sol-updown-5m-1773042900,27,83.14,,,,,,,,,,,,,19,,42,57,,,,,UP,0.419,0.42,REAL,4.1816,83.14,83.13,-0.0136,,,,,,,,,,,,,TAKER_FORCE
2026-03-09T07:59:33.971150241+00:00,R0308_205043,DUMP,S3,btc,btc-updown-5m-1773042900,27,67531.8,,,,,,,,,,,,,42.5,,15,84,,,,,DN,0.149,0.15,REAL,1.4299,67496.06,67517.02,0.0311,,,,,,,,,,,,,TAKER_FORCE
2026-03-09T07:59:33.971170582+00:00,R0308_205043,DUMP,S3,xrp,xrp-updown-5m-1773042900,27,1.34,,,,,,,,,,,,,67,,47,52,,,,,DN,0.469,0.47,REAL,4.6806,1.34,1.34,0.0052,,,,,,,,,,,,,TAKER_FORCE
2026-03-09T08:00:00.280134971+00:00,R0308_205043,SETTLE,S3,sol,sol-updown-5m-1773042900,0,83.19,,,0.02,,,,,,,,0.02,,,,,,,,,,,0.419,,,83.14,83.14,0.0095,UP,CL,0.99,0,0.3056,0.146,3.5495,293.0185,393.0185,297,164,,,
2026-03-09T08:00:00.280223594+00:00,R0308_205043,SETTLE,S3,btc,btc-updown-5m-1773042900,0,67562.16,,,0.04,,,,,,,,0.04,,,,,,,,,,,0.149,,,67496.06,67535.45,0.0584,UP,CL,0.99,0,0.2994,0.0761,0.6514,290.1204,390.1204,297,164,,,
2026-03-09T08:00:00.280251987+00:00,R0308_205043,SETTLE,S3,xrp,xrp-updown-5m-1773042900,0,1.34,,,0.01,,,,,,,,0.01,,,,,,,,,,,0.469,,,1.34,1.34,0.036,UP,CL,0.99,0,0.3087,0.1553,4.0013,293.4702,393.4702,297,164,,,
2026-03-09T08:00:00.280280080+00:00,R0308_205043,SETTLE,S3,eth,eth-updown-5m-1773042900,0,1984.34,,,0.01,,,,,,,,0.01,,,,,,,,,,,0.19,,,1981.89,1983.32,0.0725,UP,CL,0.99,0,0.3087,0.0906,1.7848,291.2537,391.2537,297,164,,,
2026-03-09T08:00:00.749279941+00:00,R0308_200647,SETTLE,S3,btc,btc-updown-5m-1773042900,0,67558,,,0.01,,,,,,,,0.01,,,,,,,,,,,0.149,,,67496.1,67534.99,0.0576,UP,CL,0.99,0,0.3087,0.0824,0.5739,310.4088,410.4088,326,165,,,
2026-03-09T08:00:00.749372352+00:00,R0308_200647,SETTLE,S3,eth,eth-updown-5m-1773042900,0,1984.39,,,0.01,,,,,,,,0.01,,,,,,,,,,,0.19,,,1981.89,1983.29,0.0708,UP,CL,0.99,0,0.3087,0.0906,1.7848,311.6196,411.6196,326,165,,,
2026-03-09T08:00:00.749411059+00:00,R0308_200647,SETTLE,S3,xrp,xrp-updown-5m-1773042900,0,1.34,,,0.01,,,,,,,,0.01,,,,,,,,,,,0.469,,,1.34,1.34,0.0373,UP,CL,0.99,0,0.3087,0.1553,4.0013,313.8362,413.8362,326,165,,,
2026-03-09T08:00:00.749485732+00:00,R0308_200647,SETTLE,S3,sol,sol-updown-5m-1773042900,0,83.19,,,0.02,,,,,,,,0.02,,,,,,,,,,,0.44,,,83.13,83.14,0.0118,UP,CL,0.99,0,0.3056,0.1478,3.7493,313.5842,413.5842,326,165,,,
2026-03-09T08:00:10.234304077+00:00,R0308_200647,ENTRY,S3,btc,btc-updown-5m-1773043200,290,67550.06,0.52,0.51,0.01,1022.3,264.9,51,48,0,0.49,0.48,0.01,264.9,1022.3,48,51,0,0.521,0.491,5,5,,,,,,,,,,,,,,,,,,,,,
2026-03-09T08:00:10.234472231+00:00,R0308_200647,ENTRY,S3,sol,sol-updown-5m-1773043200,290,83.15,0.49,0.48,0.01,28,51.1,46,51,0,0.52,0.51,0.01,51.1,28,51,46,0,0.491,0.521,5,5,,,,,,,,,,,,,,,,,,,,,
2026-03-09T08:00:10.833957594+00:00,R0308_205043,ENTRY,S3,sol,sol-updown-5m-1773043200,290,83.15,0.48,0.47,0.01,21,39.4,46,52,0,0.53,0.52,0.01,39.4,21,52,46,0,0.481,0.531,5,5,,,,,,,,,,,,,,,,,,,,,
2026-03-09T08:00:13.486019182+00:00,R0308_200647,ENTRY,S3,eth,eth-updown-5m-1773043200,287,1983.75,0.5,0.49,0.01,174,105.4,49,50,0,0.51,0.5,0.01,105.4,174,50,49,0,0.501,0.511,5,5,,,,,,,,,,,,,,,,,,,,,
2026-03-09T08:00:13.486155969+00:00,R0308_200647,ENTRY,S3,xrp,xrp-updown-5m-1773043200,287,1.34,0.52,0.5,0.02,24,49,50,48,0,0.5,0.48,0.02,49,24,48,50,0,0.521,0.501,5,5,,,,,,,,,,,,,,,,,,,,,
2026-03-09T08:00:14.975133041+00:00,R0308_205043,ENTRY,S3,btc,btc-updown-5m-1773043200,286,67541.05,0.52,0.51,0.01,574.5,101,51,48,0,0.49,0.48,0.01,101,574.5,48,51,0,0.521,0.491,5,5,,,,,,,,,,,,,,,,,,,,,
2026-03-09T08:00:14.975218640+00:00,R0308_205043,ENTRY,S3,eth,eth-updown-5m-1773043200,286,1983.68,0.5,0.49,0.01,68.7,136.4,49,50,0,0.51,0.5,0.01,136.4,68.7,50,49,0,0.501,0.511,5,5,,,,,,,,,,,,,,,,,,,,,
2026-03-09T08:00:14.975257138+00:00,R0308_205043,ENTRY,S3,xrp,xrp-updown-5m-1773043200,286,1.34,0.52,0.5,0.02,73.3,56,50,48,0,0.5,0.48,0.02,56,73.3,48,50,0,0.521,0.501,5,5,,,,,,,,,,,,,,,,,,,,,
2026-03-09T08:04:31.091642930+00:00,R0308_200647,DUMP,S3,eth,eth-updown-5m-1773043200,29,1982.37,,,,,,,,,,,,,8.3,,12,87,,,,,UP,0.12,0.12,REAL,1.1976,1983.35,1981.99,-0.0687,,,,,,,,,,,,,MAKER_FILL
2026-03-09T08:04:31.091730853+00:00,R0308_200647,DUMP,S3,xrp,xrp-updown-5m-1773043200,29,1.34,,,,,,,,,,,,,10,,33,66,,,,,DN,0.32,0.33,REAL,3.1936,1.34,1.34,0.0231,,,,,,,,,,,,,MAKER_FILL
2026-03-09T08:04:31.091794739+00:00,R0308_200647,DUMP,S3,sol,sol-updown-5m-1773043200,29,83.06,,,,,,,,,,,,,3.7,,3,96,,,,,UP,0.03,0.03,REAL,0.3055,83.15,83.05,-0.1133,,,,,,,,,,,,,MAKER_FILL
2026-03-09T08:04:31.514379918+00:00,R0308_205043,DUMP,S3,btc,btc-updown-5m-1773043200,29,67512.36,,,,,,,,,,,,,3325.8,,36,56,,,,,UP,0.39,0.43,REAL,3.7428,67535.73,67492.71,-0.0637,,,,,,,,,,,,,MAKER_FILL
2026-03-09T08:04:31.514500460+00:00,R0308_205043,DUMP,S3,xrp,xrp-updown-5m-1773043200,29,1.34,,,,,,,,,,,,,90,,35,62,,,,,DN,0.34,0.35,REAL,3.3932,1.34,1.34,0.0274,,,,,,,,,,,,,MAKER_FILL
2026-03-09T08:04:32.125655526+00:00,R0308_200647,DUMP,S3,btc,btc-updown-5m-1773043200,28,67512.36,,,,,,,,,,,,,2974.2,,42,56,,,,,UP,0.34,0.43,REAL,3.263,67535.74,67491.22,-0.0659,,,,,,,,,,,,,MAKER_FILL
2026-03-09T08:04:33.722776987+00:00,R0308_205043,DUMP,S3,sol,sol-updown-5m-1773043200,27,83.06,,,,,,,,,,,,,201.4,,2,97,,,,,UP,0.019,0.02,REAL,0.1975,83.14,83.05,-0.1159,,,,,,,,,,,,,TAKER_FORCE
2026-03-09T08:04:33.722909467+00:00,R0308_205043,DUMP,S3,eth,eth-updown-5m-1773043200,27,1981.97,,,,,,,,,,,,,295.8,,6,93,,,,,UP,0.059,0.06,REAL,0.5888,1983.26,1981.81,-0.0728,,,,,,,,,,,,,TAKER_FORCE
2026-03-09T08:05:00.504383195+00:00,R0308_200647,SETTLE,S3,eth,eth-updown-5m-1773043200,0,1981.09,,,0.01,,,,,,,,0.01,,,,,,,,,,,0.12,,,1983.35,1981.08,-0.1145,DOWN,CL,0,0.99,0.3087,0.0659,0.6077,320.5518,420.5518,330,165,,,
2026-03-09T08:05:00.504535464+00:00,R0308_200647,SETTLE,S3,btc,btc-updown-5m-1773043200,0,67500,,,0.01,,,,,,,,0.01,,,,,,,,,,,0.34,,,67535.74,67486.46,-0.073,DOWN,CL,0,0.99,0.3088,0.1346,3.0029,322.947,422.947,330,165,,,
2026-03-09T08:05:00.504627223+00:00,R0308_200647,SETTLE,S3,xrp,xrp-updown-5m-1773043200,0,1.34,,,0.02,,,,,,,,0.02,,,,,,,,,,,0.32,,,1.34,1.34,-0.0082,DOWN,CL,0,0.99,0.3056,0.1305,2.6149,322.559,422.559,330,165,,,
2026-03-09T08:05:00.504718199+00:00,R0308_200647,SETTLE,S3,sol,sol-updown-5m-1773043200,0,83.02,,,0.01,,,,,,,,0.01,,,,,,,,,,,0.03,,,83.15,83.03,-0.1388,DOWN,CL,0,0.99,0.3088,0.0185,-0.4248,319.5193,419.5193,329,166,,,
2026-03-09T08:05:00.920196311+00:00,R0308_205043,SETTLE,S3,sol,sol-updown-5m-1773043200,0,83.02,,,0.01,,,,,,,,0.01,,,,,,,,,,,0.019,,,83.14,83.03,-0.1378,DOWN,CL,0,0.99,0.3087,0.0121,-0.7072,298.7488,398.7488,300,165,,,
2026-03-09T08:05:00.920359798+00:00,R0308_205043,SETTLE,S3,btc,btc-updown-5m-1773043200,0,67500,,,0.01,,,,,,,,0.01,,,,,,,,,,,0.39,,,67535.73,67486.46,-0.073,DOWN,CL,0,0.99,0.3088,0.1427,3.4747,302.9306,402.9306,301,164,,,
2026-03-09T08:05:00.920460380+00:00,R0308_205043,SETTLE,S3,eth,eth-updown-5m-1773043200,0,1981.09,,,0.01,,,,,,,,0.01,,,,,,,,,,,0.059,,,1983.26,1981.08,-0.1098,DOWN,CL,0,0.99,0.3087,0.0346,0.0302,299.4861,399.4861,301,164,,,
2026-03-09T08:05:00.920551578+00:00,R0308_205043,SETTLE,S3,xrp,xrp-updown-5m-1773043200,0,1.34,,,0.02,,,,,,,,0.02,,,,,,,,,,,0.34,,,1.34,1.34,-0.004,DOWN,CL,0,0.99,0.3056,0.1346,2.8028,302.2587,402.2587,301,164,,,
2026-03-09T08:05:15.669355245+00:00,R0308_205043,ENTRY,S3,xrp,xrp-updown-5m-1773043500,285,1.34,0.49,0.48,0.01,87.4,2.8,48,50,0,0.52,0.51,0.01,2.8,87.4,50,48,0,0.491,0.521,5,5,,,,,,,,,,,,,,,,,,,,,
2026-03-09T08:05:16.217220018+00:00,R0308_200647,ENTRY,S3,xrp,xrp-updown-5m-1773043500,284,1.34,0.5,0.49,0.01,28,8.1,49,50,0,0.51,0.5,0.01,8.1,28,50,49,0,0.501,0.511,5,5,,,,,,,,,,,,,,,,,,,,,
2026-03-09T08:05:17.731015199+00:00,R0308_205043,ENTRY,S3,eth,eth-updown-5m-1773043500,283,1981,0.49,0.48,0.01,101,52,48,51,0,0.52,0.51,0.01,52,101,51,48,0,0.491,0.521,5,5,,,,,,,,,,,,,,,,,,,,,
2026-03-09T08:05:18.422580357+00:00,R0308_200647,ENTRY,S3,eth,eth-updown-5m-1773043500,282,1981,0.49,0.48,0.01,104.5,51.1,48,51,0,0.52,0.51,0.01,51.1,104.5,51,48,0,0.491,0.521,5,5,,,,,,,,,,,,,,,,,,,,,
2026-03-09T08:05:20.502328279+00:00,R0308_200647,ENTRY,S3,btc,btc-updown-5m-1773043500,280,67490.43,0.49,0.47,0.02,36.1,100.5,47,51,0,0.53,0.51,0.02,100.5,36.1,51,47,0,0.491,0.531,5,5,,,,,,,,,,,,,,,,,,,,,
2026-03-09T08:05:20.838353253+00:00,R0308_205043,ENTRY,S3,btc,btc-updown-5m-1773043500,280,67486.5,0.49,0.47,0.02,128,27.5,47,51,0,0.53,0.51,0.02,27.5,128,51,47,0,0.491,0.531,5,5,,,,,,,,,,,,,,,,,,,,,
2026-03-09T08:09:33.119476777+00:00,R0308_200647,DUMP,S3,xrp,xrp-updown-5m-1773043500,27,1.34,,,,,,,,,,,,,0,,0,99,,,,,DN,0.099,0.1,EST,0.9687,1.34,1.34,0.282,,,,,,,,,,,,,TAKER_FORCE|EST_BID
2026-03-09T08:09:33.119596416+00:00,R0308_200647,DUMP,S3,btc,btc-updown-5m-1773043500,27,67627.58,,,,,,,,,,,,,0,,0,99,,,,,DN,0.099,0.1,EST,0.9322,67487.16,67623.04,0.2013,,,,,,,,,,,,,TAKER_FORCE|EST_BID
2026-03-09T08:09:33.119659782+00:00,R0308_200647,DUMP,S3,eth,eth-updown-5m-1773043500,27,1987.11,,,,,,,,,,,,,0,,0,99,,,,,DN,0.099,0.1,EST,0.9501,1981.21,1987.07,0.2954,,,,,,,,,,,,,TAKER_FORCE|EST_BID
2026-03-09T08:09:33.882434346+00:00,R0308_205043,DUMP,S3,eth,eth-updown-5m-1773043500,27,1986.95,,,,,,,,,,,,,0,,0,99,,,,,DN,0.099,0.1,EST,0.9501,1981.21,1987.04,0.294,,,,,,,,,,,,,TAKER_FORCE|EST_BID
2026-03-09T08:09:33.882553625+00:00,R0308_205043,DUMP,S3,xrp,xrp-updown-5m-1773043500,27,1.34,,,,,,,,,,,,,0,,0,99,,,,,DN,0.099,0.1,EST,0.9501,1.34,1.34,0.2826,,,,,,,,,,,,,TAKER_FORCE|EST_BID
2026-03-09T08:09:33.882607818+00:00,R0308_205043,DUMP,S3,btc,btc-updown-5m-1773043500,27,67626.72,,,,,,,,,,,,,0,,0,99,,,,,DN,0.099,0.1,EST,0.9322,67487.16,67622.38,0.2004,,,,,,,,,,,,,TAKER_FORCE|EST_BID
2026-03-09T08:10:00.148603766+00:00,R0308_205043,SETTLE,S3,eth,eth-updown-5m-1773043500,0,1986.27,,,0.01,,,,,,,,0.01,,,,,,,,,,,0.099,,,1981.21,1985.96,0.2395,UP,CL,0.99,0,0.3088,0.0535,0.7711,305.8275,405.8275,304,165,,,
2026-03-09T08:10:00.149015948+00:00,R0308_205043,SETTLE,S3,xrp,xrp-updown-5m-1773043500,0,1.34,,,0.01,,,,,,,,0.01,,,,,,,,,,,0.099,,,1.34,1.34,0.2507,UP,CL,0.99,0,0.3088,0.0535,0.7711,305.8275,405.8275,304,165,,,
2026-03-09T08:10:00.149127896+00:00,R0308_205043,SETTLE,S3,btc,btc-updown-5m-1773043500,0,67618.19,,,0.02,,,,,,,,0.02,,,,,,,,,,,0.099,,,67487.16,67598.75,0.1653,UP,CL,0.99,0,0.3056,0.0525,0.7574,305.8138,405.8138,304,165,,,
2026-03-09T08:10:00.379797824+00:00,R0308_200647,SETTLE,S3,xrp,xrp-updown-5m-1773043500,0,1.34,,,0.01,,,,,,,,0.01,,,,,,,,,,,0.099,,,1.34,1.34,0.2498,UP,CL,0.99,0,0.3087,0.0545,0.5854,326.3303,426.3303,333,166,,,
2026-03-09T08:10:00.379940239+00:00,R0308_200647,SETTLE,S3,btc,btc-updown-5m-1773043500,0,67611.9,,,0.02,,,,,,,,0.02,,,,,,,,,,,0.099,,,67487.16,67598.75,0.1653,UP,CL,0.99,0,0.3056,0.0525,0.7574,326.5022,426.5022,333,166,,,
2026-03-09T08:10:00.380061833+00:00,R0308_200647,SETTLE,S3,eth,eth-updown-5m-1773043500,0,1986.04,,,0.01,,,,,,,,0.01,,,,,,,,,,,0.099,,,1981.21,1985.96,0.2395,UP,CL,0.99,0,0.3088,0.0535,0.7711,326.516,426.516,333,166,,,
2026-03-09T08:10:10.692127097+00:00,R0308_205043,ENTRY,S3,btc,btc-updown-5m-1773043800,290,67615.11,0.49,0.48,0.01,723.4,392.5,48,51,0,0.52,0.51,0.01,392.5,723.4,51,48,0,0.491,0.521,5,5,,,,,,,,,,,,,,,,,,,,,
2026-03-09T08:10:10.692265005+00:00,R0308_205043,ENTRY,S3,sol,sol-updown-5m-1773043800,290,83.26,0.53,0.52,0.01,149.9,11.3,52,47,0,0.48,0.47,0.01,11.3,149.9,47,52,0,0.531,0.481,5,5,,,,,,,,,,,,,,,,,,,,,
2026-03-09T08:10:10.915674073+00:00,R0308_200647,ENTRY,S3,btc,btc-updown-5m-1773043800,290,67615.11,0.5,0.49,0.01,24,405.8,49,50,0,0.51,0.5,0.01,405.8,24,50,49,0,0.501,0.511,5,5,,,,,,,,,,,,,,,,,,,,,
2026-03-09T08:10:11.957995210+00:00,R0308_200647,ENTRY,S3,sol,sol-updown-5m-1773043800,289,83.26,0.53,0.52,0.01,50,124,52,47,0,0.48,0.47,0.01,124,50,47,52,0,0.531,0.481,5,5,,,,,,,,,,,,,,,,,,,,,
2026-03-09T08:10:12.764600509+00:00,R0308_205043,ENTRY,S3,eth,eth-updown-5m-1773043800,288,1986.48,0.53,0.52,0.01,5,260,52,47,0,0.48,0.47,0.01,260,5,47,52,0,0.531,0.481,5,5,,,,,,,,,,,,,,,,,,,,,
2026-03-09T08:10:13.124216510+00:00,R0308_200647,ENTRY,S3,eth,eth-updown-5m-1773043800,287,1986.48,0.53,0.52,0.01,5,488.5,52,47,0,0.48,0.47,0.01,488.5,5,47,52,0,0.531,0.481,5,5,,,,,,,,,,,,,,,,,,,,,
2026-03-09T08:10:17.935872633+00:00,R0308_205043,ENTRY,S3,xrp,xrp-updown-5m-1773043800,283,1.34,0.48,0.47,0.01,40,8,47,52,0,0.53,0.52,0.01,8,40,52,47,0,0.481,0.531,5,5,,,,,,,,,,,,,,,,,,,,,
2026-03-09T08:10:18.310399332+00:00,R0308_200647,ENTRY,S3,xrp,xrp-updown-5m-1773043800,282,1.34,0.48,0.47,0.01,39,8,47,52,0,0.53,0.52,0.01,8,39,52,47,0,0.481,0.531,5,5,,,,,,,,,,,,,,,,,,,,,
2026-03-09T08:14:31.234090339+00:00,R0308_205043,DUMP,S3,xrp,xrp-updown-5m-1773043800,29,1.34,,,,,,,,,,,,,78,,10,89,,,,,UP,0.1,0.1,REAL,1.0395,1.34,1.34,-0.0426,,,,,,,,,,,,,MAKER_FILL
2026-03-09T08:14:31.514239411+00:00,R0308_200647,DUMP,S3,xrp,xrp-updown-5m-1773043800,29,1.34,,,,,,,,,,,,,57,,10,89,,,,,UP,0.1,0.1,REAL,1.0395,1.34,1.34,-0.0426,,,,,,,,,,,,,MAKER_FILL
2026-03-09T08:14:31.514345131+00:00,R0308_200647,DUMP,S3,eth,eth-updown-5m-1773043800,29,1985.82,,,,,,,,,,,,,259,,41,56,,,,,UP,0.36,0.41,REAL,3.3898,1985.87,1985.64,-0.0114,,,,,,,,,,,,,MAKER_FILL
2026-03-09T08:14:32.409339006+00:00,R0308_205043,DUMP,S3,sol,sol-updown-5m-1773043800,28,83.26,,,,,,,,,,,,,10,,35,63,,,,,DN,0.34,0.35,REAL,3.5343,83.23,83.25,0.0268,,,,,,,,,,,,,MAKER_FILL
2026-03-09T08:14:32.409442351+00:00,R0308_205043,DUMP,S3,eth,eth-updown-5m-1773043800,28,1985.83,,,,,,,,,,,,,116,,43,56,,,,,UP,0.38,0.43,REAL,3.5782,1985.87,1985.36,-0.0254,,,,,,,,,,,,,MAKER_FILL
2026-03-09T08:14:32.546888512+00:00,R0308_200647,DUMP,S3,sol,sol-updown-5m-1773043800,28,83.26,,,,,,,,,,,,,12,,35,64,,,,,DN,0.33,0.35,REAL,3.4304,83.23,83.25,0.0268,,,,,,,,,,,,,MAKER_FILL
2026-03-09T08:14:33.444625782+00:00,R0308_205043,DUMP,S3,btc,btc-updown-5m-1773043800,27,67554.59,,,,,,,,,,,,,386.1,,4,95,,,,,UP,0.039,0.04,REAL,0.3971,67598.84,67536.33,-0.0925,,,,,,,,,,,,,TAKER_FORCE
2026-03-09T08:14:33.583729743+00:00,R0308_200647,DUMP,S3,btc,btc-updown-5m-1773043800,27,67554.59,,,,,,,,,,,,,122.4,,4,95,,,,,UP,0.039,0.04,REAL,0.3892,67598.84,67536.33,-0.0925,,,,,,,,,,,,,TAKER_FORCE
2026-03-09T08:15:00.753050881+00:00,R0308_205043,SETTLE,S3,sol,sol-updown-5m-1773043800,0,83.26,,,0.01,,,,,,,,0.01,,,,,,,,,,,0.34,,,83.23,83.26,0.0404,UP,CL,0.99,0,0.3087,0.1458,2.496,309.852,409.852,307,165,,,
2026-03-09T08:15:00.753169760+00:00,R0308_205043,SETTLE,S3,eth,eth-updown-5m-1773043800,0,1986.21,,,0.01,,,,,,,,0.01,,,,,,,,,,,0.38,,,1985.87,1986.23,0.0182,UP,CL,0.99,0,0.3087,0.1531,2.9045,310.2606,410.2606,307,165,,,
2026-03-09T08:15:00.753250201+00:00,R0308_205043,SETTLE,S3,xrp,xrp-updown-5m-1773043800,0,1.34,,,0.01,,,,,,,,0.01,,,,,,,,,,,0.1,,,1.34,1.34,-0.0322,DOWN,CL,0,0.99,0.3087,0.0585,0.0885,307.4446,407.4446,307,165,,,
2026-03-09T08:15:00.753361850+00:00,R0308_205043,SETTLE,S3,btc,btc-updown-5m-1773043800,0,67570.01,,,0.01,,,,,,,,0.01,,,,,,,,,,,0.039,,,67598.84,67553.52,-0.067,DOWN,CL,0,0.99,0.3088,0.0239,-0.3385,307.0175,407.0175,306,166,,,
2026-03-09T08:15:01.008957851+00:00,R0308_200647,SETTLE,S3,btc,btc-updown-5m-1773043800,0,67570,,,0.01,,,,,,,,0.01,,,,,,,,,,,0.039,,,67598.84,67553.52,-0.067,DOWN,CL,0,0.99,0.3087,0.0234,-0.1582,327.7006,427.7006,335,167,,,
2026-03-09T08:15:01.009044202+00:00,R0308_200647,SETTLE,S3,xrp,xrp-updown-5m-1773043800,0,1.34,,,0.01,,,,,,,,0.01,,,,,,,,,,,0.1,,,1.34,1.34,-0.0322,DOWN,CL,0,0.99,0.3087,0.0585,0.0885,327.9473,427.9473,336,166,,,
2026-03-09T08:15:01.009082369+00:00,R0308_200647,SETTLE,S3,sol,sol-updown-5m-1773043800,0,83.27,,,0.01,,,,,,,,0.01,,,,,,,,,,,0.33,,,83.23,83.26,0.0404,UP,CL,0.99,0,0.3087,0.1436,2.3942,330.2529,430.2529,336,166,,,
2026-03-09T08:15:01.009119855+00:00,R0308_200647,SETTLE,S3,eth,eth-updown-5m-1773043800,0,1986.21,,,0.01,,,,,,,,0.01,,,,,,,,,,,0.36,,,1985.87,1986.23,0.0182,UP,CL,0.99,0,0.3087,0.1497,2.7,330.5587,430.5587,336,166,,,
2026-03-09T08:15:10.254293717+00:00,R0308_205043,ENTRY,S3,xrp,xrp-updown-5m-1773044100,290,1.34,0.5,0.49,0.01,50,70.1,49,50,0,0.51,0.5,0.01,70.1,50,50,49,0,0.501,0.511,5,5,,,,,,,,,,,,,,,,,,,,,
2026-03-09T08:15:10.477239178+00:00,R0308_200647,ENTRY,S3,xrp,xrp-updown-5m-1773044100,290,1.34,0.5,0.49,0.01,58,39.8,49,50,0,0.51,0.5,0.01,39.8,58,50,49,0,0.501,0.511,5,5,,,,,,,,,,,,,,,,,,,,,
2026-03-09T08:15:11.512702143+00:00,R0308_200647,ENTRY,S3,eth,eth-updown-5m-1773044100,289,1986.17,0.48,0.47,0.01,86.3,36.3,47,52,0,0.53,0.52,0.01,36.3,86.3,52,47,0,0.481,0.531,5,5,,,,,,,,,,,,,,,,,,,,,
2026-03-09T08:15:12.323574486+00:00,R0308_205043,ENTRY,S3,btc,btc-updown-5m-1773044100,288,67562.39,0.48,0.47,0.01,191.1,174.5,47,52,0,0.53,0.52,0.01,174.5,191.1,52,47,0,0.481,0.531,5,5,,,,,,,,,,,,,,,,,,,,,
2026-03-09T08:15:12.323702339+00:00,R0308_205043,ENTRY,S3,eth,eth-updown-5m-1773044100,288,1986.17,0.48,0.47,0.01,33,54.9,47,52,0,0.53,0.52,0.01,54.9,33,52,47,0,0.481,0.531,5,5,,,,,,,,,,,,,,,,,,,,,
2026-03-09T08:15:12.546522127+00:00,R0308_200647,ENTRY,S3,btc,btc-updown-5m-1773044100,288,67562.39,0.48,0.47,0.01,191.2,125.8,47,52,0,0.53,0.52,0.01,125.8,191.2,52,47,0,0.481,0.531,5,5,,,,,,,,,,,,,,,,,,,,,
2026-03-09T08:17:57.847634951+00:00,R0308_200647,ENTRY,S3,sol,sol-updown-5m-1773044100,123,83.26,0.48,0.47,0.01,5,116.8,47,52,0,0.53,0.52,0.01,116.8,5,52,47,0,0.481,0.531,5,5,,,,,,,,,,,,,,,,,,,,,
2026-03-09T08:18:01.537193631+00:00,R0308_205043,ENTRY,S3,sol,sol-updown-5m-1773044100,119,83.27,0.48,0.47,0.01,30.7,75,47,52,0,0.53,0.52,0.01,75,30.7,52,47,0,0.481,0.531,5,5,,,,,,,,,,,,,,,,,,,,,
2026-03-09T08:19:31.176224839+00:00,R0308_200647,DUMP,S3,xrp,xrp-updown-5m-1773044100,29,1.34,,,,,,,,,,,,,8,,31,67,,,,,DN,0.29,0.31,REAL,2.8376,1.34,1.34,0.0311,,,,,,,,,,,,,MAKER_FILL
2026-03-09T08:19:31.944058134+00:00,R0308_205043,DUMP,S3,eth,eth-updown-5m-1773044100,29,1985.54,,,,,,,,,,,,,12,,30,69,,,,,UP,0.29,0.3,REAL,3.0146,1986.28,1985.29,-0.0494,,,,,,,,,,,,,MAKER_FILL
2026-03-09T08:19:32.977821737+00:00,R0308_205043,DUMP,S3,sol,sol-updown-5m-1773044100,28,83.27,,,,,,,,,,,,,49,,51,48,,,,,DN,0.5,0.51,REAL,4.7081,83.26,83.27,0.0024,,,,,,,,,,,,,MAKER_FILL
2026-03-09T08:19:33.439650506+00:00,R0308_200647,DUMP,S3,eth,eth-updown-5m-1773044100,27,1985.34,,,,,,,,,,,,,73,,27,72,,,,,UP,0.269,0.27,REAL,2.7963,1986.28,1985.27,-0.0507,,,,,,,,,,,,,TAKER_FORCE
2026-03-09T08:19:33.439734872+00:00,R0308_200647,DUMP,S3,btc,btc-updown-5m-1773044100,27,67485.31,,,,,,,,,,,,,2684.6,,2,97,,,,,UP,0.019,0.02,REAL,0.1975,67553.85,67482.45,-0.1057,,,,,,,,,,,,,TAKER_FORCE
2026-03-09T08:19:33.439800492+00:00,R0308_200647,DUMP,S3,sol,sol-updown-5m-1773044100,27,83.25,,,,,,,,,,,,,73,,61,33,,,,,DN,0.5,0.64,REAL,4.7081,83.26,83.26,0.0008,,,,,,,,,,,,,MAKER_FILL
2026-03-09T08:19:34.021649852+00:00,R0308_205043,DUMP,S3,xrp,xrp-updown-5m-1773044100,26,1.34,,,,,,,,,,,,,4.3,,38,60,,,,,DN,0.32,0.39,REAL,3.1311,1.34,1.34,0.0249,,,,,,,,,,,,,MAKER_FILL
2026-03-09T08:19:34.021739386+00:00,R0308_205043,DUMP,S3,btc,btc-updown-5m-1773044100,26,67485.31,,,,,,,,,,,,,12469.2,,1,97,,,,,UP,0.01,0.01,REAL,0.104,67553.85,67482.45,-0.1057,,,,,,,,,,,,,TAKER_FORCE
2026-03-09T08:20:00.334624448+00:00,R0308_205043,SETTLE,S3,xrp,xrp-updown-5m-1773044100,0,1.34,,,0.01,,,,,,,,0.01,,,,,,,,,,,0.32,,,1.34,1.34,-0.0283,DOWN,CL,0,0.99,0.3087,0.1357,2.5339,315.0403,415.0403,310,166,,,
2026-03-09T08:20:00.334772622+00:00,R0308_205043,SETTLE,S3,btc,btc-updown-5m-1773044100,0,67462.4,,,0.01,,,,,,,,0.01,,,,,,,,,,,0.01,,,67553.85,67446.97,-0.1582,DOWN,CL,0,0.99,0.3087,0.0064,-0.795,311.7114,411.7114,309,167,,,
2026-03-09T08:20:00.334817299+00:00,R0308_205043,SETTLE,S3,eth,eth-updown-5m-1773044100,0,1984.15,,,0.01,,,,,,,,0.01,,,,,,,,,,,0.29,,,1986.28,1983.69,-0.1301,DOWN,CL,0,0.99,0.3087,0.1338,1.9882,314.4947,414.4947,310,166,,,
2026-03-09T08:20:00.334857340+00:00,R0308_205043,SETTLE,S3,sol,sol-updown-5m-1773044100,0,83.21,,,0.01,,,,,,,,0.01,,,,,,,,,,,0.5,,,83.26,83.19,-0.0839,DOWN,CL,0,0.99,0.3087,0.1624,4.1425,316.649,416.649,310,166,,,
2026-03-09T08:20:00.625258465+00:00,R0308_200647,SETTLE,S3,xrp,xrp-updown-5m-1773044100,0,1.34,,,0.01,,,,,,,,0.01,,,,,,,,,,,0.29,,,1.34,1.34,-0.0283,DOWN,CL,0,0.99,0.3087,0.1284,2.2418,335.125,435.125,339,167,,,
2026-03-09T08:20:00.625354390+00:00,R0308_200647,SETTLE,S3,eth,eth-updown-5m-1773044100,0,1984.21,,,0.01,,,,,,,,0.01,,,,,,,,,,,0.269,,,1986.28,1983.69,-0.1301,DOWN,CL,0,0.99,0.3087,0.1278,1.7759,334.6592,434.6592,339,167,,,
2026-03-09T08:20:00.625518537+00:00,R0308_200647,SETTLE,S3,btc,btc-updown-5m-1773044100,0,67465.71,,,0.01,,,,,,,,0.01,,,,,,,,,,,0.019,,,67553.85,67446.97,-0.1582,DOWN,CL,0,0.99,0.3087,0.0121,-0.7072,332.176,432.176,338,168,,,
2026-03-09T08:20:00.625565498+00:00,R0308_200647,SETTLE,S3,sol,sol-updown-5m-1773044100,0,83.21,,,0.01,,,,,,,,0.01,,,,,,,,,,,0.5,,,83.26,83.19,-0.0839,DOWN,CL,0,0.99,0.3087,0.1624,4.1425,337.0257,437.0257,339,167,,,
2026-03-09T08:20:10.137667486+00:00,R0308_200647,ENTRY,S3,btc,btc-updown-5m-1773044400,290,67454.6,0.48,0.47,0.01,124.1,344.6,47,52,0,0.53,0.52,0.01,344.6,124.1,52,47,0,0.481,0.531,5,5,,,,,,,,,,,,,,,,,,,,,
2026-03-09T08:20:10.137807697+00:00,R0308_200647,ENTRY,S3,eth,eth-updown-5m-1773044400,290,1984,0.49,0.48,0.01,172.3,306.5,48,51,0,0.52,0.51,0.01,306.5,172.3,51,48,0,0.491,0.521,5,5,,,,,,,,,,,,,,,,,,,,,
2026-03-09T08:20:10.137871084+00:00,R0308_200647,ENTRY,S3,sol,sol-updown-5m-1773044400,290,83.21,0.49,0.48,0.01,41,161.6,48,51,0,0.52,0.51,0.01,161.6,41,51,48,0,0.491,0.521,5,5,,,,,,,,,,,,,,,,,,,,,
2026-03-09T08:20:10.883209151+00:00,R0308_205043,ENTRY,S3,btc,btc-updown-5m-1773044400,290,67454.59,0.48,0.47,0.01,137.6,522,47,52,0,0.53,0.52,0.01,522,137.6,52,47,0,0.481,0.531,5,5,,,,,,,,,,,,,,,,,,,,,
2026-03-09T08:20:10.883334349+00:00,R0308_205043,ENTRY,S3,sol,sol-updown-5m-1773044400,290,83.21,0.49,0.48,0.01,151,60.7,48,51,0,0.52,0.51,0.01,60.7,151,51,48,0,0.491,0.521,5,5,,,,,,,,,,,,,,,,,,,,,
2026-03-09T08:20:11.922809469+00:00,R0308_205043,ENTRY,S3,eth,eth-updown-5m-1773044400,289,1983.92,0.49,0.48,0.01,3.1,254,48,51,0,0.52,0.51,0.01,239,3.1,51,48,0,0.491,0.521,5,5,,,,,,,,,,,,,,,,,,,,,
2026-03-09T08:20:41.389174632+00:00,R0308_205043,ENTRY,S3,xrp,xrp-updown-5m-1773044400,259,1.34,0.48,0.47,0.01,32,9.6,47,52,0,0.53,0.52,0.01,9.6,32,52,47,0,0.481,0.531,5,5,,,,,,,,,,,,,,,,,,,,,
2026-03-09T08:20:41.707600463+00:00,R0308_200647,ENTRY,S3,xrp,xrp-updown-5m-1773044400,259,1.34,0.48,0.47,0.01,2.6,68.6,47,52,0,0.53,0.52,0.01,68.6,2.6,52,47,0,0.481,0.531,5,5,,,,,,,,,,,,,,,,,,,,,
2026-03-09T08:24:33.590915233+00:00,R0308_205043,DUMP,S3,sol,sol-updown-5m-1773044400,27,83.64,,,,,,,,,,,,,453.9,,1,114,,,,,DN,0.01,0.001,REAL,0.096,83.19,83.64,0.5428,,,,,,,,,,,,,TAKER_FORCE
2026-03-09T08:24:33.591042975+00:00,R0308_205043,DUMP,S3,btc,btc-updown-5m-1773044400,27,67728.44,,,,,,,,,,,,,0,,0,99,,,,,DN,0.049,0.05,EST,0.4614,67442.14,67722.01,0.415,,,,,,,,,,,,,TAKER_FORCE|EST_BID
2026-03-09T08:24:33.591076276+00:00,R0308_205043,DUMP,S3,eth,eth-updown-5m-1773044400,27,1992.22,,,,,,,,,,,,,0,,0,112,,,,,DN,0.049,0.05,EST,0.4702,1983.57,1991.96,0.423,,,,,,,,,,,,,TAKER_FORCE|EST_BID
2026-03-09T08:24:33.591108704+00:00,R0308_205043,DUMP,S3,xrp,xrp-updown-5m-1773044400,27,1.35,,,,,,,,,,,,,0,,0,99,,,,,DN,0.099,0.1,EST,0.9322,1.34,1.35,0.2318,,,,,,,,,,,,,TAKER_FORCE|EST_BID
2026-03-09T08:24:33.821204089+00:00,R0308_200647,DUMP,S3,btc,btc-updown-5m-1773044400,27,67728.43,,,,,,,,,,,,,0,,0,99,,,,,DN,0.049,0.05,EST,0.4614,67442.14,67722.01,0.415,,,,,,,,,,,,,TAKER_FORCE|EST_BID
2026-03-09T08:24:33.821281085+00:00,R0308_200647,DUMP,S3,eth,eth-updown-5m-1773044400,27,1992.22,,,,,,,,,,,,,0,,0,111,,,,,DN,0.049,0.05,EST,0.4702,1983.57,1991.96,0.423,,,,,,,,,,,,,TAKER_FORCE|EST_BID
2026-03-09T08:24:33.821301977+00:00,R0308_200647,DUMP,S3,sol,sol-updown-5m-1773044400,27,83.64,,,,,,,,,,,,,453.9,,1,115,,,,,DN,0.01,0.001,REAL,0.096,83.19,83.64,0.5428,,,,,,,,,,,,,TAKER_FORCE
2026-03-09T08:24:33.821322708+00:00,R0308_200647,DUMP,S3,xrp,xrp-updown-5m-1773044400,27,1.35,,,,,,,,,,,,,0,,0,99,,,,,DN,0.099,0.1,EST,0.9322,1.34,1.35,0.2318,,,,,,,,,,,,,TAKER_FORCE|EST_BID
2026-03-09T08:25:00.264480462+00:00,R0308_200647,SETTLE,S3,btc,btc-updown-5m-1773044400,0,67715.46,,,0.01,,,,,,,,0.01,,,,,,,,,,,0.049,,,67442.14,67702.43,0.386,UP,CL,0.99,0,0.3087,0.0274,0.5202,340.8565,440.8565,342,168,,,
2026-03-09T08:25:00.264570808+00:00,R0308_200647,SETTLE,S3,eth,eth-updown-5m-1773044400,0,1991.52,,,0.01,,,,,,,,0.01,,,,,,,,,,,0.049,,,1983.57,1991.27,0.3883,UP,CL,0.999,0,0.3088,0.028,0.3168,340.6531,440.6531,342,168,,,
2026-03-09T08:25:00.264611180+00:00,R0308_200647,SETTLE,S3,sol,sol-updown-5m-1773044400,0,83.64,,,0.01,,,,,,,,0.01,,,,,,,,,,,0.01,,,83.19,83.62,0.5227,UP,CL,0.999,0,0.3088,0.0059,-0.0354,340.3009,440.3009,341,169,,,
2026-03-09T08:25:00.264651541+00:00,R0308_200647,SETTLE,S3,xrp,xrp-updown-5m-1773044400,0,1.35,,,0.01,,,,,,,,0.01,,,,,,,,,,,0.099,,,1.34,1.35,0.2101,UP,CL,0.99,0,0.3087,0.0525,0.966,341.3023,441.3023,342,168,,,
2026-03-09T08:25:00.832879408+00:00,R0308_205043,SETTLE,S3,sol,sol-updown-5m-1773044400,0,83.64,,,0.01,,,,,,,,0.01,,,,,,,,,,,0.01,,,83.19,83.62,0.5227,UP,CL,0.999,0,0.3088,0.0059,-0.0354,320.3406,420.3406,312,168,,,
2026-03-09T08:25:00.832997356+00:00,R0308_205043,SETTLE,S3,btc,btc-updown-5m-1773044400,0,67715.47,,,0.01,,,,,,,,0.01,,,,,,,,,,,0.049,,,67442.14,67702.43,0.386,UP,CL,0.99,0,0.3087,0.0274,0.5202,320.8963,420.8963,313,167,,,
2026-03-09T08:25:00.833038848+00:00,R0308_205043,SETTLE,S3,eth,eth-updown-5m-1773044400,0,1991.52,,,0.01,,,,,,,,0.01,,,,,,,,,,,0.049,,,1983.57,1991.27,0.3883,UP,CL,0.999,0,0.3088,0.028,0.3168,320.6929,420.6929,313,167,,,
2026-03-09T08:25:00.833077396+00:00,R0308_205043,SETTLE,S3,xrp,xrp-updown-5m-1773044400,0,1.35,,,0.01,,,,,,,,0.01,,,,,,,,,,,0.099,,,1.34,1.35,0.2101,UP,CL,0.99,0,0.3087,0.0525,0.966,321.342,421.342,313,167,,,
2026-03-09T08:25:10.295200547+00:00,R0308_205043,ENTRY,S3,btc,btc-updown-5m-1773044700,290,67735.48,0.52,0.51,0.01,206.8,462.9,51,48,0,0.49,0.48,0.01,462.9,206.8,48,51,0,0.521,0.491,5,5,,,,,,,,,,,,,,,,,,,,,
2026-03-09T08:25:10.295318635+00:00,R0308_205043,ENTRY,S3,eth,eth-updown-5m-1773044700,290,1991.78,0.52,0.51,0.01,276.4,75,51,48,0,0.49,0.48,0.01,75,276.4,48,51,0,0.521,0.491,5,5,,,,,,,,,,,,,,,,,,,,,
2026-03-09T08:25:10.834576619+00:00,R0308_200647,ENTRY,S3,btc,btc-updown-5m-1773044700,290,67735.48,0.52,0.51,0.01,632.9,216.9,51,48,0,0.49,0.48,0.01,216.9,632.9,48,51,0,0.521,0.491,5,5,,,,,,,,,,,,,,,,,,,,,
2026-03-09T08:25:10.834688518+00:00,R0308_200647,ENTRY,S3,eth,eth-updown-5m-1773044700,290,1991.84,0.52,0.51,0.01,414.1,65.4,51,48,0,0.49,0.48,0.01,65.4,414.1,48,51,0,0.521,0.491,5,5,,,,,,,,,,,,,,,,,,,,,
2026-03-09T08:25:18.080716856+00:00,R0308_200647,ENTRY,S3,xrp,xrp-updown-5m-1773044700,282,1.35,0.52,0.49,0.03,56,31,49,48,0,0.51,0.48,0.03,31,56,48,49,0,0.521,0.511,5,5,,,,,,,,,,,,,,,,,,,WIDE_SPREAD_UP|WIDE_SPREAD_DN,,
2026-03-09T08:25:18.770536604+00:00,R0308_205043,ENTRY,S3,xrp,xrp-updown-5m-1773044700,282,1.35,0.52,0.51,0.01,77,18,51,48,0,0.49,0.48,0.01,18,77,48,51,0,0.521,0.491,5,5,,,,,,,,,,,,,,,,,,,,,
2026-03-09T08:27:54.445558238+00:00,R0308_205043,ENTRY,S3,sol,sol-updown-5m-1773044700,126,83.63,0.5,0.49,0.01,98,17,49,50,0,0.51,0.5,0.01,17,98,50,49,0,0.501,0.511,5,5,,,,,,,,,,,,,,,,,,,,,
2026-03-09T08:27:54.706247734+00:00,R0308_200647,ENTRY,S3,sol,sol-updown-5m-1773044700,126,83.63,0.5,0.49,0.01,56,24,49,50,0,0.51,0.5,0.01,24,56,50,49,0,0.501,0.511,5,5,,,,,,,,,,,,,,,,,,,,,
2026-03-09T08:29:33.174834918+00:00,R0308_205043,DUMP,S3,btc,btc-updown-5m-1773044700,27,67831.67,,,,,,,,,,,,,0,,0,99,,,,,DN,0.099,0.1,EST,1.0081,67703.17,67814.54,0.1645,,,,,,,,,,,,,TAKER_FORCE|EST_BID
2026-03-09T08:29:33.174984284+00:00,R0308_205043,DUMP,S3,sol,sol-updown-5m-1773044700,27,83.8,,,,,,,,,,,,,0,,0,99,,,,,DN,0.099,0.1,EST,0.9687,83.62,83.8,0.215,,,,,,,,,,,,,TAKER_FORCE|EST_BID
2026-03-09T08:29:33.175057914+00:00,R0308_205043,DUMP,S3,xrp,xrp-updown-5m-1773044700,27,1.35,,,,,,,,,,,,,519,,2,97,,,,,DN,0.019,0.02,REAL,0.1935,1.35,1.35,0.074,,,,,,,,,,,,,TAKER_FORCE
2026-03-09T08:29:33.175133169+00:00,R0308_205043,DUMP,S3,eth,eth-updown-5m-1773044700,27,1997.3,,,,,,,,,,,,,0,,0,112,,,,,DN,0.099,0.1,EST,1.0081,1991.31,1997.05,0.288,,,,,,,,,,,,,TAKER_FORCE|EST_BID
2026-03-09T08:29:33.701699590+00:00,R0308_200647,DUMP,S3,btc,btc-updown-5m-1773044700,27,67831.66,,,,,,,,,,,,,0,,0,99,,,,,DN,0.099,0.1,EST,1.0081,67704.76,67814.17,0.1616,,,,,,,,,,,,,TAKER_FORCE|EST_BID
2026-03-09T08:29:33.701819531+00:00,R0308_200647,DUMP,S3,sol,sol-updown-5m-1773044700,27,83.81,,,,,,,,,,,,,0,,0,99,,,,,DN,0.099,0.1,EST,0.9687,83.62,83.8,0.2134,,,,,,,,,,,,,TAKER_FORCE|EST_BID
2026-03-09T08:29:33.701861766+00:00,R0308_200647,DUMP,S3,eth,eth-updown-5m-1773044700,27,1997.16,,,,,,,,,,,,,0,,0,113,,,,,DN,0.099,0.1,EST,1.0081,1991.35,1997,0.2837,,,,,,,,,,,,,TAKER_FORCE|EST_BID
2026-03-09T08:29:33.701902787+00:00,R0308_200647,DUMP,S3,xrp,xrp-updown-5m-1773044700,27,1.35,,,,,,,,,,,,,242.9,,2,97,,,,,DN,0.019,0.02,REAL,0.1859,1.35,1.35,0.0748,,,,,,,,,,,,,TAKER_FORCE
2026-03-09T08:30:00.532844777+00:00,R0308_205043,SETTLE,S3,btc,btc-updown-5m-1773044700,0,67811.07,,,0.01,,,,,,,,0.01,,,,,,,,,,,0.099,,,67703.17,67798.04,0.1401,UP,CL,0.99,0,0.3088,0.0568,0.2396,322.3832,422.3832,316,168,,,
2026-03-09T08:30:00.533041755+00:00,R0308_205043,SETTLE,S3,sol,sol-updown-5m-1773044700,0,83.74,,,0.01,,,,,,,,0.01,,,,,,,,,,,0.099,,,83.62,83.74,0.1397,UP,CL,0.99,0,0.3087,0.0545,0.5854,322.7291,422.7291,316,168,,,
2026-03-09T08:30:00.533131890+00:00,R0308_205043,SETTLE,S3,xrp,xrp-updown-5m-1773044700,0,1.35,,,0.01,,,,,,,,0.01,,,,,,,,,,,0.019,,,1.35,1.35,0.0112,UP,CL,0.99,0,0.3088,0.0119,-0.5302,321.6135,421.6135,315,169,,,
2026-03-09T08:30:00.533214325+00:00,R0308_205043,SETTLE,S3,eth,eth-updown-5m-1773044700,0,1995.92,,,0.01,,,,,,,,0.01,,,,,,,,,,,0.099,,,1991.31,1995.57,0.2138,UP,CL,0.999,0,0.3088,0.0568,0.2396,322.3832,422.3832,316,168,,,
2026-03-09T08:30:00.949438785+00:00,R0308_200647,SETTLE,S3,btc,btc-updown-5m-1773044700,0,67804.86,,,0.01,,,,,,,,0.01,,,,,,,,,,,0.099,,,67704.76,67798.04,0.1378,UP,CL,0.99,0,0.3088,0.0568,0.2396,342.3435,442.3435,345,169,,,
2026-03-09T08:30:00.949558245+00:00,R0308_200647,SETTLE,S3,sol,sol-updown-5m-1773044700,0,83.74,,,0.01,,,,,,,,0.01,,,,,,,,,,,0.099,,,83.62,83.74,0.1373,UP,CL,0.99,0,0.3087,0.0545,0.5854,342.6893,442.6893,345,169,,,
2026-03-09T08:30:00.949653608+00:00,R0308_200647,SETTLE,S3,eth,eth-updown-5m-1773044700,0,1995.92,,,0.01,,,,,,,,0.01,,,,,,,,,,,0.099,,,1991.35,1995.57,0.2118,UP,CL,0.999,0,0.3088,0.0568,0.2396,342.3435,442.3435,345,169,,,
2026-03-09T08:30:00.949688510+00:00,R0308_200647,SETTLE,S3,xrp,xrp-updown-5m-1773044700,0,1.35,,,0.03,,,,,,,,0.03,,,,,,,,,,,0.019,,,1.35,1.35,0.0111,UP,CL,0.99,0,0.3025,0.0114,-0.5311,341.5729,441.5729,344,170,,,
2026-03-09T08:30:10.020090362+00:00,R0308_205043,ENTRY,S3,eth,eth-updown-5m-1773045000,290,1995.78,0.49,0.48,0.01,242.6,64,48,51,0,0.52,0.51,0.01,64,242.6,51,48,0,0.491,0.521,5,5,,,,,,,,,,,,,,,,,,,,,
2026-03-09T08:30:10.020258285+00:00,R0308_205043,ENTRY,S3,xrp,xrp-updown-5m-1773045000,290,1.35,0.52,0.51,0.01,16,7,51,48,0,0.49,0.48,0.01,7,16,48,51,0,0.521,0.491,5,5,,,,,,,,,,,,,,,,,,,,,
2026-03-09T08:30:10.452674922+00:00,R0308_200647,ENTRY,S3,eth,eth-updown-5m-1773045000,290,1995.78,0.49,0.48,0.01,33,356.7,48,51,0,0.52,0.51,0.01,356.7,33,51,48,0,0.491,0.521,5,5,,,,,,,,,,,,,,,,,,,,,
2026-03-09T08:30:10.452848724+00:00,R0308_200647,ENTRY,S3,xrp,xrp-updown-5m-1773045000,290,1.35,0.52,0.51,0.01,16,14,51,48,0,0.49,0.48,0.01,14,16,48,51,0,0.521,0.491,5,5,,,,,,,,,,,,,,,,,,,,,
2026-03-09T08:30:17.933289047+00:00,R0308_200647,ENTRY,S3,sol,sol-updown-5m-1773045000,283,83.73,0.49,0.48,0.01,31.9,51,46,51,0,0.52,0.51,0.01,51,31.9,51,46,0,0.491,0.521,5,5,,,,,,,,,,,,,,,,,,,,,
2026-03-09T08:30:18.455612460+00:00,R0308_205043,ENTRY,S3,sol,sol-updown-5m-1773045000,282,83.74,0.5,0.49,0.01,32.6,53.8,49,50,0,0.51,0.5,0.01,53.8,32.6,50,49,0,0.501,0.511,5,5,,,,,,,,,,,,,,,,,,,,,
2026-03-09T08:31:02.098268051+00:00,R0308_200647,ENTRY,S3,btc,btc-updown-5m-1773045000,238,67814.48,0.49,0.48,0.01,42.2,211.3,42,51,0,0.52,0.51,0.01,211.3,42.2,51,42,0,0.491,0.521,5,5,,,,,,,,,,,,,,,,,,,,,
2026-03-09T08:31:28.669385062+00:00,R0308_205043,ENTRY,S3,btc,btc-updown-5m-1773045000,212,67783.66,0.48,0.47,0.01,46.3,184.2,47,52,0,0.53,0.52,0.01,184.2,46.3,52,47,0,0.481,0.531,5,5,,,,,,,,,,,,,,,,,,,,,
2026-03-09T08:34:31.174454703+00:00,R0308_200647,DUMP,S3,btc,btc-updown-5m-1773045000,29,67827.9,,,,,,,,,,,,,22.6,,15,83,,,,,DN,0.14,0.16,REAL,1.3436,67796.14,67807.75,0.0171,,,,,,,,,,,,,MAKER_FILL
2026-03-09T08:34:31.584079821+00:00,R0308_205043,DUMP,S3,btc,btc-updown-5m-1773045000,29,67827.89,,,,,,,,,,,,,5,,14,82,,,,,DN,0.14,0.15,REAL,1.3183,67796.14,67811.08,0.022,,,,,,,,,,,,,MAKER_FILL
2026-03-09T08:34:33.238170228+00:00,R0308_200647,DUMP,S3,sol,sol-updown-5m-1773045000,27,83.84,,,,,,,,,,,,,206.7,,3,96,,,,,DN,0.029,0.03,REAL,0.2783,83.74,83.82,0.0948,,,,,,,,,,,,,TAKER_FORCE
2026-03-09T08:34:33.238279773+00:00,R0308_200647,DUMP,S3,eth,eth-updown-5m-1773045000,27,1999.05,,,,,,,,,,,,,240.2,,2,97,,,,,DN,0.019,0.02,REAL,0.1823,1995.83,1998.69,0.1433,,,,,,,,,,,,,TAKER_FORCE
2026-03-09T08:34:33.238342168+00:00,R0308_200647,DUMP,S3,xrp,xrp-updown-5m-1773045000,27,1.35,,,,,,,,,,,,,64,,3,96,,,,,DN,0.029,0.03,REAL,0.2953,1.35,1.35,0.089,,,,,,,,,,,,,TAKER_FORCE
2026-03-09T08:34:33.647814528+00:00,R0308_205043,DUMP,S3,eth,eth-updown-5m-1773045000,27,1999.11,,,,,,,,,,,,,240.2,,2,97,,,,,DN,0.019,0.02,REAL,0.1823,1995.83,1998.69,0.1433,,,,,,,,,,,,,TAKER_FORCE
2026-03-09T08:34:33.647911254+00:00,R0308_205043,DUMP,S3,xrp,xrp-updown-5m-1773045000,27,1.35,,,,,,,,,,,,,44.8,,3,96,,,,,DN,0.029,0.03,REAL,0.2953,1.35,1.35,0.089,,,,,,,,,,,,,TAKER_FORCE
2026-03-09T08:34:33.647956663+00:00,R0308_205043,DUMP,S3,sol,sol-updown-5m-1773045000,27,83.84,,,,,,,,,,,,,187.4,,3,96,,,,,DN,0.029,0.03,REAL,0.2838,83.74,83.82,0.0948,,,,,,,,,,,,,TAKER_FORCE
2026-03-09T08:35:00.639786138+00:00,R0308_200647,SETTLE,S3,sol,sol-updown-5m-1773045000,0,83.85,,,0.01,,,,,,,,0.01,,,,,,,,,,,0.029,,,83.74,83.83,0.1075,UP,CL,0.99,0,0.3088,0.0169,0.136,342.7734,442.7734,348,170,,,
2026-03-09T08:35:00.639925458+00:00,R0308_200647,SETTLE,S3,btc,btc-updown-5m-1773045000,0,67849.99,,,0.01,,,,,,,,0.01,,,,,,,,,,,0.14,,,67796.14,67834.05,0.0559,UP,CL,0.99,0,0.3088,0.0722,1.1459,343.7833,443.7833,348,170,,,
2026-03-09T08:35:00.639982213+00:00,R0308_200647,SETTLE,S3,eth,eth-updown-5m-1773045000,0,1999.22,,,0.01,,,,,,,,0.01,,,,,,,,,,,0.019,,,1995.83,1998.94,0.1555,UP,CL,0.99,0,0.3088,0.0112,0.0457,342.6831,442.6831,348,170,,,
2026-03-09T08:35:00.640021843+00:00,R0308_200647,SETTLE,S3,xrp,xrp-updown-5m-1773045000,0,1.35,,,0.01,,,,,,,,0.01,,,,,,,,,,,0.029,,,1.35,1.35,0.0999,UP,CL,0.99,0,0.3088,0.0179,-0.4344,342.203,442.203,347,171,,,
2026-03-09T08:35:00.843472385+00:00,R0308_205043,SETTLE,S3,eth,eth-updown-5m-1773045000,0,1999.22,,,0.01,,,,,,,,0.01,,,,,,,,,,,0.019,,,1995.83,1998.87,0.1523,UP,CL,0.99,0,0.3088,0.0112,0.0457,322.7237,422.7237,319,169,,,
2026-03-09T08:35:00.843554568+00:00,R0308_205043,SETTLE,S3,xrp,xrp-updown-5m-1773045000,0,1.35,,,0.01,,,,,,,,0.01,,,,,,,,,,,0.029,,,1.35,1.35,0.0999,UP,CL,0.99,0,0.3088,0.0179,-0.4344,322.2436,422.2436,318,170,,,
2026-03-09T08:35:00.843583022+00:00,R0308_205043,SETTLE,S3,btc,btc-updown-5m-1773045000,0,67849.99,,,0.01,,,,,,,,0.01,,,,,,,,,,,0.14,,,67796.14,67834.08,0.056,UP,CL,0.99,0,0.3087,0.0709,1.3337,324.0117,424.0117,319,169,,,
2026-03-09T08:35:00.843612346+00:00,R0308_205043,SETTLE,S3,sol,sol-updown-5m-1773045000,0,83.85,,,0.01,,,,,,,,0.01,,,,,,,,,,,0.029,,,83.74,83.83,0.1072,UP,CL,0.99,0,0.3087,0.0172,-0.0622,322.6158,422.6158,318,170,,,
2026-03-09T08:35:10.119068029+00:00,R0308_200647,ENTRY,S3,eth,eth-updown-5m-1773045300,290,1999.21,0.48,0.47,0.01,7,59,47,52,0,0.53,0.52,0.01,59,7,52,47,0,0.481,0.531,5,5,,,,,,,,,,,,,,,,,,,,,
2026-03-09T08:35:10.282136567+00:00,R0308_205043,ENTRY,S3,eth,eth-updown-5m-1773045300,290,1999.21,0.48,0.47,0.01,27,81.5,47,52,0,0.53,0.52,0.01,81.5,27,52,47,0,0.481,0.531,5,5,,,,,,,,,,,,,,,,,,,,,
2026-03-09T08:35:12.193848050+00:00,R0308_200647,ENTRY,S3,btc,btc-updown-5m-1773045300,288,67855.59,0.49,0.48,0.01,41.1,133.8,48,51,0,0.52,0.51,0.01,133.8,41.1,51,48,0,0.491,0.521,5,5,,,,,,,,,,,,,,,,,,,,,
2026-03-09T08:35:12.194003826+00:00,R0308_200647,ENTRY,S3,sol,sol-updown-5m-1773045300,288,83.85,0.49,0.47,0.02,42,115.8,47,51,0,0.53,0.51,0.02,115.8,42,51,47,0,0.491,0.531,5,5,,,,,,,,,,,,,,,,,,,,,
2026-03-09T08:35:12.357981333+00:00,R0308_205043,ENTRY,S3,btc,btc-updown-5m-1773045300,288,67855.59,0.49,0.48,0.01,10,27,48,51,0,0.52,0.51,0.01,27,10,51,48,0,0.491,0.521,5,5,,,,,,,,,,,,,,,,,,,,,
2026-03-09T08:35:12.358146672+00:00,R0308_205043,ENTRY,S3,sol,sol-updown-5m-1773045300,288,83.85,0.49,0.48,0.01,9.4,115.8,47,51,0,0.52,0.51,0.01,115.8,9.4,51,47,0,0.491,0.521,5,5,,,,,,,,,,,,,,,,,,,,,
2026-03-09T08:35:40.711830361+00:00,R0308_205043,ENTRY,S3,xrp,xrp-updown-5m-1773045300,260,1.35,0.51,0.49,0.02,5,7.2,49,49,0,0.51,0.49,0.02,7.2,5,49,49,0,0.511,0.511,5,5,,,,,,,,,,,,,,,,,,,,,
2026-03-09T08:35:46.723340786+00:00,R0308_200647,ENTRY,S3,xrp,xrp-updown-5m-1773045300,254,1.35,0.48,0.47,0.01,24,49,47,52,0,0.53,0.52,0.01,49,24,52,47,0,0.481,0.531,5,5,,,,,,,,,,,,,,,,,,,,,
