[2m2026-03-14T20:32:04.046687Z[0m [32m INFO[0m ================================================================
[2m2026-03-14T20:32:04.046720Z[0m [32m INFO[0m   Oracle Scanner V2 -- Clean Fast Data Capture (No Trading)
[2m2026-03-14T20:32:04.046723Z[0m [32m INFO[0m ================================================================
[2m2026-03-14T20:32:04.046725Z[0m [32m INFO[0m Assets: ["btc", "eth", "sol"]
[2m2026-03-14T20:32:04.046728Z[0m [32m INFO[0m Timeframes: [5, 15, 60, 240]m
[2m2026-03-14T20:32:04.046734Z[0m [32m INFO[0m Feeds: CL (RTDS WS) + BN (aggTrade WS) + Book (REST)
[2m2026-03-14T20:32:04.046736Z[0m [32m INFO[0m Whale tracker: ON (top 50, min $5000)
[2m2026-03-14T20:32:04.046740Z[0m [32m INFO[0m VWAP stake: $5
[2m2026-03-14T20:32:04.046742Z[0m [32m INFO[0m HTTP server: :8080
[2m2026-03-14T20:32:04.046743Z[0m [32m INFO[0m Data dir: data/
[2m2026-03-14T20:32:04.051516Z[0m [32m INFO[0m [HTTP] Listening on :8080
[2m2026-03-14T20:32:04.051597Z[0m [32m INFO[0m Discovering active markets...
[2m2026-03-14T20:32:04.119029Z[0m [32m INFO[0m [DISCOVER] btc-updown-5m-1773520200
[2m2026-03-14T20:32:04.569182Z[0m [32m INFO[0m [DISCOVER] btc-updown-15m-1773520200
[2m2026-03-14T20:32:06.089602Z[0m [32m INFO[0m [DISCOVER] eth-updown-5m-1773520200
[2m2026-03-14T20:32:06.575310Z[0m [32m INFO[0m [DISCOVER] eth-updown-15m-1773520200
[2m2026-03-14T20:32:08.079724Z[0m [32m INFO[0m [DISCOVER] sol-updown-5m-1773520200
[2m2026-03-14T20:32:08.587505Z[0m [32m INFO[0m [DISCOVER] sol-updown-15m-1773520200
[2m2026-03-14T20:32:09.601692Z[0m [32m INFO[0m Discovered 6 active markets
[2m2026-03-14T20:32:09.601785Z[0m [32m INFO[0m [WHALE] Tracker enabled (top 50, min $5000, poll 10000ms)
[2m2026-03-14T20:32:09.601801Z[0m [32m INFO[0m Waiting for CL + BN feeds...
[2m2026-03-14T20:32:09.601804Z[0m [32m INFO[0m [BN] Connecting to wss://stream.binance.com:9443/stream?streams=btcusdt@aggTrade/ethusdt@aggTrade/solusdt@aggTrade
[2m2026-03-14T20:32:09.601913Z[0m [32m INFO[0m [CL] Connecting to wss://ws-live-data.polymarket.com
[2m2026-03-14T20:32:09.602060Z[0m [32m INFO[0m [WHALE] Starting whale tracker (poll=10000ms, min=$5000, top=50)
[2m2026-03-14T20:32:09.757419Z[0m [32m INFO[0m [WHALE] Leaderboard loaded from https://data-api.polymarket.com/v1/leaderboard?category=CRYPTO&orderBy=PNL&limit=50 (50 entries)
[2m2026-03-14T20:32:09.757823Z[0m [32m INFO[0m [WHALE] Tracking 50 wallets (top by PNL)
[2m2026-03-14T20:32:09.766713Z[0m [32m INFO[0m [CL] Feed connected
[2m2026-03-14T20:32:10.553332Z[0m [32m INFO[0m [BN] Feed connected
[2m2026-03-14T20:32:11.105616Z[0m [32m INFO[0m [FEED] CL ready, BN still connecting (will continue without blocking)
[2m2026-03-14T20:32:11.105667Z[0m [32m INFO[0m [CL] BTC = 70746.15
[2m2026-03-14T20:32:11.105672Z[0m [32m INFO[0m [CL] ETH = 2079.19
[2m2026-03-14T20:32:11.105675Z[0m [32m INFO[0m [CL] SOL = 86.92
[2m2026-03-14T20:32:11.105677Z[0m [32m INFO[0m Starting scan loop (500ms tick)...
[2m2026-03-14T20:32:16.119021Z[0m [33m WARN[0m [OPEN] eth-updown-5m-1773520200 skipped: joined 136s late (grace=5s), CL has drifted
[2m2026-03-14T20:32:16.119057Z[0m [33m WARN[0m [OPEN] eth-updown-15m-1773520200 skipped: joined 136s late (grace=15s), CL has drifted
[2m2026-03-14T20:32:16.119061Z[0m [33m WARN[0m [OPEN] btc-updown-5m-1773520200 skipped: joined 136s late (grace=5s), CL has drifted
[2m2026-03-14T20:32:16.119064Z[0m [33m WARN[0m [OPEN] sol-updown-5m-1773520200 skipped: joined 136s late (grace=5s), CL has drifted
[2m2026-03-14T20:32:16.119066Z[0m [33m WARN[0m [OPEN] btc-updown-15m-1773520200 skipped: joined 136s late (grace=15s), CL has drifted
[2m2026-03-14T20:32:16.119068Z[0m [33m WARN[0m [OPEN] sol-updown-15m-1773520200 skipped: joined 136s late (grace=15s), CL has drifted
[2m2026-03-14T20:33:12.278003Z[0m [32m INFO[0m [SCANNER] signals=0 settles=0 cl=94 bn=42 whales=0 markets=0 books=12 | http://0.0.0.0:8080
[2m2026-03-14T20:34:12.443056Z[0m [32m INFO[0m [SCANNER] signals=0 settles=0 cl=172 bn=71 whales=0 markets=0 books=12 | http://0.0.0.0:8080
[2m2026-03-14T20:35:05.500456Z[0m [31mERROR[0m [CL] WebSocket error: IO error: Connection reset by peer (os error 104)
[2m2026-03-14T20:35:05.501540Z[0m [33m WARN[0m [CL] Feed closed cleanly, reconnecting...
[2m2026-03-14T20:35:10.502913Z[0m [32m INFO[0m [CL] Connecting to wss://ws-live-data.polymarket.com
[2m2026-03-14T20:35:14.581138Z[0m [32m INFO[0m [CL] Feed connected
[2m2026-03-14T20:35:32.965098Z[0m [32m INFO[0m [DISCOVER] New market: sol-updown-5m-1773520500
[2m2026-03-14T20:35:33.954040Z[0m [33m WARN[0m [OPEN] sol-updown-5m-1773520500 skipped: joined 10s late (grace=5s), CL has drifted
[2m2026-03-14T20:35:33.954093Z[0m [32m INFO[0m [SCANNER] signals=0 settles=0 cl=243 bn=107 whales=0 markets=0 books=12 | http://0.0.0.0:8080
[2m2026-03-14T20:36:10.560441Z[0m [32m INFO[0m [DISCOVER] New market: btc-updown-5m-1773520500
[2m2026-03-14T20:36:12.061571Z[0m [32m INFO[0m [DISCOVER] New market: eth-updown-5m-1773520500
[2m2026-03-14T20:36:14.067134Z[0m [33m WARN[0m [OPEN] eth-updown-5m-1773520500 skipped: joined 70s late (grace=5s), CL has drifted
[2m2026-03-14T20:36:14.067171Z[0m [33m WARN[0m [OPEN] btc-updown-5m-1773520500 skipped: joined 70s late (grace=5s), CL has drifted
[2m2026-03-14T20:36:14.067176Z[0m [32m INFO[0m [SCANNER] signals=0 settles=0 cl=285 bn=123 whales=0 markets=0 books=14 | http://0.0.0.0:8080
[2m2026-03-14T20:37:10.388237Z[0m [32m INFO[0m [WHALE] Leaderboard loaded from https://data-api.polymarket.com/v1/leaderboard?category=CRYPTO&orderBy=PNL&limit=50 (50 entries)
[2m2026-03-14T20:37:10.388477Z[0m [32m INFO[0m [WHALE] Tracking 50 wallets (top by PNL)
[2m2026-03-14T20:37:10.701960Z[0m [32m INFO[0m [PRUNE] Removed 3 expired markets
[2m2026-03-14T20:37:13.250595Z[0m [32m INFO[0m [SCANNER] signals=0 settles=0 cl=328 bn=156 whales=0 markets=0 books=18 | http://0.0.0.0:8080
[2m2026-03-14T20:38:13.417701Z[0m [32m INFO[0m [SCANNER] signals=0 settles=0 cl=414 bn=184 whales=0 markets=0 books=18 | http://0.0.0.0:8080
[2m2026-03-14T20:39:13.596263Z[0m [32m INFO[0m [SCANNER] signals=0 settles=0 cl=513 bn=224 whales=0 markets=0 books=18 | http://0.0.0.0:8080
[2m2026-03-14T20:40:11.271193Z[0m [32m INFO[0m [DISCOVER] New market: btc-updown-5m-1773520800
[2m2026-03-14T20:40:12.756159Z[0m [32m INFO[0m [DISCOVER] New market: eth-updown-5m-1773520800
[2m2026-03-14T20:40:14.262616Z[0m [32m INFO[0m [DISCOVER] New market: sol-updown-5m-1773520800
[2m2026-03-14T20:40:15.271186Z[0m [33m WARN[0m [OPEN] eth-updown-5m-1773520800 skipped: joined 11s late (grace=5s), CL has drifted
[2m2026-03-14T20:40:15.271223Z[0m [33m WARN[0m [OPEN] sol-updown-5m-1773520800 skipped: joined 11s late (grace=5s), CL has drifted
[2m2026-03-14T20:40:15.271228Z[0m [33m WARN[0m [OPEN] btc-updown-5m-1773520800 skipped: joined 11s late (grace=5s), CL has drifted
[2m2026-03-14T20:40:15.271233Z[0m [32m INFO[0m [SCANNER] signals=0 settles=0 cl=601 bn=260 whales=0 markets=0 books=18 | http://0.0.0.0:8080
[2m2026-03-14T20:41:13.941703Z[0m [32m INFO[0m [SCANNER] signals=0 settles=0 cl=694 bn=295 whales=0 markets=0 books=24 | http://0.0.0.0:8080
[2m2026-03-14T20:42:11.205556Z[0m [32m INFO[0m [WHALE] Leaderboard loaded from https://data-api.polymarket.com/v1/leaderboard?category=CRYPTO&orderBy=PNL&limit=50 (50 entries)
[2m2026-03-14T20:42:11.205925Z[0m [32m INFO[0m [WHALE] Tracking 50 wallets (top by PNL)
[2m2026-03-14T20:42:11.585990Z[0m [32m INFO[0m [PRUNE] Removed 3 expired markets
[2m2026-03-14T20:42:14.132310Z[0m [32m INFO[0m [SCANNER] signals=0 settles=0 cl=807 bn=342 whales=0 markets=0 books=24 | http://0.0.0.0:8080
[2m2026-03-14T20:43:14.296590Z[0m [32m INFO[0m [SCANNER] signals=0 settles=0 cl=909 bn=384 whales=0 markets=0 books=24 | http://0.0.0.0:8080
[2m2026-03-14T20:44:14.464636Z[0m [32m INFO[0m [SCANNER] signals=0 settles=0 cl=1046 bn=440 whales=0 markets=0 books=24 | http://0.0.0.0:8080
[2m2026-03-14T20:45:12.127252Z[0m [32m INFO[0m [DISCOVER] New market: btc-updown-5m-1773521100
[2m2026-03-14T20:45:12.629472Z[0m [32m INFO[0m [DISCOVER] New market: btc-updown-15m-1773521100
[2m2026-03-14T20:45:14.133223Z[0m [32m INFO[0m [DISCOVER] New market: eth-updown-5m-1773521100
[2m2026-03-14T20:45:14.633108Z[0m [32m INFO[0m [DISCOVER] New market: eth-updown-15m-1773521100
[2m2026-03-14T20:45:16.152439Z[0m [32m INFO[0m [DISCOVER] New market: sol-updown-5m-1773521100
[2m2026-03-14T20:45:16.646575Z[0m [32m INFO[0m [DISCOVER] New market: sol-updown-15m-1773521100
[2m2026-03-14T20:45:17.645850Z[0m [32m INFO[0m [OPEN] btc-updown-15m-1773521100 open_price=70836.01
[2m2026-03-14T20:45:17.645883Z[0m [33m WARN[0m [OPEN] sol-updown-5m-1773521100 skipped: joined 12s late (grace=5s), CL has drifted
[2m2026-03-14T20:45:17.645885Z[0m [32m INFO[0m [OPEN] sol-updown-15m-1773521100 open_price=87.07
[2m2026-03-14T20:45:17.645887Z[0m [32m INFO[0m [OPEN] eth-updown-15m-1773521100 open_price=2083.28
[2m2026-03-14T20:45:17.645888Z[0m [33m WARN[0m [OPEN] eth-updown-5m-1773521100 skipped: joined 12s late (grace=5s), CL has drifted
[2m2026-03-14T20:45:17.645890Z[0m [33m WARN[0m [OPEN] btc-updown-5m-1773521100 skipped: joined 12s late (grace=5s), CL has drifted
[2m2026-03-14T20:45:17.645927Z[0m [32m INFO[0m --- SCAN ----------------------------------------------------------
[2m2026-03-14T20:45:17.645928Z[0m [32m INFO[0m   btc-updown-15m-1773521100 | open=70836.01 cl=70836.01 bn=70827.25 d=+0.0000% | s=30.0% fy=0.50 | YES=--/-- NO=--/-- | T-888s
[2m2026-03-14T20:45:17.645930Z[0m [32m INFO[0m   eth-updown-15m-1773521100 | open=2083.28 cl=2083.28 bn=2082.76 d=+0.0000% | s=32.1% fy=0.50 | YES=--/-- NO=--/-- | T-888s
[2m2026-03-14T20:45:17.645931Z[0m [32m INFO[0m   sol-updown-15m-1773521100 | open=87.07 cl=87.07 bn=87.05 d=+0.0000% | s=30.4% fy=0.50 | YES=--/-- NO=--/-- | T-888s
[2m2026-03-14T20:45:17.645932Z[0m [32m INFO[0m ===================================================================
[2m2026-03-14T20:45:17.645934Z[0m [32m INFO[0m [SCANNER] signals=0 settles=0 cl=1198 bn=518 whales=0 markets=3 books=24 | http://0.0.0.0:8080
[2m2026-03-14T20:46:14.832225Z[0m [32m INFO[0m --- SCAN ----------------------------------------------------------
[2m2026-03-14T20:46:14.832243Z[0m [32m INFO[0m   btc-updown-15m-1773521100 | open=70836.01 cl=70825.09 bn=70809.74 d=-0.0154% | s=30.0% fy=0.46 | YES=0.31/0.32 NO=0.68/0.69 | T-828s
[2m2026-03-14T20:46:14.832245Z[0m [32m INFO[0m   eth-updown-15m-1773521100 | open=2083.28 cl=2083.35 bn=2082.87 d=+0.0032% | s=32.9% fy=0.51 | YES=0.30/0.31 NO=0.69/0.70 | T-828s
[2m2026-03-14T20:46:14.832247Z[0m [32m INFO[0m   sol-updown-15m-1773521100 | open=87.07 cl=87.07 bn=87.04 d=+0.0007% | s=31.1% fy=0.50 | YES=0.41/0.42 NO=0.58/0.59 | T-828s
[2m2026-03-14T20:46:14.832249Z[0m [32m INFO[0m ===================================================================
[2m2026-03-14T20:46:14.832252Z[0m [32m INFO[0m [SCANNER] signals=318 settles=0 cl=1320 bn=570 whales=0 markets=3 books=36 | http://0.0.0.0:8080
[2m2026-03-14T20:47:12.511699Z[0m [32m INFO[0m [PRUNE] Removed 6 expired markets
[2m2026-03-14T20:47:13.277715Z[0m [32m INFO[0m [WHALE] Leaderboard loaded from https://data-api.polymarket.com/v1/leaderboard?category=CRYPTO&orderBy=PNL&limit=50 (50 entries)
[2m2026-03-14T20:47:13.277956Z[0m [32m INFO[0m [WHALE] Tracking 50 wallets (top by PNL)
[2m2026-03-14T20:47:15.064088Z[0m [32m INFO[0m --- SCAN ----------------------------------------------------------
[2m2026-03-14T20:47:15.064102Z[0m [32m INFO[0m   btc-updown-15m-1773521100 | open=70836.01 cl=70825.26 bn=70808.30 d=-0.0152% | s=30.0% fy=0.46 | YES=0.31/0.32 NO=0.68/0.69 | T-767s
[2m2026-03-14T20:47:15.064105Z[0m [32m INFO[0m   eth-updown-15m-1773521100 | open=2083.28 cl=2083.66 bn=2083.14 d=+0.0183% | s=30.0% fy=0.55 | YES=0.32/0.33 NO=0.67/0.68 | T-767s
[2m2026-03-14T20:47:15.064107Z[0m [32m INFO[0m   sol-updown-15m-1773521100 | open=87.07 cl=87.08 bn=87.07 d=+0.0134% | s=30.0% fy=0.54 | YES=0.43/0.44 NO=0.56/0.57 | T-767s
[2m2026-03-14T20:47:15.064125Z[0m [32m INFO[0m ===================================================================
[2m2026-03-14T20:47:15.064127Z[0m [32m INFO[0m [SCANNER] signals=663 settles=0 cl=1424 bn=617 whales=0 markets=3 books=36 | http://0.0.0.0:8080
[2m2026-03-14T20:48:15.268651Z[0m [32m INFO[0m --- SCAN ----------------------------------------------------------
[2m2026-03-14T20:48:15.268674Z[0m [32m INFO[0m   btc-updown-15m-1773521100 | open=70836.01 cl=70856.63 bn=70837.46 d=+0.0291% | s=30.0% fy=0.58 | YES=0.45/0.46 NO=0.54/0.55 | T-707s
[2m2026-03-14T20:48:15.268677Z[0m [32m INFO[0m   eth-updown-15m-1773521100 | open=2083.28 cl=2086.30 bn=2085.61 d=+0.1450% | s=30.0% fy=0.85 | YES=0.64/0.65 NO=0.35/0.36 | T-707s
[2m2026-03-14T20:48:15.268680Z[0m [32m INFO[0m   sol-updown-15m-1773521100 | open=87.07 cl=87.15 bn=87.11 d=+0.0909% | s=30.0% fy=0.74 | YES=0.61/0.63 NO=0.37/0.39 | T-707s
[2m2026-03-14T20:48:15.268683Z[0m [32m INFO[0m ===================================================================
[2m2026-03-14T20:48:15.268687Z[0m [32m INFO[0m [SCANNER] signals=1008 settles=0 cl=1559 bn=682 whales=0 markets=3 books=36 | http://0.0.0.0:8080
[2m2026-03-14T20:49:15.469992Z[0m [32m INFO[0m --- SCAN ----------------------------------------------------------
[2m2026-03-14T20:49:15.470015Z[0m [32m INFO[0m   btc-updown-15m-1773521100 | open=70836.01 cl=70843.74 bn=70813.10 d=+0.0109% | s=30.0% fy=0.53 | YES=0.39/0.40 NO=0.60/0.61 | T-647s
[2m2026-03-14T20:49:15.470019Z[0m [32m INFO[0m   eth-updown-15m-1773521100 | open=2083.28 cl=2086.10 bn=2085.34 d=+0.1354% | s=30.0% fy=0.84 | YES=0.62/0.64 NO=0.36/0.38 | T-647s
[2m2026-03-14T20:49:15.470023Z[0m [32m INFO[0m   sol-updown-15m-1773521100 | open=87.07 cl=87.09 bn=87.07 d=+0.0194% | s=30.0% fy=0.56 | YES=0.46/0.47 NO=0.53/0.54 | T-647s
[2m2026-03-14T20:49:15.470026Z[0m [32m INFO[0m ===================================================================
[2m2026-03-14T20:49:15.470031Z[0m [32m INFO[0m [SCANNER] signals=1353 settles=0 cl=1684 bn=727 whales=0 markets=3 books=36 | http://0.0.0.0:8080
[2m2026-03-14T20:50:13.168185Z[0m [32m INFO[0m [DISCOVER] New market: btc-updown-5m-1773521400
[2m2026-03-14T20:50:14.677975Z[0m [32m INFO[0m [DISCOVER] New market: eth-updown-5m-1773521400
[2m2026-03-14T20:50:16.171039Z[0m [32m INFO[0m [DISCOVER] New market: sol-updown-5m-1773521400
[2m2026-03-14T20:50:17.175217Z[0m [33m WARN[0m [OPEN] btc-updown-5m-1773521400 skipped: joined 13s late (grace=5s), CL has drifted
[2m2026-03-14T20:50:17.175407Z[0m [33m WARN[0m [OPEN] sol-updown-5m-1773521400 skipped: joined 13s late (grace=5s), CL has drifted
[2m2026-03-14T20:50:17.175584Z[0m [33m WARN[0m [OPEN] eth-updown-5m-1773521400 skipped: joined 13s late (grace=5s), CL has drifted
[2m2026-03-14T20:50:17.175629Z[0m [32m INFO[0m --- SCAN ----------------------------------------------------------
[2m2026-03-14T20:50:17.175633Z[0m [32m INFO[0m   btc-updown-15m-1773521100 | open=70836.01 cl=70845.33 bn=70830.47 d=+0.0131% | s=30.0% fy=0.54 | YES=0.45/0.46 NO=0.54/0.55 | T-587s
[2m2026-03-14T20:50:17.175635Z[0m [32m INFO[0m   eth-updown-15m-1773521100 | open=2083.28 cl=2086.63 bn=2086.22 d=+0.1606% | s=30.0% fy=0.89 | YES=0.72/0.74 NO=0.26/0.28 | T-587s
[2m2026-03-14T20:50:17.175639Z[0m [32m INFO[0m   sol-updown-15m-1773521100 | open=87.07 cl=87.13 bn=87.12 d=+0.0700% | s=30.0% fy=0.71 | YES=0.60/0.61 NO=0.39/0.40 | T-587s
[2m2026-03-14T20:50:17.175642Z[0m [32m INFO[0m ===================================================================
[2m2026-03-14T20:50:17.175646Z[0m [32m INFO[0m [SCANNER] signals=1698 settles=0 cl=1813 bn=795 whales=0 markets=3 books=36 | http://0.0.0.0:8080
[2m2026-03-14T20:51:15.880189Z[0m [32m INFO[0m --- SCAN ----------------------------------------------------------
[2m2026-03-14T20:51:15.880210Z[0m [32m INFO[0m   btc-updown-15m-1773521100 | open=70836.01 cl=70812.72 bn=70800.01 d=-0.0329% | s=30.0% fy=0.39 | YES=0.21/0.22 NO=0.78/0.79 | T-527s
[2m2026-03-14T20:51:15.880213Z[0m [32m INFO[0m   eth-updown-15m-1773521100 | open=2083.28 cl=2085.87 bn=2085.34 d=+0.1242% | s=30.0% fy=0.84 | YES=0.67/0.68 NO=0.32/0.33 | T-527s
[2m2026-03-14T20:51:15.880220Z[0m [32m INFO[0m   sol-updown-15m-1773521100 | open=87.07 cl=87.09 bn=87.08 d=+0.0292% | s=30.0% fy=0.59 | YES=0.51/0.52 NO=0.48/0.49 | T-527s
[2m2026-03-14T20:51:15.880222Z[0m [32m INFO[0m ===================================================================
[2m2026-03-14T20:51:15.880225Z[0m [32m INFO[0m [SCANNER] signals=2034 settles=0 cl=1938 bn=850 whales=0 markets=3 books=42 | http://0.0.0.0:8080
[2m2026-03-14T20:52:13.552626Z[0m [32m INFO[0m [PRUNE] Removed 3 expired markets
[2m2026-03-14T20:52:16.104733Z[0m [32m INFO[0m --- SCAN ----------------------------------------------------------
[2m2026-03-14T20:52:16.104746Z[0m [32m INFO[0m   btc-updown-15m-1773521100 | open=70836.01 cl=70821.82 bn=70809.57 d=-0.0200% | s=30.0% fy=0.43 | YES=0.27/0.28 NO=0.72/0.73 | T-466s
[2m2026-03-14T20:52:16.104766Z[0m [32m INFO[0m   eth-updown-15m-1773521100 | open=2083.28 cl=2085.89 bn=2085.43 d=+0.1252% | s=30.0% fy=0.86 | YES=0.70/0.71 NO=0.29/0.30 | T-466s
[2m2026-03-14T20:52:16.104769Z[0m [32m INFO[0m   sol-updown-15m-1773521100 | open=87.07 cl=87.09 bn=87.07 d=+0.0276% | s=30.0% fy=0.59 | YES=0.50/0.52 NO=0.48/0.50 | T-466s
[2m2026-03-14T20:52:16.104771Z[0m [32m INFO[0m ===================================================================
[2m2026-03-14T20:52:16.104773Z[0m [32m INFO[0m [SCANNER] signals=2379 settles=0 cl=2027 bn=886 whales=0 markets=3 books=42 | http://0.0.0.0:8080
[2m2026-03-14T20:52:17.061138Z[0m [32m INFO[0m [WHALE] Leaderboard loaded from https://data-api.polymarket.com/v1/leaderboard?category=CRYPTO&orderBy=PNL&limit=50 (50 entries)
[2m2026-03-14T20:52:17.061376Z[0m [32m INFO[0m [WHALE] Tracking 50 wallets (top by PNL)
[2m2026-03-14T20:53:16.310266Z[0m [32m INFO[0m --- SCAN ----------------------------------------------------------
[2m2026-03-14T20:53:16.310289Z[0m [32m INFO[0m   btc-updown-15m-1773521100 | open=70836.01 cl=70834.31 bn=70831.54 d=-0.0024% | s=30.0% fy=0.49 | YES=0.30/0.31 NO=0.69/0.70 | T-406s
[2m2026-03-14T20:53:16.310293Z[0m [32m INFO[0m   eth-updown-15m-1773521100 | open=2083.28 cl=2086.15 bn=2085.60 d=+0.1377% | s=30.0% fy=0.90 | YES=0.81/0.82 NO=0.18/0.19 | T-406s
[2m2026-03-14T20:53:16.310296Z[0m [32m INFO[0m   sol-updown-15m-1773521100 | open=87.07 cl=87.12 bn=87.10 d=+0.0564% | s=30.0% fy=0.70 | YES=0.60/0.61 NO=0.39/0.40 | T-406s
[2m2026-03-14T20:53:16.310300Z[0m [32m INFO[0m ===================================================================
[2m2026-03-14T20:53:16.310304Z[0m [32m INFO[0m [SCANNER] signals=2724 settles=0 cl=2135 bn=942 whales=0 markets=3 books=42 | http://0.0.0.0:8080
[2m2026-03-14T20:54:16.511867Z[0m [32m INFO[0m --- SCAN ----------------------------------------------------------
[2m2026-03-14T20:54:16.511886Z[0m [32m INFO[0m   btc-updown-15m-1773521100 | open=70836.01 cl=70841.10 bn=70831.54 d=+0.0072% | s=30.0% fy=0.53 | YES=0.36/0.37 NO=0.63/0.64 | T-346s
[2m2026-03-14T20:54:16.511888Z[0m [32m INFO[0m   eth-updown-15m-1773521100 | open=2083.28 cl=2086.56 bn=2086.08 d=+0.1573% | s=30.0% fy=0.94 | YES=0.92/0.93 NO=0.07/0.08 | T-346s
[2m2026-03-14T20:54:16.511890Z[0m [32m INFO[0m   sol-updown-15m-1773521100 | open=87.07 cl=87.12 bn=87.10 d=+0.0559% | s=30.0% fy=0.71 | YES=0.64/0.65 NO=0.35/0.36 | T-346s
[2m2026-03-14T20:54:16.511892Z[0m [32m INFO[0m ===================================================================
[2m2026-03-14T20:54:16.511894Z[0m [32m INFO[0m [SCANNER] signals=3069 settles=0 cl=2261 bn=974 whales=0 markets=3 books=42 | http://0.0.0.0:8080
[2m2026-03-14T20:55:14.195859Z[0m [32m INFO[0m [DISCOVER] New market: btc-updown-5m-1773521700
[2m2026-03-14T20:55:15.700497Z[0m [32m INFO[0m [DISCOVER] New market: eth-updown-5m-1773521700
[2m2026-03-14T20:55:17.202571Z[0m [32m INFO[0m [DISCOVER] New market: sol-updown-5m-1773521700
[2m2026-03-14T20:55:18.205933Z[0m [33m WARN[0m [OPEN] eth-updown-5m-1773521700 skipped: joined 14s late (grace=5s), CL has drifted
[2m2026-03-14T20:55:18.205950Z[0m [33m WARN[0m [OPEN] sol-updown-5m-1773521700 skipped: joined 14s late (grace=5s), CL has drifted
[2m2026-03-14T20:55:18.205953Z[0m [33m WARN[0m [OPEN] btc-updown-5m-1773521700 skipped: joined 14s late (grace=5s), CL has drifted
[2m2026-03-14T20:55:18.205979Z[0m [32m INFO[0m --- SCAN ----------------------------------------------------------
[2m2026-03-14T20:55:18.205981Z[0m [32m INFO[0m   btc-updown-15m-1773521100 | open=70836.01 cl=70829.19 bn=70819.28 d=-0.0096% | s=30.0% fy=0.46 | YES=0.22/0.23 NO=0.77/0.78 | T-286s
[2m2026-03-14T20:55:18.205983Z[0m [32m INFO[0m   eth-updown-15m-1773521100 | open=2083.28 cl=2086.47 bn=2085.94 d=+0.1529% | s=30.0% fy=0.94 | YES=0.93/0.95 NO=0.05/0.07 | T-286s
[2m2026-03-14T20:55:18.205984Z[0m [32m INFO[0m   sol-updown-15m-1773521100 | open=87.07 cl=87.09 bn=87.07 d=+0.0293% | s=30.0% fy=0.62 | YES=0.52/0.53 NO=0.47/0.48 | T-286s
[2m2026-03-14T20:55:18.205985Z[0m [32m INFO[0m ===================================================================
[2m2026-03-14T20:55:18.205987Z[0m [32m INFO[0m [SCANNER] signals=3414 settles=0 cl=2377 bn=1014 whales=0 markets=3 books=42 | http://0.0.0.0:8080
[2m2026-03-14T20:56:16.892517Z[0m [32m INFO[0m --- SCAN ----------------------------------------------------------
[2m2026-03-14T20:56:16.892542Z[0m [32m INFO[0m   btc-updown-15m-1773521100 | open=70836.01 cl=70841.41 bn=70828.30 d=+0.0076% | s=30.0% fy=0.53 | YES=0.32/0.33 NO=0.67/0.68 | T-226s
[2m2026-03-14T20:56:16.892545Z[0m [32m INFO[0m   eth-updown-15m-1773521100 | open=2083.28 cl=2086.74 bn=2086.30 d=+0.1663% | s=30.0% fy=0.95 | YES=0.97/0.98 NO=0.02/0.03 | T-226s
[2m2026-03-14T20:56:16.892547Z[0m [32m INFO[0m   sol-updown-15m-1773521100 | open=87.07 cl=87.11 bn=87.10 d=+0.0458% | s=30.0% fy=0.68 | YES=0.58/0.60 NO=0.40/0.42 | T-226s
[2m2026-03-14T20:56:16.892549Z[0m [32m INFO[0m ===================================================================
[2m2026-03-14T20:56:16.892552Z[0m [32m INFO[0m [SCANNER] signals=3750 settles=0 cl=2493 bn=1056 whales=0 markets=3 books=48 | http://0.0.0.0:8080
[2m2026-03-14T20:57:14.577668Z[0m [32m INFO[0m [PRUNE] Removed 3 expired markets
[2m2026-03-14T20:57:17.131881Z[0m [32m INFO[0m --- SCAN ----------------------------------------------------------
[2m2026-03-14T20:57:17.131895Z[0m [32m INFO[0m   btc-updown-15m-1773521100 | open=70836.01 cl=70846.46 bn=70833.99 d=+0.0147% | s=30.0% fy=0.56 | YES=0.27/0.28 NO=0.72/0.73 | T-165s
[2m2026-03-14T20:57:17.131897Z[0m [32m INFO[0m   eth-updown-15m-1773521100 | open=2083.28 cl=2087.05 bn=2086.59 d=+0.1809% | s=30.0% fy=0.96 | YES=0.97/0.99 NO=0.01/0.03 | T-165s
[2m2026-03-14T20:57:17.131899Z[0m [32m INFO[0m   sol-updown-15m-1773521100 | open=87.07 cl=87.11 bn=87.09 d=+0.0435% | s=30.0% fy=0.67 | YES=0.59/0.60 NO=0.40/0.41 | T-165s
[2m2026-03-14T20:57:17.131901Z[0m [32m INFO[0m ===================================================================
[2m2026-03-14T20:57:17.131904Z[0m [32m INFO[0m [SCANNER] signals=4095 settles=0 cl=2609 bn=1089 whales=0 markets=3 books=48 | http://0.0.0.0:8080
[2m2026-03-14T20:57:20.915535Z[0m [32m INFO[0m [WHALE] Leaderboard loaded from https://data-api.polymarket.com/v1/leaderboard?category=CRYPTO&orderBy=PNL&limit=50 (50 entries)
[2m2026-03-14T20:57:20.915747Z[0m [32m INFO[0m [WHALE] Tracking 50 wallets (top by PNL)
[2m2026-03-14T20:58:17.336458Z[0m [32m INFO[0m --- SCAN ----------------------------------------------------------
[2m2026-03-14T20:58:17.336476Z[0m [32m INFO[0m   btc-updown-15m-1773521100 | open=70836.01 cl=70849.49 bn=70836.83 d=+0.0190% | s=30.0% fy=0.58 | YES=0.37/0.38 NO=0.62/0.63 | T-105s
[2m2026-03-14T20:58:17.336479Z[0m [32m INFO[0m   eth-updown-15m-1773521100 | open=2083.28 cl=2087.60 bn=2087.11 d=+0.2071% | s=30.0% fy=0.98 | YES=0.99/1.00 NO=0.00/0.01 | T-105s
[2m2026-03-14T20:58:17.336481Z[0m [32m INFO[0m   sol-updown-15m-1773521100 | open=87.07 cl=87.13 bn=87.11 d=+0.0670% | s=30.0% fy=0.75 | YES=0.86/0.89 NO=0.11/0.14 | T-105s
[2m2026-03-14T20:58:17.336486Z[0m [32m INFO[0m ===================================================================
[2m2026-03-14T20:58:17.336489Z[0m [32m INFO[0m [SCANNER] signals=4440 settles=0 cl=2703 bn=1127 whales=0 markets=3 books=48 | http://0.0.0.0:8080
[2m2026-03-14T20:59:17.542106Z[0m [32m INFO[0m --- SCAN ----------------------------------------------------------
[2m2026-03-14T20:59:17.542124Z[0m [32m INFO[0m   btc-updown-15m-1773521100 | open=70836.01 cl=70830.50 bn=70805.28 d=-0.0078% | s=30.0% fy=0.47 | YES=0.03/0.05 NO=0.95/0.97 | T-45s
[2m2026-03-14T20:59:17.542127Z[0m [32m INFO[0m   eth-updown-15m-1773521100 | open=2083.28 cl=2086.81 bn=2086.00 d=+0.1696% | s=30.0% fy=0.95 | YES=0.99/1.00 NO=0.00/0.01 | T-45s
[2m2026-03-14T20:59:17.542129Z[0m [32m INFO[0m   sol-updown-15m-1773521100 | open=87.07 cl=87.13 bn=87.09 d=+0.0697% | s=30.0% fy=0.76 | YES=0.92/0.94 NO=0.06/0.08 | T-45s
[2m2026-03-14T20:59:17.542131Z[0m [32m INFO[0m ===================================================================
[2m2026-03-14T20:59:17.542133Z[0m [32m INFO[0m [SCANNER] signals=4785 settles=0 cl=2805 bn=1169 whales=0 markets=3 books=48 | http://0.0.0.0:8080
[2m2026-03-14T21:00:01.162654Z[0m [32m INFO[0m [CL_CLOSE] btc-updown-15m-1773521100 snap=70818.75
[2m2026-03-14T21:00:01.162707Z[0m [32m INFO[0m [CL_CLOSE] sol-updown-15m-1773521100 snap=87.11
[2m2026-03-14T21:00:01.162711Z[0m [32m INFO[0m [CL_CLOSE] eth-updown-15m-1773521100 snap=2086.51
[2m2026-03-14T21:00:05.172423Z[0m [32m INFO[0m [SETTLE] btc-updown-15m-1773521100 cl=70818.75 bn=70760.10 open=70836.01 d=-0.0244% -> NO
[2m2026-03-14T21:00:05.172556Z[0m [32m INFO[0m [SETTLE] sol-updown-15m-1773521100 cl=87.11 bn=86.99 open=87.07 d=+0.0467% -> YES
[2m2026-03-14T21:00:05.172564Z[0m [32m INFO[0m [SETTLE] eth-updown-15m-1773521100 cl=2086.51 bn=2084.42 open=2083.28 d=+0.1550% -> YES
[2m2026-03-14T21:00:15.216881Z[0m [32m INFO[0m [DISCOVER] New market: btc-updown-5m-1773522000
[2m2026-03-14T21:00:15.712878Z[0m [32m INFO[0m [DISCOVER] New market: btc-updown-15m-1773522000
[2m2026-03-14T21:00:17.216089Z[0m [32m INFO[0m [DISCOVER] New market: eth-updown-5m-1773522000
[2m2026-03-14T21:00:17.719911Z[0m [32m INFO[0m [DISCOVER] New market: eth-updown-15m-1773522000
[2m2026-03-14T21:00:19.231914Z[0m [32m INFO[0m [DISCOVER] New market: sol-updown-5m-1773522000
[2m2026-03-14T21:00:19.726490Z[0m [32m INFO[0m [DISCOVER] New market: sol-updown-15m-1773522000
[2m2026-03-14T21:00:20.727804Z[0m [32m INFO[0m [OPEN] eth-updown-15m-1773522000 open_price=2085.60
[2m2026-03-14T21:00:20.727833Z[0m [33m WARN[0m [OPEN] sol-updown-5m-1773522000 skipped: joined 15s late (grace=5s), CL has drifted
[2m2026-03-14T21:00:20.727838Z[0m [33m WARN[0m [OPEN] btc-updown-5m-1773522000 skipped: joined 15s late (grace=5s), CL has drifted
[2m2026-03-14T21:00:20.727841Z[0m [32m INFO[0m [OPEN] btc-updown-15m-1773522000 open_price=70777.99
[2m2026-03-14T21:00:20.727844Z[0m [32m INFO[0m [OPEN] sol-updown-15m-1773522000 open_price=87.00
[2m2026-03-14T21:00:20.727873Z[0m [33m WARN[0m [OPEN] eth-updown-5m-1773522000 skipped: joined 15s late (grace=5s), CL has drifted
[2m2026-03-14T21:00:20.727925Z[0m [32m INFO[0m --- SCAN ----------------------------------------------------------
[2m2026-03-14T21:00:20.727928Z[0m [32m INFO[0m   btc-updown-15m-1773522000 | open=70777.99 cl=70777.99 bn=70769.26 d=+0.0000% | s=30.0% fy=0.50 | YES=--/-- NO=--/-- | T-885s
[2m2026-03-14T21:00:20.727931Z[0m [32m INFO[0m   eth-updown-15m-1773522000 | open=2085.60 cl=2085.60 bn=2085.72 d=+0.0000% | s=30.0% fy=0.50 | YES=--/-- NO=--/-- | T-885s
[2m2026-03-14T21:00:20.727934Z[0m [32m INFO[0m   sol-updown-15m-1773522000 | open=87.00 cl=87.00 bn=87.01 d=+0.0000% | s=30.0% fy=0.50 | YES=--/-- NO=--/-- | T-885s
[2m2026-03-14T21:00:20.727937Z[0m [32m INFO[0m ===================================================================
[2m2026-03-14T21:00:20.727956Z[0m [32m INFO[0m [SCANNER] signals=4857 settles=3 cl=2938 bn=1247 whales=0 markets=3 books=48 | http://0.0.0.0:8080
[2m2026-03-14T21:01:17.934103Z[0m [32m INFO[0m --- SCAN ----------------------------------------------------------
[2m2026-03-14T21:01:17.934122Z[0m [32m INFO[0m   btc-updown-15m-1773522000 | open=70777.99 cl=70797.08 bn=70784.75 d=+0.0270% | s=30.0% fy=0.57 | YES=0.41/0.42 NO=0.58/0.59 | T-825s
[2m2026-03-14T21:01:17.934124Z[0m [32m INFO[0m   eth-updown-15m-1773522000 | open=2085.60 cl=2086.82 bn=2086.43 d=+0.0582% | s=30.0% fy=0.65 | YES=0.42/0.43 NO=0.57/0.58 | T-825s
[2m2026-03-14T21:01:17.934126Z[0m [32m INFO[0m   sol-updown-15m-1773522000 | open=87.00 cl=87.05 bn=87.03 d=+0.0555% | s=30.0% fy=0.64 | YES=0.38/0.40 NO=0.60/0.62 | T-825s
[2m2026-03-14T21:01:17.934128Z[0m [32m INFO[0m ===================================================================
[2m2026-03-14T21:01:17.934130Z[0m [32m INFO[0m [SCANNER] signals=5175 settles=3 cl=3045 bn=1305 whales=0 markets=3 books=60 | http://0.0.0.0:8080
[2m2026-03-14T21:02:15.607255Z[0m [32m INFO[0m [PRUNE] Removed 6 expired markets
[2m2026-03-14T21:02:18.153319Z[0m [32m INFO[0m --- SCAN ----------------------------------------------------------
[2m2026-03-14T21:02:18.153341Z[0m [32m INFO[0m   btc-updown-15m-1773522000 | open=70777.99 cl=70788.04 bn=70776.40 d=+0.0142% | s=30.0% fy=0.54 | YES=0.32/0.33 NO=0.67/0.68 | T-764s
[2m2026-03-14T21:02:18.153344Z[0m [32m INFO[0m   eth-updown-15m-1773522000 | open=2085.60 cl=2086.34 bn=2085.86 d=+0.0354% | s=30.0% fy=0.59 | YES=0.34/0.35 NO=0.65/0.66 | T-764s
[2m2026-03-14T21:02:18.153347Z[0m [32m INFO[0m   sol-updown-15m-1773522000 | open=87.00 cl=87.05 bn=87.03 d=+0.0511% | s=30.0% fy=0.64 | YES=0.36/0.37 NO=0.63/0.64 | T-764s
[2m2026-03-14T21:02:18.153351Z[0m [32m INFO[0m ===================================================================
[2m2026-03-14T21:02:18.153354Z[0m [32m INFO[0m [SCANNER] signals=5520 settles=3 cl=3169 bn=1347 whales=0 markets=3 books=60 | http://0.0.0.0:8080
[2m2026-03-14T21:02:25.091644Z[0m [32m INFO[0m [WHALE] Leaderboard loaded from https://data-api.polymarket.com/v1/leaderboard?category=CRYPTO&orderBy=PNL&limit=50 (50 entries)
[2m2026-03-14T21:02:25.091901Z[0m [32m INFO[0m [WHALE] Tracking 50 wallets (top by PNL)
[2m2026-03-14T21:03:18.363861Z[0m [32m INFO[0m --- SCAN ----------------------------------------------------------
[2m2026-03-14T21:03:18.363883Z[0m [32m INFO[0m   btc-updown-15m-1773522000 | open=70777.99 cl=70772.10 bn=70759.52 d=-0.0083% | s=30.0% fy=0.48 | YES=0.21/0.22 NO=0.78/0.79 | T-704s
[2m2026-03-14T21:03:18.363886Z[0m [32m INFO[0m   eth-updown-15m-1773522000 | open=2085.60 cl=2085.60 bn=2085.13 d=-0.0001% | s=30.0% fy=0.50 | YES=0.21/0.22 NO=0.78/0.79 | T-704s
[2m2026-03-14T21:03:18.363888Z[0m [32m INFO[0m   sol-updown-15m-1773522000 | open=87.00 cl=87.02 bn=87.01 d=+0.0208% | s=30.0% fy=0.56 | YES=0.27/0.28 NO=0.72/0.73 | T-704s
[2m2026-03-14T21:03:18.363890Z[0m [32m INFO[0m ===================================================================
[2m2026-03-14T21:03:18.363892Z[0m [32m INFO[0m [SCANNER] signals=5865 settles=3 cl=3267 bn=1385 whales=0 markets=3 books=60 | http://0.0.0.0:8080
[2m2026-03-14T21:04:18.569290Z[0m [32m INFO[0m --- SCAN ----------------------------------------------------------
[2m2026-03-14T21:04:18.569313Z[0m [32m INFO[0m   btc-updown-15m-1773522000 | open=70777.99 cl=70767.28 bn=70751.89 d=-0.0151% | s=30.0% fy=0.46 | YES=0.21/0.22 NO=0.78/0.79 | T-644s
[2m2026-03-14T21:04:18.569316Z[0m [32m INFO[0m   eth-updown-15m-1773522000 | open=2085.60 cl=2085.25 bn=2084.65 d=-0.0169% | s=30.0% fy=0.45 | YES=0.18/0.19 NO=0.81/0.82 | T-644s
[2m2026-03-14T21:04:18.569319Z[0m [32m INFO[0m   sol-updown-15m-1773522000 | open=87.00 cl=87.01 bn=86.99 d=+0.0052% | s=30.0% fy=0.52 | YES=0.23/0.24 NO=0.76/0.77 | T-644s
[2m2026-03-14T21:04:18.569323Z[0m [32m INFO[0m ===================================================================
[2m2026-03-14T21:04:18.569327Z[0m [32m INFO[0m [SCANNER] signals=6210 settles=3 cl=3376 bn=1419 whales=0 markets=3 books=60 | http://0.0.0.0:8080
[2m2026-03-14T21:05:16.278659Z[0m [32m INFO[0m [DISCOVER] New market: btc-updown-5m-1773522300
[2m2026-03-14T21:05:17.763496Z[0m [32m INFO[0m [DISCOVER] New market: eth-updown-5m-1773522300
[2m2026-03-14T21:05:19.271619Z[0m [32m INFO[0m [DISCOVER] New market: sol-updown-5m-1773522300
[2m2026-03-14T21:05:20.269831Z[0m [33m WARN[0m [OPEN] btc-updown-5m-1773522300 skipped: joined 16s late (grace=5s), CL has drifted
[2m2026-03-14T21:05:20.269845Z[0m [33m WARN[0m [OPEN] sol-updown-5m-1773522300 skipped: joined 16s late (grace=5s), CL has drifted
[2m2026-03-14T21:05:20.269847Z[0m [33m WARN[0m [OPEN] eth-updown-5m-1773522300 skipped: joined 16s late (grace=5s), CL has drifted
[2m2026-03-14T21:05:20.270013Z[0m [32m INFO[0m --- SCAN ----------------------------------------------------------
[2m2026-03-14T21:05:20.270015Z[0m [32m INFO[0m   btc-updown-15m-1773522000 | open=70777.99 cl=70763.57 bn=70751.88 d=-0.0204% | s=30.0% fy=0.44 | YES=0.16/0.17 NO=0.83/0.84 | T-584s
[2m2026-03-14T21:05:20.270017Z[0m [32m INFO[0m   eth-updown-15m-1773522000 | open=2085.60 cl=2085.46 bn=2084.99 d=-0.0071% | s=30.0% fy=0.48 | YES=0.19/0.20 NO=0.80/0.81 | T-584s
[2m2026-03-14T21:05:20.270019Z[0m [32m INFO[0m   sol-updown-15m-1773522000 | open=87.00 cl=87.01 bn=86.99 d=+0.0049% | s=30.0% fy=0.52 | YES=0.20/0.21 NO=0.79/0.80 | T-584s
[2m2026-03-14T21:05:20.270021Z[0m [32m INFO[0m ===================================================================
[2m2026-03-14T21:05:20.270023Z[0m [32m INFO[0m [SCANNER] signals=6555 settles=3 cl=3476 bn=1460 whales=0 markets=3 books=60 | http://0.0.0.0:8080
[2m2026-03-14T21:06:18.977651Z[0m [32m INFO[0m --- SCAN ----------------------------------------------------------
[2m2026-03-14T21:06:18.977677Z[0m [32m INFO[0m   btc-updown-15m-1773522000 | open=70777.99 cl=70722.42 bn=70710.10 d=-0.0785% | s=30.0% fy=0.26 | YES=0.09/0.10 NO=0.90/0.91 | T-524s
[2m2026-03-14T21:06:18.977682Z[0m [32m INFO[0m   eth-updown-15m-1773522000 | open=2085.60 cl=2084.22 bn=2083.64 d=-0.0665% | s=30.0% fy=0.29 | YES=0.04/0.05 NO=0.95/0.96 | T-524s
[2m2026-03-14T21:06:18.977685Z[0m [32m INFO[0m   sol-updown-15m-1773522000 | open=87.00 cl=86.94 bn=86.92 d=-0.0657% | s=30.0% fy=0.30 | YES=0.06/0.08 NO=0.92/0.94 | T-524s
[2m2026-03-14T21:06:18.977688Z[0m [32m INFO[0m ===================================================================
[2m2026-03-14T21:06:18.977692Z[0m [32m INFO[0m [SCANNER] signals=6891 settles=3 cl=3582 bn=1506 whales=0 markets=3 books=66 | http://0.0.0.0:8080
[2m2026-03-14T21:06:59.085543Z[0m [33m WARN[0m [BOOK] batch failed: CLOB batch book JSON parse failed
[2m2026-03-14T21:07:00.198170Z[0m [31mERROR[0m [CL] WebSocket error: IO error: Connection reset by peer (os error 104)
[2m2026-03-14T21:07:00.199476Z[0m [33m WARN[0m [CL] Feed closed cleanly, reconnecting...
[2m2026-03-14T21:07:04.099738Z[0m [33m WARN[0m [BOOK] batch failed: CLOB batch book request failed
[2m2026-03-14T21:07:05.201413Z[0m [32m INFO[0m [CL] Connecting to wss://ws-live-data.polymarket.com
[2m2026-03-14T21:07:05.402845Z[0m [33m WARN[0m [BOOK] batch failed: CLOB batch book request failed
[2m2026-03-14T21:07:09.351273Z[0m [32m INFO[0m [CL] Feed connected
[2m2026-03-14T21:07:16.652881Z[0m [32m INFO[0m [PRUNE] Removed 3 expired markets
[2m2026-03-14T21:07:20.628017Z[0m [32m INFO[0m --- SCAN ----------------------------------------------------------
[2m2026-03-14T21:07:20.628030Z[0m [32m INFO[0m   btc-updown-15m-1773522000 | open=70777.99 cl=70725.62 bn=70712.49 d=-0.0740% | s=30.0% fy=0.26 | YES=0.05/0.06 NO=0.94/0.95 | T-463s
[2m2026-03-14T21:07:20.628032Z[0m [32m INFO[0m   eth-updown-15m-1773522000 | open=2085.60 cl=2084.14 bn=2083.49 d=-0.0700% | s=30.0% fy=0.27 | YES=0.02/0.03 NO=0.97/0.98 | T-463s
[2m2026-03-14T21:07:20.628034Z[0m [32m INFO[0m   sol-updown-15m-1773522000 | open=87.00 cl=86.93 bn=86.93 d=-0.0832% | s=30.0% fy=0.23 | YES=0.02/0.03 NO=0.97/0.98 | T-463s
[2m2026-03-14T21:07:20.628039Z[0m [32m INFO[0m ===================================================================
[2m2026-03-14T21:07:20.628041Z[0m [32m INFO[0m [SCANNER] signals=7236 settles=3 cl=3664 bn=1532 whales=0 markets=3 books=66 | http://0.0.0.0:8080
[2m2026-03-14T21:07:27.779203Z[0m [32m INFO[0m [WHALE] Leaderboard loaded from https://data-api.polymarket.com/v1/leaderboard?category=CRYPTO&orderBy=PNL&limit=50 (50 entries)
[2m2026-03-14T21:07:27.779447Z[0m [32m INFO[0m [WHALE] Tracking 50 wallets (top by PNL)
[2m2026-03-14T21:08:19.324002Z[0m [32m INFO[0m --- SCAN ----------------------------------------------------------
[2m2026-03-14T21:08:19.324023Z[0m [32m INFO[0m   btc-updown-15m-1773522000 | open=70777.99 cl=70735.02 bn=70726.56 d=-0.0607% | s=30.0% fy=0.29 | YES=0.05/0.06 NO=0.94/0.95 | T-403s
[2m2026-03-14T21:08:19.324027Z[0m [32m INFO[0m   eth-updown-15m-1773522000 | open=2085.60 cl=2084.38 bn=2083.98 d=-0.0584% | s=30.0% fy=0.29 | YES=0.02/0.03 NO=0.97/0.98 | T-403s
[2m2026-03-14T21:08:19.324030Z[0m [32m INFO[0m   sol-updown-15m-1773522000 | open=87.00 cl=86.94 bn=86.93 d=-0.0760% | s=30.0% fy=0.24 | YES=0.02/0.03 NO=0.97/0.98 | T-403s
[2m2026-03-14T21:08:19.324033Z[0m [32m INFO[0m ===================================================================
[2m2026-03-14T21:08:19.324037Z[0m [32m INFO[0m [SCANNER] signals=7572 settles=3 cl=3767 bn=1575 whales=0 markets=3 books=66 | http://0.0.0.0:8080
[2m2026-03-14T21:09:19.521893Z[0m [32m INFO[0m --- SCAN ----------------------------------------------------------
[2m2026-03-14T21:09:19.521913Z[0m [32m INFO[0m   btc-updown-15m-1773522000 | open=70777.99 cl=70748.38 bn=70734.36 d=-0.0418% | s=30.0% fy=0.34 | YES=0.05/0.06 NO=0.94/0.95 | T-343s
[2m2026-03-14T21:09:19.521915Z[0m [32m INFO[0m   eth-updown-15m-1773522000 | open=2085.60 cl=2084.53 bn=2083.91 d=-0.0516% | s=30.0% fy=0.30 | YES=0.02/0.03 NO=0.97/0.98 | T-343s
[2m2026-03-14T21:09:19.521917Z[0m [32m INFO[0m   sol-updown-15m-1773522000 | open=87.00 cl=86.95 bn=86.93 d=-0.0541% | s=30.0% fy=0.29 | YES=0.02/0.03 NO=0.97/0.98 | T-343s
[2m2026-03-14T21:09:19.521919Z[0m [32m INFO[0m ===================================================================
[2m2026-03-14T21:09:19.521921Z[0m [32m INFO[0m [SCANNER] signals=7917 settles=3 cl=3883 bn=1623 whales=0 markets=3 books=66 | http://0.0.0.0:8080
[2m2026-03-14T21:10:17.222977Z[0m [32m INFO[0m [DISCOVER] New market: btc-updown-5m-1773522600
[2m2026-03-14T21:10:18.729139Z[0m [32m INFO[0m [DISCOVER] New market: eth-updown-5m-1773522600
[2m2026-03-14T21:10:20.260236Z[0m [32m INFO[0m [DISCOVER] New market: sol-updown-5m-1773522600
[2m2026-03-14T21:10:21.236573Z[0m [33m WARN[0m [OPEN] btc-updown-5m-1773522600 skipped: joined 17s late (grace=5s), CL has drifted
[2m2026-03-14T21:10:21.236587Z[0m [33m WARN[0m [OPEN] eth-updown-5m-1773522600 skipped: joined 17s late (grace=5s), CL has drifted
[2m2026-03-14T21:10:21.236589Z[0m [33m WARN[0m [OPEN] sol-updown-5m-1773522600 skipped: joined 17s late (grace=5s), CL has drifted
[2m2026-03-14T21:10:21.236618Z[0m [32m INFO[0m --- SCAN ----------------------------------------------------------
[2m2026-03-14T21:10:21.236621Z[0m [32m INFO[0m   btc-updown-15m-1773522000 | open=70777.99 cl=70749.14 bn=70734.35 d=-0.0408% | s=30.0% fy=0.34 | YES=0.03/0.04 NO=0.96/0.97 | T-283s
[2m2026-03-14T21:10:21.236622Z[0m [32m INFO[0m   eth-updown-15m-1773522000 | open=2085.60 cl=2084.41 bn=2083.91 d=-0.0570% | s=30.0% fy=0.28 | YES=0.02/0.04 NO=0.96/0.98 | T-283s
[2m2026-03-14T21:10:21.236624Z[0m [32m INFO[0m   sol-updown-15m-1773522000 | open=87.00 cl=86.96 bn=86.95 d=-0.0469% | s=30.0% fy=0.32 | YES=0.01/0.01 NO=0.99/0.99 | T-283s
[2m2026-03-14T21:10:21.236626Z[0m [32m INFO[0m ===================================================================
[2m2026-03-14T21:10:21.236628Z[0m [32m INFO[0m [SCANNER] signals=8262 settles=3 cl=3962 bn=1647 whales=0 markets=3 books=66 | http://0.0.0.0:8080
[2m2026-03-14T21:11:19.939621Z[0m [32m INFO[0m --- SCAN ----------------------------------------------------------
[2m2026-03-14T21:11:19.939638Z[0m [32m INFO[0m   btc-updown-15m-1773522000 | open=70777.99 cl=70742.45 bn=70725.49 d=-0.0502% | s=30.0% fy=0.31 | YES=0.01/0.02 NO=0.98/0.99 | T-223s
[2m2026-03-14T21:11:19.939640Z[0m [32m INFO[0m   eth-updown-15m-1773522000 | open=2085.60 cl=2084.29 bn=2083.67 d=-0.0629% | s=30.0% fy=0.26 | YES=0.01/0.01 NO=0.99/0.99 | T-223s
[2m2026-03-14T21:11:19.939642Z[0m [32m INFO[0m   sol-updown-15m-1773522000 | open=87.00 cl=86.93 bn=86.91 d=-0.0801% | s=30.0% fy=0.21 | YES=0.00/0.00 NO=1.00/1.00 | T-223s
[2m2026-03-14T21:11:19.939644Z[0m [32m INFO[0m ===================================================================
[2m2026-03-14T21:11:19.939647Z[0m [32m INFO[0m [SCANNER] signals=8598 settles=3 cl=4055 bn=1697 whales=0 markets=3 books=72 | http://0.0.0.0:8080
[2m2026-03-14T21:12:17.619118Z[0m [32m INFO[0m [PRUNE] Removed 3 expired markets
[2m2026-03-14T21:12:20.146124Z[0m [32m INFO[0m --- SCAN ----------------------------------------------------------
[2m2026-03-14T21:12:20.146143Z[0m [32m INFO[0m   btc-updown-15m-1773522000 | open=70777.99 cl=70742.85 bn=70725.50 d=-0.0497% | s=30.0% fy=0.31 | YES=0.00/0.01 NO=0.98/0.99 | T-162s
[2m2026-03-14T21:12:20.146147Z[0m [32m INFO[0m   eth-updown-15m-1773522000 | open=2085.60 cl=2084.20 bn=2083.60 d=-0.0671% | s=30.0% fy=0.25 | YES=0.00/0.01 NO=0.99/1.00 | T-162s
[2m2026-03-14T21:12:20.146149Z[0m [32m INFO[0m   sol-updown-15m-1773522000 | open=87.00 cl=86.93 bn=86.91 d=-0.0807% | s=30.0% fy=0.21 | YES=0.00/0.00 NO=1.00/1.00 | T-162s
[2m2026-03-14T21:12:20.146152Z[0m [32m INFO[0m ===================================================================
[2m2026-03-14T21:12:20.146155Z[0m [32m INFO[0m [SCANNER] signals=8943 settles=3 cl=4133 bn=1728 whales=0 markets=3 books=72 | http://0.0.0.0:8080
[2m2026-03-14T21:12:35.738679Z[0m [32m INFO[0m [WHALE] Leaderboard loaded from https://data-api.polymarket.com/v1/leaderboard?category=CRYPTO&orderBy=PNL&limit=50 (50 entries)
[2m2026-03-14T21:12:35.738934Z[0m [32m INFO[0m [WHALE] Tracking 50 wallets (top by PNL)
[2m2026-03-14T21:13:20.364019Z[0m [32m INFO[0m --- SCAN ----------------------------------------------------------
[2m2026-03-14T21:13:20.364041Z[0m [32m INFO[0m   btc-updown-15m-1773522000 | open=70777.99 cl=70720.63 bn=70690.78 d=-0.0810% | s=30.0% fy=0.21 | YES=0.00/0.01 NO=0.98/0.99 | T-102s
[2m2026-03-14T21:13:20.364045Z[0m [32m INFO[0m   eth-updown-15m-1773522000 | open=2085.60 cl=2084.09 bn=2083.25 d=-0.0724% | s=30.0% fy=0.23 | YES=0.00/0.00 NO=1.00/1.00 | T-102s
[2m2026-03-14T21:13:20.364048Z[0m [32m INFO[0m   sol-updown-15m-1773522000 | open=87.00 cl=86.93 bn=86.87 d=-0.0853% | s=30.0% fy=0.20 | YES=0.00/0.00 NO=1.00/1.00 | T-102s
[2m2026-03-14T21:13:20.364051Z[0m [32m INFO[0m ===================================================================
[2m2026-03-14T21:13:20.364055Z[0m [32m INFO[0m [SCANNER] signals=9288 settles=3 cl=4229 bn=1781 whales=0 markets=3 books=72 | http://0.0.0.0:8080
[2m2026-03-14T21:14:20.568365Z[0m [32m INFO[0m --- SCAN ----------------------------------------------------------
[2m2026-03-14T21:14:20.568397Z[0m [32m INFO[0m   btc-updown-15m-1773522000 | open=70777.99 cl=70682.44 bn=70670.80 d=-0.1350% | s=30.0% fy=0.09 | YES=0.00/0.00 NO=1.00/1.00 | T-42s
[2m2026-03-14T21:14:20.568400Z[0m [32m INFO[0m   eth-updown-15m-1773522000 | open=2085.60 cl=2083.51 bn=2083.09 d=-0.1004% | s=30.0% fy=0.16 | YES=0.00/0.00 NO=1.00/1.00 | T-42s
[2m2026-03-14T21:14:20.568401Z[0m [32m INFO[0m   sol-updown-15m-1773522000 | open=87.00 cl=86.95 bn=86.94 d=-0.0644% | s=30.0% fy=0.26 | YES=0.00/0.01 NO=0.99/1.00 | T-42s
[2m2026-03-14T21:14:20.568403Z[0m [32m INFO[0m ===================================================================
[2m2026-03-14T21:14:20.568406Z[0m [32m INFO[0m [SCANNER] signals=9633 settles=3 cl=4337 bn=1827 whales=0 markets=3 books=72 | http://0.0.0.0:8080
[2m2026-03-14T21:15:01.181515Z[0m [32m INFO[0m [CL_CLOSE] eth-updown-15m-1773522000 snap=2083.47
[2m2026-03-14T21:15:01.181561Z[0m [32m INFO[0m [CL_CLOSE] btc-updown-15m-1773522000 snap=70675.16
[2m2026-03-14T21:15:01.181566Z[0m [32m INFO[0m [CL_CLOSE] sol-updown-15m-1773522000 snap=86.94
[2m2026-03-14T21:15:05.190514Z[0m [32m INFO[0m [SETTLE] eth-updown-15m-1773522000 cl=2083.47 bn=2082.99 open=2085.60 d=-0.1022% -> NO
[2m2026-03-14T21:15:05.190574Z[0m [32m INFO[0m [SETTLE] btc-updown-15m-1773522000 cl=70675.16 bn=70663.46 open=70777.99 d=-0.1453% -> NO
[2m2026-03-14T21:15:05.190582Z[0m [32m INFO[0m [SETTLE] sol-updown-15m-1773522000 cl=86.94 bn=86.93 open=87.00 d=-0.0673% -> NO
[2m2026-03-14T21:15:18.257667Z[0m [32m INFO[0m [DISCOVER] New market: btc-updown-5m-1773522900
[2m2026-03-14T21:15:18.745818Z[0m [32m INFO[0m [DISCOVER] New market: btc-updown-15m-1773522900
[2m2026-03-14T21:15:20.241832Z[0m [32m INFO[0m [DISCOVER] New market: eth-updown-5m-1773522900
[2m2026-03-14T21:15:20.747318Z[0m [32m INFO[0m [DISCOVER] New market: eth-updown-15m-1773522900
[2m2026-03-14T21:15:22.253791Z[0m [32m INFO[0m [DISCOVER] New market: sol-updown-5m-1773522900
[2m2026-03-14T21:15:22.771460Z[0m [32m INFO[0m [DISCOVER] New market: sol-updown-15m-1773522900
[2m2026-03-14T21:15:23.752915Z[0m [33m WARN[0m [OPEN] eth-updown-15m-1773522900 skipped: joined 18s late (grace=15s), CL has drifted
[2m2026-03-14T21:15:23.752946Z[0m [33m WARN[0m [OPEN] sol-updown-5m-1773522900 skipped: joined 18s late (grace=5s), CL has drifted
[2m2026-03-14T21:15:23.752949Z[0m [33m WARN[0m [OPEN] sol-updown-15m-1773522900 skipped: joined 18s late (grace=15s), CL has drifted
[2m2026-03-14T21:15:23.752951Z[0m [33m WARN[0m [OPEN] eth-updown-5m-1773522900 skipped: joined 18s late (grace=5s), CL has drifted
[2m2026-03-14T21:15:23.752954Z[0m [33m WARN[0m [OPEN] btc-updown-15m-1773522900 skipped: joined 18s late (grace=15s), CL has drifted
[2m2026-03-14T21:15:23.752956Z[0m [33m WARN[0m [OPEN] btc-updown-5m-1773522900 skipped: joined 18s late (grace=5s), CL has drifted
[2m2026-03-14T21:15:23.752960Z[0m [32m INFO[0m [SCANNER] signals=9687 settles=6 cl=4469 bn=1876 whales=0 markets=0 books=72 | http://0.0.0.0:8080
[2m2026-03-14T21:16:20.907768Z[0m [32m INFO[0m [SCANNER] signals=9687 settles=6 cl=4585 bn=1912 whales=0 markets=0 books=84 | http://0.0.0.0:8080
[2m2026-03-14T21:17:18.546819Z[0m [32m INFO[0m [PRUNE] Removed 6 expired markets
[2m2026-03-14T21:17:21.068154Z[0m [32m INFO[0m [SCANNER] signals=9687 settles=6 cl=4688 bn=1946 whales=0 markets=0 books=84 | http://0.0.0.0:8080
[2m2026-03-14T21:17:40.530570Z[0m [32m INFO[0m [WHALE] Leaderboard loaded from https://data-api.polymarket.com/v1/leaderboard?category=CRYPTO&orderBy=PNL&limit=50 (50 entries)
[2m2026-03-14T21:17:40.530830Z[0m [32m INFO[0m [WHALE] Tracking 50 wallets (top by PNL)
[2m2026-03-14T21:18:21.252804Z[0m [32m INFO[0m [SCANNER] signals=9687 settles=6 cl=4778 bn=1978 whales=0 markets=0 books=84 | http://0.0.0.0:8080
[2m2026-03-14T21:19:21.414691Z[0m [32m INFO[0m [SCANNER] signals=9687 settles=6 cl=4886 bn=2014 whales=0 markets=0 books=84 | http://0.0.0.0:8080
[2m2026-03-14T21:20:19.073602Z[0m [32m INFO[0m [DISCOVER] New market: btc-updown-5m-1773523200
[2m2026-03-14T21:20:20.571592Z[0m [32m INFO[0m [DISCOVER] New market: eth-updown-5m-1773523200
[2m2026-03-14T21:20:22.080079Z[0m [32m INFO[0m [DISCOVER] New market: sol-updown-5m-1773523200
[2m2026-03-14T21:20:23.090613Z[0m [33m WARN[0m [OPEN] eth-updown-5m-1773523200 skipped: joined 19s late (grace=5s), CL has drifted
[2m2026-03-14T21:20:23.090650Z[0m [33m WARN[0m [OPEN] sol-updown-5m-1773523200 skipped: joined 19s late (grace=5s), CL has drifted
[2m2026-03-14T21:20:23.090654Z[0m [33m WARN[0m [OPEN] btc-updown-5m-1773523200 skipped: joined 19s late (grace=5s), CL has drifted
[2m2026-03-14T21:20:23.090658Z[0m [32m INFO[0m [SCANNER] signals=9687 settles=6 cl=5014 bn=2071 whales=0 markets=0 books=84 | http://0.0.0.0:8080
[2m2026-03-14T21:21:21.747897Z[0m [32m INFO[0m [SCANNER] signals=9687 settles=6 cl=5109 bn=2104 whales=0 markets=0 books=90 | http://0.0.0.0:8080
[2m2026-03-14T21:22:19.384021Z[0m [32m INFO[0m [PRUNE] Removed 3 expired markets
[2m2026-03-14T21:22:21.906431Z[0m [32m INFO[0m [SCANNER] signals=9687 settles=6 cl=5205 bn=2149 whales=0 markets=0 books=90 | http://0.0.0.0:8080
[2m2026-03-14T21:22:43.275309Z[0m [32m INFO[0m [WHALE] Leaderboard loaded from https://data-api.polymarket.com/v1/leaderboard?category=CRYPTO&orderBy=PNL&limit=50 (50 entries)
[2m2026-03-14T21:22:43.275567Z[0m [32m INFO[0m [WHALE] Tracking 50 wallets (top by PNL)
[2m2026-03-14T21:23:22.084704Z[0m [32m INFO[0m [SCANNER] signals=9687 settles=6 cl=5275 bn=2173 whales=0 markets=0 books=90 | http://0.0.0.0:8080
[2m2026-03-14T21:24:22.241115Z[0m [32m INFO[0m [SCANNER] signals=9687 settles=6 cl=5361 bn=2208 whales=0 markets=0 books=90 | http://0.0.0.0:8080
[2m2026-03-14T21:25:19.911392Z[0m [32m INFO[0m [DISCOVER] New market: btc-updown-5m-1773523500
[2m2026-03-14T21:25:21.396974Z[0m [32m INFO[0m [DISCOVER] New market: eth-updown-5m-1773523500
[2m2026-03-14T21:25:22.902811Z[0m [32m INFO[0m [DISCOVER] New market: sol-updown-5m-1773523500
[2m2026-03-14T21:25:23.904666Z[0m [33m WARN[0m [OPEN] eth-updown-5m-1773523500 skipped: joined 19s late (grace=5s), CL has drifted
[2m2026-03-14T21:25:23.904698Z[0m [33m WARN[0m [OPEN] btc-updown-5m-1773523500 skipped: joined 19s late (grace=5s), CL has drifted
[2m2026-03-14T21:25:23.904702Z[0m [33m WARN[0m [OPEN] sol-updown-5m-1773523500 skipped: joined 19s late (grace=5s), CL has drifted
[2m2026-03-14T21:25:23.904705Z[0m [32m INFO[0m [SCANNER] signals=9687 settles=6 cl=5477 bn=2265 whales=0 markets=0 books=90 | http://0.0.0.0:8080
[2m2026-03-14T21:26:22.564123Z[0m [32m INFO[0m [SCANNER] signals=9687 settles=6 cl=5572 bn=2309 whales=0 markets=0 books=96 | http://0.0.0.0:8080
[2m2026-03-14T21:27:20.196010Z[0m [32m INFO[0m [PRUNE] Removed 3 expired markets
[2m2026-03-14T21:27:22.718620Z[0m [32m INFO[0m [SCANNER] signals=9687 settles=6 cl=5673 bn=2340 whales=0 markets=0 books=96 | http://0.0.0.0:8080
[2m2026-03-14T21:27:46.054453Z[0m [32m INFO[0m [WHALE] Leaderboard loaded from https://data-api.polymarket.com/v1/leaderboard?category=CRYPTO&orderBy=PNL&limit=50 (50 entries)
[2m2026-03-14T21:27:46.054707Z[0m [32m INFO[0m [WHALE] Tracking 50 wallets (top by PNL)
[2m2026-03-14T21:28:22.908450Z[0m [32m INFO[0m [SCANNER] signals=9687 settles=6 cl=5781 bn=2372 whales=0 markets=0 books=96 | http://0.0.0.0:8080
[2m2026-03-14T21:29:23.076529Z[0m [32m INFO[0m [SCANNER] signals=9687 settles=6 cl=5879 bn=2406 whales=0 markets=0 books=96 | http://0.0.0.0:8080
[2m2026-03-14T21:30:20.732077Z[0m [32m INFO[0m [DISCOVER] New market: btc-updown-5m-1773523800
[2m2026-03-14T21:30:21.232480Z[0m [32m INFO[0m [DISCOVER] New market: btc-updown-15m-1773523800
[2m2026-03-14T21:30:22.733864Z[0m [32m INFO[0m [DISCOVER] New market: eth-updown-5m-1773523800
[2m2026-03-14T21:30:23.234992Z[0m [32m INFO[0m [DISCOVER] New market: eth-updown-15m-1773523800
[2m2026-03-14T21:30:24.747140Z[0m [32m INFO[0m [DISCOVER] New market: sol-updown-5m-1773523800
[2m2026-03-14T21:30:25.255850Z[0m [32m INFO[0m [DISCOVER] New market: sol-updown-15m-1773523800
[2m2026-03-14T21:30:26.244349Z[0m [33m WARN[0m [OPEN] eth-updown-5m-1773523800 skipped: joined 20s late (grace=5s), CL has drifted
[2m2026-03-14T21:30:26.244407Z[0m [33m WARN[0m [OPEN] btc-updown-15m-1773523800 skipped: joined 20s late (grace=15s), CL has drifted
[2m2026-03-14T21:30:26.244416Z[0m [33m WARN[0m [OPEN] sol-updown-5m-1773523800 skipped: joined 20s late (grace=5s), CL has drifted
[2m2026-03-14T21:30:26.244419Z[0m [33m WARN[0m [OPEN] eth-updown-15m-1773523800 skipped: joined 20s late (grace=15s), CL has drifted
[2m2026-03-14T21:30:26.244422Z[0m [33m WARN[0m [OPEN] btc-updown-5m-1773523800 skipped: joined 20s late (grace=5s), CL has drifted
[2m2026-03-14T21:30:26.244426Z[0m [33m WARN[0m [OPEN] sol-updown-15m-1773523800 skipped: joined 20s late (grace=15s), CL has drifted
[2m2026-03-14T21:30:26.244448Z[0m [32m INFO[0m [SCANNER] signals=9687 settles=6 cl=5987 bn=2441 whales=0 markets=0 books=96 | http://0.0.0.0:8080
[2m2026-03-14T21:31:23.397125Z[0m [32m INFO[0m [SCANNER] signals=9687 settles=6 cl=6094 bn=2480 whales=0 markets=0 books=108 | http://0.0.0.0:8080
[2m2026-03-14T21:32:21.038839Z[0m [32m INFO[0m [PRUNE] Removed 6 expired markets
[2m2026-03-14T21:32:23.563094Z[0m [32m INFO[0m [SCANNER] signals=9687 settles=6 cl=6186 bn=2517 whales=0 markets=0 books=108 | http://0.0.0.0:8080
[2m2026-03-14T21:32:51.684565Z[0m [32m INFO[0m [WHALE] Leaderboard loaded from https://data-api.polymarket.com/v1/leaderboard?category=CRYPTO&orderBy=PNL&limit=50 (50 entries)
[2m2026-03-14T21:32:51.684840Z[0m [32m INFO[0m [WHALE] Tracking 50 wallets (top by PNL)
[2m2026-03-14T21:33:23.746130Z[0m [32m INFO[0m [SCANNER] signals=9687 settles=6 cl=6283 bn=2552 whales=0 markets=0 books=108 | http://0.0.0.0:8080
[2m2026-03-14T21:34:23.907787Z[0m [32m INFO[0m [SCANNER] signals=9687 settles=6 cl=6341 bn=2572 whales=0 markets=0 books=108 | http://0.0.0.0:8080
[2m2026-03-14T21:35:21.562349Z[0m [32m INFO[0m [DISCOVER] New market: btc-updown-5m-1773524100
[2m2026-03-14T21:35:23.068906Z[0m [32m INFO[0m [DISCOVER] New market: eth-updown-5m-1773524100
[2m2026-03-14T21:35:24.571123Z[0m [32m INFO[0m [DISCOVER] New market: sol-updown-5m-1773524100
[2m2026-03-14T21:35:25.574416Z[0m [33m WARN[0m [OPEN] sol-updown-5m-1773524100 skipped: joined 21s late (grace=5s), CL has drifted
[2m2026-03-14T21:35:25.574452Z[0m [33m WARN[0m [OPEN] btc-updown-5m-1773524100 skipped: joined 21s late (grace=5s), CL has drifted
[2m2026-03-14T21:35:25.574455Z[0m [33m WARN[0m [OPEN] eth-updown-5m-1773524100 skipped: joined 21s late (grace=5s), CL has drifted
[2m2026-03-14T21:35:25.574459Z[0m [32m INFO[0m [SCANNER] signals=9687 settles=6 cl=6427 bn=2604 whales=0 markets=0 books=108 | http://0.0.0.0:8080
[2m2026-03-14T21:36:24.236931Z[0m [32m INFO[0m [SCANNER] signals=9687 settles=6 cl=6483 bn=2634 whales=0 markets=0 books=114 | http://0.0.0.0:8080
[2m2026-03-14T21:37:21.870295Z[0m [32m INFO[0m [PRUNE] Removed 3 expired markets
[2m2026-03-14T21:37:24.392617Z[0m [32m INFO[0m [SCANNER] signals=9687 settles=6 cl=6547 bn=2668 whales=0 markets=0 books=114 | http://0.0.0.0:8080
[2m2026-03-14T21:37:54.461350Z[0m [32m INFO[0m [WHALE] Leaderboard loaded from https://data-api.polymarket.com/v1/leaderboard?category=CRYPTO&orderBy=PNL&limit=50 (50 entries)
[2m2026-03-14T21:37:54.461577Z[0m [32m INFO[0m [WHALE] Tracking 50 wallets (top by PNL)
[2m2026-03-14T21:38:24.575587Z[0m [32m INFO[0m [SCANNER] signals=9687 settles=6 cl=6648 bn=2711 whales=0 markets=0 books=114 | http://0.0.0.0:8080
[2m2026-03-14T21:39:00.646710Z[0m [31mERROR[0m [CL] WebSocket error: IO error: Connection reset by peer (os error 104)
[2m2026-03-14T21:39:00.648382Z[0m [33m WARN[0m [CL] Feed closed cleanly, reconnecting...
[2m2026-03-14T21:39:05.649742Z[0m [32m INFO[0m [CL] Connecting to wss://ws-live-data.polymarket.com
[2m2026-03-14T21:39:22.119579Z[0m [31mERROR[0m [CL] Feed error: CL WS connect failed, reconnecting in 5s
[2m2026-03-14T21:39:27.120947Z[0m [32m INFO[0m [CL] Connecting to wss://ws-live-data.polymarket.com
[2m2026-03-14T21:39:29.015956Z[0m [32m INFO[0m [CL] Feed connected
[2m2026-03-14T21:39:30.278167Z[0m [32m INFO[0m [SCANNER] signals=9687 settles=6 cl=6706 bn=2732 whales=0 markets=0 books=114 | http://0.0.0.0:8080
[2m2026-03-14T21:40:22.418349Z[0m [32m INFO[0m [DISCOVER] New market: btc-updown-5m-1773524400
[2m2026-03-14T21:40:23.935322Z[0m [32m INFO[0m [DISCOVER] New market: eth-updown-5m-1773524400
[2m2026-03-14T21:40:24.018097Z[0m [31mERROR[0m [CL] WebSocket error: IO error: Connection reset by peer (os error 104)
[2m2026-03-14T21:40:24.019296Z[0m [33m WARN[0m [CL] Feed closed cleanly, reconnecting...
[2m2026-03-14T21:40:25.426805Z[0m [32m INFO[0m [DISCOVER] New market: sol-updown-5m-1773524400
[2m2026-03-14T21:40:26.577147Z[0m [33m WARN[0m [OPEN] sol-updown-5m-1773524400 skipped: joined 22s late (grace=5s), CL has drifted
[2m2026-03-14T21:40:26.577180Z[0m [33m WARN[0m [OPEN] btc-updown-5m-1773524400 skipped: joined 22s late (grace=5s), CL has drifted
[2m2026-03-14T21:40:26.577182Z[0m [33m WARN[0m [OPEN] eth-updown-5m-1773524400 skipped: joined 22s late (grace=5s), CL has drifted
[2m2026-03-14T21:40:26.577185Z[0m [32m INFO[0m [SCANNER] signals=9687 settles=6 cl=6801 bn=2774 whales=0 markets=0 books=114 | http://0.0.0.0:8080
[2m2026-03-14T21:40:29.019796Z[0m [32m INFO[0m [CL] Connecting to wss://ws-live-data.polymarket.com
[2m2026-03-14T21:40:29.161628Z[0m [32m INFO[0m [CL] Feed connected
[2m2026-03-14T21:41:25.234998Z[0m [32m INFO[0m [SCANNER] signals=9687 settles=6 cl=6914 bn=2812 whales=0 markets=0 books=120 | http://0.0.0.0:8080
[2m2026-03-14T21:42:22.873020Z[0m [32m INFO[0m [PRUNE] Removed 3 expired markets
[2m2026-03-14T21:42:25.393910Z[0m [32m INFO[0m [SCANNER] signals=9687 settles=6 cl=7051 bn=2866 whales=0 markets=0 books=120 | http://0.0.0.0:8080
[2m2026-03-14T21:42:57.269794Z[0m [32m INFO[0m [WHALE] Leaderboard loaded from https://data-api.polymarket.com/v1/leaderboard?category=CRYPTO&orderBy=PNL&limit=50 (50 entries)
[2m2026-03-14T21:42:57.270015Z[0m [32m INFO[0m [WHALE] Tracking 50 wallets (top by PNL)
[2m2026-03-14T21:43:25.580375Z[0m [32m INFO[0m [SCANNER] signals=9687 settles=6 cl=7136 bn=2909 whales=0 markets=0 books=120 | http://0.0.0.0:8080
[2m2026-03-14T21:44:25.741714Z[0m [32m INFO[0m [SCANNER] signals=9687 settles=6 cl=7243 bn=2960 whales=0 markets=0 books=120 | http://0.0.0.0:8080
[2m2026-03-14T21:45:23.389204Z[0m [32m INFO[0m [DISCOVER] New market: btc-updown-5m-1773524700
[2m2026-03-14T21:45:23.888112Z[0m [32m INFO[0m [DISCOVER] New market: btc-updown-15m-1773524700
[2m2026-03-14T21:45:25.390096Z[0m [32m INFO[0m [DISCOVER] New market: eth-updown-5m-1773524700
[2m2026-03-14T21:45:25.893127Z[0m [32m INFO[0m [DISCOVER] New market: eth-updown-15m-1773524700
[2m2026-03-14T21:45:27.396443Z[0m [32m INFO[0m [DISCOVER] New market: sol-updown-5m-1773524700
[2m2026-03-14T21:45:27.895056Z[0m [32m INFO[0m [DISCOVER] New market: sol-updown-15m-1773524700
[2m2026-03-14T21:45:28.897426Z[0m [33m WARN[0m [OPEN] eth-updown-15m-1773524700 skipped: joined 23s late (grace=15s), CL has drifted
[2m2026-03-14T21:45:28.897462Z[0m [33m WARN[0m [OPEN] sol-updown-5m-1773524700 skipped: joined 23s late (grace=5s), CL has drifted
[2m2026-03-14T21:45:28.897467Z[0m [33m WARN[0m [OPEN] btc-updown-15m-1773524700 skipped: joined 23s late (grace=15s), CL has drifted
[2m2026-03-14T21:45:28.897470Z[0m [33m WARN[0m [OPEN] btc-updown-5m-1773524700 skipped: joined 23s late (grace=5s), CL has drifted
[2m2026-03-14T21:45:28.897473Z[0m [33m WARN[0m [OPEN] eth-updown-5m-1773524700 skipped: joined 23s late (grace=5s), CL has drifted
[2m2026-03-14T21:45:28.897476Z[0m [33m WARN[0m [OPEN] sol-updown-15m-1773524700 skipped: joined 23s late (grace=15s), CL has drifted
[2m2026-03-14T21:45:28.897481Z[0m [32m INFO[0m [SCANNER] signals=9687 settles=6 cl=7380 bn=3030 whales=0 markets=0 books=120 | http://0.0.0.0:8080
[2m2026-03-14T21:46:26.049987Z[0m [32m INFO[0m [SCANNER] signals=9687 settles=6 cl=7497 bn=3085 whales=0 markets=0 books=132 | http://0.0.0.0:8080
[2m2026-03-14T21:47:23.701099Z[0m [32m INFO[0m [PRUNE] Removed 6 expired markets
[2m2026-03-14T21:47:26.223259Z[0m [32m INFO[0m [SCANNER] signals=9687 settles=6 cl=7608 bn=3114 whales=0 markets=0 books=132 | http://0.0.0.0:8080
[2m2026-03-14T21:48:02.638800Z[0m [32m INFO[0m [WHALE] Leaderboard loaded from https://data-api.polymarket.com/v1/leaderboard?category=CRYPTO&orderBy=PNL&limit=50 (50 entries)
[2m2026-03-14T21:48:02.639159Z[0m [32m INFO[0m [WHALE] Tracking 50 wallets (top by PNL)
[2m2026-03-14T21:48:26.414773Z[0m [32m INFO[0m [SCANNER] signals=9687 settles=6 cl=7684 bn=3152 whales=0 markets=0 books=132 | http://0.0.0.0:8080
[2m2026-03-14T21:49:19.855725Z[0m [31mERROR[0m [CL] WebSocket error: IO error: Connection reset by peer (os error 104)
[2m2026-03-14T21:49:19.857208Z[0m [33m WARN[0m [CL] Feed closed cleanly, reconnecting...
[2m2026-03-14T21:49:24.858394Z[0m [32m INFO[0m [CL] Connecting to wss://ws-live-data.polymarket.com
[2m2026-03-14T21:49:25.008982Z[0m [32m INFO[0m [CL] Feed connected
[2m2026-03-14T21:49:26.580176Z[0m [32m INFO[0m [SCANNER] signals=9687 settles=6 cl=7798 bn=3217 whales=0 markets=0 books=132 | http://0.0.0.0:8080
[2m2026-03-14T21:50:24.244689Z[0m [32m INFO[0m [DISCOVER] New market: btc-updown-5m-1773525000
[2m2026-03-14T21:50:25.747820Z[0m [32m INFO[0m [DISCOVER] New market: eth-updown-5m-1773525000
[2m2026-03-14T21:50:27.266878Z[0m [32m INFO[0m [DISCOVER] New market: sol-updown-5m-1773525000
[2m2026-03-14T21:50:28.252691Z[0m [33m WARN[0m [OPEN] eth-updown-5m-1773525000 skipped: joined 24s late (grace=5s), CL has drifted
[2m2026-03-14T21:50:28.252732Z[0m [33m WARN[0m [OPEN] sol-updown-5m-1773525000 skipped: joined 24s late (grace=5s), CL has drifted
[2m2026-03-14T21:50:28.252736Z[0m [33m WARN[0m [OPEN] btc-updown-5m-1773525000 skipped: joined 24s late (grace=5s), CL has drifted
[2m2026-03-14T21:50:28.252741Z[0m [32m INFO[0m [SCANNER] signals=9687 settles=6 cl=7926 bn=3247 whales=0 markets=0 books=132 | http://0.0.0.0:8080
[2m2026-03-14T21:51:26.913519Z[0m [32m INFO[0m [SCANNER] signals=9687 settles=6 cl=8037 bn=3288 whales=0 markets=0 books=138 | http://0.0.0.0:8080
[2m2026-03-14T21:52:24.551114Z[0m [32m INFO[0m [PRUNE] Removed 3 expired markets
[2m2026-03-14T21:52:27.071431Z[0m [32m INFO[0m [SCANNER] signals=9687 settles=6 cl=8158 bn=3325 whales=0 markets=0 books=138 | http://0.0.0.0:8080
[2m2026-03-14T21:53:05.920307Z[0m [32m INFO[0m [WHALE] Leaderboard loaded from https://data-api.polymarket.com/v1/leaderboard?category=CRYPTO&orderBy=PNL&limit=50 (50 entries)
[2m2026-03-14T21:53:05.920549Z[0m [32m INFO[0m [WHALE] Tracking 50 wallets (top by PNL)
[2m2026-03-14T21:53:27.271304Z[0m [32m INFO[0m [SCANNER] signals=9687 settles=6 cl=8294 bn=3393 whales=0 markets=0 books=138 | http://0.0.0.0:8080
[2m2026-03-14T21:54:27.439027Z[0m [32m INFO[0m [SCANNER] signals=9687 settles=6 cl=8410 bn=3452 whales=0 markets=0 books=138 | http://0.0.0.0:8080
[2m2026-03-14T21:55:25.093911Z[0m [32m INFO[0m [DISCOVER] New market: btc-updown-5m-1773525300
[2m2026-03-14T21:55:26.598139Z[0m [32m INFO[0m [DISCOVER] New market: eth-updown-5m-1773525300
[2m2026-03-14T21:55:28.101862Z[0m [32m INFO[0m [DISCOVER] New market: sol-updown-5m-1773525300
[2m2026-03-14T21:55:29.110003Z[0m [33m WARN[0m [OPEN] eth-updown-5m-1773525300 skipped: joined 25s late (grace=5s), CL has drifted
[2m2026-03-14T21:55:29.110039Z[0m [33m WARN[0m [OPEN] sol-updown-5m-1773525300 skipped: joined 25s late (grace=5s), CL has drifted
[2m2026-03-14T21:55:29.110043Z[0m [33m WARN[0m [OPEN] btc-updown-5m-1773525300 skipped: joined 25s late (grace=5s), CL has drifted
[2m2026-03-14T21:55:29.110047Z[0m [32m INFO[0m [SCANNER] signals=9687 settles=6 cl=8549 bn=3538 whales=0 markets=0 books=138 | http://0.0.0.0:8080
[2m2026-03-14T21:56:27.783173Z[0m [32m INFO[0m [SCANNER] signals=9687 settles=6 cl=8664 bn=3585 whales=0 markets=0 books=144 | http://0.0.0.0:8080
[2m2026-03-14T21:57:25.433369Z[0m [32m INFO[0m [PRUNE] Removed 3 expired markets
[2m2026-03-14T21:57:27.955546Z[0m [32m INFO[0m [SCANNER] signals=9687 settles=6 cl=8809 bn=3630 whales=0 markets=0 books=144 | http://0.0.0.0:8080
[2m2026-03-14T21:58:08.652086Z[0m [32m INFO[0m [WHALE] Leaderboard loaded from https://data-api.polymarket.com/v1/leaderboard?category=CRYPTO&orderBy=PNL&limit=50 (50 entries)
[2m2026-03-14T21:58:08.652358Z[0m [32m INFO[0m [WHALE] Tracking 50 wallets (top by PNL)
[2m2026-03-14T21:58:28.154689Z[0m [32m INFO[0m [SCANNER] signals=9687 settles=6 cl=8933 bn=3677 whales=0 markets=0 books=144 | http://0.0.0.0:8080
[2m2026-03-14T21:59:28.331502Z[0m [32m INFO[0m [SCANNER] signals=9687 settles=6 cl=9051 bn=3725 whales=0 markets=0 books=144 | http://0.0.0.0:8080
[2m2026-03-14T22:00:25.986250Z[0m [32m INFO[0m [DISCOVER] New market: btc-updown-5m-1773525600
[2m2026-03-14T22:00:26.491073Z[0m [32m INFO[0m [DISCOVER] New market: btc-updown-15m-1773525600
[2m2026-03-14T22:00:27.992724Z[0m [32m INFO[0m [DISCOVER] New market: eth-updown-5m-1773525600
[2m2026-03-14T22:00:28.499519Z[0m [32m INFO[0m [DISCOVER] New market: eth-updown-15m-1773525600
[2m2026-03-14T22:00:29.999524Z[0m [32m INFO[0m [DISCOVER] New market: sol-updown-5m-1773525600
[2m2026-03-14T22:00:30.499578Z[0m [32m INFO[0m [DISCOVER] New market: sol-updown-15m-1773525600
[2m2026-03-14T22:00:31.502900Z[0m [33m WARN[0m [OPEN] sol-updown-5m-1773525600 skipped: joined 25s late (grace=5s), CL has drifted
[2m2026-03-14T22:00:31.502937Z[0m [33m WARN[0m [OPEN] sol-updown-15m-1773525600 skipped: joined 25s late (grace=15s), CL has drifted
[2m2026-03-14T22:00:31.502944Z[0m [33m WARN[0m [OPEN] btc-updown-15m-1773525600 skipped: joined 25s late (grace=15s), CL has drifted
[2m2026-03-14T22:00:31.502947Z[0m [33m WARN[0m [OPEN] btc-updown-5m-1773525600 skipped: joined 25s late (grace=5s), CL has drifted
[2m2026-03-14T22:00:31.502951Z[0m [33m WARN[0m [OPEN] eth-updown-15m-1773525600 skipped: joined 25s late (grace=15s), CL has drifted
[2m2026-03-14T22:00:31.502954Z[0m [33m WARN[0m [OPEN] eth-updown-5m-1773525600 skipped: joined 25s late (grace=5s), CL has drifted
[2m2026-03-14T22:00:31.502959Z[0m [32m INFO[0m [SCANNER] signals=9687 settles=6 cl=9182 bn=3809 whales=0 markets=0 books=144 | http://0.0.0.0:8080
[2m2026-03-14T22:01:28.652795Z[0m [32m INFO[0m [SCANNER] signals=9687 settles=6 cl=9317 bn=3864 whales=0 markets=0 books=156 | http://0.0.0.0:8080
[2m2026-03-14T22:02:26.287326Z[0m [32m INFO[0m [PRUNE] Removed 6 expired markets
[2m2026-03-14T22:02:28.813822Z[0m [32m INFO[0m [SCANNER] signals=9687 settles=6 cl=9468 bn=3935 whales=0 markets=0 books=156 | http://0.0.0.0:8080
[2m2026-03-14T22:03:14.240233Z[0m [32m INFO[0m [WHALE] Leaderboard loaded from https://data-api.polymarket.com/v1/leaderboard?category=CRYPTO&orderBy=PNL&limit=50 (50 entries)
[2m2026-03-14T22:03:14.240508Z[0m [32m INFO[0m [WHALE] Tracking 50 wallets (top by PNL)
[2m2026-03-14T22:03:29.014894Z[0m [32m INFO[0m [SCANNER] signals=9687 settles=6 cl=9603 bn=3998 whales=0 markets=0 books=156 | http://0.0.0.0:8080
[2m2026-03-14T22:04:29.178438Z[0m [32m INFO[0m [SCANNER] signals=9687 settles=6 cl=9743 bn=4077 whales=0 markets=0 books=156 | http://0.0.0.0:8080
[2m2026-03-14T22:05:26.831662Z[0m [32m INFO[0m [DISCOVER] New market: btc-updown-5m-1773525900
[2m2026-03-14T22:05:28.332106Z[0m [32m INFO[0m [DISCOVER] New market: eth-updown-5m-1773525900
[2m2026-03-14T22:05:29.837064Z[0m [32m INFO[0m [DISCOVER] New market: sol-updown-5m-1773525900
[2m2026-03-14T22:05:30.852472Z[0m [33m WARN[0m [OPEN] sol-updown-5m-1773525900 skipped: joined 26s late (grace=5s), CL has drifted
[2m2026-03-14T22:05:30.852511Z[0m [33m WARN[0m [OPEN] eth-updown-5m-1773525900 skipped: joined 26s late (grace=5s), CL has drifted
[2m2026-03-14T22:05:30.852516Z[0m [33m WARN[0m [OPEN] btc-updown-5m-1773525900 skipped: joined 26s late (grace=5s), CL has drifted
[2m2026-03-14T22:05:30.852521Z[0m [32m INFO[0m [SCANNER] signals=9687 settles=6 cl=9876 bn=4126 whales=0 markets=0 books=156 | http://0.0.0.0:8080
[2m2026-03-14T22:06:29.509859Z[0m [32m INFO[0m [SCANNER] signals=9687 settles=6 cl=10000 bn=4161 whales=0 markets=0 books=162 | http://0.0.0.0:8080
[2m2026-03-14T22:07:27.149809Z[0m [32m INFO[0m [PRUNE] Removed 3 expired markets
[2m2026-03-14T22:07:29.674094Z[0m [32m INFO[0m [SCANNER] signals=9687 settles=6 cl=10112 bn=4204 whales=0 markets=0 books=162 | http://0.0.0.0:8080
[2m2026-03-14T22:08:17.567602Z[0m [32m INFO[0m [WHALE] Leaderboard loaded from https://data-api.polymarket.com/v1/leaderboard?category=CRYPTO&orderBy=PNL&limit=50 (50 entries)
[2m2026-03-14T22:08:17.567911Z[0m [32m INFO[0m [WHALE] Tracking 50 wallets (top by PNL)
[2m2026-03-14T22:08:29.912957Z[0m [32m INFO[0m [SCANNER] signals=9687 settles=6 cl=10245 bn=4254 whales=0 markets=0 books=162 | http://0.0.0.0:8080
[2m2026-03-14T22:09:30.081209Z[0m [32m INFO[0m [SCANNER] signals=9687 settles=6 cl=10363 bn=4294 whales=0 markets=0 books=162 | http://0.0.0.0:8080
[2m2026-03-14T22:10:27.749029Z[0m [32m INFO[0m [DISCOVER] New market: btc-updown-5m-1773526200
[2m2026-03-14T22:10:29.239047Z[0m [32m INFO[0m [DISCOVER] New market: eth-updown-5m-1773526200
[2m2026-03-14T22:10:30.744052Z[0m [32m INFO[0m [DISCOVER] New market: sol-updown-5m-1773526200
[2m2026-03-14T22:10:31.758586Z[0m [33m WARN[0m [OPEN] eth-updown-5m-1773526200 skipped: joined 27s late (grace=5s), CL has drifted
[2m2026-03-14T22:10:31.758626Z[0m [33m WARN[0m [OPEN] sol-updown-5m-1773526200 skipped: joined 27s late (grace=5s), CL has drifted
[2m2026-03-14T22:10:31.758631Z[0m [33m WARN[0m [OPEN] btc-updown-5m-1773526200 skipped: joined 27s late (grace=5s), CL has drifted
[2m2026-03-14T22:10:31.758636Z[0m [32m INFO[0m [SCANNER] signals=9687 settles=6 cl=10487 bn=4332 whales=0 markets=0 books=162 | http://0.0.0.0:8080
[2m2026-03-14T22:11:30.416199Z[0m [32m INFO[0m [SCANNER] signals=9687 settles=6 cl=10573 bn=4360 whales=0 markets=0 books=168 | http://0.0.0.0:8080
[2m2026-03-14T22:12:28.070442Z[0m [32m INFO[0m [PRUNE] Removed 3 expired markets
[2m2026-03-14T22:12:30.598925Z[0m [32m INFO[0m [SCANNER] signals=9687 settles=6 cl=10657 bn=4401 whales=0 markets=0 books=168 | http://0.0.0.0:8080
[2m2026-03-14T22:13:20.988736Z[0m [32m INFO[0m [WHALE] Leaderboard loaded from https://data-api.polymarket.com/v1/leaderboard?category=CRYPTO&orderBy=PNL&limit=50 (50 entries)
[2m2026-03-14T22:13:20.988972Z[0m [32m INFO[0m [WHALE] Tracking 50 wallets (top by PNL)
[2m2026-03-14T22:13:30.795083Z[0m [32m INFO[0m [SCANNER] signals=9687 settles=6 cl=10749 bn=4432 whales=0 markets=0 books=168 | http://0.0.0.0:8080
[2m2026-03-14T22:14:30.963927Z[0m [32m INFO[0m [SCANNER] signals=9687 settles=6 cl=10833 bn=4476 whales=0 markets=0 books=168 | http://0.0.0.0:8080
[2m2026-03-14T22:15:28.615966Z[0m [32m INFO[0m [DISCOVER] New market: btc-updown-5m-1773526500
[2m2026-03-14T22:15:29.112006Z[0m [32m INFO[0m [DISCOVER] New market: btc-updown-15m-1773526500
[2m2026-03-14T22:15:30.616072Z[0m [32m INFO[0m [DISCOVER] New market: eth-updown-5m-1773526500
[2m2026-03-14T22:15:31.112564Z[0m [32m INFO[0m [DISCOVER] New market: eth-updown-15m-1773526500
[2m2026-03-14T22:15:32.617218Z[0m [32m INFO[0m [DISCOVER] New market: sol-updown-5m-1773526500
[2m2026-03-14T22:15:33.119011Z[0m [32m INFO[0m [DISCOVER] New market: sol-updown-15m-1773526500
[2m2026-03-14T22:15:34.121920Z[0m [33m WARN[0m [OPEN] sol-updown-5m-1773526500 skipped: joined 28s late (grace=5s), CL has drifted
[2m2026-03-14T22:15:34.121960Z[0m [33m WARN[0m [OPEN] eth-updown-15m-1773526500 skipped: joined 28s late (grace=15s), CL has drifted
[2m2026-03-14T22:15:34.121964Z[0m [33m WARN[0m [OPEN] sol-updown-15m-1773526500 skipped: joined 28s late (grace=15s), CL has drifted
[2m2026-03-14T22:15:34.121968Z[0m [33m WARN[0m [OPEN] btc-updown-5m-1773526500 skipped: joined 28s late (grace=5s), CL has drifted
[2m2026-03-14T22:15:34.121970Z[0m [33m WARN[0m [OPEN] eth-updown-5m-1773526500 skipped: joined 28s late (grace=5s), CL has drifted
[2m2026-03-14T22:15:34.121972Z[0m [33m WARN[0m [OPEN] btc-updown-15m-1773526500 skipped: joined 28s late (grace=15s), CL has drifted
[2m2026-03-14T22:15:34.121976Z[0m [32m INFO[0m [SCANNER] signals=9687 settles=6 cl=10948 bn=4536 whales=0 markets=0 books=168 | http://0.0.0.0:8080
[2m2026-03-14T22:16:31.272549Z[0m [32m INFO[0m [SCANNER] signals=9687 settles=6 cl=11065 bn=4574 whales=0 markets=0 books=180 | http://0.0.0.0:8080
[2m2026-03-14T22:17:28.918531Z[0m [32m INFO[0m [PRUNE] Removed 6 expired markets
[2m2026-03-14T22:17:31.440130Z[0m [32m INFO[0m [SCANNER] signals=9687 settles=6 cl=11170 bn=4621 whales=0 markets=0 books=180 | http://0.0.0.0:8080
[2m2026-03-14T22:18:26.419983Z[0m [32m INFO[0m [WHALE] Leaderboard loaded from https://data-api.polymarket.com/v1/leaderboard?category=CRYPTO&orderBy=PNL&limit=50 (50 entries)
[2m2026-03-14T22:18:26.420278Z[0m [32m INFO[0m [WHALE] Tracking 50 wallets (top by PNL)
[2m2026-03-14T22:18:31.620303Z[0m [32m INFO[0m [SCANNER] signals=9687 settles=6 cl=11298 bn=4663 whales=0 markets=0 books=180 | http://0.0.0.0:8080
[2m2026-03-14T22:19:31.785999Z[0m [32m INFO[0m [SCANNER] signals=9687 settles=6 cl=11411 bn=4706 whales=0 markets=0 books=180 | http://0.0.0.0:8080
[2m2026-03-14T22:20:29.442057Z[0m [32m INFO[0m [DISCOVER] New market: btc-updown-5m-1773526800
[2m2026-03-14T22:20:30.949260Z[0m [32m INFO[0m [DISCOVER] New market: eth-updown-5m-1773526800
[2m2026-03-14T22:20:32.445577Z[0m [32m INFO[0m [DISCOVER] New market: sol-updown-5m-1773526800
[2m2026-03-14T22:20:33.450468Z[0m [33m WARN[0m [OPEN] btc-updown-5m-1773526800 skipped: joined 29s late (grace=5s), CL has drifted
[2m2026-03-14T22:20:33.450507Z[0m [33m WARN[0m [OPEN] eth-updown-5m-1773526800 skipped: joined 29s late (grace=5s), CL has drifted
[2m2026-03-14T22:20:33.450511Z[0m [33m WARN[0m [OPEN] sol-updown-5m-1773526800 skipped: joined 29s late (grace=5s), CL has drifted
[2m2026-03-14T22:20:33.450516Z[0m [32m INFO[0m [SCANNER] signals=9687 settles=6 cl=11517 bn=4750 whales=0 markets=0 books=180 | http://0.0.0.0:8080
[2m2026-03-14T22:21:32.106812Z[0m [32m INFO[0m [SCANNER] signals=9687 settles=6 cl=11613 bn=4782 whales=0 markets=0 books=186 | http://0.0.0.0:8080
[2m2026-03-14T22:22:29.746235Z[0m [32m INFO[0m [PRUNE] Removed 3 expired markets
[2m2026-03-14T22:22:32.269230Z[0m [32m INFO[0m [SCANNER] signals=9687 settles=6 cl=11725 bn=4806 whales=0 markets=0 books=186 | http://0.0.0.0:8080
[2m2026-03-14T22:23:29.647324Z[0m [32m INFO[0m [WHALE] Leaderboard loaded from https://data-api.polymarket.com/v1/leaderboard?category=CRYPTO&orderBy=PNL&limit=50 (50 entries)
[2m2026-03-14T22:23:29.647645Z[0m [32m INFO[0m [WHALE] Tracking 50 wallets (top by PNL)
[2m2026-03-14T22:23:32.455325Z[0m [32m INFO[0m [SCANNER] signals=9687 settles=6 cl=11814 bn=4837 whales=0 markets=0 books=186 | http://0.0.0.0:8080
[2m2026-03-14T22:24:32.626511Z[0m [32m INFO[0m [SCANNER] signals=9687 settles=6 cl=11922 bn=4875 whales=0 markets=0 books=186 | http://0.0.0.0:8080
[2m2026-03-14T22:25:30.291651Z[0m [32m INFO[0m [DISCOVER] New market: btc-updown-5m-1773527100
[2m2026-03-14T22:25:31.797117Z[0m [32m INFO[0m [DISCOVER] New market: eth-updown-5m-1773527100
[2m2026-03-14T22:25:33.298352Z[0m [32m INFO[0m [DISCOVER] New market: sol-updown-5m-1773527100
[2m2026-03-14T22:25:34.301365Z[0m [33m WARN[0m [OPEN] btc-updown-5m-1773527100 skipped: joined 30s late (grace=5s), CL has drifted
[2m2026-03-14T22:25:34.301401Z[0m [33m WARN[0m [OPEN] eth-updown-5m-1773527100 skipped: joined 30s late (grace=5s), CL has drifted
[2m2026-03-14T22:25:34.301405Z[0m [33m WARN[0m [OPEN] sol-updown-5m-1773527100 skipped: joined 30s late (grace=5s), CL has drifted
[2m2026-03-14T22:25:34.301411Z[0m [32m INFO[0m [SCANNER] signals=9687 settles=6 cl=12044 bn=4936 whales=0 markets=0 books=186 | http://0.0.0.0:8080
[2m2026-03-14T22:26:32.967727Z[0m [32m INFO[0m [SCANNER] signals=9687 settles=6 cl=12151 bn=4985 whales=0 markets=0 books=192 | http://0.0.0.0:8080
[2m2026-03-14T22:27:30.611468Z[0m [32m INFO[0m [PRUNE] Removed 3 expired markets
[2m2026-03-14T22:27:33.135351Z[0m [32m INFO[0m [SCANNER] signals=9687 settles=6 cl=12249 bn=5026 whales=0 markets=0 books=192 | http://0.0.0.0:8080
[2m2026-03-14T22:28:32.978902Z[0m [32m INFO[0m [WHALE] Leaderboard loaded from https://data-api.polymarket.com/v1/leaderboard?category=CRYPTO&orderBy=PNL&limit=50 (50 entries)
[2m2026-03-14T22:28:32.979205Z[0m [32m INFO[0m [WHALE] Tracking 50 wallets (top by PNL)
[2m2026-03-14T22:28:33.325918Z[0m [32m INFO[0m [SCANNER] signals=9687 settles=6 cl=12366 bn=5063 whales=0 markets=0 books=192 | http://0.0.0.0:8080
[2m2026-03-14T22:29:33.487009Z[0m [32m INFO[0m [SCANNER] signals=9687 settles=6 cl=12477 bn=5105 whales=0 markets=0 books=192 | http://0.0.0.0:8080
[2m2026-03-14T22:30:31.152571Z[0m [32m INFO[0m [DISCOVER] New market: btc-updown-5m-1773527400
[2m2026-03-14T22:30:31.657290Z[0m [32m INFO[0m [DISCOVER] New market: btc-updown-15m-1773527400
[2m2026-03-14T22:30:33.169067Z[0m [32m INFO[0m [DISCOVER] New market: eth-updown-5m-1773527400
[2m2026-03-14T22:30:33.663734Z[0m [32m INFO[0m [DISCOVER] New market: eth-updown-15m-1773527400
[2m2026-03-14T22:30:35.159513Z[0m [32m INFO[0m [DISCOVER] New market: sol-updown-5m-1773527400
[2m2026-03-14T22:30:35.703766Z[0m [32m INFO[0m [DISCOVER] New market: sol-updown-15m-1773527400
[2m2026-03-14T22:30:36.659387Z[0m [33m WARN[0m [OPEN] sol-updown-5m-1773527400 skipped: joined 31s late (grace=5s), CL has drifted
[2m2026-03-14T22:30:36.659420Z[0m [33m WARN[0m [OPEN] btc-updown-5m-1773527400 skipped: joined 31s late (grace=5s), CL has drifted
[2m2026-03-14T22:30:36.659444Z[0m [33m WARN[0m [OPEN] btc-updown-15m-1773527400 skipped: joined 31s late (grace=15s), CL has drifted
[2m2026-03-14T22:30:36.659446Z[0m [33m WARN[0m [OPEN] eth-updown-15m-1773527400 skipped: joined 31s late (grace=15s), CL has drifted
[2m2026-03-14T22:30:36.659448Z[0m [33m WARN[0m [OPEN] sol-updown-15m-1773527400 skipped: joined 31s late (grace=15s), CL has drifted
[2m2026-03-14T22:30:36.659450Z[0m [33m WARN[0m [OPEN] eth-updown-5m-1773527400 skipped: joined 31s late (grace=5s), CL has drifted
[2m2026-03-14T22:30:36.659454Z[0m [32m INFO[0m [SCANNER] signals=9687 settles=6 cl=12586 bn=5150 whales=0 markets=0 books=192 | http://0.0.0.0:8080
[2m2026-03-14T22:31:33.815421Z[0m [32m INFO[0m [SCANNER] signals=9687 settles=6 cl=12686 bn=5189 whales=0 markets=0 books=204 | http://0.0.0.0:8080
[2m2026-03-14T22:32:31.457610Z[0m [32m INFO[0m [PRUNE] Removed 6 expired markets
[2m2026-03-14T22:32:33.981322Z[0m [32m INFO[0m [SCANNER] signals=9687 settles=6 cl=12793 bn=5222 whales=0 markets=0 books=204 | http://0.0.0.0:8080
[2m2026-03-14T22:33:34.194673Z[0m [32m INFO[0m [SCANNER] signals=9687 settles=6 cl=12910 bn=5258 whales=0 markets=0 books=204 | http://0.0.0.0:8080
[2m2026-03-14T22:33:38.413728Z[0m [32m INFO[0m [WHALE] Leaderboard loaded from https://data-api.polymarket.com/v1/leaderboard?category=CRYPTO&orderBy=PNL&limit=50 (50 entries)
[2m2026-03-14T22:33:38.413976Z[0m [32m INFO[0m [WHALE] Tracking 50 wallets (top by PNL)
[2m2026-03-14T22:34:34.362789Z[0m [32m INFO[0m [SCANNER] signals=9687 settles=6 cl=13015 bn=5304 whales=0 markets=0 books=204 | http://0.0.0.0:8080
[2m2026-03-14T22:35:32.024604Z[0m [32m INFO[0m [DISCOVER] New market: btc-updown-5m-1773527700
[2m2026-03-14T22:35:33.534227Z[0m [32m INFO[0m [DISCOVER] New market: eth-updown-5m-1773527700
[2m2026-03-14T22:35:35.033818Z[0m [32m INFO[0m [DISCOVER] New market: sol-updown-5m-1773527700
[2m2026-03-14T22:35:36.033726Z[0m [33m WARN[0m [OPEN] sol-updown-5m-1773527700 skipped: joined 32s late (grace=5s), CL has drifted
[2m2026-03-14T22:35:36.033794Z[0m [33m WARN[0m [OPEN] btc-updown-5m-1773527700 skipped: joined 32s late (grace=5s), CL has drifted
[2m2026-03-14T22:35:36.033797Z[0m [33m WARN[0m [OPEN] eth-updown-5m-1773527700 skipped: joined 32s late (grace=5s), CL has drifted
[2m2026-03-14T22:35:36.033801Z[0m [32m INFO[0m [SCANNER] signals=9687 settles=6 cl=13142 bn=5347 whales=0 markets=0 books=204 | http://0.0.0.0:8080
[2m2026-03-14T22:36:34.694007Z[0m [32m INFO[0m [SCANNER] signals=9687 settles=6 cl=13255 bn=5388 whales=0 markets=0 books=210 | http://0.0.0.0:8080
[2m2026-03-14T22:37:32.337314Z[0m [32m INFO[0m [PRUNE] Removed 3 expired markets
[2m2026-03-14T22:37:34.868043Z[0m [32m INFO[0m [SCANNER] signals=9687 settles=6 cl=13402 bn=5442 whales=0 markets=0 books=210 | http://0.0.0.0:8080
[2m2026-03-14T22:38:35.084621Z[0m [32m INFO[0m [SCANNER] signals=9687 settles=6 cl=13503 bn=5476 whales=0 markets=0 books=210 | http://0.0.0.0:8080
[2m2026-03-14T22:38:41.725071Z[0m [32m INFO[0m [WHALE] Leaderboard loaded from https://data-api.polymarket.com/v1/leaderboard?category=CRYPTO&orderBy=PNL&limit=50 (50 entries)
[2m2026-03-14T22:38:41.725325Z[0m [32m INFO[0m [WHALE] Tracking 50 wallets (top by PNL)
[2m2026-03-14T22:39:35.237972Z[0m [32m INFO[0m [SCANNER] signals=9687 settles=6 cl=13600 bn=5513 whales=0 markets=0 books=210 | http://0.0.0.0:8080
[2m2026-03-14T22:40:32.901479Z[0m [32m INFO[0m [DISCOVER] New market: btc-updown-5m-1773528000
[2m2026-03-14T22:40:34.394526Z[0m [32m INFO[0m [DISCOVER] New market: eth-updown-5m-1773528000
[2m2026-03-14T22:40:35.899157Z[0m [32m INFO[0m [DISCOVER] New market: sol-updown-5m-1773528000
[2m2026-03-14T22:40:36.900629Z[0m [33m WARN[0m [OPEN] sol-updown-5m-1773528000 skipped: joined 32s late (grace=5s), CL has drifted
[2m2026-03-14T22:40:36.900666Z[0m [33m WARN[0m [OPEN] eth-updown-5m-1773528000 skipped: joined 32s late (grace=5s), CL has drifted
[2m2026-03-14T22:40:36.900670Z[0m [33m WARN[0m [OPEN] btc-updown-5m-1773528000 skipped: joined 32s late (grace=5s), CL has drifted
[2m2026-03-14T22:40:36.900673Z[0m [32m INFO[0m [SCANNER] signals=9687 settles=6 cl=13707 bn=5555 whales=0 markets=0 books=210 | http://0.0.0.0:8080
[2m2026-03-14T22:41:35.568801Z[0m [32m INFO[0m [SCANNER] signals=9687 settles=6 cl=13799 bn=5585 whales=0 markets=0 books=216 | http://0.0.0.0:8080
[2m2026-03-14T22:42:33.204974Z[0m [32m INFO[0m [PRUNE] Removed 3 expired markets
[2m2026-03-14T22:42:35.728292Z[0m [32m INFO[0m [SCANNER] signals=9687 settles=6 cl=13914 bn=5633 whales=0 markets=0 books=216 | http://0.0.0.0:8080
[2m2026-03-14T22:43:12.154512Z[0m [31mERROR[0m [CL] WebSocket error: IO error: Connection reset by peer (os error 104)
[2m2026-03-14T22:43:12.155693Z[0m [33m WARN[0m [CL] Feed closed cleanly, reconnecting...
[2m2026-03-14T22:43:17.157170Z[0m [32m INFO[0m [CL] Connecting to wss://ws-live-data.polymarket.com
[2m2026-03-14T22:43:18.010198Z[0m [32m INFO[0m [CL] Feed connected
[2m2026-03-14T22:43:35.921864Z[0m [32m INFO[0m [SCANNER] signals=9687 settles=6 cl=13973 bn=5657 whales=0 markets=0 books=216 | http://0.0.0.0:8080
[2m2026-03-14T22:43:45.097445Z[0m [32m INFO[0m [WHALE] Leaderboard loaded from https://data-api.polymarket.com/v1/leaderboard?category=CRYPTO&orderBy=PNL&limit=50 (50 entries)
[2m2026-03-14T22:43:45.097787Z[0m [32m INFO[0m [WHALE] Tracking 50 wallets (top by PNL)
[2m2026-03-14T22:44:36.079397Z[0m [32m INFO[0m [SCANNER] signals=9687 settles=6 cl=14085 bn=5690 whales=0 markets=0 books=216 | http://0.0.0.0:8080
[2m2026-03-14T22:45:33.739849Z[0m [32m INFO[0m [DISCOVER] New market: btc-updown-5m-1773528300
[2m2026-03-14T22:45:34.235451Z[0m [32m INFO[0m [DISCOVER] New market: btc-updown-15m-1773528300
[2m2026-03-14T22:45:35.740627Z[0m [32m INFO[0m [DISCOVER] New market: eth-updown-5m-1773528300
[2m2026-03-14T22:45:36.237250Z[0m [32m INFO[0m [DISCOVER] New market: eth-updown-15m-1773528300
[2m2026-03-14T22:45:37.742458Z[0m [32m INFO[0m [DISCOVER] New market: sol-updown-5m-1773528300
[2m2026-03-14T22:45:38.243146Z[0m [32m INFO[0m [DISCOVER] New market: sol-updown-15m-1773528300
[2m2026-03-14T22:45:39.245484Z[0m [33m WARN[0m [OPEN] eth-updown-5m-1773528300 skipped: joined 33s late (grace=5s), CL has drifted
[2m2026-03-14T22:45:39.245520Z[0m [33m WARN[0m [OPEN] eth-updown-15m-1773528300 skipped: joined 33s late (grace=15s), CL has drifted
[2m2026-03-14T22:45:39.245524Z[0m [33m WARN[0m [OPEN] sol-updown-5m-1773528300 skipped: joined 33s late (grace=5s), CL has drifted
[2m2026-03-14T22:45:39.245528Z[0m [33m WARN[0m [OPEN] btc-updown-15m-1773528300 skipped: joined 33s late (grace=15s), CL has drifted
[2m2026-03-14T22:45:39.245531Z[0m [33m WARN[0m [OPEN] sol-updown-15m-1773528300 skipped: joined 33s late (grace=15s), CL has drifted
[2m2026-03-14T22:45:39.245534Z[0m [33m WARN[0m [OPEN] btc-updown-5m-1773528300 skipped: joined 33s late (grace=5s), CL has drifted
[2m2026-03-14T22:45:39.245539Z[0m [32m INFO[0m [SCANNER] signals=9687 settles=6 cl=14176 bn=5716 whales=0 markets=0 books=216 | http://0.0.0.0:8080
[2m2026-03-14T22:46:36.404544Z[0m [32m INFO[0m [SCANNER] signals=9687 settles=6 cl=14272 bn=5759 whales=0 markets=0 books=228 | http://0.0.0.0:8080
[2m2026-03-14T22:47:34.040499Z[0m [32m INFO[0m [PRUNE] Removed 6 expired markets
[2m2026-03-14T22:47:36.568544Z[0m [32m INFO[0m [SCANNER] signals=9687 settles=6 cl=14336 bn=5802 whales=0 markets=0 books=228 | http://0.0.0.0:8080
[2m2026-03-14T22:48:36.757164Z[0m [32m INFO[0m [SCANNER] signals=9687 settles=6 cl=14461 bn=5850 whales=0 markets=0 books=228 | http://0.0.0.0:8080
[2m2026-03-14T22:48:50.492290Z[0m [32m INFO[0m [WHALE] Leaderboard loaded from https://data-api.polymarket.com/v1/leaderboard?category=CRYPTO&orderBy=PNL&limit=50 (50 entries)
[2m2026-03-14T22:48:50.492620Z[0m [32m INFO[0m [WHALE] Tracking 50 wallets (top by PNL)
[2m2026-03-14T22:49:36.922502Z[0m [32m INFO[0m [SCANNER] signals=9687 settles=6 cl=14574 bn=5887 whales=0 markets=0 books=228 | http://0.0.0.0:8080
[2m2026-03-14T22:50:34.584489Z[0m [32m INFO[0m [DISCOVER] New market: btc-updown-5m-1773528600
[2m2026-03-14T22:50:36.084803Z[0m [32m INFO[0m [DISCOVER] New market: eth-updown-5m-1773528600
[2m2026-03-14T22:50:37.587864Z[0m [32m INFO[0m [DISCOVER] New market: sol-updown-5m-1773528600
[2m2026-03-14T22:50:38.591030Z[0m [33m WARN[0m [OPEN] eth-updown-5m-1773528600 skipped: joined 34s late (grace=5s), CL has drifted
[2m2026-03-14T22:50:38.591062Z[0m [33m WARN[0m [OPEN] sol-updown-5m-1773528600 skipped: joined 34s late (grace=5s), CL has drifted
[2m2026-03-14T22:50:38.591065Z[0m [33m WARN[0m [OPEN] btc-updown-5m-1773528600 skipped: joined 34s late (grace=5s), CL has drifted
[2m2026-03-14T22:50:38.591069Z[0m [32m INFO[0m [SCANNER] signals=9687 settles=6 cl=14652 bn=5930 whales=0 markets=0 books=228 | http://0.0.0.0:8080
[2m2026-03-14T22:51:37.254285Z[0m [32m INFO[0m [SCANNER] signals=9687 settles=6 cl=14759 bn=5961 whales=0 markets=0 books=234 | http://0.0.0.0:8080
[2m2026-03-14T22:52:34.893897Z[0m [32m INFO[0m [PRUNE] Removed 3 expired markets
[2m2026-03-14T22:52:37.419712Z[0m [32m INFO[0m [SCANNER] signals=9687 settles=6 cl=14860 bn=5994 whales=0 markets=0 books=234 | http://0.0.0.0:8080
[2m2026-03-14T22:53:37.615904Z[0m [32m INFO[0m [SCANNER] signals=9687 settles=6 cl=14953 bn=6032 whales=0 markets=0 books=234 | http://0.0.0.0:8080
[2m2026-03-14T22:53:53.786916Z[0m [32m INFO[0m [WHALE] Leaderboard loaded from https://data-api.polymarket.com/v1/leaderboard?category=CRYPTO&orderBy=PNL&limit=50 (50 entries)
[2m2026-03-14T22:53:53.787225Z[0m [32m INFO[0m [WHALE] Tracking 50 wallets (top by PNL)
[2m2026-03-14T22:54:37.772128Z[0m [32m INFO[0m [SCANNER] signals=9687 settles=6 cl=15037 bn=6075 whales=0 markets=0 books=234 | http://0.0.0.0:8080
[2m2026-03-14T22:55:35.424244Z[0m [32m INFO[0m [DISCOVER] New market: btc-updown-5m-1773528900
[2m2026-03-14T22:55:36.929873Z[0m [32m INFO[0m [DISCOVER] New market: eth-updown-5m-1773528900
[2m2026-03-14T22:55:38.431191Z[0m [32m INFO[0m [DISCOVER] New market: sol-updown-5m-1773528900
[2m2026-03-14T22:55:39.432328Z[0m [33m WARN[0m [OPEN] btc-updown-5m-1773528900 skipped: joined 35s late (grace=5s), CL has drifted
[2m2026-03-14T22:55:39.432361Z[0m [33m WARN[0m [OPEN] sol-updown-5m-1773528900 skipped: joined 35s late (grace=5s), CL has drifted
[2m2026-03-14T22:55:39.432364Z[0m [33m WARN[0m [OPEN] eth-updown-5m-1773528900 skipped: joined 35s late (grace=5s), CL has drifted
[2m2026-03-14T22:55:39.432367Z[0m [32m INFO[0m [SCANNER] signals=9687 settles=6 cl=15156 bn=6123 whales=0 markets=0 books=234 | http://0.0.0.0:8080
[2m2026-03-14T22:56:38.094603Z[0m [32m INFO[0m [SCANNER] signals=9687 settles=6 cl=15292 bn=6198 whales=0 markets=0 books=240 | http://0.0.0.0:8080
[2m2026-03-14T22:57:35.739409Z[0m [32m INFO[0m [PRUNE] Removed 3 expired markets
[2m2026-03-14T22:57:38.261604Z[0m [32m INFO[0m [SCANNER] signals=9687 settles=6 cl=15393 bn=6228 whales=0 markets=0 books=240 | http://0.0.0.0:8080
[2m2026-03-14T22:58:38.451422Z[0m [32m INFO[0m [SCANNER] signals=9687 settles=6 cl=15492 bn=6268 whales=0 markets=0 books=240 | http://0.0.0.0:8080
[2m2026-03-14T22:58:57.166905Z[0m [32m INFO[0m [WHALE] Leaderboard loaded from https://data-api.polymarket.com/v1/leaderboard?category=CRYPTO&orderBy=PNL&limit=50 (50 entries)
[2m2026-03-14T22:58:57.167212Z[0m [32m INFO[0m [WHALE] Tracking 50 wallets (top by PNL)
[2m2026-03-14T22:59:38.645327Z[0m [32m INFO[0m [SCANNER] signals=9687 settles=6 cl=15600 bn=6301 whales=0 markets=0 books=240 | http://0.0.0.0:8080
[2m2026-03-14T23:00:36.303073Z[0m [32m INFO[0m [DISCOVER] New market: btc-updown-5m-1773529200
[2m2026-03-14T23:00:36.804576Z[0m [32m INFO[0m [DISCOVER] New market: btc-updown-15m-1773529200
[2m2026-03-14T23:00:38.308380Z[0m [32m INFO[0m [DISCOVER] New market: eth-updown-5m-1773529200
[2m2026-03-14T23:00:38.809236Z[0m [32m INFO[0m [DISCOVER] New market: eth-updown-15m-1773529200
[2m2026-03-14T23:00:40.319251Z[0m [32m INFO[0m [DISCOVER] New market: sol-updown-5m-1773529200
[2m2026-03-14T23:00:40.815777Z[0m [32m INFO[0m [DISCOVER] New market: sol-updown-15m-1773529200
[2m2026-03-14T23:00:41.816020Z[0m [33m WARN[0m [OPEN] btc-updown-5m-1773529200 skipped: joined 36s late (grace=5s), CL has drifted
[2m2026-03-14T23:00:41.816058Z[0m [33m WARN[0m [OPEN] btc-updown-15m-1773529200 skipped: joined 36s late (grace=15s), CL has drifted
[2m2026-03-14T23:00:41.816063Z[0m [33m WARN[0m [OPEN] eth-updown-5m-1773529200 skipped: joined 36s late (grace=5s), CL has drifted
[2m2026-03-14T23:00:41.816067Z[0m [33m WARN[0m [OPEN] sol-updown-5m-1773529200 skipped: joined 36s late (grace=5s), CL has drifted
[2m2026-03-14T23:00:41.816070Z[0m [33m WARN[0m [OPEN] eth-updown-15m-1773529200 skipped: joined 36s late (grace=15s), CL has drifted
[2m2026-03-14T23:00:41.816073Z[0m [33m WARN[0m [OPEN] sol-updown-15m-1773529200 skipped: joined 36s late (grace=15s), CL has drifted
[2m2026-03-14T23:00:41.816079Z[0m [32m INFO[0m [SCANNER] signals=9687 settles=6 cl=15720 bn=6356 whales=0 markets=0 books=240 | http://0.0.0.0:8080
[2m2026-03-14T23:01:38.972799Z[0m [32m INFO[0m [SCANNER] signals=9687 settles=6 cl=15840 bn=6429 whales=0 markets=0 books=252 | http://0.0.0.0:8080
[2m2026-03-14T23:02:36.625397Z[0m [32m INFO[0m [PRUNE] Removed 6 expired markets
[2m2026-03-14T23:02:39.146001Z[0m [32m INFO[0m [SCANNER] signals=9687 settles=6 cl=15949 bn=6495 whales=0 markets=0 books=252 | http://0.0.0.0:8080
[2m2026-03-14T23:03:39.335374Z[0m [32m INFO[0m [SCANNER] signals=9687 settles=6 cl=16108 bn=6642 whales=0 markets=0 books=252 | http://0.0.0.0:8080
[2m2026-03-14T23:04:02.594091Z[0m [32m INFO[0m [WHALE] Leaderboard loaded from https://data-api.polymarket.com/v1/leaderboard?category=CRYPTO&orderBy=PNL&limit=50 (50 entries)
[2m2026-03-14T23:04:02.594313Z[0m [32m INFO[0m [WHALE] Tracking 50 wallets (top by PNL)
[2m2026-03-14T23:04:39.503746Z[0m [32m INFO[0m [SCANNER] signals=9687 settles=6 cl=16269 bn=6750 whales=0 markets=0 books=252 | http://0.0.0.0:8080
[2m2026-03-14T23:05:37.167540Z[0m [32m INFO[0m [DISCOVER] New market: btc-updown-5m-1773529500
[2m2026-03-14T23:05:38.675824Z[0m [32m INFO[0m [DISCOVER] New market: eth-updown-5m-1773529500
[2m2026-03-14T23:05:40.176815Z[0m [32m INFO[0m [DISCOVER] New market: sol-updown-5m-1773529500
[2m2026-03-14T23:05:41.179791Z[0m [33m WARN[0m [OPEN] eth-updown-5m-1773529500 skipped: joined 37s late (grace=5s), CL has drifted
[2m2026-03-14T23:05:41.179828Z[0m [33m WARN[0m [OPEN] btc-updown-5m-1773529500 skipped: joined 37s late (grace=5s), CL has drifted
[2m2026-03-14T23:05:41.179832Z[0m [33m WARN[0m [OPEN] sol-updown-5m-1773529500 skipped: joined 37s late (grace=5s), CL has drifted
[2m2026-03-14T23:05:41.179837Z[0m [32m INFO[0m [SCANNER] signals=9687 settles=6 cl=16421 bn=6869 whales=0 markets=0 books=252 | http://0.0.0.0:8080
[2m2026-03-14T23:06:39.844598Z[0m [32m INFO[0m [SCANNER] signals=9687 settles=6 cl=16575 bn=7007 whales=0 markets=0 books=258 | http://0.0.0.0:8080
[2m2026-03-14T23:07:37.497157Z[0m [32m INFO[0m [PRUNE] Removed 3 expired markets
[2m2026-03-14T23:07:40.021618Z[0m [32m INFO[0m [SCANNER] signals=9687 settles=6 cl=16738 bn=7133 whales=0 markets=0 books=258 | http://0.0.0.0:8080
[2m2026-03-14T23:08:40.214791Z[0m [32m INFO[0m [SCANNER] signals=9687 settles=6 cl=16882 bn=7240 whales=0 markets=0 books=258 | http://0.0.0.0:8080
[2m2026-03-14T23:09:05.896909Z[0m [32m INFO[0m [WHALE] Leaderboard loaded from https://data-api.polymarket.com/v1/leaderboard?category=CRYPTO&orderBy=PNL&limit=50 (50 entries)
[2m2026-03-14T23:09:05.897129Z[0m [32m INFO[0m [WHALE] Tracking 50 wallets (top by PNL)
[2m2026-03-14T23:09:40.376132Z[0m [32m INFO[0m [SCANNER] signals=9687 settles=6 cl=17028 bn=7349 whales=0 markets=0 books=258 | http://0.0.0.0:8080
[2m2026-03-14T23:10:38.035216Z[0m [32m INFO[0m [DISCOVER] New market: btc-updown-5m-1773529800
[2m2026-03-14T23:10:39.538691Z[0m [32m INFO[0m [DISCOVER] New market: eth-updown-5m-1773529800
[2m2026-03-14T23:10:41.047826Z[0m [32m INFO[0m [DISCOVER] New market: sol-updown-5m-1773529800
[2m2026-03-14T23:10:42.042082Z[0m [33m WARN[0m [OPEN] eth-updown-5m-1773529800 skipped: joined 38s late (grace=5s), CL has drifted
[2m2026-03-14T23:10:42.042124Z[0m [33m WARN[0m [OPEN] btc-updown-5m-1773529800 skipped: joined 38s late (grace=5s), CL has drifted
[2m2026-03-14T23:10:42.042129Z[0m [33m WARN[0m [OPEN] sol-updown-5m-1773529800 skipped: joined 38s late (grace=5s), CL has drifted
[2m2026-03-14T23:10:42.042134Z[0m [32m INFO[0m [SCANNER] signals=9687 settles=6 cl=17188 bn=7450 whales=0 markets=0 books=258 | http://0.0.0.0:8080
[2m2026-03-14T23:11:40.699739Z[0m [32m INFO[0m [SCANNER] signals=9687 settles=6 cl=17300 bn=7517 whales=0 markets=0 books=264 | http://0.0.0.0:8080
[2m2026-03-14T23:12:38.343341Z[0m [32m INFO[0m [PRUNE] Removed 3 expired markets
[2m2026-03-14T23:12:40.868367Z[0m [32m INFO[0m [SCANNER] signals=9687 settles=6 cl=17426 bn=7599 whales=0 markets=0 books=264 | http://0.0.0.0:8080
[2m2026-03-14T23:13:41.079087Z[0m [32m INFO[0m [SCANNER] signals=9687 settles=6 cl=17562 bn=7663 whales=0 markets=0 books=264 | http://0.0.0.0:8080
[2m2026-03-14T23:14:09.233055Z[0m [32m INFO[0m [WHALE] Leaderboard loaded from https://data-api.polymarket.com/v1/leaderboard?category=CRYPTO&orderBy=PNL&limit=50 (50 entries)
[2m2026-03-14T23:14:09.233376Z[0m [32m INFO[0m [WHALE] Tracking 50 wallets (top by PNL)
[2m2026-03-14T23:14:41.234317Z[0m [32m INFO[0m [SCANNER] signals=9687 settles=6 cl=17706 bn=7740 whales=0 markets=0 books=264 | http://0.0.0.0:8080
[2m2026-03-14T23:15:38.903248Z[0m [32m INFO[0m [DISCOVER] New market: btc-updown-5m-1773530100
[2m2026-03-14T23:15:39.398260Z[0m [32m INFO[0m [DISCOVER] New market: btc-updown-15m-1773530100
[2m2026-03-14T23:15:40.911066Z[0m [32m INFO[0m [DISCOVER] New market: eth-updown-5m-1773530100
[2m2026-03-14T23:15:41.405726Z[0m [32m INFO[0m [DISCOVER] New market: eth-updown-15m-1773530100
[2m2026-03-14T23:15:42.911196Z[0m [32m INFO[0m [DISCOVER] New market: sol-updown-5m-1773530100
[2m2026-03-14T23:15:43.409639Z[0m [32m INFO[0m [DISCOVER] New market: sol-updown-15m-1773530100
[2m2026-03-14T23:15:44.412874Z[0m [33m WARN[0m [OPEN] eth-updown-15m-1773530100 skipped: joined 38s late (grace=15s), CL has drifted
[2m2026-03-14T23:15:44.412907Z[0m [33m WARN[0m [OPEN] sol-updown-15m-1773530100 skipped: joined 38s late (grace=15s), CL has drifted
[2m2026-03-14T23:15:44.412910Z[0m [33m WARN[0m [OPEN] eth-updown-5m-1773530100 skipped: joined 38s late (grace=5s), CL has drifted
[2m2026-03-14T23:15:44.412912Z[0m [33m WARN[0m [OPEN] sol-updown-5m-1773530100 skipped: joined 38s late (grace=5s), CL has drifted
[2m2026-03-14T23:15:44.412915Z[0m [33m WARN[0m [OPEN] btc-updown-15m-1773530100 skipped: joined 38s late (grace=15s), CL has drifted
[2m2026-03-14T23:15:44.412916Z[0m [33m WARN[0m [OPEN] btc-updown-5m-1773530100 skipped: joined 38s late (grace=5s), CL has drifted
[2m2026-03-14T23:15:44.412920Z[0m [32m INFO[0m [SCANNER] signals=9687 settles=6 cl=17849 bn=7803 whales=0 markets=0 books=264 | http://0.0.0.0:8080
[2m2026-03-14T23:16:41.576078Z[0m [32m INFO[0m [SCANNER] signals=9687 settles=6 cl=17991 bn=7903 whales=0 markets=0 books=276 | http://0.0.0.0:8080
[2m2026-03-14T23:17:39.218783Z[0m [32m INFO[0m [PRUNE] Removed 6 expired markets
[2m2026-03-14T23:17:41.742881Z[0m [32m INFO[0m [SCANNER] signals=9687 settles=6 cl=18121 bn=7972 whales=0 markets=0 books=276 | http://0.0.0.0:8080
[2m2026-03-14T23:18:41.932852Z[0m [32m INFO[0m [SCANNER] signals=9687 settles=6 cl=18266 bn=8032 whales=0 markets=0 books=276 | http://0.0.0.0:8080
[2m2026-03-14T23:19:14.672570Z[0m [32m INFO[0m [WHALE] Leaderboard loaded from https://data-api.polymarket.com/v1/leaderboard?category=CRYPTO&orderBy=PNL&limit=50 (50 entries)
[2m2026-03-14T23:19:14.672952Z[0m [32m INFO[0m [WHALE] Tracking 50 wallets (top by PNL)
[2m2026-03-14T23:19:42.090481Z[0m [32m INFO[0m [SCANNER] signals=9687 settles=6 cl=18376 bn=8069 whales=0 markets=0 books=276 | http://0.0.0.0:8080
[2m2026-03-14T23:20:39.742500Z[0m [32m INFO[0m [DISCOVER] New market: btc-updown-5m-1773530400
[2m2026-03-14T23:20:41.248083Z[0m [32m INFO[0m [DISCOVER] New market: eth-updown-5m-1773530400
[2m2026-03-14T23:20:42.751913Z[0m [32m INFO[0m [DISCOVER] New market: sol-updown-5m-1773530400
[2m2026-03-14T23:20:43.751322Z[0m [33m WARN[0m [OPEN] btc-updown-5m-1773530400 skipped: joined 39s late (grace=5s), CL has drifted
[2m2026-03-14T23:20:43.751363Z[0m [33m WARN[0m [OPEN] eth-updown-5m-1773530400 skipped: joined 39s late (grace=5s), CL has drifted
[2m2026-03-14T23:20:43.751367Z[0m [33m WARN[0m [OPEN] sol-updown-5m-1773530400 skipped: joined 39s late (grace=5s), CL has drifted
[2m2026-03-14T23:20:43.751372Z[0m [32m INFO[0m [SCANNER] signals=9687 settles=6 cl=18520 bn=8142 whales=0 markets=0 books=276 | http://0.0.0.0:8080
[2m2026-03-14T23:21:42.405212Z[0m [32m INFO[0m [SCANNER] signals=9687 settles=6 cl=18641 bn=8191 whales=0 markets=0 books=282 | http://0.0.0.0:8080
[2m2026-03-14T23:22:40.037177Z[0m [32m INFO[0m [PRUNE] Removed 3 expired markets
[2m2026-03-14T23:22:42.559030Z[0m [32m INFO[0m [SCANNER] signals=9687 settles=6 cl=18775 bn=8260 whales=0 markets=0 books=282 | http://0.0.0.0:8080
[2m2026-03-14T23:23:42.739075Z[0m [32m INFO[0m [SCANNER] signals=9687 settles=6 cl=18905 bn=8299 whales=0 markets=0 books=282 | http://0.0.0.0:8080
[2m2026-03-14T23:24:17.995567Z[0m [32m INFO[0m [WHALE] Leaderboard loaded from https://data-api.polymarket.com/v1/leaderboard?category=CRYPTO&orderBy=PNL&limit=50 (50 entries)
[2m2026-03-14T23:24:17.995906Z[0m [32m INFO[0m [WHALE] Tracking 50 wallets (top by PNL)
[2m2026-03-14T23:24:42.914433Z[0m [32m INFO[0m [SCANNER] signals=9687 settles=6 cl=19027 bn=8336 whales=0 markets=0 books=282 | http://0.0.0.0:8080
[2m2026-03-14T23:25:40.574002Z[0m [32m INFO[0m [DISCOVER] New market: btc-updown-5m-1773530700
[2m2026-03-14T23:25:42.084984Z[0m [32m INFO[0m [DISCOVER] New market: eth-updown-5m-1773530700
[2m2026-03-14T23:25:43.580987Z[0m [32m INFO[0m [DISCOVER] New market: sol-updown-5m-1773530700
[2m2026-03-14T23:25:44.580813Z[0m [33m WARN[0m [OPEN] sol-updown-5m-1773530700 skipped: joined 40s late (grace=5s), CL has drifted
[2m2026-03-14T23:25:44.580859Z[0m [33m WARN[0m [OPEN] btc-updown-5m-1773530700 skipped: joined 40s late (grace=5s), CL has drifted
[2m2026-03-14T23:25:44.580863Z[0m [33m WARN[0m [OPEN] eth-updown-5m-1773530700 skipped: joined 40s late (grace=5s), CL has drifted
[2m2026-03-14T23:25:44.580868Z[0m [32m INFO[0m [SCANNER] signals=9687 settles=6 cl=19156 bn=8395 whales=0 markets=0 books=282 | http://0.0.0.0:8080
[2m2026-03-14T23:26:43.230371Z[0m [32m INFO[0m [SCANNER] signals=9687 settles=6 cl=19293 bn=8443 whales=0 markets=0 books=288 | http://0.0.0.0:8080
[2m2026-03-14T23:27:40.867845Z[0m [32m INFO[0m [PRUNE] Removed 3 expired markets
[2m2026-03-14T23:27:43.393581Z[0m [32m INFO[0m [SCANNER] signals=9687 settles=6 cl=19423 bn=8497 whales=0 markets=0 books=288 | http://0.0.0.0:8080
[2m2026-03-14T23:28:43.576143Z[0m [32m INFO[0m [SCANNER] signals=9687 settles=6 cl=19563 bn=8566 whales=0 markets=0 books=288 | http://0.0.0.0:8080
[2m2026-03-14T23:29:21.279986Z[0m [32m INFO[0m [WHALE] Leaderboard loaded from https://data-api.polymarket.com/v1/leaderboard?category=CRYPTO&orderBy=PNL&limit=50 (50 entries)
[2m2026-03-14T23:29:21.280233Z[0m [32m INFO[0m [WHALE] Tracking 50 wallets (top by PNL)
[2m2026-03-14T23:29:43.736485Z[0m [32m INFO[0m [SCANNER] signals=9687 settles=6 cl=19665 bn=8596 whales=0 markets=0 books=288 | http://0.0.0.0:8080
[2m2026-03-14T23:30:41.400246Z[0m [32m INFO[0m [DISCOVER] New market: btc-updown-5m-1773531000
[2m2026-03-14T23:30:41.900832Z[0m [32m INFO[0m [DISCOVER] New market: btc-updown-15m-1773531000
[2m2026-03-14T23:30:43.398407Z[0m [32m INFO[0m [DISCOVER] New market: eth-updown-5m-1773531000
[2m2026-03-14T23:30:43.898103Z[0m [32m INFO[0m [DISCOVER] New market: eth-updown-15m-1773531000
[2m2026-03-14T23:30:45.406928Z[0m [32m INFO[0m [DISCOVER] New market: sol-updown-5m-1773531000
[2m2026-03-14T23:30:45.908841Z[0m [32m INFO[0m [DISCOVER] New market: sol-updown-15m-1773531000
[2m2026-03-14T23:30:46.911802Z[0m [33m WARN[0m [OPEN] btc-updown-5m-1773531000 skipped: joined 41s late (grace=5s), CL has drifted
[2m2026-03-14T23:30:46.911836Z[0m [33m WARN[0m [OPEN] eth-updown-5m-1773531000 skipped: joined 41s late (grace=5s), CL has drifted
[2m2026-03-14T23:30:46.911840Z[0m [33m WARN[0m [OPEN] sol-updown-15m-1773531000 skipped: joined 41s late (grace=15s), CL has drifted
[2m2026-03-14T23:30:46.911842Z[0m [33m WARN[0m [OPEN] btc-updown-15m-1773531000 skipped: joined 41s late (grace=15s), CL has drifted
[2m2026-03-14T23:30:46.911844Z[0m [33m WARN[0m [OPEN] eth-updown-15m-1773531000 skipped: joined 41s late (grace=15s), CL has drifted
[2m2026-03-14T23:30:46.911847Z[0m [33m WARN[0m [OPEN] sol-updown-5m-1773531000 skipped: joined 41s late (grace=5s), CL has drifted
[2m2026-03-14T23:30:46.911850Z[0m [32m INFO[0m [SCANNER] signals=9687 settles=6 cl=19811 bn=8688 whales=0 markets=0 books=288 | http://0.0.0.0:8080
[2m2026-03-14T23:31:44.063821Z[0m [32m INFO[0m [SCANNER] signals=9687 settles=6 cl=19936 bn=8738 whales=0 markets=0 books=300 | http://0.0.0.0:8080
[2m2026-03-14T23:32:41.697940Z[0m [32m INFO[0m [PRUNE] Removed 6 expired markets
[2m2026-03-14T23:32:44.222898Z[0m [32m INFO[0m [SCANNER] signals=9687 settles=6 cl=20077 bn=8807 whales=0 markets=0 books=300 | http://0.0.0.0:8080
[2m2026-03-14T23:33:44.408623Z[0m [32m INFO[0m [SCANNER] signals=9687 settles=6 cl=20220 bn=8884 whales=0 markets=0 books=300 | http://0.0.0.0:8080
[2m2026-03-14T23:34:26.843181Z[0m [32m INFO[0m [WHALE] Leaderboard loaded from https://data-api.polymarket.com/v1/leaderboard?category=CRYPTO&orderBy=PNL&limit=50 (50 entries)
[2m2026-03-14T23:34:26.843530Z[0m [32m INFO[0m [WHALE] Tracking 50 wallets (top by PNL)
[2m2026-03-14T23:34:44.573665Z[0m [32m INFO[0m [SCANNER] signals=9687 settles=6 cl=20347 bn=8947 whales=0 markets=0 books=300 | http://0.0.0.0:8080
[2m2026-03-14T23:35:42.236291Z[0m [32m INFO[0m [DISCOVER] New market: btc-updown-5m-1773531300
[2m2026-03-14T23:35:43.735408Z[0m [32m INFO[0m [DISCOVER] New market: eth-updown-5m-1773531300
[2m2026-03-14T23:35:45.238250Z[0m [32m INFO[0m [DISCOVER] New market: sol-updown-5m-1773531300
[2m2026-03-14T23:35:46.241320Z[0m [33m WARN[0m [OPEN] btc-updown-5m-1773531300 skipped: joined 42s late (grace=5s), CL has drifted
[2m2026-03-14T23:35:46.241364Z[0m [33m WARN[0m [OPEN] eth-updown-5m-1773531300 skipped: joined 42s late (grace=5s), CL has drifted
[2m2026-03-14T23:35:46.241368Z[0m [33m WARN[0m [OPEN] sol-updown-5m-1773531300 skipped: joined 42s late (grace=5s), CL has drifted
[2m2026-03-14T23:35:46.241373Z[0m [32m INFO[0m [SCANNER] signals=9687 settles=6 cl=20484 bn=9014 whales=0 markets=0 books=300 | http://0.0.0.0:8080
[2m2026-03-14T23:36:44.902328Z[0m [32m INFO[0m [SCANNER] signals=9687 settles=6 cl=20600 bn=9072 whales=0 markets=0 books=306 | http://0.0.0.0:8080
[2m2026-03-14T23:37:42.551192Z[0m [32m INFO[0m [PRUNE] Removed 3 expired markets
[2m2026-03-14T23:37:45.074067Z[0m [32m INFO[0m [SCANNER] signals=9687 settles=6 cl=20745 bn=9150 whales=0 markets=0 books=306 | http://0.0.0.0:8080
[2m2026-03-14T23:38:45.265164Z[0m [32m INFO[0m [SCANNER] signals=9687 settles=6 cl=20880 bn=9208 whales=0 markets=0 books=306 | http://0.0.0.0:8080
[2m2026-03-14T23:39:30.121593Z[0m [32m INFO[0m [WHALE] Leaderboard loaded from https://data-api.polymarket.com/v1/leaderboard?category=CRYPTO&orderBy=PNL&limit=50 (50 entries)
[2m2026-03-14T23:39:30.121892Z[0m [32m INFO[0m [WHALE] Tracking 50 wallets (top by PNL)
[2m2026-03-14T23:39:45.422909Z[0m [32m INFO[0m [SCANNER] signals=9687 settles=6 cl=21019 bn=9278 whales=0 markets=0 books=306 | http://0.0.0.0:8080
[2m2026-03-14T23:40:43.078087Z[0m [32m INFO[0m [DISCOVER] New market: btc-updown-5m-1773531600
[2m2026-03-14T23:40:44.577252Z[0m [32m INFO[0m [DISCOVER] New market: eth-updown-5m-1773531600
[2m2026-03-14T23:40:46.082158Z[0m [32m INFO[0m [DISCOVER] New market: sol-updown-5m-1773531600
[2m2026-03-14T23:40:47.085626Z[0m [33m WARN[0m [OPEN] btc-updown-5m-1773531600 skipped: joined 43s late (grace=5s), CL has drifted
[2m2026-03-14T23:40:47.085667Z[0m [33m WARN[0m [OPEN] eth-updown-5m-1773531600 skipped: joined 43s late (grace=5s), CL has drifted
[2m2026-03-14T23:40:47.085671Z[0m [33m WARN[0m [OPEN] sol-updown-5m-1773531600 skipped: joined 43s late (grace=5s), CL has drifted
[2m2026-03-14T23:40:47.085677Z[0m [32m INFO[0m [SCANNER] signals=9687 settles=6 cl=21177 bn=9348 whales=0 markets=0 books=306 | http://0.0.0.0:8080
[2m2026-03-14T23:41:45.750854Z[0m [32m INFO[0m [SCANNER] signals=9687 settles=6 cl=21288 bn=9397 whales=0 markets=0 books=312 | http://0.0.0.0:8080
[2m2026-03-14T23:42:43.392008Z[0m [32m INFO[0m [PRUNE] Removed 3 expired markets
[2m2026-03-14T23:42:45.913023Z[0m [32m INFO[0m [SCANNER] signals=9687 settles=6 cl=21416 bn=9454 whales=0 markets=0 books=312 | http://0.0.0.0:8080
[2m2026-03-14T23:43:46.101837Z[0m [32m INFO[0m [SCANNER] signals=9687 settles=6 cl=21558 bn=9517 whales=0 markets=0 books=312 | http://0.0.0.0:8080
[2m2026-03-14T23:44:33.439067Z[0m [32m INFO[0m [WHALE] Leaderboard loaded from https://data-api.polymarket.com/v1/leaderboard?category=CRYPTO&orderBy=PNL&limit=50 (50 entries)
[2m2026-03-14T23:44:33.439298Z[0m [32m INFO[0m [WHALE] Tracking 50 wallets (top by PNL)
[2m2026-03-14T23:44:46.269461Z[0m [32m INFO[0m [SCANNER] signals=9687 settles=6 cl=21694 bn=9579 whales=0 markets=0 books=312 | http://0.0.0.0:8080
[2m2026-03-14T23:45:43.928017Z[0m [32m INFO[0m [DISCOVER] New market: btc-updown-5m-1773531900
[2m2026-03-14T23:45:44.428086Z[0m [32m INFO[0m [DISCOVER] New market: btc-updown-15m-1773531900
[2m2026-03-14T23:45:45.933057Z[0m [32m INFO[0m [DISCOVER] New market: eth-updown-5m-1773531900
[2m2026-03-14T23:45:46.445080Z[0m [32m INFO[0m [DISCOVER] New market: eth-updown-15m-1773531900
[2m2026-03-14T23:45:47.936891Z[0m [32m INFO[0m [DISCOVER] New market: sol-updown-5m-1773531900
[2m2026-03-14T23:45:48.439961Z[0m [32m INFO[0m [DISCOVER] New market: sol-updown-15m-1773531900
[2m2026-03-14T23:45:49.442966Z[0m [33m WARN[0m [OPEN] eth-updown-15m-1773531900 skipped: joined 43s late (grace=15s), CL has drifted
[2m2026-03-14T23:45:49.443003Z[0m [33m WARN[0m [OPEN] sol-updown-15m-1773531900 skipped: joined 43s late (grace=15s), CL has drifted
[2m2026-03-14T23:45:49.443009Z[0m [33m WARN[0m [OPEN] btc-updown-15m-1773531900 skipped: joined 43s late (grace=15s), CL has drifted
[2m2026-03-14T23:45:49.443012Z[0m [33m WARN[0m [OPEN] sol-updown-5m-1773531900 skipped: joined 43s late (grace=5s), CL has drifted
[2m2026-03-14T23:45:49.443016Z[0m [33m WARN[0m [OPEN] btc-updown-5m-1773531900 skipped: joined 43s late (grace=5s), CL has drifted
[2m2026-03-14T23:45:49.443019Z[0m [33m WARN[0m [OPEN] eth-updown-5m-1773531900 skipped: joined 43s late (grace=5s), CL has drifted
[2m2026-03-14T23:45:49.443024Z[0m [32m INFO[0m [SCANNER] signals=9687 settles=6 cl=21840 bn=9648 whales=0 markets=0 books=312 | http://0.0.0.0:8080
[2m2026-03-14T23:46:46.589361Z[0m [32m INFO[0m [SCANNER] signals=9687 settles=6 cl=21974 bn=9721 whales=0 markets=0 books=324 | http://0.0.0.0:8080
[2m2026-03-14T23:47:44.225282Z[0m [32m INFO[0m [PRUNE] Removed 6 expired markets
[2m2026-03-14T23:47:46.747161Z[0m [32m INFO[0m [SCANNER] signals=9687 settles=6 cl=22114 bn=9791 whales=0 markets=0 books=324 | http://0.0.0.0:8080
[2m2026-03-14T23:48:46.941854Z[0m [32m INFO[0m [SCANNER] signals=9687 settles=6 cl=22266 bn=9883 whales=0 markets=0 books=324 | http://0.0.0.0:8080
[2m2026-03-14T23:49:38.907200Z[0m [32m INFO[0m [WHALE] Leaderboard loaded from https://data-api.polymarket.com/v1/leaderboard?category=CRYPTO&orderBy=PNL&limit=50 (50 entries)
[2m2026-03-14T23:49:38.907428Z[0m [32m INFO[0m [WHALE] Tracking 50 wallets (top by PNL)
[2m2026-03-14T23:49:47.117254Z[0m [32m INFO[0m [SCANNER] signals=9687 settles=6 cl=22396 bn=9931 whales=0 markets=0 books=324 | http://0.0.0.0:8080
[2m2026-03-14T23:50:44.773267Z[0m [32m INFO[0m [DISCOVER] New market: btc-updown-5m-1773532200
[2m2026-03-14T23:50:46.274837Z[0m [32m INFO[0m [DISCOVER] New market: eth-updown-5m-1773532200
[2m2026-03-14T23:50:47.779986Z[0m [32m INFO[0m [DISCOVER] New market: sol-updown-5m-1773532200
[2m2026-03-14T23:50:48.781597Z[0m [33m WARN[0m [OPEN] sol-updown-5m-1773532200 skipped: joined 44s late (grace=5s), CL has drifted
[2m2026-03-14T23:50:48.781635Z[0m [33m WARN[0m [OPEN] btc-updown-5m-1773532200 skipped: joined 44s late (grace=5s), CL has drifted
[2m2026-03-14T23:50:48.781640Z[0m [33m WARN[0m [OPEN] eth-updown-5m-1773532200 skipped: joined 44s late (grace=5s), CL has drifted
[2m2026-03-14T23:50:48.781645Z[0m [32m INFO[0m [SCANNER] signals=9687 settles=6 cl=22527 bn=9982 whales=0 markets=0 books=324 | http://0.0.0.0:8080
[2m2026-03-14T23:51:47.436642Z[0m [32m INFO[0m [SCANNER] signals=9687 settles=6 cl=22628 bn=10026 whales=0 markets=0 books=330 | http://0.0.0.0:8080
[2m2026-03-14T23:52:45.083367Z[0m [32m INFO[0m [PRUNE] Removed 3 expired markets
[2m2026-03-14T23:52:47.604745Z[0m [32m INFO[0m [SCANNER] signals=9687 settles=6 cl=22745 bn=10075 whales=0 markets=0 books=330 | http://0.0.0.0:8080
[2m2026-03-14T23:53:02.254636Z[0m [31mERROR[0m [CL] WebSocket error: IO error: Connection reset by peer (os error 104)
[2m2026-03-14T23:53:02.255967Z[0m [33m WARN[0m [CL] Feed closed cleanly, reconnecting...
[2m2026-03-14T23:53:07.257388Z[0m [32m INFO[0m [CL] Connecting to wss://ws-live-data.polymarket.com
[2m2026-03-14T23:53:07.643844Z[0m [33m WARN[0m [BOOK] batch failed: CLOB batch book JSON parse failed
[2m2026-03-14T23:53:10.590551Z[0m [32m INFO[0m [CL] Feed connected
[2m2026-03-14T23:53:47.799771Z[0m [32m INFO[0m [SCANNER] signals=9687 settles=6 cl=22829 bn=10130 whales=0 markets=0 books=330 | http://0.0.0.0:8080
[2m2026-03-14T23:54:39.546280Z[0m [32m INFO[0m [WHALE] Leaderboard loaded from https://data-api.polymarket.com/v1/leaderboard?category=CRYPTO&orderBy=PNL&limit=50 (50 entries)
[2m2026-03-14T23:54:39.546551Z[0m [32m INFO[0m [WHALE] Tracking 50 wallets (top by PNL)
[2m2026-03-14T23:54:47.957510Z[0m [32m INFO[0m [SCANNER] signals=9687 settles=6 cl=22939 bn=10180 whales=0 markets=0 books=330 | http://0.0.0.0:8080
[2m2026-03-14T23:55:45.617891Z[0m [32m INFO[0m [DISCOVER] New market: btc-updown-5m-1773532500
[2m2026-03-14T23:55:47.117798Z[0m [32m INFO[0m [DISCOVER] New market: eth-updown-5m-1773532500
[2m2026-03-14T23:55:48.628203Z[0m [32m INFO[0m [DISCOVER] New market: sol-updown-5m-1773532500
[2m2026-03-14T23:55:49.623068Z[0m [33m WARN[0m [OPEN] eth-updown-5m-1773532500 skipped: joined 45s late (grace=5s), CL has drifted
[2m2026-03-14T23:55:49.623105Z[0m [33m WARN[0m [OPEN] btc-updown-5m-1773532500 skipped: joined 45s late (grace=5s), CL has drifted
[2m2026-03-14T23:55:49.623109Z[0m [33m WARN[0m [OPEN] sol-updown-5m-1773532500 skipped: joined 45s late (grace=5s), CL has drifted
[2m2026-03-14T23:55:49.623133Z[0m [32m INFO[0m [SCANNER] signals=9687 settles=6 cl=23096 bn=10261 whales=0 markets=0 books=330 | http://0.0.0.0:8080
[2m2026-03-14T23:56:48.278349Z[0m [32m INFO[0m [SCANNER] signals=9687 settles=6 cl=23226 bn=10327 whales=0 markets=0 books=336 | http://0.0.0.0:8080
[2m2026-03-14T23:57:45.923486Z[0m [32m INFO[0m [PRUNE] Removed 3 expired markets
[2m2026-03-14T23:57:48.440899Z[0m [32m INFO[0m [SCANNER] signals=9687 settles=6 cl=23349 bn=10381 whales=0 markets=0 books=336 | http://0.0.0.0:8080
[2m2026-03-14T23:58:48.629264Z[0m [32m INFO[0m [SCANNER] signals=9687 settles=6 cl=23476 bn=10439 whales=0 markets=0 books=336 | http://0.0.0.0:8080
[2m2026-03-14T23:59:40.109675Z[0m [32m INFO[0m [WHALE] Leaderboard loaded from https://data-api.polymarket.com/v1/leaderboard?category=CRYPTO&orderBy=PNL&limit=50 (50 entries)
[2m2026-03-14T23:59:40.110022Z[0m [32m INFO[0m [WHALE] Tracking 50 wallets (top by PNL)
[2m2026-03-14T23:59:48.788869Z[0m [32m INFO[0m [SCANNER] signals=9687 settles=6 cl=23606 bn=10496 whales=0 markets=0 books=336 | http://0.0.0.0:8080
[2m2026-03-15T00:00:00.315578Z[0m [32m INFO[0m [DATE] Rolled to 2026-03-15
[2m2026-03-15T00:00:43.792627Z[0m [33m WARN[0m [BOOK] batch failed: CLOB batch book request failed
[2m2026-03-15T00:00:46.953679Z[0m [32m INFO[0m [DISCOVER] New market: btc-updown-5m-1773532800
[2m2026-03-15T00:00:47.288077Z[0m [32m INFO[0m [DISCOVER] New market: btc-updown-15m-1773532800
[2m2026-03-15T00:00:48.958657Z[0m [32m INFO[0m [DISCOVER] New market: eth-updown-5m-1773532800
[2m2026-03-15T00:00:49.459897Z[0m [32m INFO[0m [DISCOVER] New market: eth-updown-15m-1773532800
[2m2026-03-15T00:00:50.964918Z[0m [32m INFO[0m [DISCOVER] New market: sol-updown-5m-1773532800
[2m2026-03-15T00:00:51.464515Z[0m [32m INFO[0m [DISCOVER] New market: sol-updown-15m-1773532800
[2m2026-03-15T00:00:52.486467Z[0m [33m WARN[0m [OPEN] eth-updown-5m-1773532800 skipped: joined 46s late (grace=5s), CL has drifted
[2m2026-03-15T00:00:52.486504Z[0m [33m WARN[0m [OPEN] eth-updown-15m-1773532800 skipped: joined 46s late (grace=15s), CL has drifted
[2m2026-03-15T00:00:52.486508Z[0m [33m WARN[0m [OPEN] btc-updown-15m-1773532800 skipped: joined 46s late (grace=15s), CL has drifted
[2m2026-03-15T00:00:52.486511Z[0m [33m WARN[0m [OPEN] btc-updown-5m-1773532800 skipped: joined 46s late (grace=5s), CL has drifted
[2m2026-03-15T00:00:52.486515Z[0m [33m WARN[0m [OPEN] sol-updown-5m-1773532800 skipped: joined 46s late (grace=5s), CL has drifted
[2m2026-03-15T00:00:52.486518Z[0m [33m WARN[0m [OPEN] sol-updown-15m-1773532800 skipped: joined 46s late (grace=15s), CL has drifted
[2m2026-03-15T00:00:52.486523Z[0m [32m INFO[0m [SCANNER] signals=9687 settles=6 cl=23748 bn=10596 whales=0 markets=0 books=336 | http://0.0.0.0:8080
[2m2026-03-15T00:01:49.917416Z[0m [32m INFO[0m [SCANNER] signals=9687 settles=6 cl=23891 bn=10674 whales=0 markets=0 books=348 | http://0.0.0.0:8080
[2m2026-03-15T00:02:47.559394Z[0m [32m INFO[0m [PRUNE] Removed 6 expired markets
[2m2026-03-15T00:02:50.361843Z[0m [32m INFO[0m [SCANNER] signals=9687 settles=6 cl=24044 bn=10777 whales=0 markets=0 books=348 | http://0.0.0.0:8080
[2m2026-03-15T00:03:50.807965Z[0m [32m INFO[0m [SCANNER] signals=9687 settles=6 cl=24189 bn=10872 whales=0 markets=0 books=348 | http://0.0.0.0:8080
[2m2026-03-15T00:04:50.237619Z[0m [32m INFO[0m [WHALE] Leaderboard loaded from https://data-api.polymarket.com/v1/leaderboard?category=CRYPTO&orderBy=PNL&limit=50 (50 entries)
[2m2026-03-15T00:04:50.237977Z[0m [32m INFO[0m [WHALE] Tracking 50 wallets (top by PNL)
[2m2026-03-15T00:04:51.266856Z[0m [32m INFO[0m [SCANNER] signals=9687 settles=6 cl=24302 bn=10928 whales=0 markets=0 books=348 | http://0.0.0.0:8080
[2m2026-03-15T00:05:49.211623Z[0m [32m INFO[0m [DISCOVER] New market: btc-updown-5m-1773533100
[2m2026-03-15T00:05:50.712602Z[0m [32m INFO[0m [DISCOVER] New market: eth-updown-5m-1773533100
[2m2026-03-15T00:05:52.221138Z[0m [32m INFO[0m [DISCOVER] New market: sol-updown-5m-1773533100
[2m2026-03-15T00:05:53.220190Z[0m [33m WARN[0m [OPEN] eth-updown-5m-1773533100 skipped: joined 48s late (grace=5s), CL has drifted
[2m2026-03-15T00:05:53.220234Z[0m [33m WARN[0m [OPEN] sol-updown-5m-1773533100 skipped: joined 48s late (grace=5s), CL has drifted
[2m2026-03-15T00:05:53.220239Z[0m [33m WARN[0m [OPEN] btc-updown-5m-1773533100 skipped: joined 48s late (grace=5s), CL has drifted
[2m2026-03-15T00:05:53.220244Z[0m [32m INFO[0m [SCANNER] signals=9687 settles=6 cl=24443 bn=11022 whales=0 markets=0 books=348 | http://0.0.0.0:8080
[2m2026-03-15T00:06:52.158035Z[0m [32m INFO[0m [SCANNER] signals=9687 settles=6 cl=24586 bn=11110 whales=0 markets=0 books=354 | http://0.0.0.0:8080
[2m2026-03-15T00:07:49.798608Z[0m [32m INFO[0m [PRUNE] Removed 3 expired markets
[2m2026-03-15T00:07:52.597134Z[0m [32m INFO[0m [SCANNER] signals=9687 settles=6 cl=24715 bn=11181 whales=0 markets=0 books=354 | http://0.0.0.0:8080
[2m2026-03-15T00:08:53.037830Z[0m [32m INFO[0m [SCANNER] signals=9687 settles=6 cl=24861 bn=11251 whales=0 markets=0 books=354 | http://0.0.0.0:8080
[2m2026-03-15T00:09:53.515730Z[0m [32m INFO[0m [SCANNER] signals=9687 settles=6 cl=25005 bn=11329 whales=0 markets=0 books=354 | http://0.0.0.0:8080
[2m2026-03-15T00:09:55.657322Z[0m [32m INFO[0m [WHALE] Leaderboard loaded from https://data-api.polymarket.com/v1/leaderboard?category=CRYPTO&orderBy=PNL&limit=50 (50 entries)
[2m2026-03-15T00:09:55.657610Z[0m [32m INFO[0m [WHALE] Tracking 50 wallets (top by PNL)
[2m2026-03-15T00:10:51.458476Z[0m [32m INFO[0m [DISCOVER] New market: btc-updown-5m-1773533400
[2m2026-03-15T00:10:52.961577Z[0m [32m INFO[0m [DISCOVER] New market: eth-updown-5m-1773533400
[2m2026-03-15T00:10:54.464868Z[0m [32m INFO[0m [DISCOVER] New market: sol-updown-5m-1773533400
[2m2026-03-15T00:10:55.468363Z[0m [33m WARN[0m [OPEN] btc-updown-5m-1773533400 skipped: joined 51s late (grace=5s), CL has drifted
[2m2026-03-15T00:10:55.468401Z[0m [33m WARN[0m [OPEN] sol-updown-5m-1773533400 skipped: joined 51s late (grace=5s), CL has drifted
[2m2026-03-15T00:10:55.468404Z[0m [33m WARN[0m [OPEN] eth-updown-5m-1773533400 skipped: joined 51s late (grace=5s), CL has drifted
[2m2026-03-15T00:10:55.468408Z[0m [32m INFO[0m [SCANNER] signals=9687 settles=6 cl=25127 bn=11388 whales=0 markets=0 books=354 | http://0.0.0.0:8080
[2m2026-03-15T00:11:54.130569Z[0m [32m INFO[0m [SCANNER] signals=9687 settles=6 cl=25234 bn=11432 whales=0 markets=0 books=360 | http://0.0.0.0:8080
[2m2026-03-15T00:12:51.771214Z[0m [32m INFO[0m [PRUNE] Removed 3 expired markets
[2m2026-03-15T00:12:54.290129Z[0m [32m INFO[0m [SCANNER] signals=9687 settles=6 cl=25364 bn=11478 whales=0 markets=0 books=360 | http://0.0.0.0:8080
[2m2026-03-15T00:13:54.449672Z[0m [32m INFO[0m [SCANNER] signals=9687 settles=6 cl=25499 bn=11530 whales=0 markets=0 books=360 | http://0.0.0.0:8080
[2m2026-03-15T00:14:54.640307Z[0m [32m INFO[0m [SCANNER] signals=9687 settles=6 cl=25615 bn=11581 whales=0 markets=0 books=360 | http://0.0.0.0:8080
[2m2026-03-15T00:14:57.180427Z[0m [32m INFO[0m [WHALE] Leaderboard loaded from https://data-api.polymarket.com/v1/leaderboard?category=CRYPTO&orderBy=PNL&limit=50 (50 entries)
[2m2026-03-15T00:14:57.180699Z[0m [32m INFO[0m [WHALE] Tracking 50 wallets (top by PNL)
[2m2026-03-15T00:15:52.303426Z[0m [32m INFO[0m [DISCOVER] New market: btc-updown-5m-1773533700
[2m2026-03-15T00:15:52.802058Z[0m [32m INFO[0m [DISCOVER] New market: btc-updown-15m-1773533700
[2m2026-03-15T00:15:54.336312Z[0m [32m INFO[0m [DISCOVER] New market: eth-updown-5m-1773533700
[2m2026-03-15T00:15:54.805401Z[0m [32m INFO[0m [DISCOVER] New market: eth-updown-15m-1773533700
[2m2026-03-15T00:15:56.310780Z[0m [32m INFO[0m [DISCOVER] New market: sol-updown-5m-1773533700
[2m2026-03-15T00:15:56.810044Z[0m [32m INFO[0m [DISCOVER] New market: sol-updown-15m-1773533700
[2m2026-03-15T00:15:57.816534Z[0m [33m WARN[0m [OPEN] btc-updown-5m-1773533700 skipped: joined 52s late (grace=5s), CL has drifted
[2m2026-03-15T00:15:57.816585Z[0m [33m WARN[0m [OPEN] sol-updown-15m-1773533700 skipped: joined 52s late (grace=15s), CL has drifted
[2m2026-03-15T00:15:57.816587Z[0m [33m WARN[0m [OPEN] btc-updown-15m-1773533700 skipped: joined 52s late (grace=15s), CL has drifted
[2m2026-03-15T00:15:57.816589Z[0m [33m WARN[0m [OPEN] eth-updown-15m-1773533700 skipped: joined 52s late (grace=15s), CL has drifted
[2m2026-03-15T00:15:57.816591Z[0m [33m WARN[0m [OPEN] eth-updown-5m-1773533700 skipped: joined 52s late (grace=5s), CL has drifted
[2m2026-03-15T00:15:57.816592Z[0m [33m WARN[0m [OPEN] sol-updown-5m-1773533700 skipped: joined 52s late (grace=5s), CL has drifted
[2m2026-03-15T00:15:57.816595Z[0m [32m INFO[0m [SCANNER] signals=9687 settles=6 cl=25723 bn=11650 whales=0 markets=0 books=360 | http://0.0.0.0:8080
[2m2026-03-15T00:16:54.970936Z[0m [32m INFO[0m [SCANNER] signals=9687 settles=6 cl=25851 bn=11700 whales=0 markets=0 books=372 | http://0.0.0.0:8080
[2m2026-03-15T00:17:52.609013Z[0m [32m INFO[0m [PRUNE] Removed 6 expired markets
[2m2026-03-15T00:17:55.128681Z[0m [32m INFO[0m [SCANNER] signals=9687 settles=6 cl=25993 bn=11771 whales=0 markets=0 books=372 | http://0.0.0.0:8080
[2m2026-03-15T00:18:55.287812Z[0m [32m INFO[0m [SCANNER] signals=9687 settles=6 cl=26125 bn=11818 whales=0 markets=0 books=372 | http://0.0.0.0:8080
[2m2026-03-15T00:19:55.469023Z[0m [32m INFO[0m [SCANNER] signals=9687 settles=6 cl=26269 bn=11858 whales=0 markets=0 books=372 | http://0.0.0.0:8080
[2m2026-03-15T00:19:58.316859Z[0m [32m INFO[0m [WHALE] Leaderboard loaded from https://data-api.polymarket.com/v1/leaderboard?category=CRYPTO&orderBy=PNL&limit=50 (50 entries)
[2m2026-03-15T00:19:58.317175Z[0m [32m INFO[0m [WHALE] Tracking 50 wallets (top by PNL)
[2m2026-03-15T00:20:53.122211Z[0m [32m INFO[0m [DISCOVER] New market: btc-updown-5m-1773534000
[2m2026-03-15T00:20:54.632131Z[0m [32m INFO[0m [DISCOVER] New market: eth-updown-5m-1773534000
[2m2026-03-15T00:20:56.127636Z[0m [32m INFO[0m [DISCOVER] New market: sol-updown-5m-1773534000
[2m2026-03-15T00:20:57.130710Z[0m [33m WARN[0m [OPEN] btc-updown-5m-1773534000 skipped: joined 53s late (grace=5s), CL has drifted
[2m2026-03-15T00:20:57.130741Z[0m [33m WARN[0m [OPEN] sol-updown-5m-1773534000 skipped: joined 53s late (grace=5s), CL has drifted
[2m2026-03-15T00:20:57.130744Z[0m [33m WARN[0m [OPEN] eth-updown-5m-1773534000 skipped: joined 53s late (grace=5s), CL has drifted
[2m2026-03-15T00:20:57.130769Z[0m [32m INFO[0m [SCANNER] signals=9687 settles=6 cl=26414 bn=11932 whales=0 markets=0 books=372 | http://0.0.0.0:8080
[2m2026-03-15T00:21:55.785338Z[0m [32m INFO[0m [SCANNER] signals=9687 settles=6 cl=26559 bn=12020 whales=0 markets=0 books=378 | http://0.0.0.0:8080
[2m2026-03-15T00:22:53.421907Z[0m [32m INFO[0m [PRUNE] Removed 3 expired markets
[2m2026-03-15T00:22:55.941099Z[0m [32m INFO[0m [SCANNER] signals=9687 settles=6 cl=26689 bn=12079 whales=0 markets=0 books=378 | http://0.0.0.0:8080
[2m2026-03-15T00:23:56.106036Z[0m [32m INFO[0m [SCANNER] signals=9687 settles=6 cl=26810 bn=12119 whales=0 markets=0 books=378 | http://0.0.0.0:8080
[2m2026-03-15T00:24:57.745410Z[0m [33m WARN[0m [BOOK] batch failed: CLOB batch book JSON parse failed
[2m2026-03-15T00:25:00.153515Z[0m [32m INFO[0m [WHALE] Leaderboard loaded from https://data-api.polymarket.com/v1/leaderboard?category=CRYPTO&orderBy=PNL&limit=50 (50 entries)
[2m2026-03-15T00:25:00.153865Z[0m [32m INFO[0m [WHALE] Tracking 50 wallets (top by PNL)
[2m2026-03-15T00:25:00.778264Z[0m [31mERROR[0m [CL] WebSocket error: IO error: Connection reset by peer (os error 104)
[2m2026-03-15T00:25:00.779715Z[0m [33m WARN[0m [CL] Feed closed cleanly, reconnecting...
[2m2026-03-15T00:25:05.780500Z[0m [32m INFO[0m [CL] Connecting to wss://ws-live-data.polymarket.com
[2m2026-03-15T00:25:08.374729Z[0m [32m INFO[0m [SCANNER] signals=9687 settles=6 cl=26935 bn=12170 whales=0 markets=0 books=378 | http://0.0.0.0:8080
[2m2026-03-15T00:25:13.695257Z[0m [33m WARN[0m [BOOK] batch failed: CLOB batch book request failed
[2m2026-03-15T00:25:19.389915Z[0m [33m WARN[0m [BOOK] batch failed: CLOB batch book request failed
[2m2026-03-15T00:25:19.789437Z[0m [33m WARN[0m [BOOK] batch failed: CLOB batch book request failed
[2m2026-03-15T00:25:19.895984Z[0m [32m INFO[0m [CL] Feed connected
[2m2026-03-15T00:25:53.994963Z[0m [32m INFO[0m [DISCOVER] New market: btc-updown-5m-1773534300
[2m2026-03-15T00:25:55.506105Z[0m [32m INFO[0m [DISCOVER] New market: eth-updown-5m-1773534300
[2m2026-03-15T00:25:56.994354Z[0m [32m INFO[0m [DISCOVER] New market: sol-updown-5m-1773534300
[2m2026-03-15T00:25:57.998003Z[0m [33m WARN[0m [OPEN] btc-updown-5m-1773534300 skipped: joined 53s late (grace=5s), CL has drifted
[2m2026-03-15T00:25:57.998036Z[0m [33m WARN[0m [OPEN] eth-updown-5m-1773534300 skipped: joined 53s late (grace=5s), CL has drifted
[2m2026-03-15T00:25:57.998040Z[0m [33m WARN[0m [OPEN] sol-updown-5m-1773534300 skipped: joined 53s late (grace=5s), CL has drifted
[2m2026-03-15T00:25:57.998044Z[0m [32m INFO[0m [SCANNER] signals=9687 settles=6 cl=27009 bn=12204 whales=0 markets=0 books=378 | http://0.0.0.0:8080
[2m2026-03-15T00:26:56.636152Z[0m [32m INFO[0m [SCANNER] signals=9687 settles=6 cl=27151 bn=12305 whales=0 markets=0 books=384 | http://0.0.0.0:8080
[2m2026-03-15T00:27:54.273417Z[0m [32m INFO[0m [PRUNE] Removed 3 expired markets
[2m2026-03-15T00:27:56.793084Z[0m [32m INFO[0m [SCANNER] signals=9687 settles=6 cl=27304 bn=12389 whales=0 markets=0 books=384 | http://0.0.0.0:8080
[2m2026-03-15T00:28:56.947563Z[0m [32m INFO[0m [SCANNER] signals=9687 settles=6 cl=27452 bn=12445 whales=0 markets=0 books=384 | http://0.0.0.0:8080
[2m2026-03-15T00:29:57.113859Z[0m [32m INFO[0m [SCANNER] signals=9687 settles=6 cl=27569 bn=12488 whales=0 markets=0 books=384 | http://0.0.0.0:8080
[2m2026-03-15T00:30:00.868839Z[0m [32m INFO[0m [WHALE] Leaderboard loaded from https://data-api.polymarket.com/v1/leaderboard?category=CRYPTO&orderBy=PNL&limit=50 (50 entries)
[2m2026-03-15T00:30:00.869134Z[0m [32m INFO[0m [WHALE] Tracking 50 wallets (top by PNL)
[2m2026-03-15T00:30:45.448991Z[0m [31mERROR[0m [CL] WebSocket error: IO error: Connection reset by peer (os error 104)
[2m2026-03-15T00:30:45.450917Z[0m [33m WARN[0m [CL] Feed closed cleanly, reconnecting...
[2m2026-03-15T00:30:46.652645Z[0m [33m WARN[0m [BOOK] batch failed: CLOB batch book request failed
[2m2026-03-15T00:30:50.451555Z[0m [32m INFO[0m [CL] Connecting to wss://ws-live-data.polymarket.com
[2m2026-03-15T00:30:51.750808Z[0m [32m INFO[0m [CL] Feed connected
[2m2026-03-15T00:30:55.073903Z[0m [32m INFO[0m [DISCOVER] New market: btc-updown-5m-1773534600
[2m2026-03-15T00:30:56.922506Z[0m [32m INFO[0m [DISCOVER] New market: eth-updown-5m-1773534600
[2m2026-03-15T00:30:57.427332Z[0m [32m INFO[0m [DISCOVER] New market: eth-updown-15m-1773534600
[2m2026-03-15T00:30:58.925589Z[0m [32m INFO[0m [DISCOVER] New market: sol-updown-5m-1773534600
[2m2026-03-15T00:30:59.425970Z[0m [32m INFO[0m [DISCOVER] New market: sol-updown-15m-1773534600
[2m2026-03-15T00:31:00.447906Z[0m [33m WARN[0m [OPEN] eth-updown-5m-1773534600 skipped: joined 54s late (grace=5s), CL has drifted
[2m2026-03-15T00:31:00.447943Z[0m [33m WARN[0m [OPEN] btc-updown-5m-1773534600 skipped: joined 54s late (grace=5s), CL has drifted
[2m2026-03-15T00:31:00.447946Z[0m [33m WARN[0m [OPEN] eth-updown-15m-1773534600 skipped: joined 54s late (grace=15s), CL has drifted
[2m2026-03-15T00:31:00.447950Z[0m [33m WARN[0m [OPEN] sol-updown-5m-1773534600 skipped: joined 54s late (grace=5s), CL has drifted
[2m2026-03-15T00:31:00.447953Z[0m [33m WARN[0m [OPEN] sol-updown-15m-1773534600 skipped: joined 54s late (grace=15s), CL has drifted
[2m2026-03-15T00:31:00.447959Z[0m [32m INFO[0m [SCANNER] signals=9687 settles=6 cl=27702 bn=12565 whales=0 markets=0 books=384 | http://0.0.0.0:8080
[2m2026-03-15T00:31:55.207994Z[0m [32m INFO[0m [DISCOVER] New market: btc-updown-15m-1773534600
[2m2026-03-15T00:31:58.212744Z[0m [33m WARN[0m [OPEN] btc-updown-15m-1773534600 skipped: joined 115s late (grace=15s), CL has drifted
[2m2026-03-15T00:31:58.212796Z[0m [32m INFO[0m [SCANNER] signals=9687 settles=6 cl=27816 bn=12635 whales=0 markets=0 books=394 | http://0.0.0.0:8080
[2m2026-03-15T00:32:55.352023Z[0m [32m INFO[0m [PRUNE] Removed 6 expired markets
[2m2026-03-15T00:32:57.988490Z[0m [32m INFO[0m [SCANNER] signals=9687 settles=6 cl=27960 bn=12694 whales=0 markets=0 books=396 | http://0.0.0.0:8080
[2m2026-03-15T00:33:58.273052Z[0m [32m INFO[0m [SCANNER] signals=9687 settles=6 cl=28099 bn=12744 whales=0 markets=0 books=396 | http://0.0.0.0:8080
[2m2026-03-15T00:34:58.552661Z[0m [32m INFO[0m [SCANNER] signals=9687 settles=6 cl=28234 bn=12792 whales=0 markets=0 books=396 | http://0.0.0.0:8080
[2m2026-03-15T00:35:07.729646Z[0m [32m INFO[0m [WHALE] Leaderboard loaded from https://data-api.polymarket.com/v1/leaderboard?category=CRYPTO&orderBy=PNL&limit=50 (50 entries)
[2m2026-03-15T00:35:07.729902Z[0m [32m INFO[0m [WHALE] Tracking 50 wallets (top by PNL)
[2m2026-03-15T00:35:56.327276Z[0m [32m INFO[0m [DISCOVER] New market: btc-updown-5m-1773534900
[2m2026-03-15T00:35:57.826632Z[0m [32m INFO[0m [DISCOVER] New market: eth-updown-5m-1773534900
[2m2026-03-15T00:35:59.333490Z[0m [32m INFO[0m [DISCOVER] New market: sol-updown-5m-1773534900
[2m2026-03-15T00:36:00.349843Z[0m [33m WARN[0m [OPEN] eth-updown-5m-1773534900 skipped: joined 56s late (grace=5s), CL has drifted
[2m2026-03-15T00:36:00.349878Z[0m [33m WARN[0m [OPEN] sol-updown-5m-1773534900 skipped: joined 56s late (grace=5s), CL has drifted
[2m2026-03-15T00:36:00.349881Z[0m [33m WARN[0m [OPEN] btc-updown-5m-1773534900 skipped: joined 56s late (grace=5s), CL has drifted
[2m2026-03-15T00:36:00.349885Z[0m [32m INFO[0m [SCANNER] signals=9687 settles=6 cl=28374 bn=12847 whales=0 markets=0 books=396 | http://0.0.0.0:8080
[2m2026-03-15T00:36:59.128545Z[0m [32m INFO[0m [SCANNER] signals=9687 settles=6 cl=28516 bn=12904 whales=0 markets=0 books=402 | http://0.0.0.0:8080
[2m2026-03-15T00:37:56.768548Z[0m [32m INFO[0m [PRUNE] Removed 3 expired markets
[2m2026-03-15T00:37:59.403046Z[0m [32m INFO[0m [SCANNER] signals=9687 settles=6 cl=28650 bn=12954 whales=0 markets=0 books=402 | http://0.0.0.0:8080
[2m2026-03-15T00:38:59.675635Z[0m [32m INFO[0m [SCANNER] signals=9687 settles=6 cl=28797 bn=13006 whales=0 markets=0 books=402 | http://0.0.0.0:8080
[2m2026-03-15T00:39:59.944985Z[0m [32m INFO[0m [SCANNER] signals=9687 settles=6 cl=28926 bn=13053 whales=0 markets=0 books=402 | http://0.0.0.0:8080
[2m2026-03-15T00:40:11.550798Z[0m [32m INFO[0m [WHALE] Leaderboard loaded from https://data-api.polymarket.com/v1/leaderboard?category=CRYPTO&orderBy=PNL&limit=50 (50 entries)
[2m2026-03-15T00:40:11.551114Z[0m [32m INFO[0m [WHALE] Tracking 50 wallets (top by PNL)
[2m2026-03-15T00:40:57.719481Z[0m [32m INFO[0m [DISCOVER] New market: btc-updown-5m-1773535200
[2m2026-03-15T00:40:59.222016Z[0m [32m INFO[0m [DISCOVER] New market: eth-updown-5m-1773535200
[2m2026-03-15T00:41:00.737132Z[0m [32m INFO[0m [DISCOVER] New market: sol-updown-5m-1773535200
[2m2026-03-15T00:41:01.747792Z[0m [33m WARN[0m [OPEN] eth-updown-5m-1773535200 skipped: joined 57s late (grace=5s), CL has drifted
[2m2026-03-15T00:41:01.747834Z[0m [33m WARN[0m [OPEN] btc-updown-5m-1773535200 skipped: joined 57s late (grace=5s), CL has drifted
[2m2026-03-15T00:41:01.747842Z[0m [33m WARN[0m [OPEN] sol-updown-5m-1773535200 skipped: joined 57s late (grace=5s), CL has drifted
[2m2026-03-15T00:41:01.747849Z[0m [32m INFO[0m [SCANNER] signals=9687 settles=6 cl=29065 bn=13115 whales=0 markets=0 books=402 | http://0.0.0.0:8080
[2m2026-03-15T00:42:00.398531Z[0m [32m INFO[0m [SCANNER] signals=9687 settles=6 cl=29215 bn=13172 whales=0 markets=0 books=408 | http://0.0.0.0:8080
[2m2026-03-15T00:42:58.040296Z[0m [32m INFO[0m [PRUNE] Removed 3 expired markets
[2m2026-03-15T00:43:00.559448Z[0m [32m INFO[0m [SCANNER] signals=9687 settles=6 cl=29338 bn=13218 whales=0 markets=0 books=408 | http://0.0.0.0:8080
[2m2026-03-15T00:44:00.714444Z[0m [32m INFO[0m [SCANNER] signals=9687 settles=6 cl=29461 bn=13254 whales=0 markets=0 books=408 | http://0.0.0.0:8080
[2m2026-03-15T00:45:00.870695Z[0m [32m INFO[0m [SCANNER] signals=9687 settles=6 cl=29601 bn=13290 whales=0 markets=0 books=408 | http://0.0.0.0:8080
[2m2026-03-15T00:45:12.123820Z[0m [32m INFO[0m [WHALE] Leaderboard loaded from https://data-api.polymarket.com/v1/leaderboard?category=CRYPTO&orderBy=PNL&limit=50 (50 entries)
[2m2026-03-15T00:45:12.124164Z[0m [32m INFO[0m [WHALE] Tracking 50 wallets (top by PNL)
[2m2026-03-15T00:45:58.534074Z[0m [32m INFO[0m [DISCOVER] New market: btc-updown-5m-1773535500
[2m2026-03-15T00:45:59.044334Z[0m [32m INFO[0m [DISCOVER] New market: btc-updown-15m-1773535500
[2m2026-03-15T00:46:00.539602Z[0m [32m INFO[0m [DISCOVER] New market: eth-updown-5m-1773535500
[2m2026-03-15T00:46:01.039217Z[0m [32m INFO[0m [DISCOVER] New market: eth-updown-15m-1773535500
[2m2026-03-15T00:46:02.543065Z[0m [32m INFO[0m [DISCOVER] New market: sol-updown-5m-1773535500
[2m2026-03-15T00:46:03.043970Z[0m [32m INFO[0m [DISCOVER] New market: sol-updown-15m-1773535500
[2m2026-03-15T00:46:04.072871Z[0m [33m WARN[0m [OPEN] eth-updown-15m-1773535500 skipped: joined 58s late (grace=15s), CL has drifted
[2m2026-03-15T00:46:04.072911Z[0m [33m WARN[0m [OPEN] btc-updown-15m-1773535500 skipped: joined 58s late (grace=15s), CL has drifted
[2m2026-03-15T00:46:04.072915Z[0m [33m WARN[0m [OPEN] eth-updown-5m-1773535500 skipped: joined 58s late (grace=5s), CL has drifted
[2m2026-03-15T00:46:04.072919Z[0m [33m WARN[0m [OPEN] sol-updown-15m-1773535500 skipped: joined 58s late (grace=15s), CL has drifted
[2m2026-03-15T00:46:04.072922Z[0m [33m WARN[0m [OPEN] btc-updown-5m-1773535500 skipped: joined 58s late (grace=5s), CL has drifted
[2m2026-03-15T00:46:04.072925Z[0m [33m WARN[0m [OPEN] sol-updown-5m-1773535500 skipped: joined 58s late (grace=5s), CL has drifted
[2m2026-03-15T00:46:04.072930Z[0m [32m INFO[0m [SCANNER] signals=9687 settles=6 cl=29746 bn=13329 whales=0 markets=0 books=408 | http://0.0.0.0:8080
[2m2026-03-15T00:47:01.223883Z[0m [32m INFO[0m [SCANNER] signals=9687 settles=6 cl=29883 bn=13391 whales=0 markets=0 books=420 | http://0.0.0.0:8080
[2m2026-03-15T00:47:58.856455Z[0m [32m INFO[0m [PRUNE] Removed 6 expired markets
[2m2026-03-15T00:48:01.376633Z[0m [32m INFO[0m [SCANNER] signals=9687 settles=6 cl=30018 bn=13442 whales=0 markets=0 books=420 | http://0.0.0.0:8080
[2m2026-03-15T00:49:01.539091Z[0m [32m INFO[0m [SCANNER] signals=9687 settles=6 cl=30177 bn=13501 whales=0 markets=0 books=420 | http://0.0.0.0:8080
[2m2026-03-15T00:50:01.698482Z[0m [32m INFO[0m [SCANNER] signals=9687 settles=6 cl=30324 bn=13556 whales=0 markets=0 books=420 | http://0.0.0.0:8080
[2m2026-03-15T00:50:13.125882Z[0m [32m INFO[0m [WHALE] Leaderboard loaded from https://data-api.polymarket.com/v1/leaderboard?category=CRYPTO&orderBy=PNL&limit=50 (50 entries)
[2m2026-03-15T00:50:13.126126Z[0m [32m INFO[0m [WHALE] Tracking 50 wallets (top by PNL)
[2m2026-03-15T00:50:59.361203Z[0m [32m INFO[0m [DISCOVER] New market: btc-updown-5m-1773535800
[2m2026-03-15T00:51:00.855192Z[0m [32m INFO[0m [DISCOVER] New market: eth-updown-5m-1773535800
[2m2026-03-15T00:51:02.373017Z[0m [32m INFO[0m [DISCOVER] New market: sol-updown-5m-1773535800
[2m2026-03-15T00:51:03.358682Z[0m [33m WARN[0m [OPEN] btc-updown-5m-1773535800 skipped: joined 59s late (grace=5s), CL has drifted
[2m2026-03-15T00:51:03.358722Z[0m [33m WARN[0m [OPEN] eth-updown-5m-1773535800 skipped: joined 59s late (grace=5s), CL has drifted
[2m2026-03-15T00:51:03.358727Z[0m [33m WARN[0m [OPEN] sol-updown-5m-1773535800 skipped: joined 59s late (grace=5s), CL has drifted
[2m2026-03-15T00:51:03.358732Z[0m [32m INFO[0m [SCANNER] signals=9687 settles=6 cl=30465 bn=13623 whales=0 markets=0 books=420 | http://0.0.0.0:8080
[2m2026-03-15T00:52:02.030841Z[0m [32m INFO[0m [SCANNER] signals=9687 settles=6 cl=30597 bn=13653 whales=0 markets=0 books=426 | http://0.0.0.0:8080
[2m2026-03-15T00:52:59.669074Z[0m [32m INFO[0m [PRUNE] Removed 3 expired markets
[2m2026-03-15T00:53:02.189669Z[0m [32m INFO[0m [SCANNER] signals=9687 settles=6 cl=30709 bn=13681 whales=0 markets=0 books=426 | http://0.0.0.0:8080
[2m2026-03-15T00:54:02.351195Z[0m [32m INFO[0m [SCANNER] signals=9687 settles=6 cl=30838 bn=13717 whales=0 markets=0 books=426 | http://0.0.0.0:8080
[2m2026-03-15T00:55:02.507100Z[0m [32m INFO[0m [SCANNER] signals=9687 settles=6 cl=30963 bn=13761 whales=0 markets=0 books=426 | http://0.0.0.0:8080
[2m2026-03-15T00:55:13.733600Z[0m [32m INFO[0m [WHALE] Leaderboard loaded from https://data-api.polymarket.com/v1/leaderboard?category=CRYPTO&orderBy=PNL&limit=50 (50 entries)
[2m2026-03-15T00:55:13.733860Z[0m [32m INFO[0m [WHALE] Tracking 50 wallets (top by PNL)
[2m2026-03-15T00:56:00.162879Z[0m [32m INFO[0m [DISCOVER] New market: btc-updown-5m-1773536100
[2m2026-03-15T00:56:01.667310Z[0m [32m INFO[0m [DISCOVER] New market: eth-updown-5m-1773536100
[2m2026-03-15T00:56:03.172196Z[0m [32m INFO[0m [DISCOVER] New market: sol-updown-5m-1773536100
[2m2026-03-15T00:56:04.170562Z[0m [33m WARN[0m [OPEN] btc-updown-5m-1773536100 skipped: joined 60s late (grace=5s), CL has drifted
[2m2026-03-15T00:56:04.170583Z[0m [33m WARN[0m [OPEN] sol-updown-5m-1773536100 skipped: joined 60s late (grace=5s), CL has drifted
[2m2026-03-15T00:56:04.170586Z[0m [33m WARN[0m [OPEN] eth-updown-5m-1773536100 skipped: joined 60s late (grace=5s), CL has drifted
[2m2026-03-15T00:56:04.170589Z[0m [32m INFO[0m [SCANNER] signals=9687 settles=6 cl=31074 bn=13804 whales=0 markets=0 books=426 | http://0.0.0.0:8080
[2m2026-03-15T00:57:02.849555Z[0m [32m INFO[0m [SCANNER] signals=9687 settles=6 cl=31213 bn=13853 whales=0 markets=0 books=432 | http://0.0.0.0:8080
[2m2026-03-15T00:58:00.486432Z[0m [32m INFO[0m [PRUNE] Removed 3 expired markets
[2m2026-03-15T00:58:03.010279Z[0m [32m INFO[0m [SCANNER] signals=9687 settles=6 cl=31344 bn=13895 whales=0 markets=0 books=432 | http://0.0.0.0:8080
[2m2026-03-15T00:59:03.645195Z[0m [33m WARN[0m [BOOK] batch failed: CLOB batch book JSON parse failed
[2m2026-03-15T00:59:12.957367Z[0m [32m INFO[0m [SCANNER] signals=9687 settles=6 cl=31431 bn=13928 whales=0 markets=0 books=432 | http://0.0.0.0:8080
[2m2026-03-15T01:00:01.091483Z[0m [32m INFO[0m [DISCOVER] New market: btc-updown-5m-1773536400
[2m2026-03-15T01:00:01.591297Z[0m [32m INFO[0m [DISCOVER] New market: btc-updown-15m-1773536400
[2m2026-03-15T01:00:03.100418Z[0m [32m INFO[0m [DISCOVER] New market: eth-updown-5m-1773536400
[2m2026-03-15T01:00:03.599139Z[0m [32m INFO[0m [DISCOVER] New market: eth-updown-15m-1773536400
[2m2026-03-15T01:00:05.131167Z[0m [32m INFO[0m [DISCOVER] New market: sol-updown-5m-1773536400
[2m2026-03-15T01:00:05.632671Z[0m [32m INFO[0m [DISCOVER] New market: sol-updown-15m-1773536400
[2m2026-03-15T01:00:06.635318Z[0m [32m INFO[0m [OPEN] eth-updown-5m-1773536400 open_price=2088.47
[2m2026-03-15T01:00:06.635474Z[0m [32m INFO[0m [OPEN] btc-updown-15m-1773536400 open_price=71010.02
[2m2026-03-15T01:00:06.635478Z[0m [32m INFO[0m [OPEN] btc-updown-5m-1773536400 open_price=71010.02
[2m2026-03-15T01:00:06.635481Z[0m [32m INFO[0m [OPEN] eth-updown-15m-1773536400 open_price=2088.47
[2m2026-03-15T01:00:06.635485Z[0m [32m INFO[0m [OPEN] sol-updown-5m-1773536400 open_price=87.78
[2m2026-03-15T01:00:06.635488Z[0m [32m INFO[0m [OPEN] sol-updown-15m-1773536400 open_price=87.78
[2m2026-03-15T01:00:06.635583Z[0m [32m INFO[0m --- SCAN ----------------------------------------------------------
[2m2026-03-15T01:00:06.635588Z[0m [32m INFO[0m   btc-updown-15m-1773536400 | open=71010.02 cl=71010.02 bn=71001.80 d=+0.0000% | s=30.0% fy=0.50 | YES=--/-- NO=--/-- | T-899s
[2m2026-03-15T01:00:06.635591Z[0m [32m INFO[0m   btc-updown-5m-1773536400 | open=71010.02 cl=71010.02 bn=71001.80 d=+0.0000% | s=30.0% fy=0.50 | YES=--/-- NO=--/-- | T-299s
[2m2026-03-15T01:00:06.635616Z[0m [32m INFO[0m   eth-updown-15m-1773536400 | open=2088.47 cl=2088.47 bn=2088.32 d=+0.0000% | s=30.0% fy=0.50 | YES=--/-- NO=--/-- | T-899s
[2m2026-03-15T01:00:06.635618Z[0m [32m INFO[0m   eth-updown-5m-1773536400 | open=2088.47 cl=2088.47 bn=2088.32 d=+0.0000% | s=30.0% fy=0.50 | YES=--/-- NO=--/-- | T-299s
[2m2026-03-15T01:00:06.635620Z[0m [32m INFO[0m   sol-updown-15m-1773536400 | open=87.78 cl=87.78 bn=87.77 d=+0.0000% | s=30.0% fy=0.50 | YES=--/-- NO=--/-- | T-899s
[2m2026-03-15T01:00:06.635623Z[0m [32m INFO[0m   sol-updown-5m-1773536400 | open=87.78 cl=87.78 bn=87.77 d=+0.0000% | s=30.0% fy=0.50 | YES=--/-- NO=--/-- | T-299s
[2m2026-03-15T01:00:06.635625Z[0m [32m INFO[0m ===================================================================
[2m2026-03-15T01:00:06.635628Z[0m [32m INFO[0m [SCANNER] signals=9687 settles=6 cl=31493 bn=13974 whales=0 markets=6 books=432 | http://0.0.0.0:8080
[2m2026-03-15T01:00:14.264496Z[0m [32m INFO[0m [WHALE] Leaderboard loaded from https://data-api.polymarket.com/v1/leaderboard?category=CRYPTO&orderBy=PNL&limit=50 (50 entries)
[2m2026-03-15T01:00:14.264728Z[0m [32m INFO[0m [WHALE] Tracking 50 wallets (top by PNL)
[2m2026-03-15T01:01:03.883705Z[0m [32m INFO[0m --- SCAN ----------------------------------------------------------
[2m2026-03-15T01:01:03.883730Z[0m [32m INFO[0m   btc-updown-15m-1773536400 | open=71010.02 cl=71023.21 bn=71013.41 d=+0.0186% | s=30.0% fy=0.55 | YES=0.60/0.61 NO=0.39/0.40 | T-839s
[2m2026-03-15T01:01:03.883733Z[0m [32m INFO[0m   btc-updown-5m-1773536400 | open=71010.02 cl=71023.21 bn=71013.41 d=+0.0186% | s=30.0% fy=0.57 | YES=0.64/0.65 NO=0.35/0.36 | T-239s
[2m2026-03-15T01:01:03.883736Z[0m [32m INFO[0m   eth-updown-15m-1773536400 | open=2088.47 cl=2088.48 bn=2088.25 d=+0.0003% | s=30.0% fy=0.50 | YES=0.53/0.54 NO=0.46/0.47 | T-839s
[2m2026-03-15T01:01:03.883739Z[0m [32m INFO[0m   eth-updown-5m-1773536400 | open=2088.47 cl=2088.48 bn=2088.25 d=+0.0003% | s=30.0% fy=0.50 | YES=0.54/0.55 NO=0.45/0.46 | T-239s
[2m2026-03-15T01:01:03.883742Z[0m [32m INFO[0m   sol-updown-15m-1773536400 | open=87.78 cl=87.81 bn=87.80 d=+0.0387% | s=30.0% fy=0.60 | YES=0.60/0.61 NO=0.39/0.40 | T-839s
[2m2026-03-15T01:01:03.883745Z[0m [32m INFO[0m   sol-updown-5m-1773536400 | open=87.78 cl=87.81 bn=87.80 d=+0.0387% | s=30.0% fy=0.65 | YES=0.69/0.70 NO=0.30/0.31 | T-239s
[2m2026-03-15T01:01:03.883769Z[0m [32m INFO[0m ===================================================================
[2m2026-03-15T01:01:03.883774Z[0m [32m INFO[0m [SCANNER] signals=10323 settles=6 cl=31643 bn=14035 whales=0 markets=6 books=444 | http://0.0.0.0:8080
[2m2026-03-15T01:02:01.606238Z[0m [32m INFO[0m [PRUNE] Removed 6 expired markets
[2m2026-03-15T01:02:04.158284Z[0m [32m INFO[0m --- SCAN ----------------------------------------------------------
[2m2026-03-15T01:02:04.158308Z[0m [32m INFO[0m   btc-updown-15m-1773536400 | open=71010.02 cl=71021.18 bn=71007.10 d=+0.0157% | s=30.0% fy=0.54 | YES=0.57/0.58 NO=0.42/0.43 | T-778s
[2m2026-03-15T01:02:04.158311Z[0m [32m INFO[0m   btc-updown-5m-1773536400 | open=71010.02 cl=71021.18 bn=71007.10 d=+0.0157% | s=30.0% fy=0.56 | YES=0.55/0.56 NO=0.43/0.45 | T-178s
[2m2026-03-15T01:02:04.158313Z[0m [32m INFO[0m   eth-updown-15m-1773536400 | open=2088.47 cl=2087.98 bn=2087.60 d=-0.0238% | s=30.0% fy=0.44 | YES=0.45/0.46 NO=0.54/0.55 | T-778s
[2m2026-03-15T01:02:04.158315Z[0m [32m INFO[0m   eth-updown-5m-1773536400 | open=2088.47 cl=2087.98 bn=2087.60 d=-0.0238% | s=30.0% fy=0.41 | YES=0.34/0.35 NO=0.65/0.66 | T-178s
[2m2026-03-15T01:02:04.158316Z[0m [32m INFO[0m   sol-updown-15m-1773536400 | open=87.78 cl=87.78 bn=87.76 d=+0.0002% | s=30.0% fy=0.50 | YES=0.56/0.57 NO=0.43/0.44 | T-778s
[2m2026-03-15T01:02:04.158318Z[0m [32m INFO[0m   sol-updown-5m-1773536400 | open=87.78 cl=87.78 bn=87.76 d=+0.0002% | s=30.0% fy=0.50 | YES=0.56/0.57 NO=0.43/0.44 | T-178s
[2m2026-03-15T01:02:04.158320Z[0m [32m INFO[0m ===================================================================
[2m2026-03-15T01:02:04.158328Z[0m [32m INFO[0m [SCANNER] signals=11013 settles=6 cl=31788 bn=14096 whales=0 markets=6 books=444 | http://0.0.0.0:8080
[2m2026-03-15T01:03:04.405710Z[0m [32m INFO[0m --- SCAN ----------------------------------------------------------
[2m2026-03-15T01:03:04.405735Z[0m [32m INFO[0m   btc-updown-15m-1773536400 | open=71010.02 cl=71013.62 bn=70999.94 d=+0.0051% | s=30.0% fy=0.51 | YES=0.59/0.60 NO=0.40/0.41 | T-718s
[2m2026-03-15T01:03:04.405738Z[0m [32m INFO[0m   btc-updown-5m-1773536400 | open=71010.02 cl=71013.62 bn=70999.94 d=+0.0051% | s=30.0% fy=0.52 | YES=0.59/0.60 NO=0.40/0.41 | T-118s
[2m2026-03-15T01:03:04.405741Z[0m [32m INFO[0m   eth-updown-15m-1773536400 | open=2088.47 cl=2088.38 bn=2087.87 d=-0.0045% | s=30.0% fy=0.49 | YES=0.52/0.53 NO=0.47/0.48 | T-718s
[2m2026-03-15T01:03:04.405744Z[0m [32m INFO[0m   eth-updown-5m-1773536400 | open=2088.47 cl=2088.38 bn=2087.87 d=-0.0045% | s=30.0% fy=0.48 | YES=0.53/0.54 NO=0.46/0.47 | T-118s
[2m2026-03-15T01:03:04.405747Z[0m [32m INFO[0m   sol-updown-15m-1773536400 | open=87.78 cl=87.84 bn=87.82 d=+0.0707% | s=30.0% fy=0.69 | YES=0.71/0.73 NO=0.27/0.29 | T-718s
[2m2026-03-15T01:03:04.405769Z[0m [32m INFO[0m   sol-updown-5m-1773536400 | open=87.78 cl=87.84 bn=87.82 d=+0.0707% | s=30.0% fy=0.76 | YES=0.89/0.90 NO=0.10/0.11 | T-118s
[2m2026-03-15T01:03:04.405772Z[0m [32m INFO[0m ===================================================================
[2m2026-03-15T01:03:04.405775Z[0m [32m INFO[0m [SCANNER] signals=11703 settles=6 cl=31902 bn=14156 whales=0 markets=6 books=444 | http://0.0.0.0:8080
[2m2026-03-15T01:04:04.652213Z[0m [32m INFO[0m --- SCAN ----------------------------------------------------------
[2m2026-03-15T01:04:04.652235Z[0m [32m INFO[0m   btc-updown-15m-1773536400 | open=71010.02 cl=71026.20 bn=71014.90 d=+0.0228% | s=30.0% fy=0.57 | YES=0.67/0.68 NO=0.32/0.33 | T-658s
[2m2026-03-15T01:04:04.652238Z[0m [32m INFO[0m   btc-updown-5m-1773536400 | open=71010.02 cl=71026.20 bn=71014.90 d=+0.0228% | s=30.0% fy=0.59 | YES=0.83/0.84 NO=0.16/0.17 | T-58s
[2m2026-03-15T01:04:04.652240Z[0m [32m INFO[0m   eth-updown-15m-1773536400 | open=2088.47 cl=2089.23 bn=2088.78 d=+0.0361% | s=30.0% fy=0.60 | YES=0.67/0.68 NO=0.32/0.33 | T-658s
[2m2026-03-15T01:04:04.652242Z[0m [32m INFO[0m   eth-updown-5m-1773536400 | open=2088.47 cl=2089.23 bn=2088.78 d=+0.0361% | s=30.0% fy=0.64 | YES=0.89/0.90 NO=0.10/0.11 | T-58s
[2m2026-03-15T01:04:04.652243Z[0m [32m INFO[0m   sol-updown-15m-1773536400 | open=87.78 cl=87.85 bn=87.84 d=+0.0810% | s=30.0% fy=0.72 | YES=0.72/0.73 NO=0.27/0.28 | T-658s
[2m2026-03-15T01:04:04.652245Z[0m [32m INFO[0m   sol-updown-5m-1773536400 | open=87.78 cl=87.85 bn=87.84 d=+0.0810% | s=30.0% fy=0.79 | YES=0.93/0.95 NO=0.05/0.07 | T-58s
[2m2026-03-15T01:04:04.652247Z[0m [32m INFO[0m ===================================================================
[2m2026-03-15T01:04:04.652249Z[0m [32m INFO[0m [SCANNER] signals=12393 settles=6 cl=32013 bn=14191 whales=0 markets=6 books=444 | http://0.0.0.0:8080
[2m2026-03-15T01:05:01.348547Z[0m [32m INFO[0m [CL_CLOSE] eth-updown-5m-1773536400 snap=2088.30
[2m2026-03-15T01:05:01.348583Z[0m [32m INFO[0m [CL_CLOSE] btc-updown-5m-1773536400 snap=71001.54
[2m2026-03-15T01:05:01.348589Z[0m [32m INFO[0m [CL_CLOSE] sol-updown-5m-1773536400 snap=87.84
[2m2026-03-15T01:05:02.397774Z[0m [32m INFO[0m [DISCOVER] New market: btc-updown-5m-1773536700
[2m2026-03-15T01:05:03.872051Z[0m [32m INFO[0m [DISCOVER] New market: eth-updown-5m-1773536700
[2m2026-03-15T01:05:05.383788Z[0m [32m INFO[0m [DISCOVER] New market: sol-updown-5m-1773536700
[2m2026-03-15T01:05:06.382319Z[0m [32m INFO[0m [OPEN] sol-updown-5m-1773536700 open_price=87.88
[2m2026-03-15T01:05:06.382559Z[0m [32m INFO[0m [OPEN] btc-updown-5m-1773536700 open_price=71040.10
[2m2026-03-15T01:05:06.382693Z[0m [32m INFO[0m [OPEN] eth-updown-5m-1773536700 open_price=2089.13
[2m2026-03-15T01:05:06.382914Z[0m [32m INFO[0m --- SCAN ----------------------------------------------------------
[2m2026-03-15T01:05:06.382919Z[0m [32m INFO[0m   btc-updown-15m-1773536400 | open=71010.02 cl=71040.10 bn=71025.05 d=+0.0424% | s=30.0% fy=0.63 | YES=0.55/0.56 NO=0.44/0.45 | T-598s
[2m2026-03-15T01:05:06.382921Z[0m [32m INFO[0m   btc-updown-5m-1773536700 | open=71040.10 cl=71040.10 bn=71025.05 d=+0.0000% | s=30.0% fy=0.50 | YES=--/-- NO=--/-- | T-298s
[2m2026-03-15T01:05:06.382923Z[0m [32m INFO[0m   eth-updown-15m-1773536400 | open=2088.47 cl=2089.13 bn=2088.92 d=+0.0315% | s=30.0% fy=0.60 | YES=0.49/0.50 NO=0.50/0.51 | T-598s
[2m2026-03-15T01:05:06.382925Z[0m [32m INFO[0m   eth-updown-5m-1773536700 | open=2089.13 cl=2089.13 bn=2088.92 d=+0.0000% | s=30.0% fy=0.50 | YES=--/-- NO=--/-- | T-298s
[2m2026-03-15T01:05:06.382927Z[0m [32m INFO[0m   sol-updown-15m-1773536400 | open=87.78 cl=87.88 bn=87.87 d=+0.1104% | s=32.3% fy=0.78 | YES=0.69/0.70 NO=0.30/0.31 | T-598s
[2m2026-03-15T01:05:06.382929Z[0m [32m INFO[0m   sol-updown-5m-1773536700 | open=87.88 cl=87.88 bn=87.87 d=+0.0000% | s=32.3% fy=0.50 | YES=--/-- NO=--/-- | T-298s
[2m2026-03-15T01:05:06.382931Z[0m [32m INFO[0m ===================================================================
[2m2026-03-15T01:05:06.382934Z[0m [32m INFO[0m [SCANNER] signals=12888 settles=6 cl=32155 bn=14282 whales=0 markets=9 books=444 | http://0.0.0.0:8080
[2m2026-03-15T01:05:06.883927Z[0m [32m INFO[0m [SETTLE] eth-updown-5m-1773536400 cl=2088.30 bn=2088.91 open=2088.47 d=-0.0083% -> NO
[2m2026-03-15T01:05:06.884095Z[0m [32m INFO[0m [SETTLE] btc-updown-5m-1773536400 cl=71001.54 bn=71025.05 open=71010.02 d=-0.0119% -> NO
[2m2026-03-15T01:05:06.884108Z[0m [32m INFO[0m [SETTLE] sol-updown-5m-1773536400 cl=87.84 bn=87.87 open=87.78 d=+0.0705% -> YES
[2m2026-03-15T01:05:19.877818Z[0m [32m INFO[0m [WHALE] Leaderboard loaded from https://data-api.polymarket.com/v1/leaderboard?category=CRYPTO&orderBy=PNL&limit=50 (50 entries)
[2m2026-03-15T01:05:19.878089Z[0m [32m INFO[0m [WHALE] Tracking 50 wallets (top by PNL)
[2m2026-03-15T01:06:05.124281Z[0m [32m INFO[0m --- SCAN ----------------------------------------------------------
[2m2026-03-15T01:06:05.124301Z[0m [32m INFO[0m   btc-updown-15m-1773536400 | open=71010.02 cl=71028.44 bn=71019.71 d=+0.0259% | s=30.0% fy=0.58 | YES=0.66/0.67 NO=0.33/0.34 | T-537s
[2m2026-03-15T01:06:05.124305Z[0m [32m INFO[0m   btc-updown-5m-1773536700 | open=71040.10 cl=71028.44 bn=71019.71 d=-0.0164% | s=30.0% fy=0.43 | YES=0.58/0.60 NO=0.40/0.42 | T-237s
[2m2026-03-15T01:06:05.124309Z[0m [32m INFO[0m   eth-updown-15m-1773536400 | open=2088.47 cl=2088.97 bn=2088.89 d=+0.0238% | s=30.0% fy=0.58 | YES=0.60/0.61 NO=0.39/0.40 | T-537s
[2m2026-03-15T01:06:05.124312Z[0m [32m INFO[0m   eth-updown-5m-1773536700 | open=2089.13 cl=2088.97 bn=2088.89 d=-0.0076% | s=30.0% fy=0.47 | YES=0.64/0.65 NO=0.35/0.36 | T-237s
[2m2026-03-15T01:06:05.124331Z[0m [32m INFO[0m   sol-updown-15m-1773536400 | open=87.78 cl=87.86 bn=87.85 d=+0.0893% | s=33.1% fy=0.74 | YES=0.71/0.72 NO=0.28/0.29 | T-537s
[2m2026-03-15T01:06:05.124335Z[0m [32m INFO[0m   sol-updown-5m-1773536700 | open=87.88 cl=87.86 bn=87.85 d=-0.0211% | s=33.1% fy=0.42 | YES=0.54/0.55 NO=0.45/0.46 | T-237s
[2m2026-03-15T01:06:05.124338Z[0m [32m INFO[0m ===================================================================
[2m2026-03-15T01:06:05.124343Z[0m [32m INFO[0m [SCANNER] signals=13557 settles=9 cl=32284 bn=14342 whales=0 markets=6 books=450 | http://0.0.0.0:8080
[2m2026-03-15T01:07:02.845519Z[0m [32m INFO[0m [PRUNE] Removed 3 expired markets
[2m2026-03-15T01:07:05.391578Z[0m [32m INFO[0m --- SCAN ----------------------------------------------------------
[2m2026-03-15T01:07:05.391599Z[0m [32m INFO[0m   btc-updown-15m-1773536400 | open=71010.02 cl=71023.93 bn=71012.57 d=+0.0196% | s=30.0% fy=0.57 | YES=0.67/0.68 NO=0.32/0.33 | T-477s
[2m2026-03-15T01:07:05.391602Z[0m [32m INFO[0m   btc-updown-5m-1773536700 | open=71040.10 cl=71023.93 bn=71012.57 d=-0.0228% | s=30.0% fy=0.41 | YES=0.60/0.61 NO=0.39/0.40 | T-177s
[2m2026-03-15T01:07:05.391610Z[0m [32m INFO[0m   eth-updown-15m-1773536400 | open=2088.47 cl=2089.54 bn=2089.30 d=+0.0512% | s=30.0% fy=0.67 | YES=0.72/0.73 NO=0.27/0.28 | T-477s
[2m2026-03-15T01:07:05.391612Z[0m [32m INFO[0m   eth-updown-5m-1773536700 | open=2089.13 cl=2089.54 bn=2089.30 d=+0.0197% | s=30.0% fy=0.58 | YES=0.81/0.82 NO=0.18/0.19 | T-177s
[2m2026-03-15T01:07:05.391614Z[0m [32m INFO[0m   sol-updown-15m-1773536400 | open=87.78 cl=87.87 bn=87.86 d=+0.1057% | s=33.1% fy=0.79 | YES=0.78/0.79 NO=0.21/0.22 | T-477s
[2m2026-03-15T01:07:05.391616Z[0m [32m INFO[0m   sol-updown-5m-1773536700 | open=87.88 cl=87.87 bn=87.86 d=-0.0047% | s=33.1% fy=0.48 | YES=0.61/0.63 NO=0.37/0.39 | T-177s
[2m2026-03-15T01:07:05.391619Z[0m [32m INFO[0m ===================================================================
[2m2026-03-15T01:07:05.391622Z[0m [32m INFO[0m [SCANNER] signals=14247 settles=9 cl=32404 bn=14377 whales=0 markets=6 books=450 | http://0.0.0.0:8080
[2m2026-03-15T01:08:05.639163Z[0m [32m INFO[0m --- SCAN ----------------------------------------------------------
[2m2026-03-15T01:08:05.639182Z[0m [32m INFO[0m   btc-updown-15m-1773536400 | open=71010.02 cl=70990.87 bn=70982.00 d=-0.0270% | s=30.0% fy=0.40 | YES=0.44/0.45 NO=0.55/0.56 | T-417s
[2m2026-03-15T01:08:05.639186Z[0m [32m INFO[0m   btc-updown-5m-1773536700 | open=71040.10 cl=70990.87 bn=70982.00 d=-0.0693% | s=30.0% fy=0.24 | YES=0.34/0.35 NO=0.65/0.66 | T-117s
[2m2026-03-15T01:08:05.639189Z[0m [32m INFO[0m   eth-updown-15m-1773536400 | open=2088.47 cl=2088.62 bn=2088.40 d=+0.0072% | s=30.0% fy=0.53 | YES=0.56/0.57 NO=0.43/0.44 | T-417s
[2m2026-03-15T01:08:05.639197Z[0m [32m INFO[0m   eth-updown-5m-1773536700 | open=2089.13 cl=2088.62 bn=2088.40 d=-0.0242% | s=30.0% fy=0.40 | YES=0.61/0.62 NO=0.38/0.39 | T-117s
[2m2026-03-15T01:08:05.639202Z[0m [32m INFO[0m   sol-updown-15m-1773536400 | open=87.78 cl=87.80 bn=87.78 d=+0.0215% | s=31.7% fy=0.57 | YES=0.60/0.61 NO=0.39/0.40 | T-417s
[2m2026-03-15T01:08:05.639205Z[0m [32m INFO[0m   sol-updown-5m-1773536700 | open=87.88 cl=87.80 bn=87.78 d=-0.0888% | s=31.7% fy=0.19 | YES=0.25/0.27 NO=0.73/0.75 | T-117s
[2m2026-03-15T01:08:05.639209Z[0m [32m INFO[0m ===================================================================
[2m2026-03-15T01:08:05.639213Z[0m [32m INFO[0m [SCANNER] signals=14937 settles=9 cl=32532 bn=14416 whales=0 markets=6 books=450 | http://0.0.0.0:8080
[2m2026-03-15T01:09:05.879927Z[0m [32m INFO[0m --- SCAN ----------------------------------------------------------
[2m2026-03-15T01:09:05.879949Z[0m [32m INFO[0m   btc-updown-15m-1773536400 | open=71010.02 cl=70993.39 bn=70978.00 d=-0.0234% | s=30.0% fy=0.41 | YES=0.42/0.43 NO=0.57/0.58 | T-357s
[2m2026-03-15T01:09:05.879951Z[0m [32m INFO[0m   btc-updown-5m-1773536700 | open=71040.10 cl=70993.39 bn=70978.00 d=-0.0657% | s=30.0% fy=0.26 | YES=0.36/0.37 NO=0.63/0.64 | T-57s
[2m2026-03-15T01:09:05.879953Z[0m [32m INFO[0m   eth-updown-15m-1773536400 | open=2088.47 cl=2088.32 bn=2088.20 d=-0.0074% | s=30.0% fy=0.47 | YES=0.47/0.48 NO=0.52/0.53 | T-357s
[2m2026-03-15T01:09:05.879955Z[0m [32m INFO[0m   eth-updown-5m-1773536700 | open=2089.13 cl=2088.32 bn=2088.20 d=-0.0389% | s=30.0% fy=0.35 | YES=0.44/0.45 NO=0.55/0.56 | T-57s
[2m2026-03-15T01:09:05.879957Z[0m [32m INFO[0m   sol-updown-15m-1773536400 | open=87.78 cl=87.80 bn=87.80 d=+0.0173% | s=32.3% fy=0.56 | YES=0.58/0.59 NO=0.41/0.42 | T-357s
[2m2026-03-15T01:09:05.879959Z[0m [32m INFO[0m   sol-updown-5m-1773536700 | open=87.88 cl=87.80 bn=87.80 d=-0.0930% | s=32.3% fy=0.18 | YES=0.16/0.17 NO=0.83/0.84 | T-57s
[2m2026-03-15T01:09:05.879961Z[0m [32m INFO[0m ===================================================================
[2m2026-03-15T01:09:05.879963Z[0m [32m INFO[0m [SCANNER] signals=15627 settles=9 cl=32623 bn=14465 whales=0 markets=6 books=450 | http://0.0.0.0:8080
[2m2026-03-15T01:10:01.068109Z[0m [32m INFO[0m [CL_CLOSE] sol-updown-5m-1773536700 snap=87.84
[2m2026-03-15T01:10:01.068180Z[0m [32m INFO[0m [CL_CLOSE] btc-updown-5m-1773536700 snap=70993.19
[2m2026-03-15T01:10:01.068184Z[0m [32m INFO[0m [CL_CLOSE] eth-updown-5m-1773536700 snap=2088.80
[2m2026-03-15T01:10:03.594066Z[0m [32m INFO[0m [DISCOVER] New market: btc-updown-5m-1773537000
[2m2026-03-15T01:10:05.096201Z[0m [32m INFO[0m [DISCOVER] New market: eth-updown-5m-1773537000
[2m2026-03-15T01:10:06.603511Z[0m [32m INFO[0m [DISCOVER] New market: sol-updown-5m-1773537000
[2m2026-03-15T01:10:07.608696Z[0m [32m INFO[0m [OPEN] btc-updown-5m-1773537000 open_price=70988.10
[2m2026-03-15T01:10:07.608928Z[0m [32m INFO[0m [OPEN] eth-updown-5m-1773537000 open_price=2088.57
[2m2026-03-15T01:10:07.608935Z[0m [32m INFO[0m [OPEN] sol-updown-5m-1773537000 open_price=87.83
[2m2026-03-15T01:10:07.609252Z[0m [32m INFO[0m --- SCAN ----------------------------------------------------------
[2m2026-03-15T01:10:07.609257Z[0m [32m INFO[0m   btc-updown-15m-1773536400 | open=71010.02 cl=70988.10 bn=70975.13 d=-0.0309% | s=30.0% fy=0.38 | YES=0.43/0.44 NO=0.56/0.57 | T-296s
[2m2026-03-15T01:10:07.609259Z[0m [32m INFO[0m   btc-updown-5m-1773537000 | open=70988.10 cl=70988.10 bn=70975.13 d=+0.0000% | s=30.0% fy=0.50 | YES=--/-- NO=--/-- | T-296s
[2m2026-03-15T01:10:07.609261Z[0m [32m INFO[0m   eth-updown-15m-1773536400 | open=2088.47 cl=2088.57 bn=2088.25 d=+0.0047% | s=30.0% fy=0.52 | YES=0.56/0.57 NO=0.43/0.44 | T-296s
[2m2026-03-15T01:10:07.609263Z[0m [32m INFO[0m   eth-updown-5m-1773537000 | open=2088.57 cl=2088.57 bn=2088.25 d=+0.0000% | s=30.0% fy=0.50 | YES=--/-- NO=--/-- | T-296s
[2m2026-03-15T01:10:07.609265Z[0m [32m INFO[0m   sol-updown-15m-1773536400 | open=87.78 cl=87.83 bn=87.81 d=+0.0544% | s=30.0% fy=0.71 | YES=0.71/0.72 NO=0.28/0.29 | T-296s
[2m2026-03-15T01:10:07.609267Z[0m [32m INFO[0m   sol-updown-5m-1773537000 | open=87.83 cl=87.83 bn=87.81 d=+0.0000% | s=30.0% fy=0.50 | YES=--/-- NO=--/-- | T-296s
[2m2026-03-15T01:10:07.609269Z[0m [32m INFO[0m ===================================================================
[2m2026-03-15T01:10:07.609271Z[0m [32m INFO[0m [SCANNER] signals=16116 settles=9 cl=32746 bn=14510 whales=0 markets=9 books=450 | http://0.0.0.0:8080
[2m2026-03-15T01:10:08.109681Z[0m [32m INFO[0m [SETTLE] sol-updown-5m-1773536700 cl=87.84 bn=87.81 open=87.88 d=-0.0465% -> NO
[2m2026-03-15T01:10:08.109744Z[0m [32m INFO[0m [SETTLE] btc-updown-5m-1773536700 cl=70993.19 bn=70975.13 open=71040.10 d=-0.0660% -> NO
[2m2026-03-15T01:10:08.109771Z[0m [32m INFO[0m [SETTLE] eth-updown-5m-1773536700 cl=2088.80 bn=2088.25 open=2089.13 d=-0.0156% -> NO
[2m2026-03-15T01:10:25.721621Z[0m [32m INFO[0m [WHALE] Leaderboard loaded from https://data-api.polymarket.com/v1/leaderboard?category=CRYPTO&orderBy=PNL&limit=50 (50 entries)
[2m2026-03-15T01:10:25.721946Z[0m [32m INFO[0m [WHALE] Tracking 50 wallets (top by PNL)
[2m2026-03-15T01:11:06.354004Z[0m [32m INFO[0m --- SCAN ----------------------------------------------------------
[2m2026-03-15T01:11:06.354028Z[0m [32m INFO[0m   btc-updown-15m-1773536400 | open=71010.02 cl=70918.13 bn=70901.64 d=-0.1294% | s=30.0% fy=0.10 | YES=0.07/0.08 NO=0.92/0.93 | T-236s
[2m2026-03-15T01:11:06.354032Z[0m [32m INFO[0m   btc-updown-5m-1773537000 | open=70988.10 cl=70918.13 bn=70901.64 d=-0.0986% | s=30.0% fy=0.16 | YES=0.23/0.25 NO=0.75/0.77 | T-236s
[2m2026-03-15T01:11:06.354034Z[0m [32m INFO[0m   eth-updown-15m-1773536400 | open=2088.47 cl=2085.02 bn=2084.72 d=-0.1652% | s=30.0% fy=0.05 | YES=0.04/0.05 NO=0.95/0.96 | T-236s
[2m2026-03-15T01:11:06.354037Z[0m [32m INFO[0m   eth-updown-5m-1773537000 | open=2088.57 cl=2085.02 bn=2084.72 d=-0.1699% | s=30.0% fy=0.04 | YES=0.02/0.05 NO=0.95/0.98 | T-236s
[2m2026-03-15T01:11:06.354040Z[0m [32m INFO[0m   sol-updown-15m-1773536400 | open=87.78 cl=87.66 bn=87.64 d=-0.1328% | s=35.1% fy=0.09 | YES=0.18/0.19 NO=0.81/0.82 | T-236s
[2m2026-03-15T01:11:06.354043Z[0m [32m INFO[0m   sol-updown-5m-1773537000 | open=87.83 cl=87.66 bn=87.64 d=-0.1871% | s=35.1% fy=0.03 | YES=0.07/0.09 NO=0.91/0.93 | T-236s
[2m2026-03-15T01:11:06.354050Z[0m [32m INFO[0m ===================================================================
[2m2026-03-15T01:11:06.354053Z[0m [32m INFO[0m [SCANNER] signals=16785 settles=12 cl=32885 bn=14608 whales=0 markets=6 books=456 | http://0.0.0.0:8080
[2m2026-03-15T01:12:04.078787Z[0m [32m INFO[0m [PRUNE] Removed 3 expired markets
[2m2026-03-15T01:12:06.634446Z[0m [32m INFO[0m --- SCAN ----------------------------------------------------------
[2m2026-03-15T01:12:06.634462Z[0m [32m INFO[0m   btc-updown-15m-1773536400 | open=71010.02 cl=70954.76 bn=70941.48 d=-0.0778% | s=30.0% fy=0.22 | YES=0.19/0.20 NO=0.80/0.81 | T-176s
[2m2026-03-15T01:12:06.634464Z[0m [32m INFO[0m   btc-updown-5m-1773537000 | open=70988.10 cl=70954.76 bn=70941.48 d=-0.0470% | s=30.0% fy=0.32 | YES=0.34/0.35 NO=0.65/0.66 | T-176s
[2m2026-03-15T01:12:06.634466Z[0m [32m INFO[0m   eth-updown-15m-1773536400 | open=2088.47 cl=2086.84 bn=2086.61 d=-0.0782% | s=30.0% fy=0.22 | YES=0.14/0.16 NO=0.84/0.86 | T-176s
[2m2026-03-15T01:12:06.634468Z[0m [32m INFO[0m   eth-updown-5m-1773537000 | open=2088.57 cl=2086.84 bn=2086.61 d=-0.0828% | s=30.0% fy=0.20 | YES=0.12/0.13 NO=0.87/0.88 | T-176s
[2m2026-03-15T01:12:06.634469Z[0m [32m INFO[0m   sol-updown-15m-1773536400 | open=87.78 cl=87.75 bn=87.74 d=-0.0331% | s=40.7% fy=0.37 | YES=0.41/0.43 NO=0.57/0.59 | T-176s
[2m2026-03-15T01:12:06.634471Z[0m [32m INFO[0m   sol-updown-5m-1773537000 | open=87.83 cl=87.75 bn=87.74 d=-0.0875% | s=40.7% fy=0.19 | YES=0.22/0.23 NO=0.77/0.78 | T-176s
[2m2026-03-15T01:12:06.634473Z[0m [32m INFO[0m ===================================================================
[2m2026-03-15T01:12:06.634476Z[0m [32m INFO[0m [SCANNER] signals=17475 settles=12 cl=33030 bn=14686 whales=0 markets=6 books=456 | http://0.0.0.0:8080
[2m2026-03-15T01:13:06.895011Z[0m [32m INFO[0m --- SCAN ----------------------------------------------------------
[2m2026-03-15T01:13:06.895031Z[0m [32m INFO[0m   btc-updown-15m-1773536400 | open=71010.02 cl=70961.54 bn=70955.28 d=-0.0683% | s=30.0% fy=0.25 | YES=0.17/0.18 NO=0.82/0.83 | T-116s
[2m2026-03-15T01:13:06.895034Z[0m [32m INFO[0m   btc-updown-5m-1773537000 | open=70988.10 cl=70961.54 bn=70955.28 d=-0.0374% | s=30.0% fy=0.35 | YES=0.33/0.34 NO=0.66/0.67 | T-116s
[2m2026-03-15T01:13:06.895036Z[0m [32m INFO[0m   eth-updown-15m-1773536400 | open=2088.47 cl=2087.22 bn=2086.89 d=-0.0603% | s=30.0% fy=0.27 | YES=0.16/0.17 NO=0.83/0.84 | T-116s
[2m2026-03-15T01:13:06.895037Z[0m [32m INFO[0m   eth-updown-5m-1773537000 | open=2088.57 cl=2087.22 bn=2086.89 d=-0.0649% | s=30.0% fy=0.26 | YES=0.10/0.12 NO=0.88/0.90 | T-116s
[2m2026-03-15T01:13:06.895039Z[0m [32m INFO[0m   sol-updown-15m-1773536400 | open=87.78 cl=87.83 bn=87.82 d=+0.0541% | s=43.4% fy=0.71 | YES=0.79/0.80 NO=0.20/0.21 | T-116s
[2m2026-03-15T01:13:06.895041Z[0m [32m INFO[0m   sol-updown-5m-1773537000 | open=87.83 cl=87.83 bn=87.82 d=-0.0004% | s=43.4% fy=0.50 | YES=0.49/0.50 NO=0.50/0.51 | T-116s
[2m2026-03-15T01:13:06.895043Z[0m [32m INFO[0m ===================================================================
[2m2026-03-15T01:13:06.895046Z[0m [32m INFO[0m [SCANNER] signals=18165 settles=12 cl=33148 bn=14734 whales=0 markets=6 books=456 | http://0.0.0.0:8080
[2m2026-03-15T01:14:07.150679Z[0m [32m INFO[0m --- SCAN ----------------------------------------------------------
[2m2026-03-15T01:14:07.150697Z[0m [32m INFO[0m   btc-updown-15m-1773536400 | open=71010.02 cl=70943.83 bn=70934.17 d=-0.0932% | s=30.0% fy=0.18 | YES=0.03/0.04 NO=0.96/0.97 | T-55s
[2m2026-03-15T01:14:07.150699Z[0m [32m INFO[0m   btc-updown-5m-1773537000 | open=70988.10 cl=70943.83 bn=70934.17 d=-0.0624% | s=30.0% fy=0.27 | YES=0.31/0.32 NO=0.68/0.69 | T-55s
[2m2026-03-15T01:14:07.150701Z[0m [32m INFO[0m   eth-updown-15m-1773536400 | open=2088.47 cl=2086.53 bn=2085.98 d=-0.0929% | s=30.0% fy=0.18 | YES=0.01/0.02 NO=0.98/0.99 | T-55s
[2m2026-03-15T01:14:07.150707Z[0m [32m INFO[0m   eth-updown-5m-1773537000 | open=2088.57 cl=2086.53 bn=2085.98 d=-0.0976% | s=30.0% fy=0.16 | YES=0.01/0.02 NO=0.98/0.99 | T-55s
[2m2026-03-15T01:14:07.150708Z[0m [32m INFO[0m   sol-updown-15m-1773536400 | open=87.78 cl=87.79 bn=87.78 d=+0.0118% | s=41.6% fy=0.55 | YES=0.60/0.61 NO=0.39/0.40 | T-55s
[2m2026-03-15T01:14:07.150710Z[0m [32m INFO[0m   sol-updown-5m-1773537000 | open=87.83 cl=87.79 bn=87.78 d=-0.0426% | s=41.6% fy=0.33 | YES=0.16/0.19 NO=0.81/0.84 | T-55s
[2m2026-03-15T01:14:07.150711Z[0m [32m INFO[0m ===================================================================
[2m2026-03-15T01:14:07.150713Z[0m [32m INFO[0m [SCANNER] signals=18855 settles=12 cl=33245 bn=14775 whales=0 markets=6 books=456 | http://0.0.0.0:8080
[2m2026-03-15T01:15:01.312069Z[0m [32m INFO[0m [CL_CLOSE] btc-updown-5m-1773537000 snap=70958.49
[2m2026-03-15T01:15:01.312102Z[0m [32m INFO[0m [CL_CLOSE] btc-updown-15m-1773536400 snap=70958.49
[2m2026-03-15T01:15:01.312106Z[0m [32m INFO[0m [CL_CLOSE] eth-updown-5m-1773537000 snap=2086.63
[2m2026-03-15T01:15:01.312111Z[0m [32m INFO[0m [CL_CLOSE] sol-updown-5m-1773537000 snap=87.80
[2m2026-03-15T01:15:01.312113Z[0m [32m INFO[0m [CL_CLOSE] eth-updown-15m-1773536400 snap=2086.63
[2m2026-03-15T01:15:01.312116Z[0m [32m INFO[0m [CL_CLOSE] sol-updown-15m-1773536400 snap=87.80
[2m2026-03-15T01:15:04.839067Z[0m [32m INFO[0m [DISCOVER] New market: btc-updown-5m-1773537300
[2m2026-03-15T01:15:05.341413Z[0m [32m INFO[0m [DISCOVER] New market: btc-updown-15m-1773537300
[2m2026-03-15T01:15:06.839206Z[0m [32m INFO[0m [DISCOVER] New market: eth-updown-5m-1773537300
[2m2026-03-15T01:15:07.339601Z[0m [32m INFO[0m [DISCOVER] New market: eth-updown-15m-1773537300
[2m2026-03-15T01:15:08.843183Z[0m [32m INFO[0m [DISCOVER] New market: sol-updown-5m-1773537300
[2m2026-03-15T01:15:09.346625Z[0m [32m INFO[0m [DISCOVER] New market: sol-updown-15m-1773537300
[2m2026-03-15T01:15:10.346682Z[0m [32m INFO[0m [OPEN] sol-updown-15m-1773537300 open_price=87.81
[2m2026-03-15T01:15:10.346718Z[0m [32m INFO[0m [OPEN] btc-updown-15m-1773537300 open_price=70960.65
[2m2026-03-15T01:15:10.346720Z[0m [32m INFO[0m [OPEN] btc-updown-5m-1773537300 open_price=70960.65
[2m2026-03-15T01:15:10.346722Z[0m [32m INFO[0m [OPEN] eth-updown-5m-1773537300 open_price=2086.75
[2m2026-03-15T01:15:10.346724Z[0m [32m INFO[0m [OPEN] eth-updown-15m-1773537300 open_price=2086.75
[2m2026-03-15T01:15:10.346726Z[0m [32m INFO[0m [OPEN] sol-updown-5m-1773537300 open_price=87.81
[2m2026-03-15T01:15:10.346820Z[0m [32m INFO[0m --- SCAN ----------------------------------------------------------
[2m2026-03-15T01:15:10.346824Z[0m [32m INFO[0m   btc-updown-15m-1773537300 | open=70960.65 cl=70960.65 bn=70949.72 d=+0.0000% | s=30.0% fy=0.50 | YES=--/-- NO=--/-- | T-895s
[2m2026-03-15T01:15:10.346826Z[0m [32m INFO[0m   btc-updown-5m-1773537300 | open=70960.65 cl=70960.65 bn=70949.72 d=+0.0000% | s=30.0% fy=0.50 | YES=--/-- NO=--/-- | T-295s
[2m2026-03-15T01:15:10.346827Z[0m [32m INFO[0m   eth-updown-15m-1773537300 | open=2086.75 cl=2086.75 bn=2086.25 d=+0.0000% | s=30.0% fy=0.50 | YES=--/-- NO=--/-- | T-895s
[2m2026-03-15T01:15:10.346829Z[0m [32m INFO[0m   eth-updown-5m-1773537300 | open=2086.75 cl=2086.75 bn=2086.25 d=+0.0000% | s=30.0% fy=0.50 | YES=--/-- NO=--/-- | T-295s
[2m2026-03-15T01:15:10.346831Z[0m [32m INFO[0m   sol-updown-15m-1773537300 | open=87.81 cl=87.81 bn=87.79 d=+0.0000% | s=42.6% fy=0.50 | YES=--/-- NO=--/-- | T-895s
[2m2026-03-15T01:15:10.346832Z[0m [32m INFO[0m   sol-updown-5m-1773537300 | open=87.81 cl=87.81 bn=87.79 d=+0.0000% | s=42.6% fy=0.50 | YES=--/-- NO=--/-- | T-295s
[2m2026-03-15T01:15:10.346834Z[0m [32m INFO[0m ===================================================================
[2m2026-03-15T01:15:10.346836Z[0m [32m INFO[0m [SCANNER] signals=19125 settles=12 cl=33363 bn=14819 whales=0 markets=12 books=456 | http://0.0.0.0:8080
[2m2026-03-15T01:15:10.848518Z[0m [32m INFO[0m [SETTLE] btc-updown-5m-1773537000 cl=70958.49 bn=70949.73 open=70988.10 d=-0.0417% -> NO
[2m2026-03-15T01:15:10.848600Z[0m [32m INFO[0m [SETTLE] btc-updown-15m-1773536400 cl=70958.49 bn=70949.73 open=71010.02 d=-0.0726% -> NO
[2m2026-03-15T01:15:10.848613Z[0m [32m INFO[0m [SETTLE] eth-updown-5m-1773537000 cl=2086.63 bn=2086.25 open=2088.57 d=-0.0929% -> NO
[2m2026-03-15T01:15:10.848623Z[0m [32m INFO[0m [SETTLE] sol-updown-5m-1773537000 cl=87.80 bn=87.79 open=87.83 d=-0.0268% -> NO
[2m2026-03-15T01:15:10.848631Z[0m [32m INFO[0m [SETTLE] eth-updown-15m-1773536400 cl=2086.63 bn=2086.25 open=2088.47 d=-0.0882% -> NO
[2m2026-03-15T01:15:10.848639Z[0m [32m INFO[0m [SETTLE] sol-updown-15m-1773536400 cl=87.80 bn=87.79 open=87.78 d=+0.0276% -> YES
[2m2026-03-15T01:15:32.643412Z[0m [32m INFO[0m [WHALE] Leaderboard loaded from https://data-api.polymarket.com/v1/leaderboard?category=CRYPTO&orderBy=PNL&limit=50 (50 entries)
[2m2026-03-15T01:15:32.643692Z[0m [32m INFO[0m [WHALE] Tracking 50 wallets (top by PNL)
[2m2026-03-15T01:16:07.580516Z[0m [32m INFO[0m --- SCAN ----------------------------------------------------------
[2m2026-03-15T01:16:07.580540Z[0m [32m INFO[0m   btc-updown-15m-1773537300 | open=70960.65 cl=70977.30 bn=70967.07 d=+0.0235% | s=30.0% fy=0.56 | YES=0.57/0.58 NO=0.42/0.43 | T-835s
[2m2026-03-15T01:16:07.580543Z[0m [32m INFO[0m   btc-updown-5m-1773537300 | open=70960.65 cl=70977.30 bn=70967.07 d=+0.0235% | s=30.0% fy=0.59 | YES=0.56/0.57 NO=0.43/0.44 | T-235s
[2m2026-03-15T01:16:07.580546Z[0m [32m INFO[0m   eth-updown-15m-1773537300 | open=2086.75 cl=2087.35 bn=2087.01 d=+0.0285% | s=30.0% fy=0.57 | YES=0.61/0.63 NO=0.37/0.39 | T-835s
[2m2026-03-15T01:16:07.580549Z[0m [32m INFO[0m   eth-updown-5m-1773537300 | open=2086.75 cl=2087.35 bn=2087.01 d=+0.0285% | s=30.0% fy=0.61 | YES=0.67/0.69 NO=0.31/0.33 | T-235s
[2m2026-03-15T01:16:07.580551Z[0m [32m INFO[0m   sol-updown-15m-1773537300 | open=87.81 cl=87.83 bn=87.81 d=+0.0299% | s=34.6% fy=0.57 | YES=0.55/0.56 NO=0.44/0.45 | T-835s
[2m2026-03-15T01:16:07.580554Z[0m [32m INFO[0m   sol-updown-5m-1773537300 | open=87.81 cl=87.83 bn=87.81 d=+0.0299% | s=34.6% fy=0.62 | YES=0.57/0.60 NO=0.40/0.43 | T-235s
[2m2026-03-15T01:16:07.580557Z[0m [32m INFO[0m ===================================================================
[2m2026-03-15T01:16:07.580561Z[0m [32m INFO[0m [SCANNER] signals=19761 settles=18 cl=33501 bn=14871 whales=0 markets=6 books=468 | http://0.0.0.0:8080
[2m2026-03-15T01:17:05.295234Z[0m [32m INFO[0m [PRUNE] Removed 6 expired markets
[2m2026-03-15T01:17:07.841201Z[0m [32m INFO[0m --- SCAN ----------------------------------------------------------
[2m2026-03-15T01:17:07.841221Z[0m [32m INFO[0m   btc-updown-15m-1773537300 | open=70960.65 cl=71011.66 bn=71000.00 d=+0.0719% | s=30.0% fy=0.69 | YES=0.74/0.75 NO=0.26/0.27 | T-775s
[2m2026-03-15T01:17:07.841224Z[0m [32m INFO[0m   btc-updown-5m-1773537300 | open=70960.65 cl=71011.66 bn=71000.00 d=+0.0719% | s=30.0% fy=0.76 | YES=0.74/0.75 NO=0.25/0.26 | T-175s
[2m2026-03-15T01:17:07.841228Z[0m [32m INFO[0m   eth-updown-15m-1773537300 | open=2086.75 cl=2088.21 bn=2087.87 d=+0.0697% | s=30.0% fy=0.68 | YES=0.73/0.74 NO=0.26/0.27 | T-775s
[2m2026-03-15T01:17:07.841231Z[0m [32m INFO[0m   eth-updown-5m-1773537300 | open=2086.75 cl=2088.21 bn=2087.87 d=+0.0697% | s=30.0% fy=0.76 | YES=0.86/0.88 NO=0.12/0.14 | T-175s
[2m2026-03-15T01:17:07.841234Z[0m [32m INFO[0m   sol-updown-15m-1773537300 | open=87.81 cl=87.91 bn=87.90 d=+0.1121% | s=30.0% fy=0.77 | YES=0.65/0.66 NO=0.36/0.37 | T-775s
[2m2026-03-15T01:17:07.841237Z[0m [32m INFO[0m   sol-updown-5m-1773537300 | open=87.81 cl=87.91 bn=87.90 d=+0.1121% | s=30.0% fy=0.87 | YES=0.78/0.81 NO=0.19/0.22 | T-175s
[2m2026-03-15T01:17:07.841240Z[0m [32m INFO[0m ===================================================================
[2m2026-03-15T01:17:07.841244Z[0m [32m INFO[0m [SCANNER] signals=20451 settles=18 cl=33627 bn=14911 whales=0 markets=6 books=468 | http://0.0.0.0:8080
[2m2026-03-15T01:18:08.080477Z[0m [32m INFO[0m --- SCAN ----------------------------------------------------------
[2m2026-03-15T01:18:08.080494Z[0m [32m INFO[0m   btc-updown-15m-1773537300 | open=70960.65 cl=70998.65 bn=70982.96 d=+0.0536% | s=30.0% fy=0.65 | YES=0.70/0.71 NO=0.29/0.30 | T-714s
[2m2026-03-15T01:18:08.080497Z[0m [32m INFO[0m   btc-updown-5m-1773537300 | open=70960.65 cl=70998.65 bn=70982.96 d=+0.0536% | s=30.0% fy=0.70 | YES=0.73/0.74 NO=0.26/0.27 | T-114s
[2m2026-03-15T01:18:08.080499Z[0m [32m INFO[0m   eth-updown-15m-1773537300 | open=2086.75 cl=2087.96 bn=2087.65 d=+0.0580% | s=30.0% fy=0.66 | YES=0.72/0.74 NO=0.26/0.28 | T-714s
[2m2026-03-15T01:18:08.080500Z[0m [32m INFO[0m   eth-updown-5m-1773537300 | open=2086.75 cl=2087.96 bn=2087.65 d=+0.0580% | s=30.0% fy=0.72 | YES=0.86/0.88 NO=0.12/0.14 | T-114s
[2m2026-03-15T01:18:08.080502Z[0m [32m INFO[0m   sol-updown-15m-1773537300 | open=87.81 cl=87.90 bn=87.89 d=+0.1101% | s=30.0% fy=0.78 | YES=0.70/0.71 NO=0.29/0.30 | T-714s
[2m2026-03-15T01:18:08.080504Z[0m [32m INFO[0m   sol-updown-5m-1773537300 | open=87.81 cl=87.90 bn=87.89 d=+0.1101% | s=30.0% fy=0.86 | YES=0.93/0.94 NO=0.06/0.07 | T-114s
[2m2026-03-15T01:18:08.080506Z[0m [32m INFO[0m ===================================================================
[2m2026-03-15T01:18:08.080508Z[0m [32m INFO[0m [SCANNER] signals=21141 settles=18 cl=33764 bn=14950 whales=0 markets=6 books=468 | http://0.0.0.0:8080
[2m2026-03-15T01:19:08.308937Z[0m [32m INFO[0m --- SCAN ----------------------------------------------------------
[2m2026-03-15T01:19:08.308956Z[0m [32m INFO[0m   btc-updown-15m-1773537300 | open=70960.65 cl=71005.87 bn=70988.16 d=+0.0637% | s=30.0% fy=0.68 | YES=0.74/0.75 NO=0.25/0.26 | T-654s
[2m2026-03-15T01:19:08.308960Z[0m [32m INFO[0m   btc-updown-5m-1773537300 | open=70960.65 cl=71005.87 bn=70988.16 d=+0.0637% | s=30.0% fy=0.74 | YES=0.93/0.94 NO=0.06/0.07 | T-54s
[2m2026-03-15T01:19:08.308963Z[0m [32m INFO[0m   eth-updown-15m-1773537300 | open=2086.75 cl=2088.11 bn=2087.58 d=+0.0651% | s=30.0% fy=0.68 | YES=0.72/0.73 NO=0.27/0.28 | T-654s
[2m2026-03-15T01:19:08.308966Z[0m [32m INFO[0m   eth-updown-5m-1773537300 | open=2086.75 cl=2088.11 bn=2087.58 d=+0.0651% | s=30.0% fy=0.74 | YES=0.96/0.97 NO=0.03/0.04 | T-54s
[2m2026-03-15T01:19:08.308969Z[0m [32m INFO[0m   sol-updown-15m-1773537300 | open=87.81 cl=87.90 bn=87.88 d=+0.1085% | s=30.0% fy=0.79 | YES=0.72/0.73 NO=0.27/0.28 | T-654s
[2m2026-03-15T01:19:08.308972Z[0m [32m INFO[0m   sol-updown-5m-1773537300 | open=87.81 cl=87.90 bn=87.88 d=+0.1085% | s=30.0% fy=0.86 | YES=0.97/0.98 NO=0.02/0.03 | T-54s
[2m2026-03-15T01:19:08.308975Z[0m [32m INFO[0m ===================================================================
[2m2026-03-15T01:19:08.308979Z[0m [32m INFO[0m [SCANNER] signals=21831 settles=18 cl=33883 bn=14999 whales=0 markets=6 books=468 | http://0.0.0.0:8080
[2m2026-03-15T01:20:01.489249Z[0m [32m INFO[0m [CL_CLOSE] btc-updown-5m-1773537300 snap=70999.04
[2m2026-03-15T01:20:01.489348Z[0m [32m INFO[0m [CL_CLOSE] eth-updown-5m-1773537300 snap=2087.61
[2m2026-03-15T01:20:01.489356Z[0m [32m INFO[0m [CL_CLOSE] sol-updown-5m-1773537300 snap=87.90
[2m2026-03-15T01:20:05.501022Z[0m [32m INFO[0m [SETTLE] btc-updown-5m-1773537300 cl=70999.04 bn=70982.25 open=70960.65 d=+0.0541% -> YES
[2m2026-03-15T01:20:05.501099Z[0m [32m INFO[0m [SETTLE] eth-updown-5m-1773537300 cl=2087.61 bn=2087.20 open=2086.75 d=+0.0412% -> YES
[2m2026-03-15T01:20:05.501128Z[0m [32m INFO[0m [SETTLE] sol-updown-5m-1773537300 cl=87.90 bn=87.88 open=87.81 d=+0.1018% -> YES
[2m2026-03-15T01:20:06.021547Z[0m [32m INFO[0m [DISCOVER] New market: btc-updown-5m-1773537600
[2m2026-03-15T01:20:07.522349Z[0m [32m INFO[0m [DISCOVER] New market: eth-updown-5m-1773537600
[2m2026-03-15T01:20:09.026849Z[0m [32m INFO[0m [DISCOVER] New market: sol-updown-5m-1773537600
[2m2026-03-15T01:20:10.027729Z[0m [33m WARN[0m [OPEN] eth-updown-5m-1773537600 skipped: joined 6s late (grace=5s), CL has drifted
[2m2026-03-15T01:20:10.027792Z[0m [33m WARN[0m [OPEN] sol-updown-5m-1773537600 skipped: joined 6s late (grace=5s), CL has drifted
[2m2026-03-15T01:20:10.027926Z[0m [33m WARN[0m [OPEN] btc-updown-5m-1773537600 skipped: joined 6s late (grace=5s), CL has drifted
[2m2026-03-15T01:20:10.027970Z[0m [32m INFO[0m --- SCAN ----------------------------------------------------------
[2m2026-03-15T01:20:10.027973Z[0m [32m INFO[0m   btc-updown-15m-1773537300 | open=70960.65 cl=70997.92 bn=70982.24 d=+0.0525% | s=30.0% fy=0.66 | YES=0.71/0.72 NO=0.28/0.29 | T-594s
[2m2026-03-15T01:20:10.027976Z[0m [32m INFO[0m   eth-updown-15m-1773537300 | open=2086.75 cl=2087.71 bn=2087.20 d=+0.0460% | s=30.0% fy=0.64 | YES=0.73/0.74 NO=0.26/0.27 | T-594s
[2m2026-03-15T01:20:10.027978Z[0m [32m INFO[0m   sol-updown-15m-1773537300 | open=87.81 cl=87.90 bn=87.87 d=+0.1034% | s=30.0% fy=0.79 | YES=0.72/0.75 NO=0.25/0.28 | T-594s
[2m2026-03-15T01:20:10.027980Z[0m [32m INFO[0m ===================================================================
[2m2026-03-15T01:20:10.027983Z[0m [32m INFO[0m [SCANNER] signals=22305 settles=21 cl=34010 bn=15033 whales=0 markets=3 books=468 | http://0.0.0.0:8080
[2m2026-03-15T01:20:38.866737Z[0m [32m INFO[0m [WHALE] Leaderboard loaded from https://data-api.polymarket.com/v1/leaderboard?category=CRYPTO&orderBy=PNL&limit=50 (50 entries)
[2m2026-03-15T01:20:38.867009Z[0m [32m INFO[0m [WHALE] Tracking 50 wallets (top by PNL)
[2m2026-03-15T01:21:08.722060Z[0m [32m INFO[0m --- SCAN ----------------------------------------------------------
[2m2026-03-15T01:21:08.722079Z[0m [32m INFO[0m   btc-updown-15m-1773537300 | open=70960.65 cl=70993.82 bn=70984.84 d=+0.0467% | s=30.0% fy=0.65 | YES=0.71/0.72 NO=0.28/0.29 | T-534s
[2m2026-03-15T01:21:08.722083Z[0m [32m INFO[0m   eth-updown-15m-1773537300 | open=2086.75 cl=2087.79 bn=2087.39 d=+0.0498% | s=30.0% fy=0.66 | YES=0.74/0.75 NO=0.25/0.26 | T-534s
[2m2026-03-15T01:21:08.722085Z[0m [32m INFO[0m   sol-updown-15m-1773537300 | open=87.81 cl=87.88 bn=87.86 d=+0.0885% | s=30.0% fy=0.76 | YES=0.73/0.75 NO=0.25/0.27 | T-534s
[2m2026-03-15T01:21:08.722088Z[0m [32m INFO[0m ===================================================================
[2m2026-03-15T01:21:08.722091Z[0m [32m INFO[0m [SCANNER] signals=22641 settles=21 cl=34139 bn=15064 whales=0 markets=3 books=474 | http://0.0.0.0:8080
[2m2026-03-15T01:22:06.402813Z[0m [32m INFO[0m [PRUNE] Removed 3 expired markets
[2m2026-03-15T01:22:08.949097Z[0m [32m INFO[0m --- SCAN ----------------------------------------------------------
[2m2026-03-15T01:22:08.949114Z[0m [32m INFO[0m   btc-updown-15m-1773537300 | open=70960.65 cl=70964.53 bn=70950.00 d=+0.0055% | s=30.0% fy=0.52 | YES=0.54/0.55 NO=0.45/0.46 | T-474s
[2m2026-03-15T01:22:08.949117Z[0m [32m INFO[0m   eth-updown-15m-1773537300 | open=2086.75 cl=2086.55 bn=2086.28 d=-0.0097% | s=30.0% fy=0.47 | YES=0.53/0.54 NO=0.46/0.47 | T-474s
[2m2026-03-15T01:22:08.949119Z[0m [32m INFO[0m   sol-updown-15m-1773537300 | open=87.81 cl=87.78 bn=87.76 d=-0.0316% | s=30.0% fy=0.39 | YES=0.46/0.47 NO=0.53/0.54 | T-474s
[2m2026-03-15T01:22:08.949121Z[0m [32m INFO[0m ===================================================================
[2m2026-03-15T01:22:08.949123Z[0m [32m INFO[0m [SCANNER] signals=22986 settles=21 cl=34248 bn=15105 whales=0 markets=3 books=474 | http://0.0.0.0:8080
[2m2026-03-15T01:23:09.157838Z[0m [32m INFO[0m --- SCAN ----------------------------------------------------------
[2m2026-03-15T01:23:09.157862Z[0m [32m INFO[0m   btc-updown-15m-1773537300 | open=70960.65 cl=70937.90 bn=70923.58 d=-0.0321% | s=30.0% fy=0.38 | YES=0.36/0.37 NO=0.63/0.64 | T-413s
[2m2026-03-15T01:23:09.157866Z[0m [32m INFO[0m   eth-updown-15m-1773537300 | open=2086.75 cl=2085.81 bn=2085.27 d=-0.0449% | s=30.0% fy=0.34 | YES=0.36/0.37 NO=0.63/0.64 | T-413s
[2m2026-03-15T01:23:09.157869Z[0m [32m INFO[0m   sol-updown-15m-1773537300 | open=87.81 cl=87.76 bn=87.74 d=-0.0557% | s=30.0% fy=0.30 | YES=0.37/0.38 NO=0.62/0.63 | T-413s
[2m2026-03-15T01:23:09.157877Z[0m [32m INFO[0m ===================================================================
[2m2026-03-15T01:23:09.157880Z[0m [32m INFO[0m [SCANNER] signals=23331 settles=21 cl=34401 bn=15171 whales=0 markets=3 books=474 | http://0.0.0.0:8080
[2m2026-03-15T01:24:09.357179Z[0m [32m INFO[0m --- SCAN ----------------------------------------------------------
[2m2026-03-15T01:24:09.357198Z[0m [32m INFO[0m   btc-updown-15m-1773537300 | open=70960.65 cl=70926.35 bn=70916.02 d=-0.0483% | s=30.0% fy=0.31 | YES=0.29/0.30 NO=0.70/0.71 | T-353s
[2m2026-03-15T01:24:09.357201Z[0m [32m INFO[0m   eth-updown-15m-1773537300 | open=2086.75 cl=2085.40 bn=2084.95 d=-0.0649% | s=30.0% fy=0.26 | YES=0.25/0.26 NO=0.74/0.75 | T-353s
[2m2026-03-15T01:24:09.357202Z[0m [32m INFO[0m   sol-updown-15m-1773537300 | open=87.81 cl=87.74 bn=87.73 d=-0.0717% | s=30.0% fy=0.24 | YES=0.30/0.31 NO=0.69/0.70 | T-353s
[2m2026-03-15T01:24:09.357204Z[0m [32m INFO[0m ===================================================================
[2m2026-03-15T01:24:09.357207Z[0m [32m INFO[0m [SCANNER] signals=23676 settles=21 cl=34531 bn=15232 whales=0 markets=3 books=474 | http://0.0.0.0:8080
[2m2026-03-15T01:25:07.076507Z[0m [32m INFO[0m [DISCOVER] New market: btc-updown-5m-1773537900
[2m2026-03-15T01:25:08.568889Z[0m [32m INFO[0m [DISCOVER] New market: eth-updown-5m-1773537900
[2m2026-03-15T01:25:10.076127Z[0m [32m INFO[0m [DISCOVER] New market: sol-updown-5m-1773537900
[2m2026-03-15T01:25:11.079735Z[0m [33m WARN[0m [OPEN] sol-updown-5m-1773537900 skipped: joined 7s late (grace=5s), CL has drifted
[2m2026-03-15T01:25:11.080218Z[0m [33m WARN[0m [OPEN] eth-updown-5m-1773537900 skipped: joined 7s late (grace=5s), CL has drifted
[2m2026-03-15T01:25:11.080389Z[0m [33m WARN[0m [OPEN] btc-updown-5m-1773537900 skipped: joined 7s late (grace=5s), CL has drifted
[2m2026-03-15T01:25:11.080470Z[0m [32m INFO[0m --- SCAN ----------------------------------------------------------
[2m2026-03-15T01:25:11.080475Z[0m [32m INFO[0m   btc-updown-15m-1773537300 | open=70960.65 cl=70966.92 bn=70956.71 d=+0.0088% | s=30.0% fy=0.54 | YES=0.63/0.64 NO=0.36/0.37 | T-293s
[2m2026-03-15T01:25:11.080479Z[0m [32m INFO[0m   eth-updown-15m-1773537300 | open=2086.75 cl=2087.16 bn=2086.76 d=+0.0197% | s=30.0% fy=0.58 | YES=0.67/0.68 NO=0.32/0.33 | T-293s
[2m2026-03-15T01:25:11.080482Z[0m [32m INFO[0m   sol-updown-15m-1773537300 | open=87.81 cl=87.83 bn=87.81 d=+0.0206% | s=30.0% fy=0.58 | YES=0.61/0.62 NO=0.38/0.39 | T-293s
[2m2026-03-15T01:25:11.080486Z[0m [32m INFO[0m ===================================================================
[2m2026-03-15T01:25:11.080490Z[0m [32m INFO[0m [SCANNER] signals=24021 settles=21 cl=34656 bn=15274 whales=0 markets=3 books=474 | http://0.0.0.0:8080
[2m2026-03-15T01:25:42.133296Z[0m [32m INFO[0m [WHALE] Leaderboard loaded from https://data-api.polymarket.com/v1/leaderboard?category=CRYPTO&orderBy=PNL&limit=50 (50 entries)
[2m2026-03-15T01:25:42.133513Z[0m [32m INFO[0m [WHALE] Tracking 50 wallets (top by PNL)
[2m2026-03-15T01:26:09.779117Z[0m [32m INFO[0m --- SCAN ----------------------------------------------------------
[2m2026-03-15T01:26:09.779132Z[0m [32m INFO[0m   btc-updown-15m-1773537300 | open=70960.65 cl=70958.08 bn=70947.03 d=-0.0036% | s=30.0% fy=0.49 | YES=0.47/0.48 NO=0.52/0.53 | T-233s
[2m2026-03-15T01:26:09.779134Z[0m [32m INFO[0m   eth-updown-15m-1773537300 | open=2086.75 cl=2086.98 bn=2086.43 d=+0.0110% | s=30.0% fy=0.54 | YES=0.60/0.62 NO=0.38/0.40 | T-233s
[2m2026-03-15T01:26:09.779136Z[0m [32m INFO[0m   sol-updown-15m-1773537300 | open=87.81 cl=87.85 bn=87.84 d=+0.0530% | s=30.0% fy=0.70 | YES=0.71/0.72 NO=0.28/0.29 | T-233s
[2m2026-03-15T01:26:09.779138Z[0m [32m INFO[0m ===================================================================
[2m2026-03-15T01:26:09.779140Z[0m [32m INFO[0m [SCANNER] signals=24357 settles=21 cl=34795 bn=15321 whales=0 markets=3 books=480 | http://0.0.0.0:8080
[2m2026-03-15T01:27:07.460295Z[0m [32m INFO[0m [PRUNE] Removed 3 expired markets
[2m2026-03-15T01:27:10.015224Z[0m [32m INFO[0m --- SCAN ----------------------------------------------------------
[2m2026-03-15T01:27:10.015241Z[0m [32m INFO[0m   btc-updown-15m-1773537300 | open=70960.65 cl=70955.55 bn=70941.23 d=-0.0072% | s=30.0% fy=0.47 | YES=0.42/0.43 NO=0.57/0.58 | T-173s
[2m2026-03-15T01:27:10.015243Z[0m [32m INFO[0m   eth-updown-15m-1773537300 | open=2086.75 cl=2086.76 bn=2086.27 d=+0.0004% | s=30.0% fy=0.50 | YES=0.53/0.54 NO=0.46/0.47 | T-173s
[2m2026-03-15T01:27:10.015245Z[0m [32m INFO[0m   sol-updown-15m-1773537300 | open=87.81 cl=87.85 bn=87.83 d=+0.0491% | s=30.0% fy=0.69 | YES=0.71/0.72 NO=0.28/0.29 | T-173s
[2m2026-03-15T01:27:10.015247Z[0m [32m INFO[0m ===================================================================
[2m2026-03-15T01:27:10.015250Z[0m [32m INFO[0m [SCANNER] signals=24702 settles=21 cl=34898 bn=15346 whales=0 markets=3 books=480 | http://0.0.0.0:8080
[2m2026-03-15T01:28:10.230820Z[0m [32m INFO[0m --- SCAN ----------------------------------------------------------
[2m2026-03-15T01:28:10.230842Z[0m [32m INFO[0m   btc-updown-15m-1773537300 | open=70960.65 cl=70961.73 bn=70951.84 d=+0.0015% | s=30.0% fy=0.51 | YES=0.49/0.50 NO=0.50/0.51 | T-112s
[2m2026-03-15T01:28:10.230845Z[0m [32m INFO[0m   eth-updown-15m-1773537300 | open=2086.75 cl=2087.00 bn=2086.69 d=+0.0118% | s=30.0% fy=0.55 | YES=0.64/0.65 NO=0.35/0.36 | T-112s
[2m2026-03-15T01:28:10.230847Z[0m [32m INFO[0m   sol-updown-15m-1773537300 | open=87.81 cl=87.85 bn=87.84 d=+0.0489% | s=30.0% fy=0.69 | YES=0.78/0.80 NO=0.20/0.22 | T-112s
[2m2026-03-15T01:28:10.230849Z[0m [32m INFO[0m ===================================================================
[2m2026-03-15T01:28:10.230851Z[0m [32m INFO[0m [SCANNER] signals=25047 settles=21 cl=35004 bn=15381 whales=0 markets=3 books=480 | http://0.0.0.0:8080
[2m2026-03-15T01:29:10.445975Z[0m [32m INFO[0m --- SCAN ----------------------------------------------------------
[2m2026-03-15T01:29:10.446001Z[0m [32m INFO[0m   btc-updown-15m-1773537300 | open=70960.65 cl=70931.63 bn=70919.31 d=-0.0409% | s=30.0% fy=0.34 | YES=0.09/0.10 NO=0.90/0.91 | T-52s
[2m2026-03-15T01:29:10.446004Z[0m [32m INFO[0m   eth-updown-15m-1773537300 | open=2086.75 cl=2085.87 bn=2085.41 d=-0.0423% | s=30.0% fy=0.34 | YES=0.03/0.08 NO=0.92/0.97 | T-52s
[2m2026-03-15T01:29:10.446007Z[0m [32m INFO[0m   sol-updown-15m-1773537300 | open=87.81 cl=87.80 bn=87.78 d=-0.0099% | s=30.0% fy=0.46 | YES=0.49/0.50 NO=0.50/0.51 | T-52s
[2m2026-03-15T01:29:10.446010Z[0m [32m INFO[0m ===================================================================
[2m2026-03-15T01:29:10.446014Z[0m [32m INFO[0m [SCANNER] signals=25392 settles=21 cl=35134 bn=15434 whales=0 markets=3 books=480 | http://0.0.0.0:8080
[2m2026-03-15T01:30:01.078455Z[0m [32m INFO[0m [CL_CLOSE] sol-updown-15m-1773537300 snap=87.82
[2m2026-03-15T01:30:01.078500Z[0m [32m INFO[0m [CL_CLOSE] btc-updown-15m-1773537300 snap=70948.49
[2m2026-03-15T01:30:01.078504Z[0m [32m INFO[0m [CL_CLOSE] eth-updown-15m-1773537300 snap=2086.25
[2m2026-03-15T01:30:05.089934Z[0m [32m INFO[0m [SETTLE] sol-updown-15m-1773537300 cl=87.82 bn=87.80 open=87.81 d=+0.0113% -> YES
[2m2026-03-15T01:30:05.090005Z[0m [32m INFO[0m [SETTLE] btc-updown-15m-1773537300 cl=70948.49 bn=70929.82 open=70960.65 d=-0.0171% -> NO
[2m2026-03-15T01:30:05.090016Z[0m [32m INFO[0m [SETTLE] eth-updown-15m-1773537300 cl=2086.25 bn=2085.87 open=2086.75 d=-0.0241% -> NO
[2m2026-03-15T01:30:08.115089Z[0m [32m INFO[0m [DISCOVER] New market: btc-updown-5m-1773538200
[2m2026-03-15T01:30:08.615699Z[0m [32m INFO[0m [DISCOVER] New market: btc-updown-15m-1773538200
[2m2026-03-15T01:30:10.118275Z[0m [32m INFO[0m [DISCOVER] New market: eth-updown-5m-1773538200
[2m2026-03-15T01:30:10.619791Z[0m [32m INFO[0m [DISCOVER] New market: eth-updown-15m-1773538200
[2m2026-03-15T01:30:12.122477Z[0m [32m INFO[0m [DISCOVER] New market: sol-updown-5m-1773538200
[2m2026-03-15T01:30:12.622270Z[0m [32m INFO[0m [DISCOVER] New market: sol-updown-15m-1773538200
[2m2026-03-15T01:30:13.624726Z[0m [32m INFO[0m [OPEN] eth-updown-15m-1773538200 open_price=2086.17
[2m2026-03-15T01:30:13.624775Z[0m [33m WARN[0m [OPEN] sol-updown-5m-1773538200 skipped: joined 8s late (grace=5s), CL has drifted
[2m2026-03-15T01:30:13.624780Z[0m [32m INFO[0m [OPEN] btc-updown-15m-1773538200 open_price=70940.98
[2m2026-03-15T01:30:13.624783Z[0m [33m WARN[0m [OPEN] btc-updown-5m-1773538200 skipped: joined 8s late (grace=5s), CL has drifted
[2m2026-03-15T01:30:13.624786Z[0m [33m WARN[0m [OPEN] eth-updown-5m-1773538200 skipped: joined 8s late (grace=5s), CL has drifted
[2m2026-03-15T01:30:13.624788Z[0m [32m INFO[0m [OPEN] sol-updown-15m-1773538200 open_price=87.81
[2m2026-03-15T01:30:13.624844Z[0m [32m INFO[0m --- SCAN ----------------------------------------------------------
[2m2026-03-15T01:30:13.624848Z[0m [32m INFO[0m   btc-updown-15m-1773538200 | open=70940.98 cl=70940.98 bn=70929.81 d=+0.0000% | s=30.0% fy=0.50 | YES=--/-- NO=--/-- | T-892s
[2m2026-03-15T01:30:13.624850Z[0m [32m INFO[0m   eth-updown-15m-1773538200 | open=2086.17 cl=2086.17 bn=2085.72 d=+0.0000% | s=30.0% fy=0.50 | YES=--/-- NO=--/-- | T-892s
[2m2026-03-15T01:30:13.624852Z[0m [32m INFO[0m   sol-updown-15m-1773538200 | open=87.81 cl=87.81 bn=87.79 d=+0.0000% | s=30.0% fy=0.50 | YES=--/-- NO=--/-- | T-892s
[2m2026-03-15T01:30:13.624854Z[0m [32m INFO[0m ===================================================================
[2m2026-03-15T01:30:13.624857Z[0m [32m INFO[0m [SCANNER] signals=25506 settles=24 cl=35276 bn=15478 whales=0 markets=3 books=480 | http://0.0.0.0:8080
[2m2026-03-15T01:30:45.342885Z[0m [32m INFO[0m [WHALE] Leaderboard loaded from https://data-api.polymarket.com/v1/leaderboard?category=CRYPTO&orderBy=PNL&limit=50 (50 entries)
[2m2026-03-15T01:30:45.343111Z[0m [32m INFO[0m [WHALE] Tracking 50 wallets (top by PNL)
[2m2026-03-15T01:30:56.148907Z[0m [33m WARN[0m [BOOK] batch failed: CLOB batch book JSON parse failed
[2m2026-03-15T01:30:57.172955Z[0m [31mERROR[0m [CL] WebSocket error: IO error: Connection reset by peer (os error 104)
[2m2026-03-15T01:30:57.174357Z[0m [33m WARN[0m [CL] Feed closed cleanly, reconnecting...
[2m2026-03-15T01:31:02.175520Z[0m [32m INFO[0m [CL] Connecting to wss://ws-live-data.polymarket.com
[2m2026-03-15T01:31:18.232843Z[0m [32m INFO[0m --- SCAN ----------------------------------------------------------
[2m2026-03-15T01:31:18.232862Z[0m [32m INFO[0m   btc-updown-15m-1773538200 | open=70940.98 cl=70920.11 bn=70907.70 d=-0.0294% | s=30.0% fy=0.42 | YES=0.47/0.48 NO=0.53/0.54 | T-832s
[2m2026-03-15T01:31:18.232866Z[0m [32m INFO[0m   eth-updown-15m-1773538200 | open=2086.17 cl=2085.72 bn=2085.49 d=-0.0219% | s=30.0% fy=0.44 | YES=0.56/0.57 NO=0.43/0.44 | T-832s
[2m2026-03-15T01:31:18.232869Z[0m [32m INFO[0m   sol-updown-15m-1773538200 | open=87.81 cl=87.79 bn=87.80 d=-0.0187% | s=30.0% fy=0.45 | YES=0.49/0.50 NO=0.50/0.51 | T-832s
[2m2026-03-15T01:31:18.232871Z[0m [32m INFO[0m ===================================================================
[2m2026-03-15T01:31:18.232875Z[0m [32m INFO[0m [SCANNER] signals=25824 settles=24 cl=35358 bn=15514 whales=0 markets=3 books=492 | http://0.0.0.0:8080
[2m2026-03-15T01:31:19.983776Z[0m [32m INFO[0m [CL] Feed connected
[2m2026-03-15T01:32:08.384988Z[0m [32m INFO[0m [PRUNE] Removed 6 expired markets
[2m2026-03-15T01:32:10.930730Z[0m [32m INFO[0m --- SCAN ----------------------------------------------------------
[2m2026-03-15T01:32:10.930810Z[0m [32m INFO[0m   btc-updown-15m-1773538200 | open=70940.98 cl=70903.48 bn=70895.25 d=-0.0529% | s=30.0% fy=0.36 | YES=0.35/0.36 NO=0.64/0.65 | T-772s
[2m2026-03-15T01:32:10.930814Z[0m [32m INFO[0m   eth-updown-15m-1773538200 | open=2086.17 cl=2084.99 bn=2084.49 d=-0.0564% | s=30.0% fy=0.35 | YES=0.38/0.39 NO=0.61/0.62 | T-772s
[2m2026-03-15T01:32:10.930816Z[0m [32m INFO[0m   sol-updown-15m-1773538200 | open=87.81 cl=87.78 bn=87.76 d=-0.0301% | s=30.0% fy=0.42 | YES=0.38/0.41 NO=0.59/0.62 | T-772s
[2m2026-03-15T01:32:10.930823Z[0m [32m INFO[0m ===================================================================
[2m2026-03-15T01:32:10.930825Z[0m [32m INFO[0m [SCANNER] signals=26124 settles=24 cl=35473 bn=15574 whales=0 markets=3 books=492 | http://0.0.0.0:8080
[2m2026-03-15T01:33:11.129656Z[0m [32m INFO[0m --- SCAN ----------------------------------------------------------
[2m2026-03-15T01:33:11.129682Z[0m [32m INFO[0m   btc-updown-15m-1773538200 | open=70940.98 cl=70900.21 bn=70888.87 d=-0.0575% | s=30.0% fy=0.34 | YES=0.31/0.32 NO=0.68/0.69 | T-711s
[2m2026-03-15T01:33:11.129686Z[0m [32m INFO[0m   eth-updown-15m-1773538200 | open=2086.17 cl=2084.81 bn=2084.34 d=-0.0652% | s=30.0% fy=0.32 | YES=0.35/0.36 NO=0.64/0.65 | T-711s
[2m2026-03-15T01:33:11.129690Z[0m [32m INFO[0m   sol-updown-15m-1773538200 | open=87.81 cl=87.76 bn=87.74 d=-0.0631% | s=30.0% fy=0.33 | YES=0.32/0.33 NO=0.67/0.68 | T-711s
[2m2026-03-15T01:33:11.129694Z[0m [32m INFO[0m ===================================================================
[2m2026-03-15T01:33:11.129697Z[0m [32m INFO[0m [SCANNER] signals=26469 settles=24 cl=35610 bn=15638 whales=0 markets=3 books=492 | http://0.0.0.0:8080
[2m2026-03-15T01:34:11.328601Z[0m [32m INFO[0m --- SCAN ----------------------------------------------------------
[2m2026-03-15T01:34:11.328624Z[0m [32m INFO[0m   btc-updown-15m-1773538200 | open=70940.98 cl=70880.18 bn=70859.90 d=-0.0857% | s=30.0% fy=0.26 | YES=0.23/0.24 NO=0.76/0.77 | T-651s
[2m2026-03-15T01:34:11.328627Z[0m [32m INFO[0m   eth-updown-15m-1773538200 | open=2086.17 cl=2084.03 bn=2083.35 d=-0.1026% | s=30.0% fy=0.23 | YES=0.23/0.26 NO=0.74/0.77 | T-651s
[2m2026-03-15T01:34:11.328630Z[0m [32m INFO[0m   sol-updown-15m-1773538200 | open=87.81 cl=87.68 bn=87.65 d=-0.1450% | s=30.0% fy=0.14 | YES=0.19/0.20 NO=0.80/0.81 | T-651s
[2m2026-03-15T01:34:11.328633Z[0m [32m INFO[0m ===================================================================
[2m2026-03-15T01:34:11.328636Z[0m [32m INFO[0m [SCANNER] signals=26814 settles=24 cl=35758 bn=15705 whales=0 markets=3 books=492 | http://0.0.0.0:8080
[2m2026-03-15T01:35:09.031019Z[0m [32m INFO[0m [DISCOVER] New market: btc-updown-5m-1773538500
[2m2026-03-15T01:35:10.543812Z[0m [32m INFO[0m [DISCOVER] New market: eth-updown-5m-1773538500
[2m2026-03-15T01:35:12.033910Z[0m [32m INFO[0m [DISCOVER] New market: sol-updown-5m-1773538500
[2m2026-03-15T01:35:13.042066Z[0m [33m WARN[0m [OPEN] btc-updown-5m-1773538500 skipped: joined 9s late (grace=5s), CL has drifted
[2m2026-03-15T01:35:13.042083Z[0m [33m WARN[0m [OPEN] eth-updown-5m-1773538500 skipped: joined 9s late (grace=5s), CL has drifted
[2m2026-03-15T01:35:13.042085Z[0m [33m WARN[0m [OPEN] sol-updown-5m-1773538500 skipped: joined 9s late (grace=5s), CL has drifted
[2m2026-03-15T01:35:13.042200Z[0m [32m INFO[0m --- SCAN ----------------------------------------------------------
[2m2026-03-15T01:35:13.042203Z[0m [32m INFO[0m   btc-updown-15m-1773538200 | open=70940.98 cl=70909.90 bn=70897.94 d=-0.0438% | s=30.0% fy=0.37 | YES=0.35/0.36 NO=0.64/0.65 | T-591s
[2m2026-03-15T01:35:13.042204Z[0m [32m INFO[0m   eth-updown-15m-1773538200 | open=2086.17 cl=2085.19 bn=2084.77 d=-0.0472% | s=30.0% fy=0.36 | YES=0.36/0.37 NO=0.63/0.64 | T-591s
[2m2026-03-15T01:35:13.042206Z[0m [32m INFO[0m   sol-updown-15m-1773538200 | open=87.81 cl=87.72 bn=87.70 d=-0.1066% | s=32.1% fy=0.22 | YES=0.25/0.26 NO=0.74/0.75 | T-591s
[2m2026-03-15T01:35:13.042208Z[0m [32m INFO[0m ===================================================================
[2m2026-03-15T01:35:13.042211Z[0m [32m INFO[0m [SCANNER] signals=27159 settles=24 cl=35900 bn=15771 whales=0 markets=3 books=492 | http://0.0.0.0:8080
[2m2026-03-15T01:35:56.536569Z[0m [32m INFO[0m [WHALE] Leaderboard loaded from https://data-api.polymarket.com/v1/leaderboard?category=CRYPTO&orderBy=PNL&limit=50 (50 entries)
[2m2026-03-15T01:35:56.536811Z[0m [32m INFO[0m [WHALE] Tracking 50 wallets (top by PNL)
[2m2026-03-15T01:36:11.732675Z[0m [32m INFO[0m --- SCAN ----------------------------------------------------------
[2m2026-03-15T01:36:11.732697Z[0m [32m INFO[0m   btc-updown-15m-1773538200 | open=70940.98 cl=70926.51 bn=70908.21 d=-0.0204% | s=30.0% fy=0.43 | YES=0.40/0.41 NO=0.59/0.60 | T-531s
[2m2026-03-15T01:36:11.732700Z[0m [32m INFO[0m   eth-updown-15m-1773538200 | open=2086.17 cl=2085.16 bn=2084.71 d=-0.0484% | s=30.0% fy=0.35 | YES=0.35/0.37 NO=0.63/0.65 | T-531s
[2m2026-03-15T01:36:11.732702Z[0m [32m INFO[0m   sol-updown-15m-1773538200 | open=87.81 cl=87.73 bn=87.71 d=-0.0892% | s=33.3% fy=0.26 | YES=0.26/0.27 NO=0.73/0.74 | T-531s
[2m2026-03-15T01:36:11.732703Z[0m [32m INFO[0m ===================================================================
[2m2026-03-15T01:36:11.732706Z[0m [32m INFO[0m [SCANNER] signals=27495 settles=24 cl=36011 bn=15821 whales=0 markets=3 books=498 | http://0.0.0.0:8080
[2m2026-03-15T01:37:09.425295Z[0m [32m INFO[0m [PRUNE] Removed 3 expired markets
[2m2026-03-15T01:37:11.973526Z[0m [32m INFO[0m --- SCAN ----------------------------------------------------------
[2m2026-03-15T01:37:11.973552Z[0m [32m INFO[0m   btc-updown-15m-1773538200 | open=70940.98 cl=70929.02 bn=70914.44 d=-0.0169% | s=30.0% fy=0.44 | YES=0.41/0.42 NO=0.58/0.59 | T-471s
[2m2026-03-15T01:37:11.973555Z[0m [32m INFO[0m   eth-updown-15m-1773538200 | open=2086.17 cl=2085.35 bn=2085.00 d=-0.0396% | s=30.0% fy=0.37 | YES=0.35/0.36 NO=0.64/0.65 | T-471s
[2m2026-03-15T01:37:11.973558Z[0m [32m INFO[0m   sol-updown-15m-1773538200 | open=87.81 cl=87.74 bn=87.72 d=-0.0841% | s=31.2% fy=0.24 | YES=0.25/0.26 NO=0.74/0.75 | T-471s
[2m2026-03-15T01:37:11.973561Z[0m [32m INFO[0m ===================================================================
[2m2026-03-15T01:37:11.973565Z[0m [32m INFO[0m [SCANNER] signals=27840 settles=24 cl=36126 bn=15863 whales=0 markets=3 books=498 | http://0.0.0.0:8080
[2m2026-03-15T01:38:12.188713Z[0m [32m INFO[0m --- SCAN ----------------------------------------------------------
[2m2026-03-15T01:38:12.188733Z[0m [32m INFO[0m   btc-updown-15m-1773538200 | open=70940.98 cl=70919.22 bn=70898.00 d=-0.0307% | s=30.0% fy=0.39 | YES=0.29/0.30 NO=0.70/0.71 | T-410s
[2m2026-03-15T01:38:12.188736Z[0m [32m INFO[0m   eth-updown-15m-1773538200 | open=2086.17 cl=2085.05 bn=2084.60 d=-0.0537% | s=30.0% fy=0.31 | YES=0.22/0.24 NO=0.76/0.78 | T-410s
[2m2026-03-15T01:38:12.188738Z[0m [32m INFO[0m   sol-updown-15m-1773538200 | open=87.81 cl=87.68 bn=87.67 d=-0.1455% | s=31.5% fy=0.10 | YES=0.09/0.10 NO=0.90/0.91 | T-410s
[2m2026-03-15T01:38:12.188740Z[0m [32m INFO[0m ===================================================================
[2m2026-03-15T01:38:12.188743Z[0m [32m INFO[0m [SCANNER] signals=28185 settles=24 cl=36268 bn=15927 whales=0 markets=3 books=498 | http://0.0.0.0:8080
[2m2026-03-15T01:39:12.396048Z[0m [32m INFO[0m --- SCAN ----------------------------------------------------------
[2m2026-03-15T01:39:12.396072Z[0m [32m INFO[0m   btc-updown-15m-1773538200 | open=70940.98 cl=70918.42 bn=70905.09 d=-0.0318% | s=30.0% fy=0.38 | YES=0.30/0.31 NO=0.69/0.70 | T-350s
[2m2026-03-15T01:39:12.396076Z[0m [32m INFO[0m   eth-updown-15m-1773538200 | open=2086.17 cl=2084.69 bn=2084.19 d=-0.0711% | s=30.0% fy=0.24 | YES=0.18/0.19 NO=0.81/0.82 | T-350s
[2m2026-03-15T01:39:12.396079Z[0m [32m INFO[0m   sol-updown-15m-1773538200 | open=87.81 cl=87.65 bn=87.63 d=-0.1794% | s=30.0% fy=0.04 | YES=0.06/0.08 NO=0.92/0.94 | T-350s
[2m2026-03-15T01:39:12.396084Z[0m [32m INFO[0m ===================================================================
[2m2026-03-15T01:39:12.396088Z[0m [32m INFO[0m [SCANNER] signals=28530 settles=24 cl=36387 bn=15960 whales=0 markets=3 books=498 | http://0.0.0.0:8080
[2m2026-03-15T01:40:10.131564Z[0m [32m INFO[0m [DISCOVER] New market: btc-updown-5m-1773538800
[2m2026-03-15T01:40:11.622968Z[0m [32m INFO[0m [DISCOVER] New market: eth-updown-5m-1773538800
[2m2026-03-15T01:40:13.136171Z[0m [32m INFO[0m [DISCOVER] New market: sol-updown-5m-1773538800
[2m2026-03-15T01:40:14.130478Z[0m [33m WARN[0m [OPEN] btc-updown-5m-1773538800 skipped: joined 10s late (grace=5s), CL has drifted
[2m2026-03-15T01:40:14.130493Z[0m [33m WARN[0m [OPEN] sol-updown-5m-1773538800 skipped: joined 10s late (grace=5s), CL has drifted
[2m2026-03-15T01:40:14.130495Z[0m [33m WARN[0m [OPEN] eth-updown-5m-1773538800 skipped: joined 10s late (grace=5s), CL has drifted
[2m2026-03-15T01:40:14.130611Z[0m [32m INFO[0m --- SCAN ----------------------------------------------------------
[2m2026-03-15T01:40:14.130613Z[0m [32m INFO[0m   btc-updown-15m-1773538200 | open=70940.98 cl=70953.19 bn=70934.93 d=+0.0172% | s=30.0% fy=0.57 | YES=0.55/0.56 NO=0.44/0.45 | T-290s
[2m2026-03-15T01:40:14.130615Z[0m [32m INFO[0m   eth-updown-15m-1773538200 | open=2086.17 cl=2086.36 bn=2085.87 d=+0.0092% | s=30.0% fy=0.54 | YES=0.47/0.48 NO=0.52/0.53 | T-290s
[2m2026-03-15T01:40:14.130616Z[0m [32m INFO[0m   sol-updown-15m-1773538200 | open=87.81 cl=87.73 bn=87.71 d=-0.0940% | s=30.0% fy=0.17 | YES=0.13/0.14 NO=0.86/0.87 | T-290s
[2m2026-03-15T01:40:14.130617Z[0m [32m INFO[0m ===================================================================
[2m2026-03-15T01:40:14.130619Z[0m [32m INFO[0m [SCANNER] signals=28875 settles=24 cl=36525 bn=16007 whales=0 markets=3 books=498 | http://0.0.0.0:8080
[2m2026-03-15T01:41:05.329457Z[0m [32m INFO[0m [WHALE] Leaderboard loaded from https://data-api.polymarket.com/v1/leaderboard?category=CRYPTO&orderBy=PNL&limit=50 (50 entries)
[2m2026-03-15T01:41:05.329701Z[0m [32m INFO[0m [WHALE] Tracking 50 wallets (top by PNL)
[2m2026-03-15T01:41:12.835306Z[0m [32m INFO[0m --- SCAN ----------------------------------------------------------
[2m2026-03-15T01:41:12.835328Z[0m [32m INFO[0m   btc-updown-15m-1773538200 | open=70940.98 cl=70958.90 bn=70945.30 d=+0.0253% | s=30.0% fy=0.60 | YES=0.62/0.63 NO=0.37/0.38 | T-230s
[2m2026-03-15T01:41:12.835332Z[0m [32m INFO[0m   eth-updown-15m-1773538200 | open=2086.17 cl=2086.52 bn=2085.95 d=+0.0165% | s=30.0% fy=0.57 | YES=0.57/0.58 NO=0.42/0.43 | T-230s
[2m2026-03-15T01:41:12.835335Z[0m [32m INFO[0m   sol-updown-15m-1773538200 | open=87.81 cl=87.70 bn=87.69 d=-0.1226% | s=30.0% fy=0.11 | YES=0.11/0.12 NO=0.88/0.89 | T-230s
[2m2026-03-15T01:41:12.835338Z[0m [32m INFO[0m ===================================================================
[2m2026-03-15T01:41:12.835342Z[0m [32m INFO[0m [SCANNER] signals=29211 settles=24 cl=36644 bn=16050 whales=0 markets=3 books=504 | http://0.0.0.0:8080
[2m2026-03-15T01:42:10.521545Z[0m [32m INFO[0m [PRUNE] Removed 3 expired markets
[2m2026-03-15T01:42:13.063146Z[0m [32m INFO[0m --- SCAN ----------------------------------------------------------
[2m2026-03-15T01:42:13.063161Z[0m [32m INFO[0m   btc-updown-15m-1773538200 | open=70940.98 cl=70940.46 bn=70929.60 d=-0.0007% | s=30.0% fy=0.50 | YES=0.38/0.39 NO=0.61/0.62 | T-169s
[2m2026-03-15T01:42:13.063164Z[0m [32m INFO[0m   eth-updown-15m-1773538200 | open=2086.17 cl=2086.13 bn=2085.73 d=-0.0019% | s=30.0% fy=0.49 | YES=0.42/0.43 NO=0.57/0.58 | T-169s
[2m2026-03-15T01:42:13.063166Z[0m [32m INFO[0m   sol-updown-15m-1773538200 | open=87.81 cl=87.65 bn=87.63 d=-0.1873% | s=30.0% fy=0.03 | YES=0.01/0.04 NO=0.96/0.99 | T-169s
[2m2026-03-15T01:42:13.063168Z[0m [32m INFO[0m ===================================================================
[2m2026-03-15T01:42:13.063170Z[0m [32m INFO[0m [SCANNER] signals=29556 settles=24 cl=36773 bn=16089 whales=0 markets=3 books=504 | http://0.0.0.0:8080
[2m2026-03-15T01:43:13.273241Z[0m [32m INFO[0m --- SCAN ----------------------------------------------------------
[2m2026-03-15T01:43:13.273261Z[0m [32m INFO[0m   btc-updown-15m-1773538200 | open=70940.98 cl=70944.15 bn=70934.17 d=+0.0045% | s=30.0% fy=0.52 | YES=0.42/0.43 NO=0.57/0.58 | T-109s
[2m2026-03-15T01:43:13.273264Z[0m [32m INFO[0m   eth-updown-15m-1773538200 | open=2086.17 cl=2086.70 bn=2086.31 d=+0.0253% | s=30.0% fy=0.60 | YES=0.69/0.71 NO=0.29/0.31 | T-109s
[2m2026-03-15T01:43:13.273269Z[0m [32m INFO[0m   sol-updown-15m-1773538200 | open=87.81 cl=87.63 bn=87.61 d=-0.2031% | s=30.0% fy=0.02 | YES=0.00/0.01 NO=0.98/0.99 | T-109s
[2m2026-03-15T01:43:13.273271Z[0m [32m INFO[0m ===================================================================
[2m2026-03-15T01:43:13.273273Z[0m [32m INFO[0m [SCANNER] signals=29901 settles=24 cl=36905 bn=16141 whales=0 markets=3 books=504 | http://0.0.0.0:8080
[2m2026-03-15T01:44:13.476598Z[0m [32m INFO[0m --- SCAN ----------------------------------------------------------
[2m2026-03-15T01:44:13.476624Z[0m [32m INFO[0m   btc-updown-15m-1773538200 | open=70940.98 cl=70947.36 bn=70934.18 d=+0.0090% | s=30.0% fy=0.54 | YES=0.44/0.45 NO=0.55/0.56 | T-49s
[2m2026-03-15T01:44:13.476627Z[0m [32m INFO[0m   eth-updown-15m-1773538200 | open=2086.17 cl=2087.03 bn=2086.58 d=+0.0412% | s=30.0% fy=0.66 | YES=0.92/0.93 NO=0.07/0.08 | T-49s
[2m2026-03-15T01:44:13.476630Z[0m [32m INFO[0m   sol-updown-15m-1773538200 | open=87.81 cl=87.67 bn=87.65 d=-0.1602% | s=30.0% fy=0.05 | YES=0.00/0.01 NO=0.99/1.00 | T-49s
[2m2026-03-15T01:44:13.476633Z[0m [32m INFO[0m ===================================================================
[2m2026-03-15T01:44:13.476637Z[0m [32m INFO[0m [SCANNER] signals=30246 settles=24 cl=37028 bn=16167 whales=0 markets=3 books=504 | http://0.0.0.0:8080
[2m2026-03-15T01:45:01.102558Z[0m [32m INFO[0m [CL_CLOSE] eth-updown-15m-1773538200 snap=2086.89
[2m2026-03-15T01:45:01.102611Z[0m [32m INFO[0m [CL_CLOSE] btc-updown-15m-1773538200 snap=70942.64
[2m2026-03-15T01:45:01.102618Z[0m [32m INFO[0m [CL_CLOSE] sol-updown-15m-1773538200 snap=87.66
[2m2026-03-15T01:45:05.113118Z[0m [32m INFO[0m [SETTLE] eth-updown-15m-1773538200 cl=2086.89 bn=2086.70 open=2086.17 d=+0.0346% -> YES
[2m2026-03-15T01:45:05.113181Z[0m [32m INFO[0m [SETTLE] btc-updown-15m-1773538200 cl=70942.64 bn=70932.48 open=70940.98 d=+0.0023% -> YES
[2m2026-03-15T01:45:05.113191Z[0m [32m INFO[0m [SETTLE] sol-updown-15m-1773538200 cl=87.66 bn=87.68 open=87.81 d=-0.1669% -> NO
[2m2026-03-15T01:45:11.144848Z[0m [32m INFO[0m [DISCOVER] New market: btc-updown-5m-1773539100
[2m2026-03-15T01:45:11.641108Z[0m [32m INFO[0m [DISCOVER] New market: btc-updown-15m-1773539100
[2m2026-03-15T01:45:13.144822Z[0m [32m INFO[0m [DISCOVER] New market: eth-updown-5m-1773539100
[2m2026-03-15T01:45:13.646735Z[0m [32m INFO[0m [DISCOVER] New market: eth-updown-15m-1773539100
[2m2026-03-15T01:45:15.151705Z[0m [32m INFO[0m [DISCOVER] New market: sol-updown-5m-1773539100
[2m2026-03-15T01:45:15.651144Z[0m [32m INFO[0m [DISCOVER] New market: sol-updown-15m-1773539100
[2m2026-03-15T01:45:16.654061Z[0m [32m INFO[0m [OPEN] btc-updown-15m-1773539100 open_price=70936.69
[2m2026-03-15T01:45:16.654094Z[0m [33m WARN[0m [OPEN] sol-updown-5m-1773539100 skipped: joined 11s late (grace=5s), CL has drifted
[2m2026-03-15T01:45:16.654098Z[0m [33m WARN[0m [OPEN] btc-updown-5m-1773539100 skipped: joined 11s late (grace=5s), CL has drifted
[2m2026-03-15T01:45:16.654100Z[0m [32m INFO[0m [OPEN] eth-updown-15m-1773539100 open_price=2086.86
[2m2026-03-15T01:45:16.654102Z[0m [33m WARN[0m [OPEN] eth-updown-5m-1773539100 skipped: joined 11s late (grace=5s), CL has drifted
[2m2026-03-15T01:45:16.654104Z[0m [32m INFO[0m [OPEN] sol-updown-15m-1773539100 open_price=87.65
[2m2026-03-15T01:45:16.654150Z[0m [32m INFO[0m --- SCAN ----------------------------------------------------------
[2m2026-03-15T01:45:16.654153Z[0m [32m INFO[0m   btc-updown-15m-1773539100 | open=70936.69 cl=70936.69 bn=70923.52 d=+0.0000% | s=30.0% fy=0.50 | YES=--/-- NO=--/-- | T-889s
[2m2026-03-15T01:45:16.654155Z[0m [32m INFO[0m   eth-updown-15m-1773539100 | open=2086.86 cl=2086.86 bn=2086.49 d=+0.0000% | s=30.0% fy=0.50 | YES=--/-- NO=--/-- | T-889s
[2m2026-03-15T01:45:16.654156Z[0m [32m INFO[0m   sol-updown-15m-1773539100 | open=87.65 cl=87.65 bn=87.64 d=+0.0000% | s=30.0% fy=0.50 | YES=--/-- NO=--/-- | T-889s
[2m2026-03-15T01:45:16.654175Z[0m [32m INFO[0m ===================================================================
[2m2026-03-15T01:45:16.654177Z[0m [32m INFO[0m [SCANNER] signals=30342 settles=27 cl=37160 bn=16210 whales=0 markets=3 books=504 | http://0.0.0.0:8080
[2m2026-03-15T01:46:13.856812Z[0m [32m INFO[0m --- SCAN ----------------------------------------------------------
[2m2026-03-15T01:46:13.856838Z[0m [32m INFO[0m   btc-updown-15m-1773539100 | open=70936.69 cl=70939.80 bn=70928.11 d=+0.0044% | s=30.0% fy=0.51 | YES=0.51/0.52 NO=0.48/0.49 | T-829s
[2m2026-03-15T01:46:13.856842Z[0m [32m INFO[0m   eth-updown-15m-1773539100 | open=2086.86 cl=2087.04 bn=2086.68 d=+0.0089% | s=30.0% fy=0.52 | YES=0.53/0.54 NO=0.46/0.47 | T-829s
[2m2026-03-15T01:46:13.856845Z[0m [32m INFO[0m   sol-updown-15m-1773539100 | open=87.65 cl=87.66 bn=87.65 d=+0.0121% | s=30.0% fy=0.53 | YES=0.51/0.52 NO=0.48/0.49 | T-829s
[2m2026-03-15T01:46:13.856849Z[0m [32m INFO[0m ===================================================================
[2m2026-03-15T01:46:13.856853Z[0m [32m INFO[0m [SCANNER] signals=30660 settles=27 cl=37267 bn=16230 whales=0 markets=3 books=516 | http://0.0.0.0:8080
[2m2026-03-15T01:46:14.019239Z[0m [32m INFO[0m [WHALE] Leaderboard loaded from https://data-api.polymarket.com/v1/leaderboard?category=CRYPTO&orderBy=PNL&limit=50 (50 entries)
[2m2026-03-15T01:46:14.019462Z[0m [32m INFO[0m [WHALE] Tracking 50 wallets (top by PNL)
[2m2026-03-15T01:47:11.525957Z[0m [32m INFO[0m [PRUNE] Removed 6 expired markets
[2m2026-03-15T01:47:14.070296Z[0m [32m INFO[0m --- SCAN ----------------------------------------------------------
[2m2026-03-15T01:47:14.070318Z[0m [32m INFO[0m   btc-updown-15m-1773539100 | open=70936.69 cl=70910.11 bn=70896.56 d=-0.0375% | s=30.0% fy=0.40 | YES=0.33/0.34 NO=0.66/0.67 | T-768s
[2m2026-03-15T01:47:14.070321Z[0m [32m INFO[0m   eth-updown-15m-1773539100 | open=2086.86 cl=2086.12 bn=2085.72 d=-0.0354% | s=30.0% fy=0.41 | YES=0.34/0.35 NO=0.65/0.66 | T-768s
[2m2026-03-15T01:47:14.070324Z[0m [32m INFO[0m   sol-updown-15m-1773539100 | open=87.65 cl=87.61 bn=87.59 d=-0.0417% | s=30.0% fy=0.39 | YES=0.38/0.39 NO=0.61/0.62 | T-768s
[2m2026-03-15T01:47:14.070327Z[0m [32m INFO[0m ===================================================================
[2m2026-03-15T01:47:14.070331Z[0m [32m INFO[0m [SCANNER] signals=31005 settles=27 cl=37368 bn=16277 whales=0 markets=3 books=516 | http://0.0.0.0:8080
[2m2026-03-15T01:48:14.268491Z[0m [32m INFO[0m --- SCAN ----------------------------------------------------------
[2m2026-03-15T01:48:14.268517Z[0m [32m INFO[0m   btc-updown-15m-1773539100 | open=70936.69 cl=70934.77 bn=70921.36 d=-0.0027% | s=30.0% fy=0.49 | YES=0.52/0.53 NO=0.47/0.48 | T-708s
[2m2026-03-15T01:48:14.268519Z[0m [32m INFO[0m   eth-updown-15m-1773539100 | open=2086.86 cl=2087.14 bn=2086.72 d=+0.0137% | s=30.0% fy=0.54 | YES=0.54/0.55 NO=0.45/0.46 | T-708s
[2m2026-03-15T01:48:14.268521Z[0m [32m INFO[0m   sol-updown-15m-1773539100 | open=87.65 cl=87.66 bn=87.64 d=+0.0048% | s=30.0% fy=0.51 | YES=0.46/0.47 NO=0.53/0.54 | T-708s
[2m2026-03-15T01:48:14.268523Z[0m [32m INFO[0m ===================================================================
[2m2026-03-15T01:48:14.268526Z[0m [32m INFO[0m [SCANNER] signals=31350 settles=27 cl=37492 bn=16323 whales=0 markets=3 books=516 | http://0.0.0.0:8080
[2m2026-03-15T01:49:14.481502Z[0m [32m INFO[0m --- SCAN ----------------------------------------------------------
[2m2026-03-15T01:49:14.481531Z[0m [32m INFO[0m   btc-updown-15m-1773539100 | open=70936.69 cl=70950.99 bn=70938.06 d=+0.0202% | s=30.0% fy=0.56 | YES=0.59/0.60 NO=0.40/0.41 | T-648s
[2m2026-03-15T01:49:14.481536Z[0m [32m INFO[0m   eth-updown-15m-1773539100 | open=2086.86 cl=2087.64 bn=2087.33 d=+0.0373% | s=30.0% fy=0.61 | YES=0.63/0.66 NO=0.34/0.37 | T-648s
[2m2026-03-15T01:49:14.481539Z[0m [32m INFO[0m   sol-updown-15m-1773539100 | open=87.65 cl=87.66 bn=87.64 d=+0.0071% | s=30.0% fy=0.52 | YES=0.48/0.49 NO=0.51/0.52 | T-648s
[2m2026-03-15T01:49:14.481550Z[0m [32m INFO[0m ===================================================================
[2m2026-03-15T01:49:14.481553Z[0m [32m INFO[0m [SCANNER] signals=31695 settles=27 cl=37584 bn=16360 whales=0 markets=3 books=516 | http://0.0.0.0:8080
[2m2026-03-15T01:50:12.193856Z[0m [32m INFO[0m [DISCOVER] New market: btc-updown-5m-1773539400
[2m2026-03-15T01:50:13.694977Z[0m [32m INFO[0m [DISCOVER] New market: eth-updown-5m-1773539400
[2m2026-03-15T01:50:15.199201Z[0m [32m INFO[0m [DISCOVER] New market: sol-updown-5m-1773539400
[2m2026-03-15T01:50:16.200994Z[0m [33m WARN[0m [OPEN] sol-updown-5m-1773539400 skipped: joined 12s late (grace=5s), CL has drifted
[2m2026-03-15T01:50:16.201009Z[0m [33m WARN[0m [OPEN] eth-updown-5m-1773539400 skipped: joined 12s late (grace=5s), CL has drifted
[2m2026-03-15T01:50:16.201094Z[0m [33m WARN[0m [OPEN] btc-updown-5m-1773539400 skipped: joined 12s late (grace=5s), CL has drifted
[2m2026-03-15T01:50:16.201212Z[0m [32m INFO[0m --- SCAN ----------------------------------------------------------
[2m2026-03-15T01:50:16.201215Z[0m [32m INFO[0m   btc-updown-15m-1773539100 | open=70936.69 cl=70951.87 bn=70951.25 d=+0.0214% | s=30.0% fy=0.57 | YES=0.59/0.60 NO=0.40/0.41 | T-588s
[2m2026-03-15T01:50:16.201217Z[0m [32m INFO[0m   eth-updown-15m-1773539100 | open=2086.86 cl=2087.99 bn=2087.87 d=+0.0542% | s=30.0% fy=0.66 | YES=0.71/0.72 NO=0.28/0.29 | T-588s
[2m2026-03-15T01:50:16.201218Z[0m [32m INFO[0m   sol-updown-15m-1773539100 | open=87.65 cl=87.66 bn=87.68 d=+0.0137% | s=30.0% fy=0.54 | YES=0.49/0.50 NO=0.50/0.51 | T-588s
[2m2026-03-15T01:50:16.201220Z[0m [32m INFO[0m ===================================================================
[2m2026-03-15T01:50:16.201223Z[0m [32m INFO[0m [SCANNER] signals=32040 settles=27 cl=37675 bn=16390 whales=0 markets=3 books=516 | http://0.0.0.0:8080
[2m2026-03-15T01:51:14.902140Z[0m [32m INFO[0m --- SCAN ----------------------------------------------------------
[2m2026-03-15T01:51:14.902160Z[0m [32m INFO[0m   btc-updown-15m-1773539100 | open=70936.69 cl=71002.57 bn=70990.37 d=+0.0929% | s=30.0% fy=0.78 | YES=0.83/0.84 NO=0.16/0.17 | T-528s
[2m2026-03-15T01:51:14.902163Z[0m [32m INFO[0m   eth-updown-15m-1773539100 | open=2086.86 cl=2089.91 bn=2089.54 d=+0.1462% | s=30.0% fy=0.88 | YES=0.88/0.89 NO=0.11/0.12 | T-528s
[2m2026-03-15T01:51:14.902165Z[0m [32m INFO[0m   sol-updown-15m-1773539100 | open=87.65 cl=87.73 bn=87.71 d=+0.0908% | s=30.0% fy=0.77 | YES=0.67/0.69 NO=0.31/0.33 | T-528s
[2m2026-03-15T01:51:14.902166Z[0m [32m INFO[0m ===================================================================
[2m2026-03-15T01:51:14.902169Z[0m [32m INFO[0m [SCANNER] signals=32376 settles=27 cl=37823 bn=16454 whales=0 markets=3 books=522 | http://0.0.0.0:8080
[2m2026-03-15T01:51:22.008412Z[0m [32m INFO[0m [WHALE] Leaderboard loaded from https://data-api.polymarket.com/v1/leaderboard?category=CRYPTO&orderBy=PNL&limit=50 (50 entries)
[2m2026-03-15T01:51:22.008727Z[0m [32m INFO[0m [WHALE] Tracking 50 wallets (top by PNL)
[2m2026-03-15T01:52:12.584996Z[0m [32m INFO[0m [PRUNE] Removed 3 expired markets
[2m2026-03-15T01:52:15.127098Z[0m [32m INFO[0m --- SCAN ----------------------------------------------------------
[2m2026-03-15T01:52:15.127118Z[0m [32m INFO[0m   btc-updown-15m-1773539100 | open=70936.69 cl=71031.37 bn=71020.53 d=+0.1335% | s=30.0% fy=0.88 | YES=0.95/0.96 NO=0.04/0.05 | T-467s
[2m2026-03-15T01:52:15.127121Z[0m [32m INFO[0m   eth-updown-15m-1773539100 | open=2086.86 cl=2090.74 bn=2090.41 d=+0.1859% | s=30.0% fy=0.95 | YES=0.92/0.94 NO=0.06/0.08 | T-467s
[2m2026-03-15T01:52:15.127124Z[0m [32m INFO[0m   sol-updown-15m-1773539100 | open=87.65 cl=87.78 bn=87.77 d=+0.1421% | s=30.0% fy=0.89 | YES=0.83/0.84 NO=0.16/0.17 | T-467s
[2m2026-03-15T01:52:15.127127Z[0m [32m INFO[0m ===================================================================
[2m2026-03-15T01:52:15.127130Z[0m [32m INFO[0m [SCANNER] signals=32721 settles=27 cl=37959 bn=16505 whales=0 markets=3 books=522 | http://0.0.0.0:8080
[2m2026-03-15T01:53:15.336562Z[0m [32m INFO[0m --- SCAN ----------------------------------------------------------
[2m2026-03-15T01:53:15.336624Z[0m [32m INFO[0m   btc-updown-15m-1773539100 | open=70936.69 cl=71035.57 bn=71022.31 d=+0.1394% | s=30.0% fy=0.90 | YES=0.93/0.94 NO=0.06/0.07 | T-407s
[2m2026-03-15T01:53:15.336629Z[0m [32m INFO[0m   eth-updown-15m-1773539100 | open=2086.86 cl=2090.76 bn=2090.41 d=+0.1872% | s=30.0% fy=0.96 | YES=0.96/0.97 NO=0.03/0.04 | T-407s
[2m2026-03-15T01:53:15.336633Z[0m [32m INFO[0m   sol-updown-15m-1773539100 | open=87.65 cl=87.77 bn=87.75 d=+0.1401% | s=30.0% fy=0.90 | YES=0.84/0.85 NO=0.15/0.16 | T-407s
[2m2026-03-15T01:53:15.336636Z[0m [32m INFO[0m ===================================================================
[2m2026-03-15T01:53:15.336641Z[0m [32m INFO[0m [SCANNER] signals=33066 settles=27 cl=38102 bn=16574 whales=0 markets=3 books=522 | http://0.0.0.0:8080
[2m2026-03-15T01:54:15.548685Z[0m [32m INFO[0m --- SCAN ----------------------------------------------------------
[2m2026-03-15T01:54:15.548703Z[0m [32m INFO[0m   btc-updown-15m-1773539100 | open=70936.69 cl=71006.65 bn=70997.51 d=+0.0986% | s=30.0% fy=0.84 | YES=0.91/0.92 NO=0.08/0.09 | T-347s
[2m2026-03-15T01:54:15.548705Z[0m [32m INFO[0m   eth-updown-15m-1773539100 | open=2086.86 cl=2089.73 bn=2089.24 d=+0.1376% | s=30.0% fy=0.92 | YES=0.94/0.95 NO=0.05/0.06 | T-347s
[2m2026-03-15T01:54:15.548707Z[0m [32m INFO[0m   sol-updown-15m-1773539100 | open=87.65 cl=87.72 bn=87.71 d=+0.0830% | s=31.4% fy=0.79 | YES=0.73/0.74 NO=0.26/0.27 | T-347s
[2m2026-03-15T01:54:15.548709Z[0m [32m INFO[0m ===================================================================
[2m2026-03-15T01:54:15.548712Z[0m [32m INFO[0m [SCANNER] signals=33411 settles=27 cl=38234 bn=16633 whales=0 markets=3 books=522 | http://0.0.0.0:8080
[2m2026-03-15T01:55:13.250816Z[0m [32m INFO[0m [DISCOVER] New market: btc-updown-5m-1773539700
[2m2026-03-15T01:55:14.754003Z[0m [32m INFO[0m [DISCOVER] New market: eth-updown-5m-1773539700
[2m2026-03-15T01:55:16.257910Z[0m [32m INFO[0m [DISCOVER] New market: sol-updown-5m-1773539700
[2m2026-03-15T01:55:17.260173Z[0m [33m WARN[0m [OPEN] btc-updown-5m-1773539700 skipped: joined 13s late (grace=5s), CL has drifted
[2m2026-03-15T01:55:17.260297Z[0m [33m WARN[0m [OPEN] eth-updown-5m-1773539700 skipped: joined 13s late (grace=5s), CL has drifted
[2m2026-03-15T01:55:17.260304Z[0m [33m WARN[0m [OPEN] sol-updown-5m-1773539700 skipped: joined 13s late (grace=5s), CL has drifted
[2m2026-03-15T01:55:17.260356Z[0m [32m INFO[0m --- SCAN ----------------------------------------------------------
[2m2026-03-15T01:55:17.260360Z[0m [32m INFO[0m   btc-updown-15m-1773539100 | open=70936.69 cl=71004.43 bn=70994.02 d=+0.0955% | s=30.0% fy=0.83 | YES=0.91/0.92 NO=0.08/0.09 | T-287s
[2m2026-03-15T01:55:17.260362Z[0m [32m INFO[0m   eth-updown-15m-1773539100 | open=2086.86 cl=2089.74 bn=2089.48 d=+0.1379% | s=30.0% fy=0.92 | YES=0.96/0.97 NO=0.03/0.04 | T-287s
[2m2026-03-15T01:55:17.260364Z[0m [32m INFO[0m   sol-updown-15m-1773539100 | open=87.65 cl=87.71 bn=87.70 d=+0.0681% | s=32.4% fy=0.75 | YES=0.72/0.73 NO=0.27/0.28 | T-287s
[2m2026-03-15T01:55:17.260366Z[0m [32m INFO[0m ===================================================================
[2m2026-03-15T01:55:17.260369Z[0m [32m INFO[0m [SCANNER] signals=33756 settles=27 cl=38363 bn=16683 whales=0 markets=3 books=522 | http://0.0.0.0:8080
[2m2026-03-15T01:56:15.970886Z[0m [32m INFO[0m --- SCAN ----------------------------------------------------------
[2m2026-03-15T01:56:15.970911Z[0m [32m INFO[0m   btc-updown-15m-1773539100 | open=70936.69 cl=71007.90 bn=70999.40 d=+0.1004% | s=30.0% fy=0.84 | YES=0.96/0.97 NO=0.03/0.04 | T-227s
[2m2026-03-15T01:56:15.970915Z[0m [32m INFO[0m   eth-updown-15m-1773539100 | open=2086.86 cl=2089.70 bn=2089.43 d=+0.1362% | s=30.0% fy=0.91 | YES=0.96/0.97 NO=0.03/0.04 | T-227s
[2m2026-03-15T01:56:15.970923Z[0m [32m INFO[0m   sol-updown-15m-1773539100 | open=87.65 cl=87.74 bn=87.72 d=+0.1040% | s=30.0% fy=0.85 | YES=0.86/0.87 NO=0.13/0.14 | T-227s
[2m2026-03-15T01:56:15.970925Z[0m [32m INFO[0m ===================================================================
[2m2026-03-15T01:56:15.970929Z[0m [32m INFO[0m [SCANNER] signals=34092 settles=27 cl=38492 bn=16730 whales=0 markets=3 books=528 | http://0.0.0.0:8080
[2m2026-03-15T01:56:30.137169Z[0m [32m INFO[0m [WHALE] Leaderboard loaded from https://data-api.polymarket.com/v1/leaderboard?category=CRYPTO&orderBy=PNL&limit=50 (50 entries)
[2m2026-03-15T01:56:30.137426Z[0m [32m INFO[0m [WHALE] Tracking 50 wallets (top by PNL)
[2m2026-03-15T01:57:13.659034Z[0m [32m INFO[0m [PRUNE] Removed 3 expired markets
[2m2026-03-15T01:57:16.203447Z[0m [32m INFO[0m --- SCAN ----------------------------------------------------------
[2m2026-03-15T01:57:16.203470Z[0m [32m INFO[0m   btc-updown-15m-1773539100 | open=70936.69 cl=71020.00 bn=71003.15 d=+0.1174% | s=30.0% fy=0.88 | YES=0.97/0.98 NO=0.02/0.03 | T-166s
[2m2026-03-15T01:57:16.203474Z[0m [32m INFO[0m   eth-updown-15m-1773539100 | open=2086.86 cl=2089.98 bn=2089.36 d=+0.1495% | s=30.0% fy=0.93 | YES=0.99/0.99 NO=0.01/0.01 | T-166s
[2m2026-03-15T01:57:16.203477Z[0m [32m INFO[0m   sol-updown-15m-1773539100 | open=87.65 cl=87.74 bn=87.71 d=+0.1015% | s=30.0% fy=0.84 | YES=0.88/0.90 NO=0.10/0.12 | T-166s
[2m2026-03-15T01:57:16.203480Z[0m [32m INFO[0m ===================================================================
[2m2026-03-15T01:57:16.203484Z[0m [32m INFO[0m [SCANNER] signals=34437 settles=27 cl=38603 bn=16781 whales=0 markets=3 books=528 | http://0.0.0.0:8080
[2m2026-03-15T01:58:16.413855Z[0m [32m INFO[0m --- SCAN ----------------------------------------------------------
[2m2026-03-15T01:58:16.413877Z[0m [32m INFO[0m   btc-updown-15m-1773539100 | open=70936.69 cl=71030.85 bn=71017.56 d=+0.1327% | s=30.0% fy=0.91 | YES=0.99/0.99 NO=0.01/0.01 | T-106s
[2m2026-03-15T01:58:16.413880Z[0m [32m INFO[0m   eth-updown-15m-1773539100 | open=2086.86 cl=2089.57 bn=2089.21 d=+0.1300% | s=30.0% fy=0.90 | YES=0.98/1.00 NO=0.00/0.02 | T-106s
[2m2026-03-15T01:58:16.413882Z[0m [32m INFO[0m   sol-updown-15m-1773539100 | open=87.65 cl=87.73 bn=87.72 d=+0.0911% | s=30.0% fy=0.82 | YES=0.89/0.92 NO=0.08/0.11 | T-106s
[2m2026-03-15T01:58:16.413884Z[0m [32m INFO[0m ===================================================================
[2m2026-03-15T01:58:16.413886Z[0m [32m INFO[0m [SCANNER] signals=34782 settles=27 cl=38730 bn=16826 whales=0 markets=3 books=528 | http://0.0.0.0:8080
[2m2026-03-15T01:59:16.625063Z[0m [32m INFO[0m --- SCAN ----------------------------------------------------------
[2m2026-03-15T01:59:16.625082Z[0m [32m INFO[0m   btc-updown-15m-1773539100 | open=70936.69 cl=71035.66 bn=71025.05 d=+0.1395% | s=30.0% fy=0.92 | YES=0.99/1.00 NO=0.00/0.01 | T-46s
[2m2026-03-15T01:59:16.625086Z[0m [32m INFO[0m   eth-updown-15m-1773539100 | open=2086.86 cl=2089.30 bn=2088.87 d=+0.1171% | s=30.0% fy=0.88 | YES=0.99/1.00 NO=0.00/0.01 | T-46s
[2m2026-03-15T01:59:16.625089Z[0m [32m INFO[0m   sol-updown-15m-1773539100 | open=87.65 cl=87.72 bn=87.72 d=+0.0828% | s=30.0% fy=0.80 | YES=0.93/0.94 NO=0.06/0.07 | T-46s
[2m2026-03-15T01:59:16.625093Z[0m [32m INFO[0m ===================================================================
[2m2026-03-15T01:59:16.625097Z[0m [32m INFO[0m [SCANNER] signals=35127 settles=27 cl=38846 bn=16868 whales=0 markets=3 books=528 | http://0.0.0.0:8080
[2m2026-03-15T02:00:01.247657Z[0m [32m INFO[0m [CL_CLOSE] btc-updown-15m-1773539100 snap=71005.09
[2m2026-03-15T02:00:01.247706Z[0m [32m INFO[0m [CL_CLOSE] eth-updown-15m-1773539100 snap=2088.79
[2m2026-03-15T02:00:01.247711Z[0m [32m INFO[0m [CL_CLOSE] sol-updown-15m-1773539100 snap=87.71
[2m2026-03-15T02:00:05.262642Z[0m [32m INFO[0m [SETTLE] btc-updown-15m-1773539100 cl=71005.09 bn=71027.03 open=70936.69 d=+0.0964% -> YES
[2m2026-03-15T02:00:05.262714Z[0m [32m INFO[0m [SETTLE] eth-updown-15m-1773539100 cl=2088.79 bn=2089.21 open=2086.86 d=+0.0928% -> YES
[2m2026-03-15T02:00:05.262743Z[0m [32m INFO[0m [SETTLE] sol-updown-15m-1773539100 cl=87.71 bn=87.75 open=87.65 d=+0.0634% -> YES
[2m2026-03-15T02:00:14.298032Z[0m [32m INFO[0m [DISCOVER] New market: btc-updown-5m-1773540000
[2m2026-03-15T02:00:14.800833Z[0m [32m INFO[0m [DISCOVER] New market: btc-updown-15m-1773540000
[2m2026-03-15T02:00:16.302279Z[0m [32m INFO[0m [DISCOVER] New market: eth-updown-5m-1773540000
[2m2026-03-15T02:00:16.805008Z[0m [32m INFO[0m [DISCOVER] New market: eth-updown-15m-1773540000
[2m2026-03-15T02:00:18.311094Z[0m [32m INFO[0m [DISCOVER] New market: sol-updown-5m-1773540000
[2m2026-03-15T02:00:18.807741Z[0m [32m INFO[0m [DISCOVER] New market: sol-updown-15m-1773540000
[2m2026-03-15T02:00:19.810324Z[0m [33m WARN[0m [OPEN] eth-updown-5m-1773540000 skipped: joined 14s late (grace=5s), CL has drifted
[2m2026-03-15T02:00:19.810362Z[0m [32m INFO[0m [OPEN] btc-updown-15m-1773540000 open_price=71036.90
[2m2026-03-15T02:00:19.810370Z[0m [33m WARN[0m [OPEN] btc-updown-5m-1773540000 skipped: joined 14s late (grace=5s), CL has drifted
[2m2026-03-15T02:00:19.810373Z[0m [32m INFO[0m [OPEN] eth-updown-15m-1773540000 open_price=2089.89
[2m2026-03-15T02:00:19.810376Z[0m [33m WARN[0m [OPEN] sol-updown-5m-1773540000 skipped: joined 14s late (grace=5s), CL has drifted
[2m2026-03-15T02:00:19.810379Z[0m [32m INFO[0m [OPEN] sol-updown-15m-1773540000 open_price=87.78
[2m2026-03-15T02:00:19.810443Z[0m [32m INFO[0m --- SCAN ----------------------------------------------------------
[2m2026-03-15T02:00:19.810446Z[0m [32m INFO[0m   btc-updown-15m-1773540000 | open=71036.90 cl=71036.90 bn=71022.81 d=+0.0000% | s=30.0% fy=0.50 | YES=--/-- NO=--/-- | T-886s
[2m2026-03-15T02:00:19.810448Z[0m [32m INFO[0m   eth-updown-15m-1773540000 | open=2089.89 cl=2089.89 bn=2089.39 d=+0.0000% | s=30.0% fy=0.50 | YES=--/-- NO=--/-- | T-886s
[2m2026-03-15T02:00:19.810450Z[0m [32m INFO[0m   sol-updown-15m-1773540000 | open=87.78 cl=87.78 bn=87.75 d=+0.0000% | s=30.0% fy=0.50 | YES=--/-- NO=--/-- | T-886s
[2m2026-03-15T02:00:19.810452Z[0m [32m INFO[0m ===================================================================
[2m2026-03-15T02:00:19.810456Z[0m [32m INFO[0m [SCANNER] signals=35205 settles=30 cl=38981 bn=16936 whales=0 markets=3 books=528 | http://0.0.0.0:8080
[2m2026-03-15T02:01:17.018120Z[0m [32m INFO[0m --- SCAN ----------------------------------------------------------
[2m2026-03-15T02:01:17.018147Z[0m [32m INFO[0m   btc-updown-15m-1773540000 | open=71036.90 cl=71124.09 bn=71111.66 d=+0.1227% | s=30.0% fy=0.79 | YES=0.84/0.85 NO=0.15/0.16 | T-826s
[2m2026-03-15T02:01:17.018151Z[0m [32m INFO[0m   eth-updown-15m-1773540000 | open=2089.89 cl=2091.97 bn=2091.56 d=+0.0996% | s=30.0% fy=0.74 | YES=0.75/0.76 NO=0.24/0.25 | T-826s
[2m2026-03-15T02:01:17.018154Z[0m [32m INFO[0m   sol-updown-15m-1773540000 | open=87.78 cl=87.89 bn=87.88 d=+0.1226% | s=36.4% fy=0.75 | YES=0.82/0.83 NO=0.17/0.18 | T-826s
[2m2026-03-15T02:01:17.018157Z[0m [32m INFO[0m ===================================================================
[2m2026-03-15T02:01:17.018161Z[0m [32m INFO[0m [SCANNER] signals=35523 settles=30 cl=39122 bn=17012 whales=0 markets=3 books=540 | http://0.0.0.0:8080
[2m2026-03-15T02:01:38.613180Z[0m [32m INFO[0m [WHALE] Leaderboard loaded from https://data-api.polymarket.com/v1/leaderboard?category=CRYPTO&orderBy=PNL&limit=50 (50 entries)
[2m2026-03-15T02:01:38.613446Z[0m [32m INFO[0m [WHALE] Tracking 50 wallets (top by PNL)
[2m2026-03-15T02:02:14.704621Z[0m [32m INFO[0m [PRUNE] Removed 6 expired markets
[2m2026-03-15T02:02:17.246211Z[0m [32m INFO[0m --- SCAN ----------------------------------------------------------
[2m2026-03-15T02:02:17.246226Z[0m [32m INFO[0m   btc-updown-15m-1773540000 | open=71036.90 cl=71255.22 bn=71230.77 d=+0.3073% | s=30.0% fy=0.98 | YES=0.94/0.95 NO=0.05/0.06 | T-765s
[2m2026-03-15T02:02:17.246229Z[0m [32m INFO[0m   eth-updown-15m-1773540000 | open=2089.89 cl=2096.13 bn=2095.62 d=+0.2989% | s=32.0% fy=0.97 | YES=0.92/0.93 NO=0.07/0.08 | T-765s
[2m2026-03-15T02:02:17.246235Z[0m [32m INFO[0m   sol-updown-15m-1773540000 | open=87.78 cl=88.08 bn=88.07 d=+0.3415% | s=44.8% fy=0.94 | YES=0.95/0.97 NO=0.03/0.05 | T-765s
[2m2026-03-15T02:02:17.246236Z[0m [32m INFO[0m ===================================================================
[2m2026-03-15T02:02:17.246239Z[0m [32m INFO[0m [SCANNER] signals=35868 settles=30 cl=39284 bn=17157 whales=0 markets=3 books=540 | http://0.0.0.0:8080
[2m2026-03-15T02:03:17.722849Z[0m [32m INFO[0m --- SCAN ----------------------------------------------------------
[2m2026-03-15T02:03:17.722869Z[0m [32m INFO[0m   btc-updown-15m-1773540000 | open=71036.90 cl=71266.01 bn=71253.03 d=+0.3225% | s=54.5% fy=0.89 | YES=0.91/0.92 NO=0.08/0.09 | T-705s
[2m2026-03-15T02:03:17.722871Z[0m [32m INFO[0m   eth-updown-15m-1773540000 | open=2089.89 cl=2095.90 bn=2096.02 d=+0.2878% | s=47.5% fy=0.90 | YES=0.92/0.93 NO=0.07/0.08 | T-705s
[2m2026-03-15T02:03:17.722873Z[0m [32m INFO[0m   sol-updown-15m-1773540000 | open=87.78 cl=88.10 bn=88.11 d=+0.3708% | s=68.8% fy=0.87 | YES=0.94/0.95 NO=0.05/0.06 | T-705s
[2m2026-03-15T02:03:17.722875Z[0m [32m INFO[0m ===================================================================
[2m2026-03-15T02:03:17.722878Z[0m [32m INFO[0m [SCANNER] signals=36213 settles=30 cl=39429 bn=17238 whales=0 markets=3 books=540 | http://0.0.0.0:8080
[2m2026-03-15T02:04:18.023868Z[0m [32m INFO[0m --- SCAN ----------------------------------------------------------
[2m2026-03-15T02:04:18.023888Z[0m [32m INFO[0m   btc-updown-15m-1773540000 | open=71036.90 cl=71148.79 bn=71157.04 d=+0.1575% | s=57.8% fy=0.73 | YES=0.83/0.84 NO=0.16/0.17 | T-645s
[2m2026-03-15T02:04:18.023890Z[0m [32m INFO[0m   eth-updown-15m-1773540000 | open=2089.89 cl=2092.72 bn=2092.81 d=+0.1354% | s=51.5% fy=0.72 | YES=0.79/0.80 NO=0.20/0.21 | T-645s
[2m2026-03-15T02:04:18.023892Z[0m [32m INFO[0m   sol-updown-15m-1773540000 | open=87.78 cl=87.96 bn=87.96 d=+0.2070% | s=73.7% fy=0.73 | YES=0.87/0.88 NO=0.12/0.13 | T-645s
[2m2026-03-15T02:04:18.023894Z[0m [32m INFO[0m ===================================================================
[2m2026-03-15T02:04:18.023897Z[0m [32m INFO[0m [SCANNER] signals=36558 settles=30 cl=39595 bn=17374 whales=0 markets=3 books=540 | http://0.0.0.0:8080
[2m2026-03-15T02:04:57.334993Z[0m [31mERROR[0m [CL] WebSocket error: IO error: Connection reset by peer (os error 104)
[2m2026-03-15T02:04:57.336343Z[0m [33m WARN[0m [CL] Feed closed cleanly, reconnecting...
[2m2026-03-15T02:05:02.338027Z[0m [32m INFO[0m [CL] Connecting to wss://ws-live-data.polymarket.com
[2m2026-03-15T02:05:02.504131Z[0m [32m INFO[0m [CL] Feed connected
[2m2026-03-15T02:05:15.822275Z[0m [32m INFO[0m [DISCOVER] New market: btc-updown-5m-1773540300
[2m2026-03-15T02:05:16.978870Z[0m [31mERROR[0m [CL] WebSocket error: IO error: Connection reset by peer (os error 104)
[2m2026-03-15T02:05:16.980125Z[0m [33m WARN[0m [CL] Feed closed cleanly, reconnecting...
[2m2026-03-15T02:05:17.326249Z[0m [32m INFO[0m [DISCOVER] New market: eth-updown-5m-1773540300
[2m2026-03-15T02:05:18.829261Z[0m [32m INFO[0m [DISCOVER] New market: sol-updown-5m-1773540300
[2m2026-03-15T02:05:19.825600Z[0m [33m WARN[0m [OPEN] btc-updown-5m-1773540300 skipped: joined 15s late (grace=5s), CL has drifted
[2m2026-03-15T02:05:19.827269Z[0m [33m WARN[0m [OPEN] eth-updown-5m-1773540300 skipped: joined 15s late (grace=5s), CL has drifted
[2m2026-03-15T02:05:19.827278Z[0m [33m WARN[0m [OPEN] sol-updown-5m-1773540300 skipped: joined 15s late (grace=5s), CL has drifted
[2m2026-03-15T02:05:19.827419Z[0m [32m INFO[0m --- SCAN ----------------------------------------------------------
[2m2026-03-15T02:05:19.827423Z[0m [32m INFO[0m   btc-updown-15m-1773540000 | open=71036.90 cl=71200.17 bn=71185.84 d=+0.2298% | s=58.6% fy=0.82 | YES=0.92/0.93 NO=0.07/0.08 | T-584s
[2m2026-03-15T02:05:19.827428Z[0m [32m INFO[0m   eth-updown-15m-1773540000 | open=2089.89 cl=2093.75 bn=2093.37 d=+0.1849% | s=52.8% fy=0.79 | YES=0.88/0.90 NO=0.10/0.12 | T-584s
[2m2026-03-15T02:05:19.827430Z[0m [32m INFO[0m   sol-updown-15m-1773540000 | open=87.78 cl=88.01 bn=88.00 d=+0.2641% | s=75.3% fy=0.79 | YES=0.92/0.93 NO=0.07/0.08 | T-584s
[2m2026-03-15T02:05:19.827431Z[0m [32m INFO[0m ===================================================================
[2m2026-03-15T02:05:19.827433Z[0m [32m INFO[0m [SCANNER] signals=36903 settles=30 cl=39733 bn=17466 whales=0 markets=3 books=540 | http://0.0.0.0:8080
[2m2026-03-15T02:05:21.980671Z[0m [32m INFO[0m [CL] Connecting to wss://ws-live-data.polymarket.com
[2m2026-03-15T02:05:22.129320Z[0m [32m INFO[0m [CL] Feed connected
[2m2026-03-15T02:06:18.620186Z[0m [32m INFO[0m --- SCAN ----------------------------------------------------------
[2m2026-03-15T02:06:18.620209Z[0m [32m INFO[0m   btc-updown-15m-1773540000 | open=71036.90 cl=71248.35 bn=71232.27 d=+0.2977% | s=58.6% fy=0.89 | YES=0.96/0.97 NO=0.03/0.04 | T-524s
[2m2026-03-15T02:06:18.620211Z[0m [32m INFO[0m   eth-updown-15m-1773540000 | open=2089.89 cl=2095.55 bn=2095.18 d=+0.2709% | s=53.0% fy=0.90 | YES=0.96/0.97 NO=0.03/0.04 | T-524s
[2m2026-03-15T02:06:18.620213Z[0m [32m INFO[0m   sol-updown-15m-1773540000 | open=87.78 cl=88.05 bn=88.03 d=+0.3062% | s=73.5% fy=0.85 | YES=0.96/0.97 NO=0.03/0.04 | T-524s
[2m2026-03-15T02:06:18.620215Z[0m [32m INFO[0m ===================================================================
[2m2026-03-15T02:06:18.620218Z[0m [32m INFO[0m [SCANNER] signals=37239 settles=30 cl=39875 bn=17531 whales=0 markets=3 books=546 | http://0.0.0.0:8080
[2m2026-03-15T02:06:46.592001Z[0m [32m INFO[0m [WHALE] Leaderboard loaded from https://data-api.polymarket.com/v1/leaderboard?category=CRYPTO&orderBy=PNL&limit=50 (50 entries)
[2m2026-03-15T02:06:46.592240Z[0m [32m INFO[0m [WHALE] Tracking 50 wallets (top by PNL)
[2m2026-03-15T02:07:16.313327Z[0m [32m INFO[0m [PRUNE] Removed 3 expired markets
[2m2026-03-15T02:07:18.998167Z[0m [32m INFO[0m --- SCAN ----------------------------------------------------------
[2m2026-03-15T02:07:18.998186Z[0m [32m INFO[0m   btc-updown-15m-1773540000 | open=71036.90 cl=71240.11 bn=71224.93 d=+0.2861% | s=56.5% fy=0.91 | YES=0.96/0.97 NO=0.03/0.04 | T-464s
[2m2026-03-15T02:07:18.998189Z[0m [32m INFO[0m   eth-updown-15m-1773540000 | open=2089.89 cl=2095.12 bn=2094.67 d=+0.2504% | s=50.9% fy=0.90 | YES=0.96/0.97 NO=0.03/0.04 | T-464s
[2m2026-03-15T02:07:18.998192Z[0m [32m INFO[0m   sol-updown-15m-1773540000 | open=87.78 cl=88.04 bn=88.04 d=+0.2954% | s=69.0% fy=0.87 | YES=0.95/0.97 NO=0.03/0.05 | T-464s
[2m2026-03-15T02:07:18.998196Z[0m [32m INFO[0m ===================================================================
[2m2026-03-15T02:07:18.998199Z[0m [32m INFO[0m [SCANNER] signals=37584 settles=30 cl=40039 bn=17612 whales=0 markets=3 books=546 | http://0.0.0.0:8080
[2m2026-03-15T02:08:19.299254Z[0m [32m INFO[0m --- SCAN ----------------------------------------------------------
[2m2026-03-15T02:08:19.299272Z[0m [32m INFO[0m   btc-updown-15m-1773540000 | open=71036.90 cl=71325.72 bn=71305.55 d=+0.4066% | s=32.9% fy=1.00 | YES=0.98/0.99 NO=0.00/0.01 | T-403s
[2m2026-03-15T02:08:19.299275Z[0m [32m INFO[0m   eth-updown-15m-1773540000 | open=2089.89 cl=2097.16 bn=2096.58 d=+0.3482% | s=37.9% fy=0.99 | YES=0.99/0.99 NO=0.01/0.01 | T-403s
[2m2026-03-15T02:08:19.299277Z[0m [32m INFO[0m   sol-updown-15m-1773540000 | open=87.78 cl=88.16 bn=88.14 d=+0.4357% | s=45.1% fy=1.00 | YES=0.99/1.00 NO=0.00/0.01 | T-403s
[2m2026-03-15T02:08:19.299279Z[0m [32m INFO[0m ===================================================================
[2m2026-03-15T02:08:19.299282Z[0m [32m INFO[0m [SCANNER] signals=37929 settles=30 cl=40191 bn=17717 whales=0 markets=3 books=546 | http://0.0.0.0:8080
[2m2026-03-15T02:09:19.607430Z[0m [32m INFO[0m --- SCAN ----------------------------------------------------------
[2m2026-03-15T02:09:19.607456Z[0m [32m INFO[0m   btc-updown-15m-1773540000 | open=71036.90 cl=71331.34 bn=71324.35 d=+0.4145% | s=30.0% fy=1.00 | YES=0.98/0.99 NO=0.00/0.01 | T-343s
[2m2026-03-15T02:09:19.607459Z[0m [32m INFO[0m   eth-updown-15m-1773540000 | open=2089.89 cl=2096.92 bn=2096.82 d=+0.3364% | s=34.6% fy=1.00 | YES=0.99/0.99 NO=0.01/0.01 | T-343s
[2m2026-03-15T02:09:19.607461Z[0m [32m INFO[0m   sol-updown-15m-1773540000 | open=87.78 cl=88.21 bn=88.21 d=+0.4907% | s=56.7% fy=1.00 | YES=0.98/1.00 NO=0.00/0.02 | T-343s
[2m2026-03-15T02:09:19.607463Z[0m [32m INFO[0m ===================================================================
[2m2026-03-15T02:09:19.607466Z[0m [32m INFO[0m [SCANNER] signals=38274 settles=30 cl=40351 bn=17805 whales=0 markets=3 books=546 | http://0.0.0.0:8080
[2m2026-03-15T02:10:17.400023Z[0m [32m INFO[0m [DISCOVER] New market: btc-updown-5m-1773540600
[2m2026-03-15T02:10:18.905677Z[0m [32m INFO[0m [DISCOVER] New market: eth-updown-5m-1773540600
[2m2026-03-15T02:10:20.411516Z[0m [32m INFO[0m [DISCOVER] New market: sol-updown-5m-1773540600
[2m2026-03-15T02:10:21.416799Z[0m [33m WARN[0m [OPEN] eth-updown-5m-1773540600 skipped: joined 17s late (grace=5s), CL has drifted
[2m2026-03-15T02:10:21.416821Z[0m [33m WARN[0m [OPEN] sol-updown-5m-1773540600 skipped: joined 17s late (grace=5s), CL has drifted
[2m2026-03-15T02:10:21.416826Z[0m [33m WARN[0m [OPEN] btc-updown-5m-1773540600 skipped: joined 17s late (grace=5s), CL has drifted
[2m2026-03-15T02:10:21.417080Z[0m [32m INFO[0m --- SCAN ----------------------------------------------------------
[2m2026-03-15T02:10:21.417084Z[0m [32m INFO[0m   btc-updown-15m-1773540000 | open=71036.90 cl=71297.79 bn=71285.47 d=+0.3672% | s=30.0% fy=1.00 | YES=0.99/1.00 NO=0.00/0.01 | T-283s
[2m2026-03-15T02:10:21.417086Z[0m [32m INFO[0m   eth-updown-15m-1773540000 | open=2089.89 cl=2095.97 bn=2095.48 d=+0.2912% | s=32.7% fy=1.00 | YES=0.99/0.99 NO=0.01/0.01 | T-283s
[2m2026-03-15T02:10:21.417088Z[0m [32m INFO[0m   sol-updown-15m-1773540000 | open=87.78 cl=88.19 bn=88.17 d=+0.4641% | s=55.9% fy=1.00 | YES=0.99/1.00 NO=0.00/0.01 | T-283s
[2m2026-03-15T02:10:21.417090Z[0m [32m INFO[0m ===================================================================
[2m2026-03-15T02:10:21.417093Z[0m [32m INFO[0m [SCANNER] signals=38619 settles=30 cl=40496 bn=17880 whales=0 markets=3 books=546 | http://0.0.0.0:8080
[2m2026-03-15T02:11:20.214630Z[0m [32m INFO[0m --- SCAN ----------------------------------------------------------
[2m2026-03-15T02:11:20.214651Z[0m [32m INFO[0m   btc-updown-15m-1773540000 | open=71036.90 cl=71303.05 bn=71294.50 d=+0.3747% | s=30.0% fy=1.00 | YES=0.99/1.00 NO=0.00/0.01 | T-222s
[2m2026-03-15T02:11:20.214653Z[0m [32m INFO[0m   eth-updown-15m-1773540000 | open=2089.89 cl=2095.98 bn=2095.71 d=+0.2917% | s=30.2% fy=1.00 | YES=1.00/1.00 NO=0.00/0.00 | T-222s
[2m2026-03-15T02:11:20.214655Z[0m [32m INFO[0m   sol-updown-15m-1773540000 | open=87.78 cl=88.18 bn=88.17 d=+0.4607% | s=55.0% fy=1.00 | YES=1.00/1.00 NO=0.00/0.00 | T-222s
[2m2026-03-15T02:11:20.214657Z[0m [32m INFO[0m ===================================================================
[2m2026-03-15T02:11:20.214660Z[0m [32m INFO[0m [SCANNER] signals=38955 settles=30 cl=40628 bn=17945 whales=0 markets=3 books=552 | http://0.0.0.0:8080
[2m2026-03-15T02:11:54.669627Z[0m [32m INFO[0m [WHALE] Leaderboard loaded from https://data-api.polymarket.com/v1/leaderboard?category=CRYPTO&orderBy=PNL&limit=50 (50 entries)
[2m2026-03-15T02:11:54.669920Z[0m [32m INFO[0m [WHALE] Tracking 50 wallets (top by PNL)
[2m2026-03-15T02:12:17.911868Z[0m [32m INFO[0m [PRUNE] Removed 3 expired markets
[2m2026-03-15T02:12:20.603699Z[0m [32m INFO[0m --- SCAN ----------------------------------------------------------
[2m2026-03-15T02:12:20.603714Z[0m [32m INFO[0m   btc-updown-15m-1773540000 | open=71036.90 cl=71313.30 bn=71310.37 d=+0.3891% | s=30.0% fy=1.00 | YES=0.99/1.00 NO=0.00/0.01 | T-162s
[2m2026-03-15T02:12:20.603717Z[0m [32m INFO[0m   eth-updown-15m-1773540000 | open=2089.89 cl=2096.59 bn=2096.21 d=+0.3207% | s=30.0% fy=1.00 | YES=1.00/1.00 NO=0.00/0.00 | T-162s
[2m2026-03-15T02:12:20.603890Z[0m [32m INFO[0m   sol-updown-15m-1773540000 | open=87.78 cl=88.21 bn=88.20 d=+0.4912% | s=53.6% fy=1.00 | YES=0.99/1.00 NO=0.00/0.01 | T-162s
[2m2026-03-15T02:12:20.603897Z[0m [32m INFO[0m ===================================================================
[2m2026-03-15T02:12:20.603900Z[0m [32m INFO[0m [SCANNER] signals=39300 settles=30 cl=40745 bn=17993 whales=0 markets=3 books=552 | http://0.0.0.0:8080
[2m2026-03-15T02:13:20.904566Z[0m [32m INFO[0m --- SCAN ----------------------------------------------------------
[2m2026-03-15T02:13:20.904593Z[0m [32m INFO[0m   btc-updown-15m-1773540000 | open=71036.90 cl=71314.85 bn=71304.21 d=+0.3913% | s=30.0% fy=1.00 | YES=1.00/1.00 NO=0.00/0.00 | T-102s
[2m2026-03-15T02:13:20.904597Z[0m [32m INFO[0m   eth-updown-15m-1773540000 | open=2089.89 cl=2095.80 bn=2095.39 d=+0.2831% | s=30.0% fy=1.00 | YES=1.00/1.00 NO=0.00/0.00 | T-102s
[2m2026-03-15T02:13:20.904599Z[0m [32m INFO[0m   sol-updown-15m-1773540000 | open=87.78 cl=88.19 bn=88.18 d=+0.4706% | s=53.7% fy=1.00 | YES=0.99/1.00 NO=0.00/0.00 | T-102s
[2m2026-03-15T02:13:20.904602Z[0m [32m INFO[0m ===================================================================
[2m2026-03-15T02:13:20.904606Z[0m [32m INFO[0m [SCANNER] signals=39645 settles=30 cl=40897 bn=18059 whales=0 markets=3 books=552 | http://0.0.0.0:8080
[2m2026-03-15T02:14:21.190035Z[0m [32m INFO[0m --- SCAN ----------------------------------------------------------
[2m2026-03-15T02:14:21.190063Z[0m [32m INFO[0m   btc-updown-15m-1773540000 | open=71036.90 cl=71298.66 bn=71285.20 d=+0.3685% | s=30.0% fy=1.00 | YES=1.00/1.00 NO=0.00/0.00 | T-41s
[2m2026-03-15T02:14:21.190067Z[0m [32m INFO[0m   eth-updown-15m-1773540000 | open=2089.89 cl=2095.55 bn=2095.25 d=+0.2709% | s=30.0% fy=1.00 | YES=1.00/1.00 NO=0.00/0.00 | T-41s
[2m2026-03-15T02:14:21.190070Z[0m [32m INFO[0m   sol-updown-15m-1773540000 | open=87.78 cl=88.15 bn=88.13 d=+0.4175% | s=34.2% fy=1.00 | YES=0.99/1.00 NO=0.00/0.00 | T-41s
[2m2026-03-15T02:14:21.190074Z[0m [32m INFO[0m ===================================================================
[2m2026-03-15T02:14:21.190078Z[0m [32m INFO[0m [SCANNER] signals=39990 settles=30 cl=41019 bn=18114 whales=0 markets=3 books=552 | http://0.0.0.0:8080
[2m2026-03-15T02:15:01.297996Z[0m [32m INFO[0m [CL_CLOSE] btc-updown-15m-1773540000 snap=71313.28
[2m2026-03-15T02:15:01.298046Z[0m [32m INFO[0m [CL_CLOSE] eth-updown-15m-1773540000 snap=2096.37
[2m2026-03-15T02:15:01.298050Z[0m [32m INFO[0m [CL_CLOSE] sol-updown-15m-1773540000 snap=88.18
[2m2026-03-15T02:15:05.309341Z[0m [32m INFO[0m [SETTLE] btc-updown-15m-1773540000 cl=71313.28 bn=71312.69 open=71036.90 d=+0.3891% -> YES
[2m2026-03-15T02:15:05.309396Z[0m [32m INFO[0m [SETTLE] eth-updown-15m-1773540000 cl=2096.37 bn=2096.18 open=2089.89 d=+0.3104% -> YES
[2m2026-03-15T02:15:05.309410Z[0m [32m INFO[0m [SETTLE] sol-updown-15m-1773540000 cl=88.18 bn=88.17 open=87.78 d=+0.4549% -> YES
[2m2026-03-15T02:15:18.956217Z[0m [32m INFO[0m [DISCOVER] New market: btc-updown-5m-1773540900
[2m2026-03-15T02:15:19.462934Z[0m [32m INFO[0m [DISCOVER] New market: btc-updown-15m-1773540900
[2m2026-03-15T02:15:20.960783Z[0m [32m INFO[0m [DISCOVER] New market: eth-updown-5m-1773540900
[2m2026-03-15T02:15:21.464989Z[0m [32m INFO[0m [DISCOVER] New market: eth-updown-15m-1773540900
[2m2026-03-15T02:15:22.963585Z[0m [32m INFO[0m [DISCOVER] New market: sol-updown-5m-1773540900
[2m2026-03-15T02:15:23.466468Z[0m [32m INFO[0m [DISCOVER] New market: sol-updown-15m-1773540900
[2m2026-03-15T02:15:24.460541Z[0m [33m WARN[0m [OPEN] btc-updown-5m-1773540900 skipped: joined 18s late (grace=5s), CL has drifted
[2m2026-03-15T02:15:24.460580Z[0m [33m WARN[0m [OPEN] eth-updown-15m-1773540900 skipped: joined 18s late (grace=15s), CL has drifted
[2m2026-03-15T02:15:24.460586Z[0m [33m WARN[0m [OPEN] sol-updown-5m-1773540900 skipped: joined 18s late (grace=5s), CL has drifted
[2m2026-03-15T02:15:24.460609Z[0m [33m WARN[0m [OPEN] eth-updown-5m-1773540900 skipped: joined 18s late (grace=5s), CL has drifted
[2m2026-03-15T02:15:24.460612Z[0m [33m WARN[0m [OPEN] sol-updown-15m-1773540900 skipped: joined 18s late (grace=15s), CL has drifted
[2m2026-03-15T02:15:24.460614Z[0m [33m WARN[0m [OPEN] btc-updown-15m-1773540900 skipped: joined 18s late (grace=15s), CL has drifted
[2m2026-03-15T02:15:24.460618Z[0m [32m INFO[0m [SCANNER] signals=40041 settles=33 cl=41155 bn=18194 whales=0 markets=0 books=552 | http://0.0.0.0:8080
[2m2026-03-15T02:16:21.697425Z[0m [32m INFO[0m [SCANNER] signals=40041 settles=33 cl=41298 bn=18271 whales=0 markets=0 books=564 | http://0.0.0.0:8080
[2m2026-03-15T02:17:01.842547Z[0m [32m INFO[0m [WHALE] Leaderboard loaded from https://data-api.polymarket.com/v1/leaderboard?category=CRYPTO&orderBy=PNL&limit=50 (50 entries)
[2m2026-03-15T02:17:01.842896Z[0m [32m INFO[0m [WHALE] Tracking 50 wallets (top by PNL)
[2m2026-03-15T02:17:19.342329Z[0m [32m INFO[0m [PRUNE] Removed 6 expired markets
[2m2026-03-15T02:17:22.029371Z[0m [32m INFO[0m [SCANNER] signals=40041 settles=33 cl=41436 bn=18338 whales=0 markets=0 books=564 | http://0.0.0.0:8080
[2m2026-03-15T02:18:22.274716Z[0m [32m INFO[0m [SCANNER] signals=40041 settles=33 cl=41558 bn=18399 whales=0 markets=0 books=564 | http://0.0.0.0:8080
[2m2026-03-15T02:19:22.525672Z[0m [32m INFO[0m [SCANNER] signals=40041 settles=33 cl=41667 bn=18448 whales=0 markets=0 books=564 | http://0.0.0.0:8080
[2m2026-03-15T02:20:20.282895Z[0m [32m INFO[0m [DISCOVER] New market: btc-updown-5m-1773541200
[2m2026-03-15T02:20:21.783837Z[0m [32m INFO[0m [DISCOVER] New market: eth-updown-5m-1773541200
[2m2026-03-15T02:20:23.285578Z[0m [32m INFO[0m [DISCOVER] New market: sol-updown-5m-1773541200
[2m2026-03-15T02:20:24.283323Z[0m [33m WARN[0m [OPEN] btc-updown-5m-1773541200 skipped: joined 20s late (grace=5s), CL has drifted
[2m2026-03-15T02:20:24.283357Z[0m [33m WARN[0m [OPEN] eth-updown-5m-1773541200 skipped: joined 20s late (grace=5s), CL has drifted
[2m2026-03-15T02:20:24.283361Z[0m [33m WARN[0m [OPEN] sol-updown-5m-1773541200 skipped: joined 20s late (grace=5s), CL has drifted
[2m2026-03-15T02:20:24.283364Z[0m [32m INFO[0m [SCANNER] signals=40041 settles=33 cl=41798 bn=18514 whales=0 markets=0 books=564 | http://0.0.0.0:8080
[2m2026-03-15T02:21:23.028984Z[0m [32m INFO[0m [SCANNER] signals=40041 settles=33 cl=41921 bn=18572 whales=0 markets=0 books=570 | http://0.0.0.0:8080
[2m2026-03-15T02:22:04.653972Z[0m [32m INFO[0m [WHALE] Leaderboard loaded from https://data-api.polymarket.com/v1/leaderboard?category=CRYPTO&orderBy=PNL&limit=50 (50 entries)
[2m2026-03-15T02:22:04.654223Z[0m [32m INFO[0m [WHALE] Tracking 50 wallets (top by PNL)
[2m2026-03-15T02:22:20.672603Z[0m [32m INFO[0m [PRUNE] Removed 3 expired markets
[2m2026-03-15T02:22:23.361421Z[0m [32m INFO[0m [SCANNER] signals=40041 settles=33 cl=42039 bn=18622 whales=0 markets=0 books=570 | http://0.0.0.0:8080
[2m2026-03-15T02:23:23.611110Z[0m [32m INFO[0m [SCANNER] signals=40041 settles=33 cl=42194 bn=18701 whales=0 markets=0 books=570 | http://0.0.0.0:8080
[2m2026-03-15T02:24:23.864668Z[0m [32m INFO[0m [SCANNER] signals=40041 settles=33 cl=42325 bn=18760 whales=0 markets=0 books=570 | http://0.0.0.0:8080
[2m2026-03-15T02:25:21.620958Z[0m [32m INFO[0m [DISCOVER] New market: btc-updown-5m-1773541500
[2m2026-03-15T02:25:23.142517Z[0m [32m INFO[0m [DISCOVER] New market: eth-updown-5m-1773541500
[2m2026-03-15T02:25:24.628317Z[0m [32m INFO[0m [DISCOVER] New market: sol-updown-5m-1773541500
[2m2026-03-15T02:25:25.620466Z[0m [33m WARN[0m [OPEN] btc-updown-5m-1773541500 skipped: joined 21s late (grace=5s), CL has drifted
[2m2026-03-15T02:25:25.620502Z[0m [33m WARN[0m [OPEN] sol-updown-5m-1773541500 skipped: joined 21s late (grace=5s), CL has drifted
[2m2026-03-15T02:25:25.620505Z[0m [33m WARN[0m [OPEN] eth-updown-5m-1773541500 skipped: joined 21s late (grace=5s), CL has drifted
[2m2026-03-15T02:25:25.620526Z[0m [32m INFO[0m [SCANNER] signals=40041 settles=33 cl=42471 bn=18826 whales=0 markets=0 books=570 | http://0.0.0.0:8080
[2m2026-03-15T02:26:24.375172Z[0m [32m INFO[0m [SCANNER] signals=40041 settles=33 cl=42588 bn=18872 whales=0 markets=0 books=576 | http://0.0.0.0:8080
[2m2026-03-15T02:27:07.407090Z[0m [32m INFO[0m [WHALE] Leaderboard loaded from https://data-api.polymarket.com/v1/leaderboard?category=CRYPTO&orderBy=PNL&limit=50 (50 entries)
[2m2026-03-15T02:27:07.407358Z[0m [32m INFO[0m [WHALE] Tracking 50 wallets (top by PNL)
[2m2026-03-15T02:27:22.029315Z[0m [32m INFO[0m [PRUNE] Removed 3 expired markets
[2m2026-03-15T02:27:24.719367Z[0m [32m INFO[0m [SCANNER] signals=40041 settles=33 cl=42724 bn=18925 whales=0 markets=0 books=576 | http://0.0.0.0:8080
[2m2026-03-15T02:28:24.973657Z[0m [32m INFO[0m [SCANNER] signals=40041 settles=33 cl=42822 bn=18967 whales=0 markets=0 books=576 | http://0.0.0.0:8080
[2m2026-03-15T02:29:25.225341Z[0m [32m INFO[0m [SCANNER] signals=40041 settles=33 cl=42939 bn=19005 whales=0 markets=0 books=576 | http://0.0.0.0:8080
[2m2026-03-15T02:30:22.981867Z[0m [32m INFO[0m [DISCOVER] New market: btc-updown-5m-1773541800
[2m2026-03-15T02:30:23.481078Z[0m [32m INFO[0m [DISCOVER] New market: btc-updown-15m-1773541800
[2m2026-03-15T02:30:24.985066Z[0m [32m INFO[0m [DISCOVER] New market: eth-updown-5m-1773541800
[2m2026-03-15T02:30:25.485507Z[0m [32m INFO[0m [DISCOVER] New market: eth-updown-15m-1773541800
[2m2026-03-15T02:30:26.992156Z[0m [32m INFO[0m [DISCOVER] New market: sol-updown-5m-1773541800
[2m2026-03-15T02:30:27.497235Z[0m [32m INFO[0m [DISCOVER] New market: sol-updown-15m-1773541800
[2m2026-03-15T02:30:28.488403Z[0m [33m WARN[0m [OPEN] btc-updown-5m-1773541800 skipped: joined 22s late (grace=5s), CL has drifted
[2m2026-03-15T02:30:28.488440Z[0m [33m WARN[0m [OPEN] sol-updown-15m-1773541800 skipped: joined 22s late (grace=15s), CL has drifted
[2m2026-03-15T02:30:28.488443Z[0m [33m WARN[0m [OPEN] eth-updown-15m-1773541800 skipped: joined 22s late (grace=15s), CL has drifted
[2m2026-03-15T02:30:28.488445Z[0m [33m WARN[0m [OPEN] btc-updown-15m-1773541800 skipped: joined 22s late (grace=15s), CL has drifted
[2m2026-03-15T02:30:28.488447Z[0m [33m WARN[0m [OPEN] sol-updown-5m-1773541800 skipped: joined 22s late (grace=5s), CL has drifted
[2m2026-03-15T02:30:28.488450Z[0m [33m WARN[0m [OPEN] eth-updown-5m-1773541800 skipped: joined 22s late (grace=5s), CL has drifted
[2m2026-03-15T02:30:28.488454Z[0m [32m INFO[0m [SCANNER] signals=40041 settles=33 cl=43058 bn=19052 whales=0 markets=0 books=576 | http://0.0.0.0:8080
[2m2026-03-15T02:31:25.723161Z[0m [32m INFO[0m [SCANNER] signals=40041 settles=33 cl=43198 bn=19128 whales=0 markets=0 books=588 | http://0.0.0.0:8080
[2m2026-03-15T02:32:12.816146Z[0m [32m INFO[0m [WHALE] Leaderboard loaded from https://data-api.polymarket.com/v1/leaderboard?category=CRYPTO&orderBy=PNL&limit=50 (50 entries)
[2m2026-03-15T02:32:12.816417Z[0m [32m INFO[0m [WHALE] Tracking 50 wallets (top by PNL)
[2m2026-03-15T02:32:23.368998Z[0m [32m INFO[0m [PRUNE] Removed 6 expired markets
[2m2026-03-15T02:32:26.056713Z[0m [32m INFO[0m [SCANNER] signals=40041 settles=33 cl=43325 bn=19200 whales=0 markets=0 books=588 | http://0.0.0.0:8080
[2m2026-03-15T02:33:26.308780Z[0m [32m INFO[0m [SCANNER] signals=40041 settles=33 cl=43445 bn=19235 whales=0 markets=0 books=588 | http://0.0.0.0:8080
[2m2026-03-15T02:34:26.555527Z[0m [32m INFO[0m [SCANNER] signals=40041 settles=33 cl=43585 bn=19293 whales=0 markets=0 books=588 | http://0.0.0.0:8080
[2m2026-03-15T02:35:12.385709Z[0m [31mERROR[0m [CL] WebSocket error: IO error: Connection reset by peer (os error 104)
[2m2026-03-15T02:35:12.387454Z[0m [33m WARN[0m [CL] Feed closed cleanly, reconnecting...
[2m2026-03-15T02:35:17.388597Z[0m [32m INFO[0m [CL] Connecting to wss://ws-live-data.polymarket.com
[2m2026-03-15T02:35:18.983058Z[0m [31mERROR[0m [CL] Feed error: CL WS connect failed, reconnecting in 5s
[2m2026-03-15T02:35:23.983799Z[0m [32m INFO[0m [CL] Connecting to wss://ws-live-data.polymarket.com
[2m2026-03-15T02:35:24.130728Z[0m [32m INFO[0m [CL] Feed connected
[2m2026-03-15T02:35:24.318708Z[0m [32m INFO[0m [DISCOVER] New market: btc-updown-5m-1773542100
[2m2026-03-15T02:35:25.816067Z[0m [32m INFO[0m [DISCOVER] New market: eth-updown-5m-1773542100
[2m2026-03-15T02:35:27.317371Z[0m [32m INFO[0m [DISCOVER] New market: sol-updown-5m-1773542100
[2m2026-03-15T02:35:28.312343Z[0m [33m WARN[0m [OPEN] eth-updown-5m-1773542100 skipped: joined 24s late (grace=5s), CL has drifted
[2m2026-03-15T02:35:28.312376Z[0m [33m WARN[0m [OPEN] btc-updown-5m-1773542100 skipped: joined 24s late (grace=5s), CL has drifted
[2m2026-03-15T02:35:28.312378Z[0m [33m WARN[0m [OPEN] sol-updown-5m-1773542100 skipped: joined 24s late (grace=5s), CL has drifted
[2m2026-03-15T02:35:28.312381Z[0m [32m INFO[0m [SCANNER] signals=40041 settles=33 cl=43674 bn=19324 whales=0 markets=0 books=588 | http://0.0.0.0:8080
[2m2026-03-15T02:36:27.070454Z[0m [32m INFO[0m [SCANNER] signals=40041 settles=33 cl=43805 bn=19384 whales=0 markets=0 books=594 | http://0.0.0.0:8080
[2m2026-03-15T02:37:16.095172Z[0m [32m INFO[0m [WHALE] Leaderboard loaded from https://data-api.polymarket.com/v1/leaderboard?category=CRYPTO&orderBy=PNL&limit=50 (50 entries)
[2m2026-03-15T02:37:16.095451Z[0m [32m INFO[0m [WHALE] Tracking 50 wallets (top by PNL)
[2m2026-03-15T02:37:24.709095Z[0m [32m INFO[0m [PRUNE] Removed 3 expired markets
[2m2026-03-15T02:37:27.397873Z[0m [32m INFO[0m [SCANNER] signals=40041 settles=33 cl=43923 bn=19442 whales=0 markets=0 books=594 | http://0.0.0.0:8080
[2m2026-03-15T02:38:27.641948Z[0m [32m INFO[0m [SCANNER] signals=40041 settles=33 cl=44037 bn=19491 whales=0 markets=0 books=594 | http://0.0.0.0:8080
[2m2026-03-15T02:39:27.880567Z[0m [32m INFO[0m [SCANNER] signals=40041 settles=33 cl=44163 bn=19555 whales=0 markets=0 books=594 | http://0.0.0.0:8080
[2m2026-03-15T02:40:25.634482Z[0m [32m INFO[0m [DISCOVER] New market: btc-updown-5m-1773542400
[2m2026-03-15T02:40:27.133513Z[0m [32m INFO[0m [DISCOVER] New market: eth-updown-5m-1773542400
[2m2026-03-15T02:40:28.639771Z[0m [32m INFO[0m [DISCOVER] New market: sol-updown-5m-1773542400
[2m2026-03-15T02:40:29.630803Z[0m [33m WARN[0m [OPEN] eth-updown-5m-1773542400 skipped: joined 25s late (grace=5s), CL has drifted
[2m2026-03-15T02:40:29.630859Z[0m [33m WARN[0m [OPEN] sol-updown-5m-1773542400 skipped: joined 25s late (grace=5s), CL has drifted
[2m2026-03-15T02:40:29.630865Z[0m [33m WARN[0m [OPEN] btc-updown-5m-1773542400 skipped: joined 25s late (grace=5s), CL has drifted
[2m2026-03-15T02:40:29.630869Z[0m [32m INFO[0m [SCANNER] signals=40041 settles=33 cl=44279 bn=19607 whales=0 markets=0 books=594 | http://0.0.0.0:8080
[2m2026-03-15T02:41:28.381378Z[0m [32m INFO[0m [SCANNER] signals=40041 settles=33 cl=44403 bn=19665 whales=0 markets=0 books=600 | http://0.0.0.0:8080
[2m2026-03-15T02:42:18.872111Z[0m [32m INFO[0m [WHALE] Leaderboard loaded from https://data-api.polymarket.com/v1/leaderboard?category=CRYPTO&orderBy=PNL&limit=50 (50 entries)
[2m2026-03-15T02:42:18.872353Z[0m [32m INFO[0m [WHALE] Tracking 50 wallets (top by PNL)
[2m2026-03-15T02:42:26.029555Z[0m [32m INFO[0m [PRUNE] Removed 3 expired markets
[2m2026-03-15T02:42:28.719007Z[0m [32m INFO[0m [SCANNER] signals=40041 settles=33 cl=44528 bn=19716 whales=0 markets=0 books=600 | http://0.0.0.0:8080
[2m2026-03-15T02:43:28.974717Z[0m [32m INFO[0m [SCANNER] signals=40041 settles=33 cl=44665 bn=19758 whales=0 markets=0 books=600 | http://0.0.0.0:8080
[2m2026-03-15T02:44:29.229140Z[0m [32m INFO[0m [SCANNER] signals=40041 settles=33 cl=44796 bn=19829 whales=0 markets=0 books=600 | http://0.0.0.0:8080
[2m2026-03-15T02:45:26.988322Z[0m [32m INFO[0m [DISCOVER] New market: btc-updown-5m-1773542700
[2m2026-03-15T02:45:27.486605Z[0m [32m INFO[0m [DISCOVER] New market: btc-updown-15m-1773542700
[2m2026-03-15T02:45:28.984418Z[0m [32m INFO[0m [DISCOVER] New market: eth-updown-5m-1773542700
[2m2026-03-15T02:45:29.487544Z[0m [32m INFO[0m [DISCOVER] New market: eth-updown-15m-1773542700
[2m2026-03-15T02:45:30.993796Z[0m [32m INFO[0m [DISCOVER] New market: sol-updown-5m-1773542700
[2m2026-03-15T02:45:31.494515Z[0m [32m INFO[0m [DISCOVER] New market: sol-updown-15m-1773542700
[2m2026-03-15T02:45:32.492531Z[0m [33m WARN[0m [OPEN] btc-updown-5m-1773542700 skipped: joined 26s late (grace=5s), CL has drifted
[2m2026-03-15T02:45:32.492578Z[0m [33m WARN[0m [OPEN] btc-updown-15m-1773542700 skipped: joined 26s late (grace=15s), CL has drifted
[2m2026-03-15T02:45:32.492582Z[0m [33m WARN[0m [OPEN] sol-updown-5m-1773542700 skipped: joined 26s late (grace=5s), CL has drifted
[2m2026-03-15T02:45:32.492585Z[0m [33m WARN[0m [OPEN] eth-updown-5m-1773542700 skipped: joined 26s late (grace=5s), CL has drifted
[2m2026-03-15T02:45:32.492587Z[0m [33m WARN[0m [OPEN] eth-updown-15m-1773542700 skipped: joined 26s late (grace=15s), CL has drifted
[2m2026-03-15T02:45:32.492589Z[0m [33m WARN[0m [OPEN] sol-updown-15m-1773542700 skipped: joined 26s late (grace=15s), CL has drifted
[2m2026-03-15T02:45:32.492594Z[0m [32m INFO[0m [SCANNER] signals=40041 settles=33 cl=44970 bn=20009 whales=0 markets=0 books=600 | http://0.0.0.0:8080
[2m2026-03-15T02:46:29.727718Z[0m [32m INFO[0m [SCANNER] signals=40041 settles=33 cl=45114 bn=20123 whales=0 markets=0 books=612 | http://0.0.0.0:8080
[2m2026-03-15T02:47:24.274166Z[0m [32m INFO[0m [WHALE] Leaderboard loaded from https://data-api.polymarket.com/v1/leaderboard?category=CRYPTO&orderBy=PNL&limit=50 (50 entries)
[2m2026-03-15T02:47:24.274505Z[0m [32m INFO[0m [WHALE] Tracking 50 wallets (top by PNL)
[2m2026-03-15T02:47:27.366298Z[0m [32m INFO[0m [PRUNE] Removed 6 expired markets
[2m2026-03-15T02:47:30.058144Z[0m [32m INFO[0m [SCANNER] signals=40041 settles=33 cl=45276 bn=20236 whales=0 markets=0 books=612 | http://0.0.0.0:8080
[2m2026-03-15T02:48:30.300451Z[0m [32m INFO[0m [SCANNER] signals=40041 settles=33 cl=45433 bn=20321 whales=0 markets=0 books=612 | http://0.0.0.0:8080
[2m2026-03-15T02:49:30.560246Z[0m [32m INFO[0m [SCANNER] signals=40041 settles=33 cl=45587 bn=20482 whales=0 markets=0 books=612 | http://0.0.0.0:8080
[2m2026-03-15T02:50:28.305527Z[0m [32m INFO[0m [DISCOVER] New market: btc-updown-5m-1773543000
[2m2026-03-15T02:50:29.805932Z[0m [32m INFO[0m [DISCOVER] New market: eth-updown-5m-1773543000
[2m2026-03-15T02:50:31.312549Z[0m [32m INFO[0m [DISCOVER] New market: sol-updown-5m-1773543000
[2m2026-03-15T02:50:32.302673Z[0m [33m WARN[0m [OPEN] eth-updown-5m-1773543000 skipped: joined 28s late (grace=5s), CL has drifted
[2m2026-03-15T02:50:32.302709Z[0m [33m WARN[0m [OPEN] sol-updown-5m-1773543000 skipped: joined 28s late (grace=5s), CL has drifted
[2m2026-03-15T02:50:32.302715Z[0m [33m WARN[0m [OPEN] btc-updown-5m-1773543000 skipped: joined 28s late (grace=5s), CL has drifted
[2m2026-03-15T02:50:32.302718Z[0m [32m INFO[0m [SCANNER] signals=40041 settles=33 cl=45767 bn=20651 whales=0 markets=0 books=612 | http://0.0.0.0:8080
[2m2026-03-15T02:51:31.044978Z[0m [32m INFO[0m [SCANNER] signals=40041 settles=33 cl=45934 bn=20775 whales=0 markets=0 books=618 | http://0.0.0.0:8080
[2m2026-03-15T02:52:27.587175Z[0m [32m INFO[0m [WHALE] Leaderboard loaded from https://data-api.polymarket.com/v1/leaderboard?category=CRYPTO&orderBy=PNL&limit=50 (50 entries)
[2m2026-03-15T02:52:27.587440Z[0m [32m INFO[0m [WHALE] Tracking 50 wallets (top by PNL)
[2m2026-03-15T02:52:28.686398Z[0m [32m INFO[0m [PRUNE] Removed 3 expired markets
[2m2026-03-15T02:52:31.377933Z[0m [32m INFO[0m [SCANNER] signals=40041 settles=33 cl=46096 bn=20882 whales=0 markets=0 books=618 | http://0.0.0.0:8080
[2m2026-03-15T02:53:31.626868Z[0m [32m INFO[0m [SCANNER] signals=40041 settles=33 cl=46250 bn=20972 whales=0 markets=0 books=618 | http://0.0.0.0:8080
[2m2026-03-15T02:54:31.870999Z[0m [32m INFO[0m [SCANNER] signals=40041 settles=33 cl=46369 bn=21028 whales=0 markets=0 books=618 | http://0.0.0.0:8080
[2m2026-03-15T02:55:29.643565Z[0m [32m INFO[0m [DISCOVER] New market: btc-updown-5m-1773543300
[2m2026-03-15T02:55:31.124215Z[0m [32m INFO[0m [DISCOVER] New market: eth-updown-5m-1773543300
[2m2026-03-15T02:55:32.628839Z[0m [32m INFO[0m [DISCOVER] New market: sol-updown-5m-1773543300
[2m2026-03-15T02:55:33.621027Z[0m [33m WARN[0m [OPEN] btc-updown-5m-1773543300 skipped: joined 29s late (grace=5s), CL has drifted
[2m2026-03-15T02:55:33.621067Z[0m [33m WARN[0m [OPEN] eth-updown-5m-1773543300 skipped: joined 29s late (grace=5s), CL has drifted
[2m2026-03-15T02:55:33.621072Z[0m [33m WARN[0m [OPEN] sol-updown-5m-1773543300 skipped: joined 29s late (grace=5s), CL has drifted
[2m2026-03-15T02:55:33.621077Z[0m [32m INFO[0m [SCANNER] signals=40041 settles=33 cl=46491 bn=21083 whales=0 markets=0 books=618 | http://0.0.0.0:8080
[2m2026-03-15T02:56:32.366984Z[0m [32m INFO[0m [SCANNER] signals=40041 settles=33 cl=46629 bn=21154 whales=0 markets=0 books=624 | http://0.0.0.0:8080
[2m2026-03-15T02:57:30.005461Z[0m [32m INFO[0m [PRUNE] Removed 3 expired markets
[2m2026-03-15T02:57:30.960481Z[0m [32m INFO[0m [WHALE] Leaderboard loaded from https://data-api.polymarket.com/v1/leaderboard?category=CRYPTO&orderBy=PNL&limit=50 (50 entries)
[2m2026-03-15T02:57:30.960832Z[0m [32m INFO[0m [WHALE] Tracking 50 wallets (top by PNL)
[2m2026-03-15T02:57:32.738292Z[0m [32m INFO[0m [SCANNER] signals=40041 settles=33 cl=46764 bn=21222 whales=0 markets=0 books=624 | http://0.0.0.0:8080
[2m2026-03-15T02:58:32.991870Z[0m [32m INFO[0m [SCANNER] signals=40041 settles=33 cl=46865 bn=21268 whales=0 markets=0 books=624 | http://0.0.0.0:8080
[2m2026-03-15T02:59:33.240124Z[0m [32m INFO[0m [SCANNER] signals=40041 settles=33 cl=47012 bn=21332 whales=0 markets=0 books=624 | http://0.0.0.0:8080
[2m2026-03-15T03:00:31.016270Z[0m [32m INFO[0m [DISCOVER] New market: btc-updown-5m-1773543600
[2m2026-03-15T03:00:31.507961Z[0m [32m INFO[0m [DISCOVER] New market: btc-updown-15m-1773543600
[2m2026-03-15T03:00:33.008496Z[0m [32m INFO[0m [DISCOVER] New market: eth-updown-5m-1773543600
[2m2026-03-15T03:00:33.509098Z[0m [32m INFO[0m [DISCOVER] New market: eth-updown-15m-1773543600
[2m2026-03-15T03:00:35.023179Z[0m [32m INFO[0m [DISCOVER] New market: sol-updown-5m-1773543600
[2m2026-03-15T03:00:35.516228Z[0m [32m INFO[0m [DISCOVER] New market: sol-updown-15m-1773543600
[2m2026-03-15T03:00:36.505712Z[0m [33m WARN[0m [OPEN] sol-updown-15m-1773543600 skipped: joined 30s late (grace=15s), CL has drifted
[2m2026-03-15T03:00:36.505769Z[0m [33m WARN[0m [OPEN] eth-updown-15m-1773543600 skipped: joined 30s late (grace=15s), CL has drifted
[2m2026-03-15T03:00:36.505775Z[0m [33m WARN[0m [OPEN] btc-updown-15m-1773543600 skipped: joined 30s late (grace=15s), CL has drifted
[2m2026-03-15T03:00:36.505777Z[0m [33m WARN[0m [OPEN] eth-updown-5m-1773543600 skipped: joined 30s late (grace=5s), CL has drifted
[2m2026-03-15T03:00:36.505779Z[0m [33m WARN[0m [OPEN] sol-updown-5m-1773543600 skipped: joined 30s late (grace=5s), CL has drifted
[2m2026-03-15T03:00:36.505781Z[0m [33m WARN[0m [OPEN] btc-updown-5m-1773543600 skipped: joined 30s late (grace=5s), CL has drifted
[2m2026-03-15T03:00:36.505784Z[0m [32m INFO[0m [SCANNER] signals=40041 settles=33 cl=47176 bn=21430 whales=0 markets=0 books=624 | http://0.0.0.0:8080
[2m2026-03-15T03:01:33.744179Z[0m [32m INFO[0m [SCANNER] signals=40041 settles=33 cl=47321 bn=21499 whales=0 markets=0 books=636 | http://0.0.0.0:8080
[2m2026-03-15T03:02:31.380615Z[0m [32m INFO[0m [PRUNE] Removed 6 expired markets
[2m2026-03-15T03:02:34.080674Z[0m [32m INFO[0m [SCANNER] signals=40041 settles=33 cl=47465 bn=21574 whales=0 markets=0 books=636 | http://0.0.0.0:8080
[2m2026-03-15T03:02:36.317579Z[0m [32m INFO[0m [WHALE] Leaderboard loaded from https://data-api.polymarket.com/v1/leaderboard?category=CRYPTO&orderBy=PNL&limit=50 (50 entries)
[2m2026-03-15T03:02:36.317893Z[0m [32m INFO[0m [WHALE] Tracking 50 wallets (top by PNL)
[2m2026-03-15T03:03:34.321527Z[0m [32m INFO[0m [SCANNER] signals=40041 settles=33 cl=47617 bn=21652 whales=0 markets=0 books=636 | http://0.0.0.0:8080
[2m2026-03-15T03:04:34.577644Z[0m [32m INFO[0m [SCANNER] signals=40041 settles=33 cl=47762 bn=21717 whales=0 markets=0 books=636 | http://0.0.0.0:8080
[2m2026-03-15T03:05:32.339389Z[0m [32m INFO[0m [DISCOVER] New market: btc-updown-5m-1773543900
[2m2026-03-15T03:05:33.839529Z[0m [32m INFO[0m [DISCOVER] New market: eth-updown-5m-1773543900
[2m2026-03-15T03:05:35.342146Z[0m [32m INFO[0m [DISCOVER] New market: sol-updown-5m-1773543900
[2m2026-03-15T03:05:36.337939Z[0m [33m WARN[0m [OPEN] btc-updown-5m-1773543900 skipped: joined 32s late (grace=5s), CL has drifted
[2m2026-03-15T03:05:36.337976Z[0m [33m WARN[0m [OPEN] sol-updown-5m-1773543900 skipped: joined 32s late (grace=5s), CL has drifted
[2m2026-03-15T03:05:36.337981Z[0m [33m WARN[0m [OPEN] eth-updown-5m-1773543900 skipped: joined 32s late (grace=5s), CL has drifted
[2m2026-03-15T03:05:36.337987Z[0m [32m INFO[0m [SCANNER] signals=40041 settles=33 cl=47889 bn=21785 whales=0 markets=0 books=636 | http://0.0.0.0:8080
[2m2026-03-15T03:06:35.076688Z[0m [32m INFO[0m [SCANNER] signals=40041 settles=33 cl=48039 bn=21849 whales=0 markets=0 books=642 | http://0.0.0.0:8080
[2m2026-03-15T03:07:32.707681Z[0m [32m INFO[0m [PRUNE] Removed 3 expired markets
[2m2026-03-15T03:07:35.397639Z[0m [32m INFO[0m [SCANNER] signals=40041 settles=33 cl=48177 bn=21909 whales=0 markets=0 books=642 | http://0.0.0.0:8080
[2m2026-03-15T03:07:39.057708Z[0m [32m INFO[0m [WHALE] Leaderboard loaded from https://data-api.polymarket.com/v1/leaderboard?category=CRYPTO&orderBy=PNL&limit=50 (50 entries)
[2m2026-03-15T03:07:39.058056Z[0m [32m INFO[0m [WHALE] Tracking 50 wallets (top by PNL)
[2m2026-03-15T03:08:35.654845Z[0m [32m INFO[0m [SCANNER] signals=40041 settles=33 cl=48309 bn=21959 whales=0 markets=0 books=642 | http://0.0.0.0:8080
[2m2026-03-15T03:09:35.901070Z[0m [32m INFO[0m [SCANNER] signals=40041 settles=33 cl=48422 bn=22008 whales=0 markets=0 books=642 | http://0.0.0.0:8080
[2m2026-03-15T03:10:33.648334Z[0m [32m INFO[0m [DISCOVER] New market: btc-updown-5m-1773544200
[2m2026-03-15T03:10:35.153070Z[0m [32m INFO[0m [DISCOVER] New market: eth-updown-5m-1773544200
[2m2026-03-15T03:10:36.652074Z[0m [32m INFO[0m [DISCOVER] New market: sol-updown-5m-1773544200
[2m2026-03-15T03:10:37.648600Z[0m [33m WARN[0m [OPEN] eth-updown-5m-1773544200 skipped: joined 33s late (grace=5s), CL has drifted
[2m2026-03-15T03:10:37.648634Z[0m [33m WARN[0m [OPEN] btc-updown-5m-1773544200 skipped: joined 33s late (grace=5s), CL has drifted
[2m2026-03-15T03:10:37.648637Z[0m [33m WARN[0m [OPEN] sol-updown-5m-1773544200 skipped: joined 33s late (grace=5s), CL has drifted
[2m2026-03-15T03:10:37.648640Z[0m [32m INFO[0m [SCANNER] signals=40041 settles=33 cl=48553 bn=22066 whales=0 markets=0 books=642 | http://0.0.0.0:8080
[2m2026-03-15T03:11:36.400540Z[0m [32m INFO[0m [SCANNER] signals=40041 settles=33 cl=48672 bn=22115 whales=0 markets=0 books=648 | http://0.0.0.0:8080
[2m2026-03-15T03:12:34.041451Z[0m [32m INFO[0m [PRUNE] Removed 3 expired markets
[2m2026-03-15T03:12:36.730069Z[0m [32m INFO[0m [SCANNER] signals=40041 settles=33 cl=48804 bn=22180 whales=0 markets=0 books=648 | http://0.0.0.0:8080
[2m2026-03-15T03:12:42.286007Z[0m [32m INFO[0m [WHALE] Leaderboard loaded from https://data-api.polymarket.com/v1/leaderboard?category=CRYPTO&orderBy=PNL&limit=50 (50 entries)
[2m2026-03-15T03:12:42.286245Z[0m [32m INFO[0m [WHALE] Tracking 50 wallets (top by PNL)
[2m2026-03-15T03:13:36.984673Z[0m [32m INFO[0m [SCANNER] signals=40041 settles=33 cl=48949 bn=22240 whales=0 markets=0 books=648 | http://0.0.0.0:8080
[2m2026-03-15T03:14:37.232744Z[0m [32m INFO[0m [SCANNER] signals=40041 settles=33 cl=49066 bn=22292 whales=0 markets=0 books=648 | http://0.0.0.0:8080
[2m2026-03-15T03:15:34.989679Z[0m [32m INFO[0m [DISCOVER] New market: btc-updown-5m-1773544500
[2m2026-03-15T03:15:35.491148Z[0m [32m INFO[0m [DISCOVER] New market: btc-updown-15m-1773544500
[2m2026-03-15T03:15:37.020546Z[0m [32m INFO[0m [DISCOVER] New market: eth-updown-5m-1773544500
[2m2026-03-15T03:15:37.492971Z[0m [32m INFO[0m [DISCOVER] New market: eth-updown-15m-1773544500
[2m2026-03-15T03:15:38.994701Z[0m [32m INFO[0m [DISCOVER] New market: sol-updown-5m-1773544500
[2m2026-03-15T03:15:39.493582Z[0m [32m INFO[0m [DISCOVER] New market: sol-updown-15m-1773544500
[2m2026-03-15T03:15:40.484844Z[0m [33m WARN[0m [OPEN] eth-updown-5m-1773544500 skipped: joined 34s late (grace=5s), CL has drifted
[2m2026-03-15T03:15:40.484883Z[0m [33m WARN[0m [OPEN] btc-updown-15m-1773544500 skipped: joined 34s late (grace=15s), CL has drifted
[2m2026-03-15T03:15:40.484886Z[0m [33m WARN[0m [OPEN] eth-updown-15m-1773544500 skipped: joined 34s late (grace=15s), CL has drifted
[2m2026-03-15T03:15:40.484889Z[0m [33m WARN[0m [OPEN] sol-updown-5m-1773544500 skipped: joined 34s late (grace=5s), CL has drifted
[2m2026-03-15T03:15:40.484891Z[0m [33m WARN[0m [OPEN] btc-updown-5m-1773544500 skipped: joined 34s late (grace=5s), CL has drifted
[2m2026-03-15T03:15:40.484893Z[0m [33m WARN[0m [OPEN] sol-updown-15m-1773544500 skipped: joined 34s late (grace=15s), CL has drifted
[2m2026-03-15T03:15:40.484896Z[0m [32m INFO[0m [SCANNER] signals=40041 settles=33 cl=49207 bn=22385 whales=0 markets=0 books=648 | http://0.0.0.0:8080
[2m2026-03-15T03:16:37.727491Z[0m [32m INFO[0m [SCANNER] signals=40041 settles=33 cl=49365 bn=22507 whales=0 markets=0 books=660 | http://0.0.0.0:8080
[2m2026-03-15T03:17:35.370264Z[0m [32m INFO[0m [PRUNE] Removed 6 expired markets
[2m2026-03-15T03:17:38.056712Z[0m [32m INFO[0m [SCANNER] signals=40041 settles=33 cl=49491 bn=22560 whales=0 markets=0 books=660 | http://0.0.0.0:8080
[2m2026-03-15T03:17:48.641477Z[0m [32m INFO[0m [WHALE] Leaderboard loaded from https://data-api.polymarket.com/v1/leaderboard?category=CRYPTO&orderBy=PNL&limit=50 (50 entries)
[2m2026-03-15T03:17:48.641851Z[0m [32m INFO[0m [WHALE] Tracking 50 wallets (top by PNL)
[2m2026-03-15T03:18:38.303153Z[0m [32m INFO[0m [SCANNER] signals=40041 settles=33 cl=49644 bn=22645 whales=0 markets=0 books=660 | http://0.0.0.0:8080
[2m2026-03-15T03:19:38.551392Z[0m [32m INFO[0m [SCANNER] signals=40041 settles=33 cl=49768 bn=22693 whales=0 markets=0 books=660 | http://0.0.0.0:8080
[2m2026-03-15T03:20:36.307110Z[0m [32m INFO[0m [DISCOVER] New market: btc-updown-5m-1773544800
[2m2026-03-15T03:20:37.806554Z[0m [32m INFO[0m [DISCOVER] New market: eth-updown-5m-1773544800
[2m2026-03-15T03:20:39.312873Z[0m [32m INFO[0m [DISCOVER] New market: sol-updown-5m-1773544800
[2m2026-03-15T03:20:40.307385Z[0m [33m WARN[0m [OPEN] btc-updown-5m-1773544800 skipped: joined 36s late (grace=5s), CL has drifted
[2m2026-03-15T03:20:40.307424Z[0m [33m WARN[0m [OPEN] sol-updown-5m-1773544800 skipped: joined 36s late (grace=5s), CL has drifted
[2m2026-03-15T03:20:40.307428Z[0m [33m WARN[0m [OPEN] eth-updown-5m-1773544800 skipped: joined 36s late (grace=5s), CL has drifted
[2m2026-03-15T03:20:40.307433Z[0m [32m INFO[0m [SCANNER] signals=40041 settles=33 cl=49921 bn=22743 whales=0 markets=0 books=660 | http://0.0.0.0:8080
[2m2026-03-15T03:21:39.059870Z[0m [32m INFO[0m [SCANNER] signals=40041 settles=33 cl=50061 bn=22791 whales=0 markets=0 books=666 | http://0.0.0.0:8080
[2m2026-03-15T03:22:36.709259Z[0m [32m INFO[0m [PRUNE] Removed 3 expired markets
[2m2026-03-15T03:22:39.398152Z[0m [32m INFO[0m [SCANNER] signals=40041 settles=33 cl=50193 bn=22838 whales=0 markets=0 books=666 | http://0.0.0.0:8080
[2m2026-03-15T03:22:51.387938Z[0m [32m INFO[0m [WHALE] Leaderboard loaded from https://data-api.polymarket.com/v1/leaderboard?category=CRYPTO&orderBy=PNL&limit=50 (50 entries)
[2m2026-03-15T03:22:51.388173Z[0m [32m INFO[0m [WHALE] Tracking 50 wallets (top by PNL)
[2m2026-03-15T03:23:39.646990Z[0m [32m INFO[0m [SCANNER] signals=40041 settles=33 cl=50324 bn=22894 whales=0 markets=0 books=666 | http://0.0.0.0:8080
[2m2026-03-15T03:24:39.893282Z[0m [32m INFO[0m [SCANNER] signals=40041 settles=33 cl=50469 bn=22947 whales=0 markets=0 books=666 | http://0.0.0.0:8080
[2m2026-03-15T03:25:37.653717Z[0m [32m INFO[0m [DISCOVER] New market: btc-updown-5m-1773545100
[2m2026-03-15T03:25:39.146678Z[0m [32m INFO[0m [DISCOVER] New market: eth-updown-5m-1773545100
[2m2026-03-15T03:25:40.649504Z[0m [32m INFO[0m [DISCOVER] New market: sol-updown-5m-1773545100
[2m2026-03-15T03:25:41.639656Z[0m [33m WARN[0m [OPEN] eth-updown-5m-1773545100 skipped: joined 37s late (grace=5s), CL has drifted
[2m2026-03-15T03:25:41.639702Z[0m [33m WARN[0m [OPEN] btc-updown-5m-1773545100 skipped: joined 37s late (grace=5s), CL has drifted
[2m2026-03-15T03:25:41.639710Z[0m [33m WARN[0m [OPEN] sol-updown-5m-1773545100 skipped: joined 37s late (grace=5s), CL has drifted
[2m2026-03-15T03:25:41.639714Z[0m [32m INFO[0m [SCANNER] signals=40041 settles=33 cl=50616 bn=23007 whales=0 markets=0 books=666 | http://0.0.0.0:8080
[2m2026-03-15T03:26:40.375945Z[0m [32m INFO[0m [SCANNER] signals=40041 settles=33 cl=50757 bn=23053 whales=0 markets=0 books=672 | http://0.0.0.0:8080
[2m2026-03-15T03:27:38.013802Z[0m [32m INFO[0m [PRUNE] Removed 3 expired markets
[2m2026-03-15T03:27:40.706504Z[0m [32m INFO[0m [SCANNER] signals=40041 settles=33 cl=50902 bn=23109 whales=0 markets=0 books=672 | http://0.0.0.0:8080
[2m2026-03-15T03:27:54.208365Z[0m [32m INFO[0m [WHALE] Leaderboard loaded from https://data-api.polymarket.com/v1/leaderboard?category=CRYPTO&orderBy=PNL&limit=50 (50 entries)
[2m2026-03-15T03:27:54.208636Z[0m [32m INFO[0m [WHALE] Tracking 50 wallets (top by PNL)
[2m2026-03-15T03:28:40.950348Z[0m [32m INFO[0m [SCANNER] signals=40041 settles=33 cl=51029 bn=23146 whales=0 markets=0 books=672 | http://0.0.0.0:8080
[2m2026-03-15T03:29:41.199406Z[0m [32m INFO[0m [SCANNER] signals=40041 settles=33 cl=51169 bn=23205 whales=0 markets=0 books=672 | http://0.0.0.0:8080
[2m2026-03-15T03:30:38.964281Z[0m [32m INFO[0m [DISCOVER] New market: btc-updown-5m-1773545400
[2m2026-03-15T03:30:39.455037Z[0m [32m INFO[0m [DISCOVER] New market: btc-updown-15m-1773545400
[2m2026-03-15T03:30:40.954481Z[0m [32m INFO[0m [DISCOVER] New market: eth-updown-5m-1773545400
[2m2026-03-15T03:30:41.466639Z[0m [32m INFO[0m [DISCOVER] New market: eth-updown-15m-1773545400
[2m2026-03-15T03:30:42.965784Z[0m [32m INFO[0m [DISCOVER] New market: sol-updown-5m-1773545400
[2m2026-03-15T03:30:43.460817Z[0m [32m INFO[0m [DISCOVER] New market: sol-updown-15m-1773545400
[2m2026-03-15T03:30:44.455599Z[0m [33m WARN[0m [OPEN] eth-updown-15m-1773545400 skipped: joined 38s late (grace=15s), CL has drifted
[2m2026-03-15T03:30:44.455634Z[0m [33m WARN[0m [OPEN] btc-updown-15m-1773545400 skipped: joined 38s late (grace=15s), CL has drifted
[2m2026-03-15T03:30:44.455636Z[0m [33m WARN[0m [OPEN] eth-updown-5m-1773545400 skipped: joined 38s late (grace=5s), CL has drifted
[2m2026-03-15T03:30:44.455639Z[0m [33m WARN[0m [OPEN] sol-updown-5m-1773545400 skipped: joined 38s late (grace=5s), CL has drifted
[2m2026-03-15T03:30:44.455641Z[0m [33m WARN[0m [OPEN] sol-updown-15m-1773545400 skipped: joined 38s late (grace=15s), CL has drifted
[2m2026-03-15T03:30:44.455643Z[0m [33m WARN[0m [OPEN] btc-updown-5m-1773545400 skipped: joined 38s late (grace=5s), CL has drifted
[2m2026-03-15T03:30:44.455647Z[0m [32m INFO[0m [SCANNER] signals=40041 settles=33 cl=51311 bn=23298 whales=0 markets=0 books=672 | http://0.0.0.0:8080
[2m2026-03-15T03:31:41.705425Z[0m [32m INFO[0m [SCANNER] signals=40041 settles=33 cl=51443 bn=23343 whales=0 markets=0 books=684 | http://0.0.0.0:8080
[2m2026-03-15T03:32:39.346107Z[0m [32m INFO[0m [PRUNE] Removed 6 expired markets
[2m2026-03-15T03:32:42.047007Z[0m [32m INFO[0m [SCANNER] signals=40041 settles=33 cl=51585 bn=23392 whales=0 markets=0 books=684 | http://0.0.0.0:8080
[2m2026-03-15T03:32:59.677696Z[0m [32m INFO[0m [WHALE] Leaderboard loaded from https://data-api.polymarket.com/v1/leaderboard?category=CRYPTO&orderBy=PNL&limit=50 (50 entries)
[2m2026-03-15T03:32:59.677981Z[0m [32m INFO[0m [WHALE] Tracking 50 wallets (top by PNL)
[2m2026-03-15T03:33:42.300894Z[0m [32m INFO[0m [SCANNER] signals=40041 settles=33 cl=51711 bn=23447 whales=0 markets=0 books=684 | http://0.0.0.0:8080
[2m2026-03-15T03:34:42.546386Z[0m [32m INFO[0m [SCANNER] signals=40041 settles=33 cl=51833 bn=23488 whales=0 markets=0 books=684 | http://0.0.0.0:8080
[2m2026-03-15T03:35:40.294596Z[0m [32m INFO[0m [DISCOVER] New market: btc-updown-5m-1773545700
[2m2026-03-15T03:35:41.796920Z[0m [32m INFO[0m [DISCOVER] New market: eth-updown-5m-1773545700
[2m2026-03-15T03:35:43.300638Z[0m [32m INFO[0m [DISCOVER] New market: sol-updown-5m-1773545700
[2m2026-03-15T03:35:44.294114Z[0m [33m WARN[0m [OPEN] sol-updown-5m-1773545700 skipped: joined 40s late (grace=5s), CL has drifted
[2m2026-03-15T03:35:44.294149Z[0m [33m WARN[0m [OPEN] btc-updown-5m-1773545700 skipped: joined 40s late (grace=5s), CL has drifted
[2m2026-03-15T03:35:44.294152Z[0m [33m WARN[0m [OPEN] eth-updown-5m-1773545700 skipped: joined 40s late (grace=5s), CL has drifted
[2m2026-03-15T03:35:44.294156Z[0m [32m INFO[0m [SCANNER] signals=40041 settles=33 cl=51977 bn=23544 whales=0 markets=0 books=684 | http://0.0.0.0:8080
[2m2026-03-15T03:36:43.044732Z[0m [32m INFO[0m [SCANNER] signals=40041 settles=33 cl=52098 bn=23576 whales=0 markets=0 books=690 | http://0.0.0.0:8080
[2m2026-03-15T03:37:40.686480Z[0m [32m INFO[0m [PRUNE] Removed 3 expired markets
[2m2026-03-15T03:37:43.378924Z[0m [32m INFO[0m [SCANNER] signals=40041 settles=33 cl=52244 bn=23639 whales=0 markets=0 books=690 | http://0.0.0.0:8080
[2m2026-03-15T03:38:02.920823Z[0m [32m INFO[0m [WHALE] Leaderboard loaded from https://data-api.polymarket.com/v1/leaderboard?category=CRYPTO&orderBy=PNL&limit=50 (50 entries)
[2m2026-03-15T03:38:02.921117Z[0m [32m INFO[0m [WHALE] Tracking 50 wallets (top by PNL)
[2m2026-03-15T03:38:43.631188Z[0m [32m INFO[0m [SCANNER] signals=40041 settles=33 cl=52374 bn=23689 whales=0 markets=0 books=690 | http://0.0.0.0:8080
[2m2026-03-15T03:39:04.809046Z[0m [31mERROR[0m [CL] WebSocket error: IO error: Connection reset by peer (os error 104)
[2m2026-03-15T03:39:04.810364Z[0m [33m WARN[0m [CL] Feed closed cleanly, reconnecting...
[2m2026-03-15T03:39:09.812395Z[0m [32m INFO[0m [CL] Connecting to wss://ws-live-data.polymarket.com
[2m2026-03-15T03:39:12.352260Z[0m [32m INFO[0m [CL] Feed connected
[2m2026-03-15T03:39:18.808275Z[0m [31mERROR[0m [CL] WebSocket error: IO error: Connection reset by peer (os error 104)
[2m2026-03-15T03:39:18.809734Z[0m [33m WARN[0m [CL] Feed closed cleanly, reconnecting...
[2m2026-03-15T03:39:23.811326Z[0m [32m INFO[0m [CL] Connecting to wss://ws-live-data.polymarket.com
[2m2026-03-15T03:39:23.962456Z[0m [32m INFO[0m [CL] Feed connected
[2m2026-03-15T03:39:43.882722Z[0m [32m INFO[0m [SCANNER] signals=40041 settles=33 cl=52436 bn=23734 whales=0 markets=0 books=690 | http://0.0.0.0:8080
[2m2026-03-15T03:40:41.635091Z[0m [32m INFO[0m [DISCOVER] New market: btc-updown-5m-1773546000
[2m2026-03-15T03:40:43.142086Z[0m [32m INFO[0m [DISCOVER] New market: eth-updown-5m-1773546000
[2m2026-03-15T03:40:44.643689Z[0m [32m INFO[0m [DISCOVER] New market: sol-updown-5m-1773546000
[2m2026-03-15T03:40:45.637184Z[0m [33m WARN[0m [OPEN] btc-updown-5m-1773546000 skipped: joined 41s late (grace=5s), CL has drifted
[2m2026-03-15T03:40:45.637217Z[0m [33m WARN[0m [OPEN] sol-updown-5m-1773546000 skipped: joined 41s late (grace=5s), CL has drifted
[2m2026-03-15T03:40:45.637219Z[0m [33m WARN[0m [OPEN] eth-updown-5m-1773546000 skipped: joined 41s late (grace=5s), CL has drifted
[2m2026-03-15T03:40:45.637223Z[0m [32m INFO[0m [SCANNER] signals=40041 settles=33 cl=52580 bn=23773 whales=0 markets=0 books=690 | http://0.0.0.0:8080
[2m2026-03-15T03:41:44.380557Z[0m [32m INFO[0m [SCANNER] signals=40041 settles=33 cl=52716 bn=23828 whales=0 markets=0 books=696 | http://0.0.0.0:8080
[2m2026-03-15T03:42:42.027028Z[0m [32m INFO[0m [PRUNE] Removed 3 expired markets
[2m2026-03-15T03:42:44.723000Z[0m [32m INFO[0m [SCANNER] signals=40041 settles=33 cl=52834 bn=23862 whales=0 markets=0 books=696 | http://0.0.0.0:8080
[2m2026-03-15T03:43:05.639120Z[0m [32m INFO[0m [WHALE] Leaderboard loaded from https://data-api.polymarket.com/v1/leaderboard?category=CRYPTO&orderBy=PNL&limit=50 (50 entries)
[2m2026-03-15T03:43:05.639356Z[0m [32m INFO[0m [WHALE] Tracking 50 wallets (top by PNL)
[2m2026-03-15T03:43:44.966551Z[0m [32m INFO[0m [SCANNER] signals=40041 settles=33 cl=52967 bn=23904 whales=0 markets=0 books=696 | http://0.0.0.0:8080
[2m2026-03-15T03:44:45.209466Z[0m [32m INFO[0m [SCANNER] signals=40041 settles=33 cl=53121 bn=23971 whales=0 markets=0 books=696 | http://0.0.0.0:8080
[2m2026-03-15T03:45:42.951095Z[0m [32m INFO[0m [DISCOVER] New market: btc-updown-5m-1773546300
[2m2026-03-15T03:45:43.450190Z[0m [32m INFO[0m [DISCOVER] New market: btc-updown-15m-1773546300
[2m2026-03-15T03:45:44.952904Z[0m [32m INFO[0m [DISCOVER] New market: eth-updown-5m-1773546300
[2m2026-03-15T03:45:45.456143Z[0m [32m INFO[0m [DISCOVER] New market: eth-updown-15m-1773546300
[2m2026-03-15T03:45:46.962246Z[0m [32m INFO[0m [DISCOVER] New market: sol-updown-5m-1773546300
[2m2026-03-15T03:45:47.462301Z[0m [32m INFO[0m [DISCOVER] New market: sol-updown-15m-1773546300
[2m2026-03-15T03:45:48.454789Z[0m [33m WARN[0m [OPEN] btc-updown-5m-1773546300 skipped: joined 42s late (grace=5s), CL has drifted
[2m2026-03-15T03:45:48.454834Z[0m [33m WARN[0m [OPEN] sol-updown-5m-1773546300 skipped: joined 42s late (grace=5s), CL has drifted
[2m2026-03-15T03:45:48.454837Z[0m [33m WARN[0m [OPEN] eth-updown-15m-1773546300 skipped: joined 42s late (grace=15s), CL has drifted
[2m2026-03-15T03:45:48.454839Z[0m [33m WARN[0m [OPEN] eth-updown-5m-1773546300 skipped: joined 42s late (grace=5s), CL has drifted
[2m2026-03-15T03:45:48.454841Z[0m [33m WARN[0m [OPEN] sol-updown-15m-1773546300 skipped: joined 42s late (grace=15s), CL has drifted
[2m2026-03-15T03:45:48.454843Z[0m [33m WARN[0m [OPEN] btc-updown-15m-1773546300 skipped: joined 42s late (grace=15s), CL has drifted
[2m2026-03-15T03:45:48.454847Z[0m [32m INFO[0m [SCANNER] signals=40041 settles=33 cl=53281 bn=24045 whales=0 markets=0 books=696 | http://0.0.0.0:8080
[2m2026-03-15T03:46:45.690479Z[0m [32m INFO[0m [SCANNER] signals=40041 settles=33 cl=53383 bn=24097 whales=0 markets=0 books=708 | http://0.0.0.0:8080
[2m2026-03-15T03:47:43.331100Z[0m [32m INFO[0m [PRUNE] Removed 6 expired markets
[2m2026-03-15T03:47:46.032590Z[0m [32m INFO[0m [SCANNER] signals=40041 settles=33 cl=53514 bn=24143 whales=0 markets=0 books=708 | http://0.0.0.0:8080
[2m2026-03-15T03:48:10.967028Z[0m [32m INFO[0m [WHALE] Leaderboard loaded from https://data-api.polymarket.com/v1/leaderboard?category=CRYPTO&orderBy=PNL&limit=50 (50 entries)
[2m2026-03-15T03:48:10.967263Z[0m [32m INFO[0m [WHALE] Tracking 50 wallets (top by PNL)
[2m2026-03-15T03:48:46.276743Z[0m [32m INFO[0m [SCANNER] signals=40041 settles=33 cl=53655 bn=24201 whales=0 markets=0 books=708 | http://0.0.0.0:8080
[2m2026-03-15T03:49:46.521513Z[0m [32m INFO[0m [SCANNER] signals=40041 settles=33 cl=53774 bn=24249 whales=0 markets=0 books=708 | http://0.0.0.0:8080
[2m2026-03-15T03:50:44.275745Z[0m [32m INFO[0m [DISCOVER] New market: btc-updown-5m-1773546600
[2m2026-03-15T03:50:45.775392Z[0m [32m INFO[0m [DISCOVER] New market: eth-updown-5m-1773546600
[2m2026-03-15T03:50:47.287797Z[0m [32m INFO[0m [DISCOVER] New market: sol-updown-5m-1773546600
[2m2026-03-15T03:50:48.275086Z[0m [33m WARN[0m [OPEN] btc-updown-5m-1773546600 skipped: joined 44s late (grace=5s), CL has drifted
[2m2026-03-15T03:50:48.275121Z[0m [33m WARN[0m [OPEN] eth-updown-5m-1773546600 skipped: joined 44s late (grace=5s), CL has drifted
[2m2026-03-15T03:50:48.275126Z[0m [33m WARN[0m [OPEN] sol-updown-5m-1773546600 skipped: joined 44s late (grace=5s), CL has drifted
[2m2026-03-15T03:50:48.275152Z[0m [32m INFO[0m [SCANNER] signals=40041 settles=33 cl=53910 bn=24308 whales=0 markets=0 books=708 | http://0.0.0.0:8080
[2m2026-03-15T03:51:47.021849Z[0m [32m INFO[0m [SCANNER] signals=40041 settles=33 cl=54023 bn=24344 whales=0 markets=0 books=714 | http://0.0.0.0:8080
[2m2026-03-15T03:52:44.663196Z[0m [32m INFO[0m [PRUNE] Removed 3 expired markets
[2m2026-03-15T03:52:47.348235Z[0m [32m INFO[0m [SCANNER] signals=40041 settles=33 cl=54150 bn=24393 whales=0 markets=0 books=714 | http://0.0.0.0:8080
[2m2026-03-15T03:53:14.205950Z[0m [32m INFO[0m [WHALE] Leaderboard loaded from https://data-api.polymarket.com/v1/leaderboard?category=CRYPTO&orderBy=PNL&limit=50 (50 entries)
[2m2026-03-15T03:53:14.206188Z[0m [32m INFO[0m [WHALE] Tracking 50 wallets (top by PNL)
[2m2026-03-15T03:53:47.596699Z[0m [32m INFO[0m [SCANNER] signals=40041 settles=33 cl=54257 bn=24429 whales=0 markets=0 books=714 | http://0.0.0.0:8080
[2m2026-03-15T03:54:47.843161Z[0m [32m INFO[0m [SCANNER] signals=40041 settles=33 cl=54374 bn=24473 whales=0 markets=0 books=714 | http://0.0.0.0:8080
[2m2026-03-15T03:55:45.585454Z[0m [32m INFO[0m [DISCOVER] New market: btc-updown-5m-1773546900
[2m2026-03-15T03:55:47.088801Z[0m [32m INFO[0m [DISCOVER] New market: eth-updown-5m-1773546900
[2m2026-03-15T03:55:48.595144Z[0m [32m INFO[0m [DISCOVER] New market: sol-updown-5m-1773546900
[2m2026-03-15T03:55:49.590629Z[0m [33m WARN[0m [OPEN] eth-updown-5m-1773546900 skipped: joined 45s late (grace=5s), CL has drifted
[2m2026-03-15T03:55:49.590660Z[0m [33m WARN[0m [OPEN] sol-updown-5m-1773546900 skipped: joined 45s late (grace=5s), CL has drifted
[2m2026-03-15T03:55:49.590664Z[0m [33m WARN[0m [OPEN] btc-updown-5m-1773546900 skipped: joined 45s late (grace=5s), CL has drifted
[2m2026-03-15T03:55:49.590668Z[0m [32m INFO[0m [SCANNER] signals=40041 settles=33 cl=54498 bn=24522 whales=0 markets=0 books=714 | http://0.0.0.0:8080
[2m2026-03-15T03:56:48.336642Z[0m [32m INFO[0m [SCANNER] signals=40041 settles=33 cl=54619 bn=24570 whales=0 markets=0 books=720 | http://0.0.0.0:8080
[2m2026-03-15T03:57:45.977559Z[0m [32m INFO[0m [PRUNE] Removed 3 expired markets
[2m2026-03-15T03:57:48.671243Z[0m [32m INFO[0m [SCANNER] signals=40041 settles=33 cl=54745 bn=24621 whales=0 markets=0 books=720 | http://0.0.0.0:8080
[2m2026-03-15T03:58:17.426191Z[0m [32m INFO[0m [WHALE] Leaderboard loaded from https://data-api.polymarket.com/v1/leaderboard?category=CRYPTO&orderBy=PNL&limit=50 (50 entries)
[2m2026-03-15T03:58:17.426442Z[0m [32m INFO[0m [WHALE] Tracking 50 wallets (top by PNL)
[2m2026-03-15T03:58:48.913468Z[0m [32m INFO[0m [SCANNER] signals=40041 settles=33 cl=54860 bn=24666 whales=0 markets=0 books=720 | http://0.0.0.0:8080
[2m2026-03-15T03:59:49.159579Z[0m [32m INFO[0m [SCANNER] signals=40041 settles=33 cl=54991 bn=24706 whales=0 markets=0 books=720 | http://0.0.0.0:8080
[2m2026-03-15T04:00:46.904879Z[0m [32m INFO[0m [DISCOVER] New market: btc-updown-5m-1773547200
[2m2026-03-15T04:00:47.407969Z[0m [32m INFO[0m [DISCOVER] New market: btc-updown-15m-1773547200
[2m2026-03-15T04:00:48.912603Z[0m [32m INFO[0m [DISCOVER] New market: eth-updown-5m-1773547200
[2m2026-03-15T04:00:49.406975Z[0m [32m INFO[0m [DISCOVER] New market: eth-updown-15m-1773547200
[2m2026-03-15T04:00:50.909535Z[0m [32m INFO[0m [DISCOVER] New market: sol-updown-5m-1773547200
[2m2026-03-15T04:00:51.414447Z[0m [32m INFO[0m [DISCOVER] New market: sol-updown-15m-1773547200
[2m2026-03-15T04:00:52.435673Z[0m [33m WARN[0m [OPEN] btc-updown-15m-1773547200 skipped: joined 46s late (grace=15s), CL has drifted
[2m2026-03-15T04:00:52.435707Z[0m [33m WARN[0m [OPEN] eth-updown-15m-1773547200 skipped: joined 46s late (grace=15s), CL has drifted
[2m2026-03-15T04:00:52.435709Z[0m [33m WARN[0m [OPEN] btc-updown-5m-1773547200 skipped: joined 46s late (grace=5s), CL has drifted
[2m2026-03-15T04:00:52.435712Z[0m [33m WARN[0m [OPEN] eth-updown-5m-1773547200 skipped: joined 46s late (grace=5s), CL has drifted
[2m2026-03-15T04:00:52.435731Z[0m [33m WARN[0m [OPEN] sol-updown-5m-1773547200 skipped: joined 46s late (grace=5s), CL has drifted
[2m2026-03-15T04:00:52.435732Z[0m [33m WARN[0m [OPEN] sol-updown-15m-1773547200 skipped: joined 46s late (grace=15s), CL has drifted
[2m2026-03-15T04:00:52.435735Z[0m [32m INFO[0m [SCANNER] signals=40041 settles=33 cl=55148 bn=24772 whales=0 markets=0 books=720 | http://0.0.0.0:8080
[2m2026-03-15T04:01:49.688060Z[0m [32m INFO[0m [SCANNER] signals=40041 settles=33 cl=55282 bn=24827 whales=0 markets=0 books=732 | http://0.0.0.0:8080
[2m2026-03-15T04:02:47.334176Z[0m [32m INFO[0m [PRUNE] Removed 6 expired markets
[2m2026-03-15T04:02:49.939487Z[0m [32m INFO[0m [SCANNER] signals=40041 settles=33 cl=55396 bn=24874 whales=0 markets=0 books=732 | http://0.0.0.0:8080
[2m2026-03-15T04:03:22.772890Z[0m [32m INFO[0m [WHALE] Leaderboard loaded from https://data-api.polymarket.com/v1/leaderboard?category=CRYPTO&orderBy=PNL&limit=50 (50 entries)
[2m2026-03-15T04:03:22.773231Z[0m [32m INFO[0m [WHALE] Tracking 50 wallets (top by PNL)
[2m2026-03-15T04:03:50.184479Z[0m [32m INFO[0m [SCANNER] signals=40041 settles=33 cl=55529 bn=24952 whales=0 markets=0 books=732 | http://0.0.0.0:8080
[2m2026-03-15T04:04:50.432711Z[0m [32m INFO[0m [SCANNER] signals=40041 settles=33 cl=55668 bn=25030 whales=0 markets=0 books=732 | http://0.0.0.0:8080
[2m2026-03-15T04:05:48.188562Z[0m [32m INFO[0m [DISCOVER] New market: btc-updown-5m-1773547500
[2m2026-03-15T04:05:49.697558Z[0m [32m INFO[0m [DISCOVER] New market: eth-updown-5m-1773547500
[2m2026-03-15T04:05:51.616892Z[0m [32m INFO[0m [DISCOVER] New market: sol-updown-5m-1773547500
[2m2026-03-15T04:05:52.217908Z[0m [33m WARN[0m [OPEN] eth-updown-5m-1773547500 skipped: joined 48s late (grace=5s), CL has drifted
[2m2026-03-15T04:05:52.217947Z[0m [33m WARN[0m [OPEN] btc-updown-5m-1773547500 skipped: joined 48s late (grace=5s), CL has drifted
[2m2026-03-15T04:05:52.217950Z[0m [33m WARN[0m [OPEN] sol-updown-5m-1773547500 skipped: joined 48s late (grace=5s), CL has drifted
[2m2026-03-15T04:05:52.217954Z[0m [32m INFO[0m [SCANNER] signals=40041 settles=33 cl=55824 bn=25100 whales=0 markets=0 books=732 | http://0.0.0.0:8080
[2m2026-03-15T04:06:50.982174Z[0m [32m INFO[0m [SCANNER] signals=40041 settles=33 cl=55985 bn=25189 whales=0 markets=0 books=738 | http://0.0.0.0:8080
[2m2026-03-15T04:07:48.619828Z[0m [32m INFO[0m [PRUNE] Removed 3 expired markets
[2m2026-03-15T04:07:51.225732Z[0m [32m INFO[0m [SCANNER] signals=40041 settles=33 cl=56136 bn=25280 whales=0 markets=0 books=738 | http://0.0.0.0:8080
[2m2026-03-15T04:08:23.483799Z[0m [32m INFO[0m [WHALE] Leaderboard loaded from https://data-api.polymarket.com/v1/leaderboard?category=CRYPTO&orderBy=PNL&limit=50 (50 entries)
[2m2026-03-15T04:08:23.484089Z[0m [32m INFO[0m [WHALE] Tracking 50 wallets (top by PNL)
[2m2026-03-15T04:08:51.473292Z[0m [32m INFO[0m [SCANNER] signals=40041 settles=33 cl=56280 bn=25349 whales=0 markets=0 books=738 | http://0.0.0.0:8080
[2m2026-03-15T04:09:51.721735Z[0m [32m INFO[0m [SCANNER] signals=40041 settles=33 cl=56407 bn=25396 whales=0 markets=0 books=738 | http://0.0.0.0:8080
[2m2026-03-15T04:10:49.474989Z[0m [32m INFO[0m [DISCOVER] New market: btc-updown-5m-1773547800
[2m2026-03-15T04:10:50.984018Z[0m [32m INFO[0m [DISCOVER] New market: eth-updown-5m-1773547800
[2m2026-03-15T04:10:52.485470Z[0m [32m INFO[0m [DISCOVER] New market: sol-updown-5m-1773547800
[2m2026-03-15T04:10:53.477886Z[0m [33m WARN[0m [OPEN] btc-updown-5m-1773547800 skipped: joined 49s late (grace=5s), CL has drifted
[2m2026-03-15T04:10:53.477917Z[0m [33m WARN[0m [OPEN] sol-updown-5m-1773547800 skipped: joined 49s late (grace=5s), CL has drifted
[2m2026-03-15T04:10:53.477920Z[0m [33m WARN[0m [OPEN] eth-updown-5m-1773547800 skipped: joined 49s late (grace=5s), CL has drifted
[2m2026-03-15T04:10:53.477924Z[0m [32m INFO[0m [SCANNER] signals=40041 settles=33 cl=56539 bn=25445 whales=0 markets=0 books=738 | http://0.0.0.0:8080
[2m2026-03-15T04:10:58.875911Z[0m [33m WARN[0m [BOOK] batch failed: CLOB batch book JSON parse failed
[2m2026-03-15T04:11:01.978708Z[0m [33m WARN[0m [BOOK] batch failed: CLOB batch book request failed
[2m2026-03-15T04:11:03.130552Z[0m [31mERROR[0m [CL] WebSocket error: IO error: Connection reset by peer (os error 104)
[2m2026-03-15T04:11:03.131971Z[0m [33m WARN[0m [CL] Feed closed cleanly, reconnecting...
[2m2026-03-15T04:11:08.132860Z[0m [32m INFO[0m [CL] Connecting to wss://ws-live-data.polymarket.com
[2m2026-03-15T04:11:08.637584Z[0m [32m INFO[0m [CL] Feed connected
[2m2026-03-15T04:11:52.341398Z[0m [32m INFO[0m [SCANNER] signals=40041 settles=33 cl=56621 bn=25476 whales=0 markets=0 books=744 | http://0.0.0.0:8080
[2m2026-03-15T04:12:49.981604Z[0m [32m INFO[0m [PRUNE] Removed 3 expired markets
[2m2026-03-15T04:12:52.588638Z[0m [32m INFO[0m [SCANNER] signals=40041 settles=33 cl=56725 bn=25506 whales=0 markets=0 books=744 | http://0.0.0.0:8080
[2m2026-03-15T04:13:24.957373Z[0m [32m INFO[0m [WHALE] Leaderboard loaded from https://data-api.polymarket.com/v1/leaderboard?category=CRYPTO&orderBy=PNL&limit=50 (50 entries)
[2m2026-03-15T04:13:24.957690Z[0m [32m INFO[0m [WHALE] Tracking 50 wallets (top by PNL)
[2m2026-03-15T04:13:52.845629Z[0m [32m INFO[0m [SCANNER] signals=40041 settles=33 cl=56856 bn=25563 whales=0 markets=0 books=744 | http://0.0.0.0:8080
[2m2026-03-15T04:14:53.093229Z[0m [32m INFO[0m [SCANNER] signals=40041 settles=33 cl=56997 bn=25606 whales=0 markets=0 books=744 | http://0.0.0.0:8080
[2m2026-03-15T04:15:50.838999Z[0m [32m INFO[0m [DISCOVER] New market: btc-updown-5m-1773548100
[2m2026-03-15T04:15:51.337458Z[0m [32m INFO[0m [DISCOVER] New market: btc-updown-15m-1773548100
[2m2026-03-15T04:15:52.852956Z[0m [32m INFO[0m [DISCOVER] New market: eth-updown-5m-1773548100
[2m2026-03-15T04:15:53.344805Z[0m [32m INFO[0m [DISCOVER] New market: eth-updown-15m-1773548100
[2m2026-03-15T04:15:54.852486Z[0m [32m INFO[0m [DISCOVER] New market: sol-updown-5m-1773548100
[2m2026-03-15T04:15:55.347885Z[0m [32m INFO[0m [DISCOVER] New market: sol-updown-15m-1773548100
[2m2026-03-15T04:15:56.342111Z[0m [33m WARN[0m [OPEN] eth-updown-5m-1773548100 skipped: joined 50s late (grace=5s), CL has drifted
[2m2026-03-15T04:15:56.342149Z[0m [33m WARN[0m [OPEN] btc-updown-5m-1773548100 skipped: joined 50s late (grace=5s), CL has drifted
[2m2026-03-15T04:15:56.342153Z[0m [33m WARN[0m [OPEN] btc-updown-15m-1773548100 skipped: joined 50s late (grace=15s), CL has drifted
[2m2026-03-15T04:15:56.342156Z[0m [33m WARN[0m [OPEN] sol-updown-5m-1773548100 skipped: joined 50s late (grace=5s), CL has drifted
[2m2026-03-15T04:15:56.342160Z[0m [33m WARN[0m [OPEN] eth-updown-15m-1773548100 skipped: joined 50s late (grace=15s), CL has drifted
[2m2026-03-15T04:15:56.342162Z[0m [33m WARN[0m [OPEN] sol-updown-15m-1773548100 skipped: joined 50s late (grace=15s), CL has drifted
[2m2026-03-15T04:15:56.342168Z[0m [32m INFO[0m [SCANNER] signals=40041 settles=33 cl=57119 bn=25693 whales=0 markets=0 books=744 | http://0.0.0.0:8080
[2m2026-03-15T04:16:53.713552Z[0m [32m INFO[0m [SCANNER] signals=40041 settles=33 cl=57251 bn=25763 whales=0 markets=0 books=756 | http://0.0.0.0:8080
[2m2026-03-15T04:17:51.353861Z[0m [32m INFO[0m [PRUNE] Removed 6 expired markets
[2m2026-03-15T04:17:53.957897Z[0m [32m INFO[0m [SCANNER] signals=40041 settles=33 cl=57415 bn=25858 whales=0 markets=0 books=756 | http://0.0.0.0:8080
[2m2026-03-15T04:18:30.413791Z[0m [32m INFO[0m [WHALE] Leaderboard loaded from https://data-api.polymarket.com/v1/leaderboard?category=CRYPTO&orderBy=PNL&limit=50 (50 entries)
[2m2026-03-15T04:18:30.414061Z[0m [32m INFO[0m [WHALE] Tracking 50 wallets (top by PNL)
[2m2026-03-15T04:18:54.200378Z[0m [32m INFO[0m [SCANNER] signals=40041 settles=33 cl=57542 bn=25916 whales=0 markets=0 books=756 | http://0.0.0.0:8080
[2m2026-03-15T04:19:54.451875Z[0m [32m INFO[0m [SCANNER] signals=40041 settles=33 cl=57676 bn=25985 whales=0 markets=0 books=756 | http://0.0.0.0:8080
[2m2026-03-15T04:20:52.202127Z[0m [32m INFO[0m [DISCOVER] New market: btc-updown-5m-1773548400
[2m2026-03-15T04:20:53.701615Z[0m [32m INFO[0m [DISCOVER] New market: eth-updown-5m-1773548400
[2m2026-03-15T04:20:55.206038Z[0m [32m INFO[0m [DISCOVER] New market: sol-updown-5m-1773548400
[2m2026-03-15T04:20:56.199148Z[0m [33m WARN[0m [OPEN] btc-updown-5m-1773548400 skipped: joined 52s late (grace=5s), CL has drifted
[2m2026-03-15T04:20:56.199206Z[0m [33m WARN[0m [OPEN] eth-updown-5m-1773548400 skipped: joined 52s late (grace=5s), CL has drifted
[2m2026-03-15T04:20:56.199210Z[0m [33m WARN[0m [OPEN] sol-updown-5m-1773548400 skipped: joined 52s late (grace=5s), CL has drifted
[2m2026-03-15T04:20:56.199215Z[0m [32m INFO[0m [SCANNER] signals=40041 settles=33 cl=57816 bn=26041 whales=0 markets=0 books=756 | http://0.0.0.0:8080
[2m2026-03-15T04:21:55.062331Z[0m [32m INFO[0m [SCANNER] signals=40041 settles=33 cl=57973 bn=26104 whales=0 markets=0 books=762 | http://0.0.0.0:8080
[2m2026-03-15T04:22:52.702592Z[0m [32m INFO[0m [PRUNE] Removed 3 expired markets
[2m2026-03-15T04:22:55.308414Z[0m [32m INFO[0m [SCANNER] signals=40041 settles=33 cl=58128 bn=26175 whales=0 markets=0 books=762 | http://0.0.0.0:8080
[2m2026-03-15T04:23:33.640960Z[0m [32m INFO[0m [WHALE] Leaderboard loaded from https://data-api.polymarket.com/v1/leaderboard?category=CRYPTO&orderBy=PNL&limit=50 (50 entries)
[2m2026-03-15T04:23:33.641316Z[0m [32m INFO[0m [WHALE] Tracking 50 wallets (top by PNL)
[2m2026-03-15T04:23:55.550169Z[0m [32m INFO[0m [SCANNER] signals=40041 settles=33 cl=58261 bn=26237 whales=0 markets=0 books=762 | http://0.0.0.0:8080
[2m2026-03-15T04:24:55.787027Z[0m [32m INFO[0m [SCANNER] signals=40041 settles=33 cl=58402 bn=26310 whales=0 markets=0 books=762 | http://0.0.0.0:8080
[2m2026-03-15T04:25:53.546531Z[0m [32m INFO[0m [DISCOVER] New market: btc-updown-5m-1773548700
[2m2026-03-15T04:25:55.035524Z[0m [32m INFO[0m [DISCOVER] New market: eth-updown-5m-1773548700
[2m2026-03-15T04:25:56.542818Z[0m [32m INFO[0m [DISCOVER] New market: sol-updown-5m-1773548700
[2m2026-03-15T04:25:57.536399Z[0m [33m WARN[0m [OPEN] eth-updown-5m-1773548700 skipped: joined 53s late (grace=5s), CL has drifted
[2m2026-03-15T04:25:57.536438Z[0m [33m WARN[0m [OPEN] btc-updown-5m-1773548700 skipped: joined 53s late (grace=5s), CL has drifted
[2m2026-03-15T04:25:57.536442Z[0m [33m WARN[0m [OPEN] sol-updown-5m-1773548700 skipped: joined 53s late (grace=5s), CL has drifted
[2m2026-03-15T04:25:57.536447Z[0m [32m INFO[0m [SCANNER] signals=40041 settles=33 cl=58537 bn=26377 whales=0 markets=0 books=762 | http://0.0.0.0:8080
[2m2026-03-15T04:26:56.404907Z[0m [32m INFO[0m [SCANNER] signals=40041 settles=33 cl=58661 bn=26428 whales=0 markets=0 books=768 | http://0.0.0.0:8080
[2m2026-03-15T04:27:54.052642Z[0m [32m INFO[0m [PRUNE] Removed 3 expired markets
[2m2026-03-15T04:27:56.658496Z[0m [32m INFO[0m [SCANNER] signals=40041 settles=33 cl=58776 bn=26472 whales=0 markets=0 books=768 | http://0.0.0.0:8080
[2m2026-03-15T04:28:36.888006Z[0m [32m INFO[0m [WHALE] Leaderboard loaded from https://data-api.polymarket.com/v1/leaderboard?category=CRYPTO&orderBy=PNL&limit=50 (50 entries)
[2m2026-03-15T04:28:36.888267Z[0m [32m INFO[0m [WHALE] Tracking 50 wallets (top by PNL)
[2m2026-03-15T04:28:56.895764Z[0m [32m INFO[0m [SCANNER] signals=40041 settles=33 cl=58898 bn=26518 whales=0 markets=0 books=768 | http://0.0.0.0:8080
[2m2026-03-15T04:29:57.139192Z[0m [32m INFO[0m [SCANNER] signals=40041 settles=33 cl=59029 bn=26566 whales=0 markets=0 books=768 | http://0.0.0.0:8080
[2m2026-03-15T04:30:54.903310Z[0m [32m INFO[0m [DISCOVER] New market: btc-updown-5m-1773549000
[2m2026-03-15T04:30:55.402914Z[0m [32m INFO[0m [DISCOVER] New market: btc-updown-15m-1773549000
[2m2026-03-15T04:30:56.905302Z[0m [32m INFO[0m [DISCOVER] New market: eth-updown-5m-1773549000
[2m2026-03-15T04:30:57.410414Z[0m [32m INFO[0m [DISCOVER] New market: eth-updown-15m-1773549000
[2m2026-03-15T04:30:58.907378Z[0m [32m INFO[0m [DISCOVER] New market: sol-updown-5m-1773549000
[2m2026-03-15T04:30:59.413914Z[0m [32m INFO[0m [DISCOVER] New market: sol-updown-15m-1773549000
[2m2026-03-15T04:31:00.411743Z[0m [33m WARN[0m [OPEN] btc-updown-5m-1773549000 skipped: joined 54s late (grace=5s), CL has drifted
[2m2026-03-15T04:31:00.411799Z[0m [33m WARN[0m [OPEN] eth-updown-15m-1773549000 skipped: joined 54s late (grace=15s), CL has drifted
[2m2026-03-15T04:31:00.411803Z[0m [33m WARN[0m [OPEN] eth-updown-5m-1773549000 skipped: joined 54s late (grace=5s), CL has drifted
[2m2026-03-15T04:31:00.411805Z[0m [33m WARN[0m [OPEN] sol-updown-5m-1773549000 skipped: joined 54s late (grace=5s), CL has drifted
[2m2026-03-15T04:31:00.411808Z[0m [33m WARN[0m [OPEN] sol-updown-15m-1773549000 skipped: joined 54s late (grace=15s), CL has drifted
[2m2026-03-15T04:31:00.411810Z[0m [33m WARN[0m [OPEN] btc-updown-15m-1773549000 skipped: joined 54s late (grace=15s), CL has drifted
[2m2026-03-15T04:31:00.411815Z[0m [32m INFO[0m [SCANNER] signals=40041 settles=33 cl=59029 bn=26619 whales=0 markets=0 books=768 | http://0.0.0.0:8080
[2m2026-03-15T04:31:57.771850Z[0m [32m INFO[0m [SCANNER] signals=40041 settles=33 cl=59029 bn=26685 whales=0 markets=0 books=780 | http://0.0.0.0:8080
[2m2026-03-15T04:32:55.411681Z[0m [32m INFO[0m [PRUNE] Removed 6 expired markets
[2m2026-03-15T04:32:58.016843Z[0m [32m INFO[0m [SCANNER] signals=40041 settles=33 cl=59029 bn=26739 whales=0 markets=0 books=780 | http://0.0.0.0:8080
[2m2026-03-15T04:33:42.275897Z[0m [32m INFO[0m [WHALE] Leaderboard loaded from https://data-api.polymarket.com/v1/leaderboard?category=CRYPTO&orderBy=PNL&limit=50 (50 entries)
[2m2026-03-15T04:33:42.276147Z[0m [32m INFO[0m [WHALE] Tracking 50 wallets (top by PNL)
[2m2026-03-15T04:33:58.271830Z[0m [32m INFO[0m [SCANNER] signals=40041 settles=33 cl=59029 bn=26777 whales=0 markets=0 books=780 | http://0.0.0.0:8080
[2m2026-03-15T04:34:58.529074Z[0m [32m INFO[0m [SCANNER] signals=40041 settles=33 cl=59029 bn=26834 whales=0 markets=0 books=780 | http://0.0.0.0:8080
[2m2026-03-15T04:35:56.282294Z[0m [32m INFO[0m [DISCOVER] New market: btc-updown-5m-1773549300
[2m2026-03-15T04:35:57.781140Z[0m [32m INFO[0m [DISCOVER] New market: eth-updown-5m-1773549300
[2m2026-03-15T04:35:59.297966Z[0m [32m INFO[0m [DISCOVER] New market: sol-updown-5m-1773549300
[2m2026-03-15T04:36:00.277671Z[0m [33m WARN[0m [OPEN] btc-updown-5m-1773549300 skipped: joined 56s late (grace=5s), CL has drifted
[2m2026-03-15T04:36:00.277710Z[0m [33m WARN[0m [OPEN] eth-updown-5m-1773549300 skipped: joined 56s late (grace=5s), CL has drifted
[2m2026-03-15T04:36:00.277714Z[0m [33m WARN[0m [OPEN] sol-updown-5m-1773549300 skipped: joined 56s late (grace=5s), CL has drifted
[2m2026-03-15T04:36:00.277719Z[0m [32m INFO[0m [SCANNER] signals=40041 settles=33 cl=59029 bn=26886 whales=0 markets=0 books=780 | http://0.0.0.0:8080
[2m2026-03-15T04:36:59.149539Z[0m [32m INFO[0m [SCANNER] signals=40041 settles=33 cl=59029 bn=26940 whales=0 markets=0 books=786 | http://0.0.0.0:8080
[2m2026-03-15T04:37:56.790481Z[0m [32m INFO[0m [PRUNE] Removed 3 expired markets
[2m2026-03-15T04:37:59.398816Z[0m [32m INFO[0m [SCANNER] signals=40041 settles=33 cl=59029 bn=27001 whales=0 markets=0 books=786 | http://0.0.0.0:8080
[2m2026-03-15T04:38:45.577026Z[0m [32m INFO[0m [WHALE] Leaderboard loaded from https://data-api.polymarket.com/v1/leaderboard?category=CRYPTO&orderBy=PNL&limit=50 (50 entries)
[2m2026-03-15T04:38:45.577261Z[0m [32m INFO[0m [WHALE] Tracking 50 wallets (top by PNL)
[2m2026-03-15T04:38:59.655728Z[0m [32m INFO[0m [SCANNER] signals=40041 settles=33 cl=59029 bn=27063 whales=0 markets=0 books=786 | http://0.0.0.0:8080
[2m2026-03-15T04:39:59.901145Z[0m [32m INFO[0m [SCANNER] signals=40041 settles=33 cl=59029 bn=27114 whales=0 markets=0 books=786 | http://0.0.0.0:8080
[2m2026-03-15T04:40:57.650030Z[0m [32m INFO[0m [DISCOVER] New market: btc-updown-5m-1773549600
[2m2026-03-15T04:40:59.155571Z[0m [32m INFO[0m [DISCOVER] New market: eth-updown-5m-1773549600
[2m2026-03-15T04:41:00.652597Z[0m [32m INFO[0m [DISCOVER] New market: sol-updown-5m-1773549600
[2m2026-03-15T04:41:01.647662Z[0m [33m WARN[0m [OPEN] sol-updown-5m-1773549600 skipped: joined 57s late (grace=5s), CL has drifted
[2m2026-03-15T04:41:01.647698Z[0m [33m WARN[0m [OPEN] eth-updown-5m-1773549600 skipped: joined 57s late (grace=5s), CL has drifted
[2m2026-03-15T04:41:01.647705Z[0m [33m WARN[0m [OPEN] btc-updown-5m-1773549600 skipped: joined 57s late (grace=5s), CL has drifted
[2m2026-03-15T04:41:01.647710Z[0m [32m INFO[0m [SCANNER] signals=40041 settles=33 cl=59029 bn=27174 whales=0 markets=0 books=786 | http://0.0.0.0:8080
[2m2026-03-15T04:42:00.515371Z[0m [32m INFO[0m [SCANNER] signals=40041 settles=33 cl=59029 bn=27250 whales=0 markets=0 books=792 | http://0.0.0.0:8080
[2m2026-03-15T04:42:58.157620Z[0m [32m INFO[0m [PRUNE] Removed 3 expired markets
[2m2026-03-15T04:43:00.856727Z[0m [32m INFO[0m [SCANNER] signals=40041 settles=33 cl=59029 bn=27290 whales=0 markets=0 books=792 | http://0.0.0.0:8080
[2m2026-03-15T04:43:04.225392Z[0m [31mERROR[0m [CL] WebSocket error: IO error: Connection reset by peer (os error 104)
[2m2026-03-15T04:43:04.226584Z[0m [33m WARN[0m [CL] Feed closed cleanly, reconnecting...
[2m2026-03-15T04:43:09.227825Z[0m [32m INFO[0m [CL] Connecting to wss://ws-live-data.polymarket.com
[2m2026-03-15T04:43:23.994203Z[0m [32m INFO[0m [CL] Feed connected
[2m2026-03-15T04:43:48.938569Z[0m [32m INFO[0m [WHALE] Leaderboard loaded from https://data-api.polymarket.com/v1/leaderboard?category=CRYPTO&orderBy=PNL&limit=50 (50 entries)
[2m2026-03-15T04:43:48.938820Z[0m [32m INFO[0m [WHALE] Tracking 50 wallets (top by PNL)
[2m2026-03-15T04:44:01.107805Z[0m [32m INFO[0m [SCANNER] signals=40041 settles=33 cl=59098 bn=27321 whales=0 markets=0 books=792 | http://0.0.0.0:8080
[2m2026-03-15T04:45:01.380796Z[0m [32m INFO[0m [SCANNER] signals=40041 settles=33 cl=59235 bn=27379 whales=0 markets=0 books=792 | http://0.0.0.0:8080
[2m2026-03-15T04:45:59.127198Z[0m [32m INFO[0m [DISCOVER] New market: btc-updown-5m-1773549900
[2m2026-03-15T04:45:59.623711Z[0m [32m INFO[0m [DISCOVER] New market: btc-updown-15m-1773549900
[2m2026-03-15T04:46:01.142375Z[0m [32m INFO[0m [DISCOVER] New market: eth-updown-5m-1773549900
[2m2026-03-15T04:46:01.635413Z[0m [32m INFO[0m [DISCOVER] New market: eth-updown-15m-1773549900
[2m2026-03-15T04:46:03.135945Z[0m [32m INFO[0m [DISCOVER] New market: sol-updown-5m-1773549900
[2m2026-03-15T04:46:03.638383Z[0m [32m INFO[0m [DISCOVER] New market: sol-updown-15m-1773549900
[2m2026-03-15T04:46:04.632650Z[0m [33m WARN[0m [OPEN] sol-updown-5m-1773549900 skipped: joined 59s late (grace=5s), CL has drifted
[2m2026-03-15T04:46:04.632688Z[0m [33m WARN[0m [OPEN] sol-updown-15m-1773549900 skipped: joined 59s late (grace=15s), CL has drifted
[2m2026-03-15T04:46:04.632691Z[0m [33m WARN[0m [OPEN] eth-updown-5m-1773549900 skipped: joined 59s late (grace=5s), CL has drifted
[2m2026-03-15T04:46:04.632693Z[0m [33m WARN[0m [OPEN] eth-updown-15m-1773549900 skipped: joined 59s late (grace=15s), CL has drifted
[2m2026-03-15T04:46:04.632695Z[0m [33m WARN[0m [OPEN] btc-updown-5m-1773549900 skipped: joined 59s late (grace=5s), CL has drifted
[2m2026-03-15T04:46:04.632697Z[0m [33m WARN[0m [OPEN] btc-updown-15m-1773549900 skipped: joined 59s late (grace=15s), CL has drifted
[2m2026-03-15T04:46:04.632701Z[0m [32m INFO[0m [SCANNER] signals=40041 settles=33 cl=59371 bn=27428 whales=0 markets=0 books=792 | http://0.0.0.0:8080
[2m2026-03-15T04:47:01.999846Z[0m [32m INFO[0m [SCANNER] signals=40041 settles=33 cl=59481 bn=27468 whales=0 markets=0 books=804 | http://0.0.0.0:8080
[2m2026-03-15T04:47:59.647188Z[0m [32m INFO[0m [PRUNE] Removed 6 expired markets
[2m2026-03-15T04:48:02.254964Z[0m [32m INFO[0m [SCANNER] signals=40041 settles=33 cl=59600 bn=27506 whales=0 markets=0 books=804 | http://0.0.0.0:8080
[2m2026-03-15T04:48:54.267033Z[0m [32m INFO[0m [WHALE] Leaderboard loaded from https://data-api.polymarket.com/v1/leaderboard?category=CRYPTO&orderBy=PNL&limit=50 (50 entries)
[2m2026-03-15T04:48:54.267381Z[0m [32m INFO[0m [WHALE] Tracking 50 wallets (top by PNL)
[2m2026-03-15T04:49:02.504563Z[0m [32m INFO[0m [SCANNER] signals=40041 settles=33 cl=59704 bn=27540 whales=0 markets=0 books=804 | http://0.0.0.0:8080
[2m2026-03-15T04:50:00.259293Z[0m [32m INFO[0m [DISCOVER] New market: btc-updown-5m-1773550200
[2m2026-03-15T04:50:01.760885Z[0m [32m INFO[0m [DISCOVER] New market: eth-updown-5m-1773550200
[2m2026-03-15T04:50:03.258495Z[0m [32m INFO[0m [DISCOVER] New market: sol-updown-5m-1773550200
[2m2026-03-15T04:50:04.255417Z[0m [32m INFO[0m [OPEN] eth-updown-5m-1773550200 open_price=2101.17
[2m2026-03-15T04:50:04.255660Z[0m [32m INFO[0m [OPEN] sol-updown-5m-1773550200 open_price=88.19
[2m2026-03-15T04:50:04.255668Z[0m [32m INFO[0m [OPEN] btc-updown-5m-1773550200 open_price=71542.44
[2m2026-03-15T04:50:04.255717Z[0m [32m INFO[0m --- SCAN ----------------------------------------------------------
[2m2026-03-15T04:50:04.255719Z[0m [32m INFO[0m   btc-updown-5m-1773550200 | open=71542.44 cl=71542.44 bn=71535.45 d=+0.0000% | s=30.0% fy=0.50 | YES=--/-- NO=--/-- | T-300s
[2m2026-03-15T04:50:04.255721Z[0m [32m INFO[0m   eth-updown-5m-1773550200 | open=2101.17 cl=2101.17 bn=2100.79 d=+0.0000% | s=30.0% fy=0.50 | YES=--/-- NO=--/-- | T-300s
[2m2026-03-15T04:50:04.255723Z[0m [32m INFO[0m   sol-updown-5m-1773550200 | open=88.19 cl=88.19 bn=88.19 d=+0.0000% | s=31.0% fy=0.50 | YES=--/-- NO=--/-- | T-300s
[2m2026-03-15T04:50:04.255725Z[0m [32m INFO[0m ===================================================================
[2m2026-03-15T04:50:04.255728Z[0m [32m INFO[0m [SCANNER] signals=40041 settles=33 cl=59795 bn=27580 whales=0 markets=3 books=804 | http://0.0.0.0:8080
[2m2026-03-15T04:51:03.052895Z[0m [32m INFO[0m --- SCAN ----------------------------------------------------------
[2m2026-03-15T04:51:03.052919Z[0m [32m INFO[0m   btc-updown-5m-1773550200 | open=71542.44 cl=71550.57 bn=71542.64 d=+0.0114% | s=30.0% fy=0.55 | YES=0.55/0.56 NO=0.44/0.45 | T-240s
[2m2026-03-15T04:51:03.052922Z[0m [32m INFO[0m   eth-updown-5m-1773550200 | open=2101.17 cl=2101.77 bn=2101.42 d=+0.0285% | s=30.0% fy=0.61 | YES=0.64/0.66 NO=0.34/0.36 | T-240s
[2m2026-03-15T04:51:03.052925Z[0m [32m INFO[0m   sol-updown-5m-1773550200 | open=88.19 cl=88.24 bn=88.24 d=+0.0563% | s=30.0% fy=0.71 | YES=0.72/0.73 NO=0.27/0.28 | T-240s
[2m2026-03-15T04:51:03.052928Z[0m [32m INFO[0m ===================================================================
[2m2026-03-15T04:51:03.052932Z[0m [32m INFO[0m [SCANNER] signals=40374 settles=33 cl=59912 bn=27616 whales=0 markets=3 books=810 | http://0.0.0.0:8080
[2m2026-03-15T04:52:03.475195Z[0m [32m INFO[0m --- SCAN ----------------------------------------------------------
[2m2026-03-15T04:52:03.475221Z[0m [32m INFO[0m   btc-updown-5m-1773550200 | open=71542.44 cl=71533.46 bn=71530.65 d=-0.0126% | s=30.0% fy=0.45 | YES=0.42/0.43 NO=0.57/0.58 | T-179s
[2m2026-03-15T04:52:03.475225Z[0m [32m INFO[0m   eth-updown-5m-1773550200 | open=2101.17 cl=2101.32 bn=2101.09 d=+0.0069% | s=30.0% fy=0.53 | YES=0.55/0.56 NO=0.44/0.45 | T-179s
[2m2026-03-15T04:52:03.475228Z[0m [32m INFO[0m   sol-updown-5m-1773550200 | open=88.19 cl=88.21 bn=88.20 d=+0.0194% | s=30.0% fy=0.58 | YES=0.59/0.60 NO=0.40/0.41 | T-179s
[2m2026-03-15T04:52:03.475231Z[0m [32m INFO[0m ===================================================================
[2m2026-03-15T04:52:03.475235Z[0m [32m INFO[0m [SCANNER] signals=40719 settles=33 cl=60027 bn=27648 whales=0 markets=3 books=810 | http://0.0.0.0:8080
[2m2026-03-15T04:53:01.156650Z[0m [32m INFO[0m [PRUNE] Removed 3 expired markets
[2m2026-03-15T04:53:03.768856Z[0m [32m INFO[0m --- SCAN ----------------------------------------------------------
[2m2026-03-15T04:53:03.768878Z[0m [32m INFO[0m   btc-updown-5m-1773550200 | open=71542.44 cl=71543.32 bn=71538.03 d=+0.0012% | s=30.0% fy=0.50 | YES=0.49/0.50 NO=0.50/0.51 | T-119s
[2m2026-03-15T04:53:03.768886Z[0m [32m INFO[0m   eth-updown-5m-1773550200 | open=2101.17 cl=2101.61 bn=2101.38 d=+0.0208% | s=30.0% fy=0.58 | YES=0.66/0.67 NO=0.33/0.34 | T-119s
[2m2026-03-15T04:53:03.768889Z[0m [32m INFO[0m   sol-updown-5m-1773550200 | open=88.19 cl=88.25 bn=88.24 d=+0.0635% | s=30.0% fy=0.74 | YES=0.85/0.86 NO=0.14/0.15 | T-119s
[2m2026-03-15T04:53:03.768891Z[0m [32m INFO[0m ===================================================================
[2m2026-03-15T04:53:03.768894Z[0m [32m INFO[0m [SCANNER] signals=41064 settles=33 cl=60159 bn=27688 whales=0 markets=3 books=810 | http://0.0.0.0:8080
[2m2026-03-15T04:53:55.888378Z[0m [32m INFO[0m [WHALE] Leaderboard loaded from https://data-api.polymarket.com/v1/leaderboard?category=CRYPTO&orderBy=PNL&limit=50 (50 entries)
[2m2026-03-15T04:53:55.888606Z[0m [32m INFO[0m [WHALE] Tracking 50 wallets (top by PNL)
[2m2026-03-15T04:54:04.056790Z[0m [32m INFO[0m --- SCAN ----------------------------------------------------------
[2m2026-03-15T04:54:04.056808Z[0m [32m INFO[0m   btc-updown-5m-1773550200 | open=71542.44 cl=71544.56 bn=71539.72 d=+0.0030% | s=30.0% fy=0.51 | YES=0.47/0.54 NO=0.46/0.53 | T-59s
[2m2026-03-15T04:54:04.056810Z[0m [32m INFO[0m   eth-updown-5m-1773550200 | open=2101.17 cl=2101.86 bn=2101.57 d=+0.0330% | s=30.0% fy=0.63 | YES=0.82/0.83 NO=0.17/0.18 | T-59s
[2m2026-03-15T04:54:04.056812Z[0m [32m INFO[0m   sol-updown-5m-1773550200 | open=88.19 cl=88.26 bn=88.26 d=+0.0752% | s=30.0% fy=0.77 | YES=0.95/0.98 NO=0.02/0.05 | T-59s
[2m2026-03-15T04:54:04.056814Z[0m [32m INFO[0m ===================================================================
[2m2026-03-15T04:54:04.056816Z[0m [32m INFO[0m [SCANNER] signals=41409 settles=33 cl=60268 bn=27729 whales=0 markets=3 books=810 | http://0.0.0.0:8080
[2m2026-03-15T04:55:01.213705Z[0m [32m INFO[0m [CL_CLOSE] eth-updown-5m-1773550200 snap=2101.34
[2m2026-03-15T04:55:01.213798Z[0m [32m INFO[0m [CL_CLOSE] sol-updown-5m-1773550200 snap=88.25
[2m2026-03-15T04:55:01.213805Z[0m [32m INFO[0m [CL_CLOSE] btc-updown-5m-1773550200 snap=71535.25
[2m2026-03-15T04:55:01.849788Z[0m [32m INFO[0m [DISCOVER] New market: btc-updown-5m-1773550500
[2m2026-03-15T04:55:03.329059Z[0m [32m INFO[0m [DISCOVER] New market: eth-updown-5m-1773550500
[2m2026-03-15T04:55:04.832154Z[0m [32m INFO[0m [DISCOVER] New market: sol-updown-5m-1773550500
[2m2026-03-15T04:55:05.827366Z[0m [32m INFO[0m [OPEN] sol-updown-5m-1773550500 open_price=88.21
[2m2026-03-15T04:55:05.827404Z[0m [32m INFO[0m [OPEN] btc-updown-5m-1773550500 open_price=71516.54
[2m2026-03-15T04:55:05.827407Z[0m [32m INFO[0m [OPEN] eth-updown-5m-1773550500 open_price=2100.88
[2m2026-03-15T04:55:05.827484Z[0m [32m INFO[0m --- SCAN ----------------------------------------------------------
[2m2026-03-15T04:55:05.827487Z[0m [32m INFO[0m   btc-updown-5m-1773550500 | open=71516.54 cl=71516.54 bn=71510.81 d=+0.0000% | s=30.0% fy=0.50 | YES=--/-- NO=--/-- | T-298s
[2m2026-03-15T04:55:05.827491Z[0m [32m INFO[0m   eth-updown-5m-1773550500 | open=2100.88 cl=2100.88 bn=2100.37 d=+0.0000% | s=30.0% fy=0.50 | YES=--/-- NO=--/-- | T-298s
[2m2026-03-15T04:55:05.827493Z[0m [32m INFO[0m   sol-updown-5m-1773550500 | open=88.21 cl=88.21 bn=88.21 d=+0.0000% | s=30.0% fy=0.50 | YES=--/-- NO=--/-- | T-298s
[2m2026-03-15T04:55:05.827496Z[0m [32m INFO[0m ===================================================================
[2m2026-03-15T04:55:05.827500Z[0m [32m INFO[0m [SCANNER] signals=41562 settles=33 cl=60371 bn=27766 whales=0 markets=6 books=810 | http://0.0.0.0:8080
[2m2026-03-15T04:55:06.328962Z[0m [32m INFO[0m [SETTLE] eth-updown-5m-1773550200 cl=2101.34 bn=2100.37 open=2101.17 d=+0.0082% -> YES
[2m2026-03-15T04:55:06.329069Z[0m [32m INFO[0m [SETTLE] sol-updown-5m-1773550200 cl=88.25 bn=88.21 open=88.19 d=+0.0585% -> YES
[2m2026-03-15T04:55:06.329078Z[0m [32m INFO[0m [SETTLE] btc-updown-5m-1773550200 cl=71535.25 bn=71510.82 open=71542.44 d=-0.0101% -> NO
[2m2026-03-15T04:56:04.608177Z[0m [32m INFO[0m --- SCAN ----------------------------------------------------------
[2m2026-03-15T04:56:04.608197Z[0m [32m INFO[0m   btc-updown-5m-1773550500 | open=71516.54 cl=71539.79 bn=71529.29 d=+0.0325% | s=30.0% fy=0.63 | YES=0.61/0.62 NO=0.38/0.39 | T-238s
[2m2026-03-15T04:56:04.608199Z[0m [32m INFO[0m   eth-updown-5m-1773550500 | open=2100.88 cl=2102.23 bn=2101.81 d=+0.0640% | s=30.0% fy=0.74 | YES=0.71/0.72 NO=0.28/0.29 | T-238s
[2m2026-03-15T04:56:04.608201Z[0m [32m INFO[0m   sol-updown-5m-1773550500 | open=88.21 cl=88.26 bn=88.26 d=+0.0587% | s=30.0% fy=0.72 | YES=0.58/0.59 NO=0.41/0.42 | T-238s
[2m2026-03-15T04:56:04.608204Z[0m [32m INFO[0m ===================================================================
[2m2026-03-15T04:56:04.608206Z[0m [32m INFO[0m [SCANNER] signals=41895 settles=36 cl=60494 bn=27806 whales=0 markets=3 books=816 | http://0.0.0.0:8080
[2m2026-03-15T04:57:02.299390Z[0m [32m INFO[0m [PRUNE] Removed 3 expired markets
[2m2026-03-15T04:57:05.026161Z[0m [32m INFO[0m --- SCAN ----------------------------------------------------------
[2m2026-03-15T04:57:05.026182Z[0m [32m INFO[0m   btc-updown-5m-1773550500 | open=71516.54 cl=71541.09 bn=71538.41 d=+0.0343% | s=30.0% fy=0.63 | YES=0.66/0.67 NO=0.33/0.34 | T-178s
[2m2026-03-15T04:57:05.026184Z[0m [32m INFO[0m   eth-updown-5m-1773550500 | open=2100.88 cl=2102.65 bn=2102.28 d=+0.0840% | s=30.0% fy=0.80 | YES=0.82/0.86 NO=0.14/0.18 | T-178s
[2m2026-03-15T04:57:05.026186Z[0m [32m INFO[0m   sol-updown-5m-1773550500 | open=88.21 cl=88.26 bn=88.25 d=+0.0554% | s=30.0% fy=0.71 | YES=0.62/0.64 NO=0.36/0.38 | T-178s
[2m2026-03-15T04:57:05.026188Z[0m [32m INFO[0m ===================================================================
[2m2026-03-15T04:57:05.026191Z[0m [32m INFO[0m [SCANNER] signals=42240 settles=36 cl=60632 bn=27853 whales=0 markets=3 books=816 | http://0.0.0.0:8080
[2m2026-03-15T04:58:05.319033Z[0m [32m INFO[0m --- SCAN ----------------------------------------------------------
[2m2026-03-15T04:58:05.319055Z[0m [32m INFO[0m   btc-updown-5m-1773550500 | open=71516.54 cl=71534.55 bn=71527.76 d=+0.0252% | s=30.0% fy=0.60 | YES=0.43/0.45 NO=0.55/0.57 | T-117s
[2m2026-03-15T04:58:05.319058Z[0m [32m INFO[0m   eth-updown-5m-1773550500 | open=2100.88 cl=2102.73 bn=2102.51 d=+0.0881% | s=30.0% fy=0.81 | YES=0.90/0.92 NO=0.08/0.10 | T-117s
[2m2026-03-15T04:58:05.319061Z[0m [32m INFO[0m   sol-updown-5m-1773550500 | open=88.21 cl=88.29 bn=88.27 d=+0.0853% | s=30.0% fy=0.80 | YES=0.80/0.81 NO=0.19/0.20 | T-117s
[2m2026-03-15T04:58:05.319064Z[0m [32m INFO[0m ===================================================================
[2m2026-03-15T04:58:05.319068Z[0m [32m INFO[0m [SCANNER] signals=42585 settles=36 cl=60754 bn=27901 whales=0 markets=3 books=816 | http://0.0.0.0:8080
[2m2026-03-15T04:59:03.830337Z[0m [32m INFO[0m [WHALE] Leaderboard loaded from https://data-api.polymarket.com/v1/leaderboard?category=CRYPTO&orderBy=PNL&limit=50 (50 entries)
[2m2026-03-15T04:59:03.830645Z[0m [32m INFO[0m [WHALE] Tracking 50 wallets (top by PNL)
[2m2026-03-15T04:59:05.619387Z[0m [32m INFO[0m --- SCAN ----------------------------------------------------------
[2m2026-03-15T04:59:05.619405Z[0m [32m INFO[0m   btc-updown-5m-1773550500 | open=71516.54 cl=71558.33 bn=71551.32 d=+0.0584% | s=30.0% fy=0.72 | YES=0.87/0.90 NO=0.10/0.13 | T-57s
[2m2026-03-15T04:59:05.619408Z[0m [32m INFO[0m   eth-updown-5m-1773550500 | open=2100.88 cl=2103.93 bn=2103.69 d=+0.1451% | s=30.0% fy=0.93 | YES=0.98/0.99 NO=0.01/0.02 | T-57s
[2m2026-03-15T04:59:05.619411Z[0m [32m INFO[0m   sol-updown-5m-1773550500 | open=88.21 cl=88.33 bn=88.33 d=+0.1342% | s=30.0% fy=0.91 | YES=0.97/0.98 NO=0.02/0.03 | T-57s
[2m2026-03-15T04:59:05.619415Z[0m [32m INFO[0m ===================================================================
[2m2026-03-15T04:59:05.619418Z[0m [32m INFO[0m [SCANNER] signals=42930 settles=36 cl=60878 bn=27953 whales=0 markets=3 books=816 | http://0.0.0.0:8080
[2m2026-03-15T05:00:01.278107Z[0m [32m INFO[0m [CL_CLOSE] sol-updown-5m-1773550500 snap=88.33
[2m2026-03-15T05:00:01.278159Z[0m [32m INFO[0m [CL_CLOSE] btc-updown-5m-1773550500 snap=71593.79
[2m2026-03-15T05:00:01.278163Z[0m [32m INFO[0m [CL_CLOSE] eth-updown-5m-1773550500 snap=2104.43
[2m2026-03-15T05:00:03.394985Z[0m [32m INFO[0m [DISCOVER] New market: btc-updown-5m-1773550800
[2m2026-03-15T05:00:03.893343Z[0m [32m INFO[0m [DISCOVER] New market: btc-updown-15m-1773550800
[2m2026-03-15T05:00:05.399643Z[0m [32m INFO[0m [DISCOVER] New market: eth-updown-5m-1773550800
[2m2026-03-15T05:00:05.899559Z[0m [32m INFO[0m [DISCOVER] New market: eth-updown-15m-1773550800
[2m2026-03-15T05:00:07.406686Z[0m [32m INFO[0m [DISCOVER] New market: sol-updown-5m-1773550800
[2m2026-03-15T05:00:07.911255Z[0m [32m INFO[0m [DISCOVER] New market: sol-updown-15m-1773550800
[2m2026-03-15T05:00:08.897063Z[0m [32m INFO[0m [OPEN] btc-updown-5m-1773550800 open_price=71567.81
[2m2026-03-15T05:00:08.897098Z[0m [32m INFO[0m [OPEN] eth-updown-5m-1773550800 open_price=2104.04
[2m2026-03-15T05:00:08.897101Z[0m [32m INFO[0m [OPEN] sol-updown-15m-1773550800 open_price=88.32
[2m2026-03-15T05:00:08.897103Z[0m [32m INFO[0m [OPEN] btc-updown-15m-1773550800 open_price=71567.81
[2m2026-03-15T05:00:08.897105Z[0m [32m INFO[0m [OPEN] eth-updown-15m-1773550800 open_price=2104.04
[2m2026-03-15T05:00:08.897106Z[0m [32m INFO[0m [OPEN] sol-updown-5m-1773550800 open_price=88.32
[2m2026-03-15T05:00:08.897172Z[0m [32m INFO[0m --- SCAN ----------------------------------------------------------
[2m2026-03-15T05:00:08.897175Z[0m [32m INFO[0m   btc-updown-15m-1773550800 | open=71567.81 cl=71567.81 bn=71566.00 d=+0.0000% | s=30.0% fy=0.50 | YES=--/-- NO=--/-- | T-897s
[2m2026-03-15T05:00:08.897176Z[0m [32m INFO[0m   btc-updown-5m-1773550800 | open=71567.81 cl=71567.81 bn=71566.00 d=+0.0000% | s=30.0% fy=0.50 | YES=--/-- NO=--/-- | T-297s
[2m2026-03-15T05:00:08.897178Z[0m [32m INFO[0m   eth-updown-15m-1773550800 | open=2104.04 cl=2104.04 bn=2103.82 d=+0.0000% | s=30.0% fy=0.50 | YES=--/-- NO=--/-- | T-897s
[2m2026-03-15T05:00:08.897180Z[0m [32m INFO[0m   eth-updown-5m-1773550800 | open=2104.04 cl=2104.04 bn=2103.82 d=+0.0000% | s=30.0% fy=0.50 | YES=--/-- NO=--/-- | T-297s
[2m2026-03-15T05:00:08.897182Z[0m [32m INFO[0m   sol-updown-15m-1773550800 | open=88.32 cl=88.32 bn=88.30 d=+0.0000% | s=30.0% fy=0.50 | YES=--/-- NO=--/-- | T-897s
[2m2026-03-15T05:00:08.897183Z[0m [32m INFO[0m   sol-updown-5m-1773550800 | open=88.32 cl=88.32 bn=88.30 d=+0.0000% | s=30.0% fy=0.50 | YES=--/-- NO=--/-- | T-297s
[2m2026-03-15T05:00:08.897185Z[0m [32m INFO[0m ===================================================================
[2m2026-03-15T05:00:08.897188Z[0m [32m INFO[0m [SCANNER] signals=43074 settles=36 cl=61031 bn=28031 whales=0 markets=9 books=816 | http://0.0.0.0:8080
[2m2026-03-15T05:00:09.398186Z[0m [32m INFO[0m [SETTLE] sol-updown-5m-1773550500 cl=88.33 bn=88.30 open=88.21 d=+0.1282% -> YES
[2m2026-03-15T05:00:09.398260Z[0m [32m INFO[0m [SETTLE] btc-updown-5m-1773550500 cl=71593.79 bn=71566.01 open=71516.54 d=+0.1080% -> YES
[2m2026-03-15T05:00:09.398268Z[0m [32m INFO[0m [SETTLE] eth-updown-5m-1773550500 cl=2104.43 bn=2103.82 open=2100.88 d=+0.1689% -> YES
[2m2026-03-15T05:01:06.220534Z[0m [32m INFO[0m --- SCAN ----------------------------------------------------------
[2m2026-03-15T05:01:06.220557Z[0m [32m INFO[0m   btc-updown-15m-1773550800 | open=71567.81 cl=71544.25 bn=71539.08 d=-0.0329% | s=30.0% fy=0.42 | YES=0.34/0.35 NO=0.65/0.66 | T-836s
[2m2026-03-15T05:01:06.220559Z[0m [32m INFO[0m   btc-updown-5m-1773550800 | open=71567.81 cl=71544.25 bn=71539.08 d=-0.0329% | s=30.0% fy=0.37 | YES=0.25/0.26 NO=0.74/0.75 | T-236s
[2m2026-03-15T05:01:06.220561Z[0m [32m INFO[0m   eth-updown-15m-1773550800 | open=2104.04 cl=2103.97 bn=2103.77 d=-0.0034% | s=30.0% fy=0.49 | YES=0.40/0.41 NO=0.59/0.60 | T-836s
[2m2026-03-15T05:01:06.220567Z[0m [32m INFO[0m   eth-updown-5m-1773550800 | open=2104.04 cl=2103.97 bn=2103.77 d=-0.0034% | s=30.0% fy=0.49 | YES=0.37/0.38 NO=0.62/0.63 | T-236s
[2m2026-03-15T05:01:06.220568Z[0m [32m INFO[0m   sol-updown-15m-1773550800 | open=88.32 cl=88.28 bn=88.27 d=-0.0440% | s=30.0% fy=0.39 | YES=0.38/0.39 NO=0.61/0.62 | T-836s
[2m2026-03-15T05:01:06.220569Z[0m [32m INFO[0m   sol-updown-5m-1773550800 | open=88.32 cl=88.28 bn=88.27 d=-0.0440% | s=30.0% fy=0.33 | YES=0.26/0.27 NO=0.73/0.74 | T-236s
[2m2026-03-15T05:01:06.220571Z[0m [32m INFO[0m ===================================================================
[2m2026-03-15T05:01:06.220573Z[0m [32m INFO[0m [SCANNER] signals=43710 settles=39 cl=61169 bn=28094 whales=0 markets=6 books=828 | http://0.0.0.0:8080
[2m2026-03-15T05:02:03.944850Z[0m [32m INFO[0m [PRUNE] Removed 6 expired markets
[2m2026-03-15T05:02:06.683990Z[0m [32m INFO[0m --- SCAN ----------------------------------------------------------
[2m2026-03-15T05:02:06.684009Z[0m [32m INFO[0m   btc-updown-15m-1773550800 | open=71567.81 cl=71547.06 bn=71545.48 d=-0.0290% | s=30.0% fy=0.42 | YES=0.37/0.38 NO=0.62/0.63 | T-776s
[2m2026-03-15T05:02:06.684013Z[0m [32m INFO[0m   btc-updown-5m-1773550800 | open=71567.81 cl=71547.06 bn=71545.48 d=-0.0290% | s=30.0% fy=0.39 | YES=0.22/0.23 NO=0.77/0.78 | T-176s
[2m2026-03-15T05:02:06.684016Z[0m [32m INFO[0m   eth-updown-15m-1773550800 | open=2104.04 cl=2103.50 bn=2103.21 d=-0.0255% | s=30.0% fy=0.43 | YES=0.34/0.35 NO=0.65/0.66 | T-776s
[2m2026-03-15T05:02:06.684019Z[0m [32m INFO[0m   eth-updown-5m-1773550800 | open=2104.04 cl=2103.50 bn=2103.21 d=-0.0255% | s=30.0% fy=0.40 | YES=0.27/0.28 NO=0.72/0.73 | T-176s
[2m2026-03-15T05:02:06.684022Z[0m [32m INFO[0m   sol-updown-15m-1773550800 | open=88.32 cl=88.24 bn=88.24 d=-0.0890% | s=30.0% fy=0.27 | YES=0.29/0.30 NO=0.70/0.71 | T-776s
[2m2026-03-15T05:02:06.684025Z[0m [32m INFO[0m   sol-updown-5m-1773550800 | open=88.32 cl=88.24 bn=88.24 d=-0.0890% | s=30.0% fy=0.19 | YES=0.10/0.12 NO=0.88/0.90 | T-176s
[2m2026-03-15T05:02:06.684028Z[0m [32m INFO[0m ===================================================================
[2m2026-03-15T05:02:06.684032Z[0m [32m INFO[0m [SCANNER] signals=44400 settles=39 cl=61300 bn=28135 whales=0 markets=6 books=828 | http://0.0.0.0:8080
[2m2026-03-15T05:03:07.023296Z[0m [32m INFO[0m --- SCAN ----------------------------------------------------------
[2m2026-03-15T05:03:07.023316Z[0m [32m INFO[0m   btc-updown-15m-1773550800 | open=71567.81 cl=71551.40 bn=71539.09 d=-0.0229% | s=30.0% fy=0.44 | YES=0.39/0.41 NO=0.59/0.61 | T-716s
[2m2026-03-15T05:03:07.023318Z[0m [32m INFO[0m   btc-updown-5m-1773550800 | open=71567.81 cl=71551.40 bn=71539.09 d=-0.0229% | s=30.0% fy=0.41 | YES=0.21/0.22 NO=0.78/0.79 | T-116s
[2m2026-03-15T05:03:07.023320Z[0m [32m INFO[0m   eth-updown-15m-1773550800 | open=2104.04 cl=2104.18 bn=2103.63 d=+0.0064% | s=30.0% fy=0.52 | YES=0.42/0.43 NO=0.57/0.58 | T-716s
[2m2026-03-15T05:03:07.023322Z[0m [32m INFO[0m   eth-updown-5m-1773550800 | open=2104.04 cl=2104.18 bn=2103.63 d=+0.0064% | s=30.0% fy=0.53 | YES=0.42/0.43 NO=0.57/0.58 | T-116s
[2m2026-03-15T05:03:07.023324Z[0m [32m INFO[0m   sol-updown-15m-1773550800 | open=88.32 cl=88.27 bn=88.25 d=-0.0522% | s=30.0% fy=0.36 | YES=0.34/0.36 NO=0.64/0.66 | T-716s
[2m2026-03-15T05:03:07.023326Z[0m [32m INFO[0m   sol-updown-5m-1773550800 | open=88.32 cl=88.27 bn=88.25 d=-0.0522% | s=30.0% fy=0.30 | YES=0.13/0.16 NO=0.84/0.87 | T-116s
[2m2026-03-15T05:03:07.023328Z[0m [32m INFO[0m ===================================================================
[2m2026-03-15T05:03:07.023330Z[0m [32m INFO[0m [SCANNER] signals=45090 settles=39 cl=61410 bn=28185 whales=0 markets=6 books=828 | http://0.0.0.0:8080
[2m2026-03-15T05:04:07.366394Z[0m [32m INFO[0m --- SCAN ----------------------------------------------------------
[2m2026-03-15T05:04:07.366414Z[0m [32m INFO[0m   btc-updown-15m-1773550800 | open=71567.81 cl=71542.36 bn=71534.19 d=-0.0356% | s=30.0% fy=0.40 | YES=0.35/0.36 NO=0.64/0.65 | T-655s
[2m2026-03-15T05:04:07.366420Z[0m [32m INFO[0m   btc-updown-5m-1773550800 | open=71567.81 cl=71542.36 bn=71534.19 d=-0.0356% | s=30.0% fy=0.36 | YES=0.11/0.12 NO=0.88/0.89 | T-55s
[2m2026-03-15T05:04:07.366421Z[0m [32m INFO[0m   eth-updown-15m-1773550800 | open=2104.04 cl=2104.06 bn=2103.69 d=+0.0008% | s=30.0% fy=0.50 | YES=0.40/0.41 NO=0.59/0.60 | T-655s
[2m2026-03-15T05:04:07.366423Z[0m [32m INFO[0m   eth-updown-5m-1773550800 | open=2104.04 cl=2104.06 bn=2103.69 d=+0.0008% | s=30.0% fy=0.50 | YES=0.31/0.32 NO=0.68/0.69 | T-55s
[2m2026-03-15T05:04:07.366424Z[0m [32m INFO[0m   sol-updown-15m-1773550800 | open=88.32 cl=88.26 bn=88.25 d=-0.0659% | s=30.0% fy=0.31 | YES=0.30/0.31 NO=0.69/0.70 | T-655s
[2m2026-03-15T05:04:07.366425Z[0m [32m INFO[0m   sol-updown-5m-1773550800 | open=88.32 cl=88.26 bn=88.25 d=-0.0659% | s=30.0% fy=0.25 | YES=0.03/0.06 NO=0.94/0.97 | T-55s
[2m2026-03-15T05:04:07.366426Z[0m [32m INFO[0m ===================================================================
[2m2026-03-15T05:04:07.366429Z[0m [32m INFO[0m [SCANNER] signals=45780 settles=39 cl=61537 bn=28233 whales=0 markets=6 books=828 | http://0.0.0.0:8080
[2m2026-03-15T05:04:12.328249Z[0m [32m INFO[0m [WHALE] Leaderboard loaded from https://data-api.polymarket.com/v1/leaderboard?category=CRYPTO&orderBy=PNL&limit=50 (50 entries)
[2m2026-03-15T05:04:12.328573Z[0m [32m INFO[0m [WHALE] Tracking 50 wallets (top by PNL)
[2m2026-03-15T05:05:01.064605Z[0m [32m INFO[0m [CL_CLOSE] btc-updown-5m-1773550800 snap=71518.44
[2m2026-03-15T05:05:01.064649Z[0m [32m INFO[0m [CL_CLOSE] eth-updown-5m-1773550800 snap=2103.15
[2m2026-03-15T05:05:01.064655Z[0m [32m INFO[0m [CL_CLOSE] sol-updown-5m-1773550800 snap=88.22
[2m2026-03-15T05:05:05.189275Z[0m [32m INFO[0m [DISCOVER] New market: btc-updown-5m-1773551100
[2m2026-03-15T05:05:06.689091Z[0m [32m INFO[0m [DISCOVER] New market: eth-updown-5m-1773551100
[2m2026-03-15T05:05:08.190612Z[0m [32m INFO[0m [DISCOVER] New market: sol-updown-5m-1773551100
[2m2026-03-15T05:05:09.182712Z[0m [32m INFO[0m [SETTLE] btc-updown-5m-1773550800 cl=71518.44 bn=71502.01 open=71567.81 d=-0.0690% -> NO
[2m2026-03-15T05:05:09.182784Z[0m [32m INFO[0m [SETTLE] eth-updown-5m-1773550800 cl=2103.15 bn=2102.10 open=2104.04 d=-0.0425% -> NO
[2m2026-03-15T05:05:09.182792Z[0m [32m INFO[0m [SETTLE] sol-updown-5m-1773550800 cl=88.22 bn=88.16 open=88.32 d=-0.1139% -> NO
[2m2026-03-15T05:05:09.182799Z[0m [32m INFO[0m [OPEN] eth-updown-5m-1773551100 open_price=2102.75
[2m2026-03-15T05:05:09.182909Z[0m [32m INFO[0m [OPEN] btc-updown-5m-1773551100 open_price=71506.74
[2m2026-03-15T05:05:09.182911Z[0m [32m INFO[0m [OPEN] sol-updown-5m-1773551100 open_price=88.18
[2m2026-03-15T05:05:09.183134Z[0m [32m INFO[0m --- SCAN ----------------------------------------------------------
[2m2026-03-15T05:05:09.183136Z[0m [32m INFO[0m   btc-updown-15m-1773550800 | open=71567.81 cl=71506.74 bn=71502.01 d=-0.0853% | s=30.0% fy=0.26 | YES=0.21/0.22 NO=0.78/0.79 | T-595s
[2m2026-03-15T05:05:09.183138Z[0m [32m INFO[0m   btc-updown-5m-1773551100 | open=71506.74 cl=71506.74 bn=71502.01 d=+0.0000% | s=30.0% fy=0.50 | YES=--/-- NO=--/-- | T-295s
[2m2026-03-15T05:05:09.183140Z[0m [32m INFO[0m   eth-updown-15m-1773550800 | open=2104.04 cl=2102.75 bn=2102.10 d=-0.0614% | s=30.0% fy=0.32 | YES=0.21/0.22 NO=0.78/0.79 | T-595s
[2m2026-03-15T05:05:09.183142Z[0m [32m INFO[0m   eth-updown-5m-1773551100 | open=2102.75 cl=2102.75 bn=2102.10 d=+0.0000% | s=30.0% fy=0.50 | YES=--/-- NO=--/-- | T-295s
[2m2026-03-15T05:05:09.183143Z[0m [32m INFO[0m   sol-updown-15m-1773550800 | open=88.32 cl=88.18 bn=88.16 d=-0.1554% | s=30.0% fy=0.12 | YES=0.12/0.15 NO=0.85/0.88 | T-595s
[2m2026-03-15T05:05:09.183145Z[0m [32m INFO[0m   sol-updown-5m-1773551100 | open=88.18 cl=88.18 bn=88.16 d=+0.0000% | s=30.0% fy=0.50 | YES=--/-- NO=--/-- | T-295s
[2m2026-03-15T05:05:09.183147Z[0m [32m INFO[0m ===================================================================
[2m2026-03-15T05:05:09.183154Z[0m [32m INFO[0m [SCANNER] signals=46260 settles=42 cl=61660 bn=28280 whales=0 markets=6 books=828 | http://0.0.0.0:8080
[2m2026-03-15T05:06:08.015623Z[0m [32m INFO[0m --- SCAN ----------------------------------------------------------
[2m2026-03-15T05:06:08.015648Z[0m [32m INFO[0m   btc-updown-15m-1773550800 | open=71567.81 cl=71509.00 bn=71505.46 d=-0.0822% | s=30.0% fy=0.25 | YES=0.20/0.22 NO=0.78/0.80 | T-535s
[2m2026-03-15T05:06:08.015652Z[0m [32m INFO[0m   btc-updown-5m-1773551100 | open=71506.74 cl=71509.00 bn=71505.46 d=+0.0032% | s=30.0% fy=0.51 | YES=0.42/0.43 NO=0.57/0.58 | T-235s
[2m2026-03-15T05:06:08.015655Z[0m [32m INFO[0m   eth-updown-15m-1773550800 | open=2104.04 cl=2102.93 bn=2102.71 d=-0.0529% | s=30.0% fy=0.33 | YES=0.22/0.23 NO=0.77/0.78 | T-535s
[2m2026-03-15T05:06:08.015658Z[0m [32m INFO[0m   eth-updown-5m-1773551100 | open=2102.75 cl=2102.93 bn=2102.71 d=+0.0085% | s=30.0% fy=0.53 | YES=0.45/0.46 NO=0.54/0.55 | T-235s
[2m2026-03-15T05:06:08.015661Z[0m [32m INFO[0m   sol-updown-15m-1773550800 | open=88.32 cl=88.21 bn=88.22 d=-0.1201% | s=30.0% fy=0.17 | YES=0.12/0.15 NO=0.85/0.88 | T-535s
[2m2026-03-15T05:06:08.015664Z[0m [32m INFO[0m   sol-updown-5m-1773551100 | open=88.18 cl=88.21 bn=88.22 d=+0.0354% | s=30.0% fy=0.64 | YES=0.43/0.46 NO=0.54/0.57 | T-235s
[2m2026-03-15T05:06:08.015667Z[0m [32m INFO[0m ===================================================================
[2m2026-03-15T05:06:08.015672Z[0m [32m INFO[0m [SCANNER] signals=46929 settles=42 cl=61753 bn=28312 whales=0 markets=6 books=834 | http://0.0.0.0:8080
[2m2026-03-15T05:07:05.737475Z[0m [32m INFO[0m [PRUNE] Removed 3 expired markets
[2m2026-03-15T05:07:08.465215Z[0m [32m INFO[0m --- SCAN ----------------------------------------------------------
[2m2026-03-15T05:07:08.465233Z[0m [32m INFO[0m   btc-updown-15m-1773550800 | open=71567.81 cl=71504.50 bn=71498.45 d=-0.0885% | s=30.0% fy=0.22 | YES=0.17/0.18 NO=0.82/0.83 | T-474s
[2m2026-03-15T05:07:08.465236Z[0m [32m INFO[0m   btc-updown-5m-1773551100 | open=71506.74 cl=71504.50 bn=71498.45 d=-0.0031% | s=30.0% fy=0.49 | YES=0.39/0.40 NO=0.60/0.61 | T-174s
[2m2026-03-15T05:07:08.465257Z[0m [32m INFO[0m   eth-updown-15m-1773550800 | open=2104.04 cl=2103.36 bn=2103.12 d=-0.0322% | s=30.0% fy=0.39 | YES=0.27/0.29 NO=0.71/0.73 | T-474s
[2m2026-03-15T05:07:08.465259Z[0m [32m INFO[0m   eth-updown-5m-1773551100 | open=2102.75 cl=2103.36 bn=2103.12 d=+0.0292% | s=30.0% fy=0.61 | YES=0.60/0.61 NO=0.39/0.40 | T-174s
[2m2026-03-15T05:07:08.465261Z[0m [32m INFO[0m   sol-updown-15m-1773550800 | open=88.32 cl=88.19 bn=88.17 d=-0.1469% | s=30.0% fy=0.10 | YES=0.10/0.11 NO=0.89/0.90 | T-474s
[2m2026-03-15T05:07:08.465263Z[0m [32m INFO[0m   sol-updown-5m-1773551100 | open=88.18 cl=88.19 bn=88.17 d=+0.0086% | s=30.0% fy=0.53 | YES=0.27/0.30 NO=0.70/0.73 | T-174s
[2m2026-03-15T05:07:08.465264Z[0m [32m INFO[0m ===================================================================
[2m2026-03-15T05:07:08.465267Z[0m [32m INFO[0m [SCANNER] signals=47619 settles=42 cl=61874 bn=28355 whales=0 markets=6 books=834 | http://0.0.0.0:8080
[2m2026-03-15T05:08:08.797878Z[0m [32m INFO[0m --- SCAN ----------------------------------------------------------
[2m2026-03-15T05:08:08.797900Z[0m [32m INFO[0m   btc-updown-15m-1773550800 | open=71567.81 cl=71498.51 bn=71495.36 d=-0.0968% | s=30.0% fy=0.19 | YES=0.11/0.12 NO=0.88/0.89 | T-414s
[2m2026-03-15T05:08:08.797902Z[0m [32m INFO[0m   btc-updown-5m-1773551100 | open=71506.74 cl=71498.51 bn=71495.36 d=-0.0115% | s=30.0% fy=0.45 | YES=0.19/0.20 NO=0.80/0.81 | T-114s
[2m2026-03-15T05:08:08.797905Z[0m [32m INFO[0m   eth-updown-15m-1773550800 | open=2104.04 cl=2103.25 bn=2103.00 d=-0.0376% | s=30.0% fy=0.36 | YES=0.22/0.23 NO=0.77/0.78 | T-414s
[2m2026-03-15T05:08:08.797906Z[0m [32m INFO[0m   eth-updown-5m-1773551100 | open=2102.75 cl=2103.25 bn=2103.00 d=+0.0238% | s=30.0% fy=0.59 | YES=0.53/0.61 NO=0.39/0.47 | T-114s
[2m2026-03-15T05:08:08.797912Z[0m [32m INFO[0m   sol-updown-15m-1773550800 | open=88.32 cl=88.19 bn=88.19 d=-0.1473% | s=30.0% fy=0.09 | YES=0.09/0.10 NO=0.90/0.91 | T-414s
[2m2026-03-15T05:08:08.797913Z[0m [32m INFO[0m   sol-updown-5m-1773551100 | open=88.18 cl=88.19 bn=88.19 d=+0.0081% | s=30.0% fy=0.53 | YES=0.33/0.34 NO=0.66/0.67 | T-114s
[2m2026-03-15T05:08:08.797915Z[0m [32m INFO[0m ===================================================================
[2m2026-03-15T05:08:08.797917Z[0m [32m INFO[0m [SCANNER] signals=48309 settles=42 cl=62002 bn=28410 whales=0 markets=6 books=834 | http://0.0.0.0:8080
[2m2026-03-15T05:09:09.137334Z[0m [32m INFO[0m --- SCAN ----------------------------------------------------------
[2m2026-03-15T05:09:09.137355Z[0m [32m INFO[0m   btc-updown-15m-1773550800 | open=71567.81 cl=71502.12 bn=71499.00 d=-0.0918% | s=30.0% fy=0.18 | YES=0.11/0.12 NO=0.88/0.89 | T-353s
[2m2026-03-15T05:09:09.137357Z[0m [32m INFO[0m   btc-updown-5m-1773551100 | open=71506.74 cl=71502.12 bn=71499.00 d=-0.0065% | s=30.0% fy=0.47 | YES=0.55/0.56 NO=0.44/0.45 | T-53s
[2m2026-03-15T05:09:09.137359Z[0m [32m INFO[0m   eth-updown-15m-1773550800 | open=2104.04 cl=2103.47 bn=2103.25 d=-0.0273% | s=30.0% fy=0.39 | YES=0.25/0.26 NO=0.74/0.75 | T-353s
[2m2026-03-15T05:09:09.137361Z[0m [32m INFO[0m   eth-updown-5m-1773551100 | open=2102.75 cl=2103.47 bn=2103.25 d=+0.0341% | s=30.0% fy=0.63 | YES=0.73/0.74 NO=0.26/0.27 | T-53s
[2m2026-03-15T05:09:09.137363Z[0m [32m INFO[0m   sol-updown-15m-1773550800 | open=88.32 cl=88.18 bn=88.16 d=-0.1595% | s=30.0% fy=0.06 | YES=0.06/0.09 NO=0.91/0.94 | T-353s
[2m2026-03-15T05:09:09.137365Z[0m [32m INFO[0m   sol-updown-5m-1773551100 | open=88.18 cl=88.18 bn=88.16 d=-0.0041% | s=30.0% fy=0.48 | YES=0.12/0.15 NO=0.85/0.88 | T-53s
[2m2026-03-15T05:09:09.137366Z[0m [32m INFO[0m ===================================================================
[2m2026-03-15T05:09:09.137369Z[0m [32m INFO[0m [SCANNER] signals=48999 settles=42 cl=62124 bn=28447 whales=0 markets=6 books=834 | http://0.0.0.0:8080
[2m2026-03-15T05:09:13.433284Z[0m [32m INFO[0m [WHALE] Leaderboard loaded from https://data-api.polymarket.com/v1/leaderboard?category=CRYPTO&orderBy=PNL&limit=50 (50 entries)
[2m2026-03-15T05:09:13.433575Z[0m [32m INFO[0m [WHALE] Tracking 50 wallets (top by PNL)
[2m2026-03-15T05:10:01.331293Z[0m [32m INFO[0m [CL_CLOSE] eth-updown-5m-1773551100 snap=2103.72
[2m2026-03-15T05:10:01.331343Z[0m [32m INFO[0m [CL_CLOSE] btc-updown-5m-1773551100 snap=71506.30
[2m2026-03-15T05:10:01.331348Z[0m [32m INFO[0m [CL_CLOSE] sol-updown-5m-1773551100 snap=88.18
[2m2026-03-15T05:10:05.345172Z[0m [32m INFO[0m [SETTLE] eth-updown-5m-1773551100 cl=2103.72 bn=2103.51 open=2102.75 d=+0.0463% -> YES
[2m2026-03-15T05:10:05.345362Z[0m [32m INFO[0m [SETTLE] btc-updown-5m-1773551100 cl=71506.30 bn=71499.99 open=71506.74 d=-0.0006% -> NO
[2m2026-03-15T05:10:05.345374Z[0m [32m INFO[0m [SETTLE] sol-updown-5m-1773551100 cl=88.18 bn=88.17 open=88.18 d=-0.0039% -> NO
[2m2026-03-15T05:10:06.964132Z[0m [32m INFO[0m [DISCOVER] New market: btc-updown-5m-1773551400
[2m2026-03-15T05:10:08.466306Z[0m [32m INFO[0m [DISCOVER] New market: eth-updown-5m-1773551400
[2m2026-03-15T05:10:09.967557Z[0m [32m INFO[0m [DISCOVER] New market: sol-updown-5m-1773551400
[2m2026-03-15T05:10:10.961157Z[0m [33m WARN[0m [OPEN] btc-updown-5m-1773551400 skipped: joined 6s late (grace=5s), CL has drifted
[2m2026-03-15T05:10:10.961193Z[0m [33m WARN[0m [OPEN] sol-updown-5m-1773551400 skipped: joined 6s late (grace=5s), CL has drifted
[2m2026-03-15T05:10:10.961540Z[0m [33m WARN[0m [OPEN] eth-updown-5m-1773551400 skipped: joined 6s late (grace=5s), CL has drifted
[2m2026-03-15T05:10:10.961578Z[0m [32m INFO[0m --- SCAN ----------------------------------------------------------
[2m2026-03-15T05:10:10.961581Z[0m [32m INFO[0m   btc-updown-15m-1773550800 | open=71567.81 cl=71506.12 bn=71500.00 d=-0.0862% | s=30.0% fy=0.19 | YES=0.10/0.11 NO=0.89/0.90 | T-293s
[2m2026-03-15T05:10:10.961587Z[0m [32m INFO[0m   eth-updown-15m-1773550800 | open=2104.04 cl=2103.74 bn=2103.50 d=-0.0143% | s=30.0% fy=0.44 | YES=0.27/0.28 NO=0.72/0.73 | T-293s
[2m2026-03-15T05:10:10.961588Z[0m [32m INFO[0m   sol-updown-15m-1773550800 | open=88.32 cl=88.17 bn=88.17 d=-0.1604% | s=30.0% fy=0.05 | YES=0.04/0.06 NO=0.94/0.96 | T-293s
[2m2026-03-15T05:10:10.961590Z[0m [32m INFO[0m ===================================================================
[2m2026-03-15T05:10:10.961592Z[0m [32m INFO[0m [SCANNER] signals=49467 settles=45 cl=62243 bn=28484 whales=0 markets=3 books=834 | http://0.0.0.0:8080
[2m2026-03-15T05:11:09.753855Z[0m [32m INFO[0m --- SCAN ----------------------------------------------------------
[2m2026-03-15T05:11:09.753879Z[0m [32m INFO[0m   btc-updown-15m-1773550800 | open=71567.81 cl=71511.01 bn=71493.44 d=-0.0794% | s=30.0% fy=0.21 | YES=0.07/0.08 NO=0.92/0.93 | T-233s
[2m2026-03-15T05:11:09.753883Z[0m [32m INFO[0m   eth-updown-15m-1773550800 | open=2104.04 cl=2103.48 bn=2102.59 d=-0.0266% | s=30.0% fy=0.40 | YES=0.18/0.19 NO=0.81/0.82 | T-233s
[2m2026-03-15T05:11:09.753886Z[0m [32m INFO[0m   sol-updown-15m-1773550800 | open=88.32 cl=88.17 bn=88.13 d=-0.1652% | s=30.0% fy=0.05 | YES=0.02/0.03 NO=0.97/0.98 | T-233s
[2m2026-03-15T05:11:09.753889Z[0m [32m INFO[0m ===================================================================
[2m2026-03-15T05:11:09.753894Z[0m [32m INFO[0m [SCANNER] signals=49803 settles=45 cl=62364 bn=28524 whales=0 markets=3 books=840 | http://0.0.0.0:8080
[2m2026-03-15T05:12:07.443359Z[0m [32m INFO[0m [PRUNE] Removed 3 expired markets
[2m2026-03-15T05:12:10.166511Z[0m [32m INFO[0m --- SCAN ----------------------------------------------------------
[2m2026-03-15T05:12:10.166530Z[0m [32m INFO[0m   btc-updown-15m-1773550800 | open=71567.81 cl=71524.05 bn=71513.35 d=-0.0612% | s=30.0% fy=0.27 | YES=0.08/0.09 NO=0.91/0.92 | T-173s
[2m2026-03-15T05:12:10.166533Z[0m [32m INFO[0m   eth-updown-15m-1773550800 | open=2104.04 cl=2103.54 bn=2103.17 d=-0.0237% | s=30.0% fy=0.41 | YES=0.16/0.17 NO=0.83/0.84 | T-173s
[2m2026-03-15T05:12:10.166536Z[0m [32m INFO[0m   sol-updown-15m-1773550800 | open=88.32 cl=88.15 bn=88.14 d=-0.1892% | s=30.0% fy=0.03 | YES=0.00/0.02 NO=0.98/0.99 | T-173s
[2m2026-03-15T05:12:10.166538Z[0m [32m INFO[0m ===================================================================
[2m2026-03-15T05:12:10.166542Z[0m [32m INFO[0m [SCANNER] signals=50148 settles=45 cl=62494 bn=28570 whales=0 markets=3 books=840 | http://0.0.0.0:8080
[2m2026-03-15T05:13:10.464502Z[0m [32m INFO[0m --- SCAN ----------------------------------------------------------
[2m2026-03-15T05:13:10.464530Z[0m [32m INFO[0m   btc-updown-15m-1773550800 | open=71567.81 cl=71521.01 bn=71511.20 d=-0.0654% | s=30.0% fy=0.26 | YES=0.04/0.05 NO=0.95/0.96 | T-112s
[2m2026-03-15T05:13:10.464533Z[0m [32m INFO[0m   eth-updown-15m-1773550800 | open=2104.04 cl=2103.45 bn=2103.06 d=-0.0278% | s=30.0% fy=0.39 | YES=0.10/0.11 NO=0.89/0.90 | T-112s
[2m2026-03-15T05:13:10.464537Z[0m [32m INFO[0m   sol-updown-15m-1773550800 | open=88.32 cl=88.18 bn=88.16 d=-0.1570% | s=30.0% fy=0.06 | YES=0.00/0.01 NO=0.98/0.99 | T-112s
[2m2026-03-15T05:13:10.464539Z[0m [32m INFO[0m ===================================================================
[2m2026-03-15T05:13:10.464543Z[0m [32m INFO[0m [SCANNER] signals=50493 settles=45 cl=62603 bn=28609 whales=0 markets=3 books=840 | http://0.0.0.0:8080
[2m2026-03-15T05:14:10.756804Z[0m [32m INFO[0m --- SCAN ----------------------------------------------------------
[2m2026-03-15T05:14:10.756825Z[0m [32m INFO[0m   btc-updown-15m-1773550800 | open=71567.81 cl=71538.07 bn=71536.32 d=-0.0416% | s=30.0% fy=0.34 | YES=0.02/0.03 NO=0.97/0.98 | T-52s
[2m2026-03-15T05:14:10.756827Z[0m [32m INFO[0m   eth-updown-15m-1773550800 | open=2104.04 cl=2103.78 bn=2103.43 d=-0.0121% | s=30.0% fy=0.45 | YES=0.08/0.11 NO=0.89/0.92 | T-52s
[2m2026-03-15T05:14:10.756829Z[0m [32m INFO[0m   sol-updown-15m-1773550800 | open=88.32 cl=88.19 bn=88.18 d=-0.1381% | s=30.0% fy=0.08 | YES=0.00/0.01 NO=0.99/1.00 | T-52s
[2m2026-03-15T05:14:10.756835Z[0m [32m INFO[0m ===================================================================
[2m2026-03-15T05:14:10.756837Z[0m [32m INFO[0m [SCANNER] signals=50838 settles=45 cl=62724 bn=28643 whales=0 markets=3 books=840 | http://0.0.0.0:8080
[2m2026-03-15T05:14:13.957639Z[0m [32m INFO[0m [WHALE] Leaderboard loaded from https://data-api.polymarket.com/v1/leaderboard?category=CRYPTO&orderBy=PNL&limit=50 (50 entries)
[2m2026-03-15T05:14:13.957896Z[0m [32m INFO[0m [WHALE] Tracking 50 wallets (top by PNL)
[2m2026-03-15T05:14:54.604543Z[0m [31mERROR[0m [CL] WebSocket error: IO error: Connection reset by peer (os error 104)
[2m2026-03-15T05:14:54.605859Z[0m [33m WARN[0m [CL] Feed closed cleanly, reconnecting...
[2m2026-03-15T05:14:59.607188Z[0m [32m INFO[0m [CL] Connecting to wss://ws-live-data.polymarket.com
[2m2026-03-15T05:15:01.393432Z[0m [32m INFO[0m [CL_CLOSE] sol-updown-15m-1773550800 snap=88.19
[2m2026-03-15T05:15:01.393486Z[0m [32m INFO[0m [CL_CLOSE] btc-updown-15m-1773550800 snap=71549.62
[2m2026-03-15T05:15:01.393491Z[0m [32m INFO[0m [CL_CLOSE] eth-updown-15m-1773550800 snap=2104.00
[2m2026-03-15T05:15:05.296621Z[0m [31mERROR[0m [CL] Feed error: CL WS connect failed, reconnecting in 5s
[2m2026-03-15T05:15:05.404910Z[0m [32m INFO[0m [SETTLE] sol-updown-15m-1773550800 cl=88.19 bn=88.18 open=88.32 d=-0.1425% -> NO
[2m2026-03-15T05:15:05.404978Z[0m [32m INFO[0m [SETTLE] btc-updown-15m-1773550800 cl=71549.62 bn=71545.29 open=71567.81 d=-0.0254% -> NO
[2m2026-03-15T05:15:05.404991Z[0m [32m INFO[0m [SETTLE] eth-updown-15m-1773550800 cl=2104.00 bn=2103.80 open=2104.04 d=-0.0019% -> NO
[2m2026-03-15T05:15:09.074464Z[0m [32m INFO[0m [DISCOVER] New market: btc-updown-5m-1773551700
[2m2026-03-15T05:15:09.756635Z[0m [32m INFO[0m [DISCOVER] New market: btc-updown-15m-1773551700
[2m2026-03-15T05:15:10.298013Z[0m [32m INFO[0m [CL] Connecting to wss://ws-live-data.polymarket.com
[2m2026-03-15T05:15:11.223828Z[0m [32m INFO[0m [DISCOVER] New market: eth-updown-5m-1773551700
[2m2026-03-15T05:15:12.145116Z[0m [32m INFO[0m [DISCOVER] New market: eth-updown-15m-1773551700
[2m2026-03-15T05:15:13.159435Z[0m [32m INFO[0m [CL] Feed connected
[2m2026-03-15T05:15:14.119605Z[0m [32m INFO[0m [DISCOVER] New market: sol-updown-5m-1773551700
[2m2026-03-15T05:15:14.327599Z[0m [32m INFO[0m [DISCOVER] New market: sol-updown-15m-1773551700
[2m2026-03-15T05:15:15.404524Z[0m [33m WARN[0m [OPEN] sol-updown-5m-1773551700 skipped: joined 8s late (grace=5s), CL has drifted
[2m2026-03-15T05:15:15.404562Z[0m [32m INFO[0m [OPEN] sol-updown-15m-1773551700 open_price=88.19
[2m2026-03-15T05:15:15.404569Z[0m [32m INFO[0m [OPEN] eth-updown-15m-1773551700 open_price=2104.00
[2m2026-03-15T05:15:15.404572Z[0m [33m WARN[0m [OPEN] btc-updown-5m-1773551700 skipped: joined 8s late (grace=5s), CL has drifted
[2m2026-03-15T05:15:15.404574Z[0m [32m INFO[0m [OPEN] btc-updown-15m-1773551700 open_price=71549.62
[2m2026-03-15T05:15:15.404576Z[0m [33m WARN[0m [OPEN] eth-updown-5m-1773551700 skipped: joined 8s late (grace=5s), CL has drifted
[2m2026-03-15T05:15:15.404637Z[0m [32m INFO[0m --- SCAN ----------------------------------------------------------
[2m2026-03-15T05:15:15.404639Z[0m [32m INFO[0m   btc-updown-15m-1773551700 | open=71549.62 cl=71549.62 bn=71545.29 d=+0.0000% | s=30.0% fy=0.50 | YES=--/-- NO=--/-- | T-892s
[2m2026-03-15T05:15:15.404641Z[0m [32m INFO[0m   eth-updown-15m-1773551700 | open=2104.00 cl=2104.00 bn=2103.80 d=+0.0000% | s=30.0% fy=0.50 | YES=--/-- NO=--/-- | T-892s
[2m2026-03-15T05:15:15.404643Z[0m [32m INFO[0m   sol-updown-15m-1773551700 | open=88.19 cl=88.19 bn=88.18 d=+0.0000% | s=30.0% fy=0.50 | YES=--/-- NO=--/-- | T-892s
[2m2026-03-15T05:15:15.404644Z[0m [32m INFO[0m ===================================================================
[2m2026-03-15T05:15:15.404647Z[0m [32m INFO[0m [SCANNER] signals=50952 settles=48 cl=62795 bn=28671 whales=0 markets=3 books=840 | http://0.0.0.0:8080
[2m2026-03-15T05:15:16.577716Z[0m [31mERROR[0m [CL] WebSocket error: IO error: Connection reset by peer (os error 104)
[2m2026-03-15T05:15:16.578881Z[0m [33m WARN[0m [CL] Feed closed cleanly, reconnecting...
[2m2026-03-15T05:15:21.579627Z[0m [32m INFO[0m [CL] Connecting to wss://ws-live-data.polymarket.com
[2m2026-03-15T05:15:21.736502Z[0m [32m INFO[0m [CL] Feed connected
[2m2026-03-15T05:16:11.178023Z[0m [32m INFO[0m --- SCAN ----------------------------------------------------------
[2m2026-03-15T05:16:11.178051Z[0m [32m INFO[0m   btc-updown-15m-1773551700 | open=71549.62 cl=71576.29 bn=71569.07 d=+0.0373% | s=30.0% fy=0.60 | YES=0.58/0.59 NO=0.41/0.42 | T-831s
[2m2026-03-15T05:16:11.178055Z[0m [32m INFO[0m   eth-updown-15m-1773551700 | open=2104.00 cl=2103.84 bn=2103.23 d=-0.0078% | s=30.0% fy=0.48 | YES=0.42/0.43 NO=0.57/0.58 | T-831s
[2m2026-03-15T05:16:11.178058Z[0m [32m INFO[0m   sol-updown-15m-1773551700 | open=88.19 cl=88.16 bn=88.16 d=-0.0332% | s=30.0% fy=0.41 | YES=0.40/0.41 NO=0.59/0.60 | T-831s
[2m2026-03-15T05:16:11.178061Z[0m [32m INFO[0m ===================================================================
[2m2026-03-15T05:16:11.178064Z[0m [32m INFO[0m [SCANNER] signals=51258 settles=48 cl=62889 bn=28747 whales=0 markets=3 books=852 | http://0.0.0.0:8080
[2m2026-03-15T05:16:31.105514Z[0m [31mERROR[0m [CL] WebSocket error: IO error: Connection reset by peer (os error 104)
[2m2026-03-15T05:16:31.107166Z[0m [33m WARN[0m [CL] Feed closed cleanly, reconnecting...
[2m2026-03-15T05:16:36.107639Z[0m [32m INFO[0m [CL] Connecting to wss://ws-live-data.polymarket.com
[2m2026-03-15T05:16:36.252034Z[0m [32m INFO[0m [CL] Feed connected
[2m2026-03-15T05:17:08.868434Z[0m [32m INFO[0m [PRUNE] Removed 6 expired markets
[2m2026-03-15T05:17:11.596375Z[0m [32m INFO[0m --- SCAN ----------------------------------------------------------
[2m2026-03-15T05:17:11.596394Z[0m [32m INFO[0m   btc-updown-15m-1773551700 | open=71549.62 cl=71681.57 bn=71679.67 d=+0.1844% | s=30.0% fy=0.89 | YES=0.84/0.86 NO=0.14/0.16 | T-771s
[2m2026-03-15T05:17:11.596397Z[0m [32m INFO[0m   eth-updown-15m-1773551700 | open=2104.00 cl=2106.85 bn=2106.52 d=+0.1355% | s=30.0% fy=0.82 | YES=0.68/0.69 NO=0.31/0.32 | T-771s
[2m2026-03-15T05:17:11.596401Z[0m [32m INFO[0m   sol-updown-15m-1773551700 | open=88.19 cl=88.32 bn=88.33 d=+0.1520% | s=30.0% fy=0.85 | YES=0.77/0.78 NO=0.22/0.23 | T-771s
[2m2026-03-15T05:17:11.596404Z[0m [32m INFO[0m ===================================================================
[2m2026-03-15T05:17:11.596408Z[0m [32m INFO[0m [SCANNER] signals=51603 settles=48 cl=63034 bn=28843 whales=0 markets=3 books=852 | http://0.0.0.0:8080
[2m2026-03-15T05:18:11.898681Z[0m [32m INFO[0m --- SCAN ----------------------------------------------------------
[2m2026-03-15T05:18:11.898707Z[0m [32m INFO[0m   btc-updown-15m-1773551700 | open=71549.62 cl=71774.11 bn=71764.17 d=+0.3138% | s=32.7% fy=0.98 | YES=0.94/0.95 NO=0.05/0.06 | T-711s
[2m2026-03-15T05:18:11.898710Z[0m [32m INFO[0m   eth-updown-15m-1773551700 | open=2104.00 cl=2114.22 bn=2113.63 d=+0.4855% | s=66.9% fy=0.94 | YES=0.91/0.92 NO=0.08/0.09 | T-711s
[2m2026-03-15T05:18:11.898713Z[0m [32m INFO[0m   sol-updown-15m-1773551700 | open=88.19 cl=88.57 bn=88.56 d=+0.4332% | s=56.6% fy=0.95 | YES=0.94/0.95 NO=0.05/0.06 | T-711s
[2m2026-03-15T05:18:11.898716Z[0m [32m INFO[0m ===================================================================
[2m2026-03-15T05:18:11.898720Z[0m [32m INFO[0m [SCANNER] signals=51948 settles=48 cl=63187 bn=28995 whales=0 markets=3 books=852 | http://0.0.0.0:8080
[2m2026-03-15T05:19:12.197493Z[0m [32m INFO[0m --- SCAN ----------------------------------------------------------
[2m2026-03-15T05:19:12.197515Z[0m [32m INFO[0m   btc-updown-15m-1773551700 | open=71549.62 cl=71697.47 bn=71690.46 d=+0.2066% | s=40.6% fy=0.87 | YES=0.84/0.85 NO=0.15/0.16 | T-650s
[2m2026-03-15T05:19:12.197521Z[0m [32m INFO[0m   eth-updown-15m-1773551700 | open=2104.00 cl=2110.94 bn=2110.39 d=+0.3300% | s=74.4% fy=0.84 | YES=0.85/0.86 NO=0.14/0.15 | T-650s
[2m2026-03-15T05:19:12.197523Z[0m [32m INFO[0m   sol-updown-15m-1773551700 | open=88.19 cl=88.48 bn=88.47 d=+0.3305% | s=64.8% fy=0.87 | YES=0.90/0.92 NO=0.08/0.10 | T-650s
[2m2026-03-15T05:19:12.197524Z[0m [32m INFO[0m ===================================================================
[2m2026-03-15T05:19:12.197526Z[0m [32m INFO[0m [SCANNER] signals=52293 settles=48 cl=63354 bn=29127 whales=0 markets=3 books=852 | http://0.0.0.0:8080
[2m2026-03-15T05:19:14.567773Z[0m [32m INFO[0m [WHALE] Leaderboard loaded from https://data-api.polymarket.com/v1/leaderboard?category=CRYPTO&orderBy=PNL&limit=50 (50 entries)
[2m2026-03-15T05:19:14.568118Z[0m [32m INFO[0m [WHALE] Tracking 50 wallets (top by PNL)
[2m2026-03-15T05:20:10.001562Z[0m [32m INFO[0m [DISCOVER] New market: btc-updown-5m-1773552000
[2m2026-03-15T05:20:11.499786Z[0m [32m INFO[0m [DISCOVER] New market: eth-updown-5m-1773552000
[2m2026-03-15T05:20:13.002391Z[0m [32m INFO[0m [DISCOVER] New market: sol-updown-5m-1773552000
[2m2026-03-15T05:20:13.997241Z[0m [33m WARN[0m [OPEN] btc-updown-5m-1773552000 skipped: joined 9s late (grace=5s), CL has drifted
[2m2026-03-15T05:20:13.997264Z[0m [33m WARN[0m [OPEN] sol-updown-5m-1773552000 skipped: joined 9s late (grace=5s), CL has drifted
[2m2026-03-15T05:20:13.997267Z[0m [33m WARN[0m [OPEN] eth-updown-5m-1773552000 skipped: joined 9s late (grace=5s), CL has drifted
[2m2026-03-15T05:20:13.997482Z[0m [32m INFO[0m --- SCAN ----------------------------------------------------------
[2m2026-03-15T05:20:13.997487Z[0m [32m INFO[0m   btc-updown-15m-1773551700 | open=71549.62 cl=71682.22 bn=71669.99 d=+0.1853% | s=41.7% fy=0.85 | YES=0.88/0.89 NO=0.11/0.12 | T-590s
[2m2026-03-15T05:20:13.997490Z[0m [32m INFO[0m   eth-updown-15m-1773551700 | open=2104.00 cl=2111.29 bn=2110.97 d=+0.3467% | s=72.7% fy=0.86 | YES=0.92/0.93 NO=0.07/0.08 | T-590s
[2m2026-03-15T05:20:13.997493Z[0m [32m INFO[0m   sol-updown-15m-1773551700 | open=88.19 cl=88.47 bn=88.46 d=+0.3139% | s=64.4% fy=0.87 | YES=0.91/0.92 NO=0.08/0.09 | T-590s
[2m2026-03-15T05:20:13.997497Z[0m [32m INFO[0m ===================================================================
[2m2026-03-15T05:20:13.997500Z[0m [32m INFO[0m [SCANNER] signals=52638 settles=48 cl=63521 bn=29218 whales=0 markets=3 books=852 | http://0.0.0.0:8080
[2m2026-03-15T05:21:00.034107Z[0m [31mERROR[0m [CL] WebSocket error: IO error: Connection reset by peer (os error 104)
[2m2026-03-15T05:21:00.035352Z[0m [33m WARN[0m [CL] Feed closed cleanly, reconnecting...
[2m2026-03-15T05:21:05.037045Z[0m [32m INFO[0m [CL] Connecting to wss://ws-live-data.polymarket.com
[2m2026-03-15T05:21:05.191121Z[0m [32m INFO[0m [CL] Feed connected
[2m2026-03-15T05:21:12.789796Z[0m [32m INFO[0m --- SCAN ----------------------------------------------------------
[2m2026-03-15T05:21:12.789815Z[0m [32m INFO[0m   btc-updown-15m-1773551700 | open=71549.62 cl=71681.51 bn=71669.98 d=+0.1843% | s=41.9% fy=0.86 | YES=0.88/0.89 NO=0.11/0.12 | T-530s
[2m2026-03-15T05:21:12.789817Z[0m [32m INFO[0m   eth-updown-15m-1773551700 | open=2104.00 cl=2111.40 bn=2111.07 d=+0.3518% | s=71.7% fy=0.88 | YES=0.94/0.95 NO=0.05/0.06 | T-530s
[2m2026-03-15T05:21:12.789819Z[0m [32m INFO[0m   sol-updown-15m-1773551700 | open=88.19 cl=88.45 bn=88.43 d=+0.2930% | s=63.6% fy=0.87 | YES=0.92/0.93 NO=0.07/0.08 | T-530s
[2m2026-03-15T05:21:12.789821Z[0m [32m INFO[0m ===================================================================
[2m2026-03-15T05:21:12.789823Z[0m [32m INFO[0m [SCANNER] signals=52974 settles=48 cl=63654 bn=29290 whales=0 markets=3 books=858 | http://0.0.0.0:8080
[2m2026-03-15T05:22:10.492874Z[0m [32m INFO[0m [PRUNE] Removed 3 expired markets
[2m2026-03-15T05:22:13.228692Z[0m [32m INFO[0m --- SCAN ----------------------------------------------------------
[2m2026-03-15T05:22:13.228724Z[0m [32m INFO[0m   btc-updown-15m-1773551700 | open=71549.62 cl=71657.45 bn=71640.17 d=+0.1507% | s=37.8% fy=0.85 | YES=0.87/0.88 NO=0.12/0.13 | T-470s
[2m2026-03-15T05:22:13.228728Z[0m [32m INFO[0m   eth-updown-15m-1773551700 | open=2104.00 cl=2110.57 bn=2110.17 d=+0.3125% | s=67.9% fy=0.88 | YES=0.94/0.96 NO=0.04/0.06 | T-470s
[2m2026-03-15T05:22:13.228730Z[0m [32m INFO[0m   sol-updown-15m-1773551700 | open=88.19 cl=88.44 bn=88.44 d=+0.2881% | s=58.8% fy=0.90 | YES=0.94/0.95 NO=0.05/0.06 | T-470s
[2m2026-03-15T05:22:13.228732Z[0m [32m INFO[0m ===================================================================
[2m2026-03-15T05:22:13.228735Z[0m [32m INFO[0m [SCANNER] signals=53319 settles=48 cl=63803 bn=29364 whales=0 markets=3 books=858 | http://0.0.0.0:8080
[2m2026-03-15T05:23:13.519525Z[0m [32m INFO[0m --- SCAN ----------------------------------------------------------
[2m2026-03-15T05:23:13.519549Z[0m [32m INFO[0m   btc-updown-15m-1773551700 | open=71549.62 cl=71687.37 bn=71670.00 d=+0.1925% | s=31.3% fy=0.96 | YES=0.93/0.94 NO=0.06/0.07 | T-409s
[2m2026-03-15T05:23:13.519553Z[0m [32m INFO[0m   eth-updown-15m-1773551700 | open=2104.00 cl=2111.84 bn=2111.60 d=+0.3726% | s=37.4% fy=1.00 | YES=0.98/0.99 NO=0.01/0.02 | T-409s
[2m2026-03-15T05:23:13.519556Z[0m [32m INFO[0m   sol-updown-15m-1773551700 | open=88.19 cl=88.52 bn=88.50 d=+0.3759% | s=39.2% fy=1.00 | YES=0.97/0.98 NO=0.02/0.03 | T-409s
[2m2026-03-15T05:23:13.519559Z[0m [32m INFO[0m ===================================================================
[2m2026-03-15T05:23:13.519563Z[0m [32m INFO[0m [SCANNER] signals=53664 settles=48 cl=63951 bn=29446 whales=0 markets=3 books=858 | http://0.0.0.0:8080
[2m2026-03-15T05:24:13.818474Z[0m [32m INFO[0m --- SCAN ----------------------------------------------------------
[2m2026-03-15T05:24:13.818500Z[0m [32m INFO[0m   btc-updown-15m-1773551700 | open=71549.62 cl=71681.71 bn=71684.03 d=+0.1846% | s=30.0% fy=0.97 | YES=0.96/0.97 NO=0.03/0.04 | T-349s
[2m2026-03-15T05:24:13.818504Z[0m [32m INFO[0m   eth-updown-15m-1773551700 | open=2104.00 cl=2111.91 bn=2111.95 d=+0.3759% | s=30.0% fy=1.00 | YES=0.98/0.99 NO=0.01/0.02 | T-349s
[2m2026-03-15T05:24:13.818507Z[0m [32m INFO[0m   sol-updown-15m-1773551700 | open=88.19 cl=88.53 bn=88.54 d=+0.3908% | s=30.2% fy=1.00 | YES=0.98/0.99 NO=0.01/0.02 | T-349s
[2m2026-03-15T05:24:13.818509Z[0m [32m INFO[0m ===================================================================
[2m2026-03-15T05:24:13.818513Z[0m [32m INFO[0m [SCANNER] signals=54009 settles=48 cl=64099 bn=29519 whales=0 markets=3 books=858 | http://0.0.0.0:8080
[2m2026-03-15T05:24:22.810086Z[0m [32m INFO[0m [WHALE] Leaderboard loaded from https://data-api.polymarket.com/v1/leaderboard?category=CRYPTO&orderBy=PNL&limit=50 (50 entries)
[2m2026-03-15T05:24:22.810337Z[0m [32m INFO[0m [WHALE] Tracking 50 wallets (top by PNL)
[2m2026-03-15T05:25:11.625955Z[0m [32m INFO[0m [DISCOVER] New market: btc-updown-5m-1773552300
[2m2026-03-15T05:25:13.117974Z[0m [32m INFO[0m [DISCOVER] New market: eth-updown-5m-1773552300
[2m2026-03-15T05:25:14.620054Z[0m [32m INFO[0m [DISCOVER] New market: sol-updown-5m-1773552300
[2m2026-03-15T05:25:15.611386Z[0m [33m WARN[0m [OPEN] btc-updown-5m-1773552300 skipped: joined 11s late (grace=5s), CL has drifted
[2m2026-03-15T05:25:15.611719Z[0m [33m WARN[0m [OPEN] eth-updown-5m-1773552300 skipped: joined 11s late (grace=5s), CL has drifted
[2m2026-03-15T05:25:15.611726Z[0m [33m WARN[0m [OPEN] sol-updown-5m-1773552300 skipped: joined 11s late (grace=5s), CL has drifted
[2m2026-03-15T05:25:15.611934Z[0m [32m INFO[0m --- SCAN ----------------------------------------------------------
[2m2026-03-15T05:25:15.611942Z[0m [32m INFO[0m   btc-updown-15m-1773551700 | open=71549.62 cl=71704.48 bn=71693.60 d=+0.2164% | s=30.0% fy=0.98 | YES=0.98/0.99 NO=0.01/0.02 | T-288s
[2m2026-03-15T05:25:15.611946Z[0m [32m INFO[0m   eth-updown-15m-1773551700 | open=2104.00 cl=2112.39 bn=2111.99 d=+0.3985% | s=30.0% fy=1.00 | YES=0.98/0.99 NO=0.00/0.01 | T-288s
[2m2026-03-15T05:25:15.611955Z[0m [32m INFO[0m   sol-updown-15m-1773551700 | open=88.19 cl=88.55 bn=88.54 d=+0.4070% | s=30.0% fy=1.00 | YES=0.98/0.99 NO=0.00/0.01 | T-288s
[2m2026-03-15T05:25:15.611957Z[0m [32m INFO[0m ===================================================================
[2m2026-03-15T05:25:15.611959Z[0m [32m INFO[0m [SCANNER] signals=54354 settles=48 cl=64251 bn=29610 whales=0 markets=3 books=858 | http://0.0.0.0:8080
[2m2026-03-15T05:26:14.393378Z[0m [32m INFO[0m --- SCAN ----------------------------------------------------------
[2m2026-03-15T05:26:14.393407Z[0m [32m INFO[0m   btc-updown-15m-1773551700 | open=71549.62 cl=71686.16 bn=71666.50 d=+0.1908% | s=30.0% fy=0.97 | YES=0.97/0.98 NO=0.02/0.03 | T-228s
[2m2026-03-15T05:26:14.393410Z[0m [32m INFO[0m   eth-updown-15m-1773551700 | open=2104.00 cl=2111.50 bn=2111.18 d=+0.3565% | s=30.0% fy=1.00 | YES=1.00/1.00 NO=0.00/0.00 | T-228s
[2m2026-03-15T05:26:14.393413Z[0m [32m INFO[0m   sol-updown-15m-1773551700 | open=88.19 cl=88.52 bn=88.51 d=+0.3700% | s=30.0% fy=1.00 | YES=1.00/1.00 NO=0.00/0.00 | T-228s
[2m2026-03-15T05:26:14.393416Z[0m [32m INFO[0m ===================================================================
[2m2026-03-15T05:26:14.393421Z[0m [32m INFO[0m [SCANNER] signals=54690 settles=48 cl=64384 bn=29662 whales=0 markets=3 books=864 | http://0.0.0.0:8080
[2m2026-03-15T05:27:12.079600Z[0m [32m INFO[0m [PRUNE] Removed 3 expired markets
[2m2026-03-15T05:27:14.807726Z[0m [32m INFO[0m --- SCAN ----------------------------------------------------------
[2m2026-03-15T05:27:14.807746Z[0m [32m INFO[0m   btc-updown-15m-1773551700 | open=71549.62 cl=71611.79 bn=71606.23 d=+0.0869% | s=30.0% fy=0.81 | YES=0.86/0.87 NO=0.13/0.14 | T-168s
[2m2026-03-15T05:27:14.807776Z[0m [32m INFO[0m   eth-updown-15m-1773551700 | open=2104.00 cl=2108.72 bn=2108.81 d=+0.2242% | s=32.6% fy=0.99 | YES=0.98/0.99 NO=0.01/0.02 | T-168s
[2m2026-03-15T05:27:14.807779Z[0m [32m INFO[0m   sol-updown-15m-1773551700 | open=88.19 cl=88.35 bn=88.36 d=+0.1814% | s=35.5% fy=0.97 | YES=0.95/0.96 NO=0.04/0.05 | T-168s
[2m2026-03-15T05:27:14.807783Z[0m [32m INFO[0m ===================================================================
[2m2026-03-15T05:27:14.807786Z[0m [32m INFO[0m [SCANNER] signals=55035 settles=48 cl=64528 bn=29735 whales=0 markets=3 books=864 | http://0.0.0.0:8080
[2m2026-03-15T05:28:15.102286Z[0m [32m INFO[0m --- SCAN ----------------------------------------------------------
[2m2026-03-15T05:28:15.102306Z[0m [32m INFO[0m   btc-updown-15m-1773551700 | open=71549.62 cl=71638.64 bn=71632.54 d=+0.1244% | s=30.0% fy=0.89 | YES=0.98/0.99 NO=0.01/0.01 | T-108s
[2m2026-03-15T05:28:15.102308Z[0m [32m INFO[0m   eth-updown-15m-1773551700 | open=2104.00 cl=2109.51 bn=2109.18 d=+0.2618% | s=32.0% fy=1.00 | YES=0.99/1.00 NO=0.00/0.01 | T-108s
[2m2026-03-15T05:28:15.102310Z[0m [32m INFO[0m   sol-updown-15m-1773551700 | open=88.19 cl=88.34 bn=88.33 d=+0.1684% | s=35.0% fy=0.95 | YES=0.93/0.96 NO=0.04/0.07 | T-108s
[2m2026-03-15T05:28:15.102312Z[0m [32m INFO[0m ===================================================================
[2m2026-03-15T05:28:15.102315Z[0m [32m INFO[0m [SCANNER] signals=55380 settles=48 cl=64662 bn=29792 whales=0 markets=3 books=864 | http://0.0.0.0:8080
[2m2026-03-15T05:29:15.398963Z[0m [32m INFO[0m --- SCAN ----------------------------------------------------------
[2m2026-03-15T05:29:15.398981Z[0m [32m INFO[0m   btc-updown-15m-1773551700 | open=71549.62 cl=71643.35 bn=71636.46 d=+0.1310% | s=30.0% fy=0.90 | YES=0.99/0.99 NO=0.01/0.01 | T-47s
[2m2026-03-15T05:29:15.398983Z[0m [32m INFO[0m   eth-updown-15m-1773551700 | open=2104.00 cl=2109.71 bn=2109.21 d=+0.2715% | s=30.0% fy=1.00 | YES=1.00/1.00 NO=0.00/0.00 | T-47s
[2m2026-03-15T05:29:15.398985Z[0m [32m INFO[0m   sol-updown-15m-1773551700 | open=88.19 cl=88.35 bn=88.35 d=+0.1845% | s=34.1% fy=0.97 | YES=0.99/1.00 NO=0.00/0.01 | T-47s
[2m2026-03-15T05:29:15.398987Z[0m [32m INFO[0m ===================================================================
[2m2026-03-15T05:29:15.398993Z[0m [32m INFO[0m [SCANNER] signals=55725 settles=48 cl=64811 bn=29848 whales=0 markets=3 books=864 | http://0.0.0.0:8080
[2m2026-03-15T05:29:31.179728Z[0m [32m INFO[0m [WHALE] Leaderboard loaded from https://data-api.polymarket.com/v1/leaderboard?category=CRYPTO&orderBy=PNL&limit=50 (50 entries)
[2m2026-03-15T05:29:31.180058Z[0m [32m INFO[0m [WHALE] Tracking 50 wallets (top by PNL)
[2m2026-03-15T05:30:01.020382Z[0m [32m INFO[0m [CL_CLOSE] sol-updown-15m-1773551700 snap=88.35
[2m2026-03-15T05:30:01.020436Z[0m [32m INFO[0m [CL_CLOSE] eth-updown-15m-1773551700 snap=2109.64
[2m2026-03-15T05:30:01.020443Z[0m [32m INFO[0m [CL_CLOSE] btc-updown-15m-1773551700 snap=71641.80
[2m2026-03-15T05:30:05.031289Z[0m [32m INFO[0m [SETTLE] sol-updown-15m-1773551700 cl=88.35 bn=88.33 open=88.19 d=+0.1823% -> YES
[2m2026-03-15T05:30:05.031369Z[0m [32m INFO[0m [SETTLE] eth-updown-15m-1773551700 cl=2109.64 bn=2109.39 open=2104.00 d=+0.2680% -> YES
[2m2026-03-15T05:30:05.031381Z[0m [32m INFO[0m [SETTLE] btc-updown-15m-1773551700 cl=71641.80 bn=71630.27 open=71549.62 d=+0.1288% -> YES
[2m2026-03-15T05:30:13.166420Z[0m [32m INFO[0m [DISCOVER] New market: btc-updown-5m-1773552600
[2m2026-03-15T05:30:13.664254Z[0m [32m INFO[0m [DISCOVER] New market: btc-updown-15m-1773552600
[2m2026-03-15T05:30:15.174572Z[0m [32m INFO[0m [DISCOVER] New market: eth-updown-5m-1773552600
[2m2026-03-15T05:30:15.675340Z[0m [32m INFO[0m [DISCOVER] New market: eth-updown-15m-1773552600
[2m2026-03-15T05:30:17.177264Z[0m [32m INFO[0m [DISCOVER] New market: sol-updown-5m-1773552600
[2m2026-03-15T05:30:17.681218Z[0m [32m INFO[0m [DISCOVER] New market: sol-updown-15m-1773552600
[2m2026-03-15T05:30:18.669960Z[0m [33m WARN[0m [OPEN] btc-updown-5m-1773552600 skipped: joined 13s late (grace=5s), CL has drifted
[2m2026-03-15T05:30:18.669993Z[0m [33m WARN[0m [OPEN] sol-updown-5m-1773552600 skipped: joined 13s late (grace=5s), CL has drifted
[2m2026-03-15T05:30:18.669996Z[0m [32m INFO[0m [OPEN] sol-updown-15m-1773552600 open_price=88.33
[2m2026-03-15T05:30:18.670000Z[0m [32m INFO[0m [OPEN] eth-updown-15m-1773552600 open_price=2109.64
[2m2026-03-15T05:30:18.670002Z[0m [32m INFO[0m [OPEN] btc-updown-15m-1773552600 open_price=71639.61
[2m2026-03-15T05:30:18.670004Z[0m [33m WARN[0m [OPEN] eth-updown-5m-1773552600 skipped: joined 13s late (grace=5s), CL has drifted
[2m2026-03-15T05:30:18.670053Z[0m [32m INFO[0m --- SCAN ----------------------------------------------------------
[2m2026-03-15T05:30:18.670055Z[0m [32m INFO[0m   btc-updown-15m-1773552600 | open=71639.61 cl=71639.61 bn=71630.27 d=+0.0000% | s=30.0% fy=0.50 | YES=--/-- NO=--/-- | T-887s
[2m2026-03-15T05:30:18.670057Z[0m [32m INFO[0m   eth-updown-15m-1773552600 | open=2109.64 cl=2109.64 bn=2109.30 d=+0.0000% | s=30.0% fy=0.50 | YES=--/-- NO=--/-- | T-887s
[2m2026-03-15T05:30:18.670058Z[0m [32m INFO[0m   sol-updown-15m-1773552600 | open=88.33 cl=88.33 bn=88.33 d=+0.0000% | s=30.1% fy=0.50 | YES=--/-- NO=--/-- | T-887s
[2m2026-03-15T05:30:18.670060Z[0m [32m INFO[0m ===================================================================
[2m2026-03-15T05:30:18.670063Z[0m [32m INFO[0m [SCANNER] signals=55812 settles=51 cl=64947 bn=29913 whales=0 markets=3 books=864 | http://0.0.0.0:8080
[2m2026-03-15T05:31:15.948380Z[0m [32m INFO[0m --- SCAN ----------------------------------------------------------
[2m2026-03-15T05:31:15.948405Z[0m [32m INFO[0m   btc-updown-15m-1773552600 | open=71639.61 cl=71639.23 bn=71630.28 d=-0.0005% | s=30.0% fy=0.50 | YES=0.45/0.46 NO=0.54/0.55 | T-827s
[2m2026-03-15T05:31:15.948409Z[0m [32m INFO[0m   eth-updown-15m-1773552600 | open=2109.64 cl=2110.18 bn=2109.79 d=+0.0257% | s=30.0% fy=0.57 | YES=0.45/0.46 NO=0.54/0.55 | T-827s
[2m2026-03-15T05:31:15.948412Z[0m [32m INFO[0m   sol-updown-15m-1773552600 | open=88.33 cl=88.36 bn=88.36 d=+0.0313% | s=30.0% fy=0.58 | YES=0.50/0.52 NO=0.48/0.50 | T-827s
[2m2026-03-15T05:31:15.948420Z[0m [32m INFO[0m ===================================================================
[2m2026-03-15T05:31:15.948424Z[0m [32m INFO[0m [SCANNER] signals=56127 settles=51 cl=65068 bn=29944 whales=0 markets=3 books=876 | http://0.0.0.0:8080
[2m2026-03-15T05:32:13.629895Z[0m [32m INFO[0m [PRUNE] Removed 6 expired markets
[2m2026-03-15T05:32:16.352220Z[0m [32m INFO[0m --- SCAN ----------------------------------------------------------
[2m2026-03-15T05:32:16.352237Z[0m [32m INFO[0m   btc-updown-15m-1773552600 | open=71639.61 cl=71600.45 bn=71576.93 d=-0.0547% | s=30.0% fy=0.36 | YES=0.37/0.38 NO=0.62/0.63 | T-766s
[2m2026-03-15T05:32:16.352240Z[0m [32m INFO[0m   eth-updown-15m-1773552600 | open=2109.64 cl=2108.97 bn=2108.48 d=-0.0315% | s=30.0% fy=0.42 | YES=0.39/0.40 NO=0.60/0.61 | T-766s
[2m2026-03-15T05:32:16.352243Z[0m [32m INFO[0m   sol-updown-15m-1773552600 | open=88.33 cl=88.29 bn=88.29 d=-0.0476% | s=30.0% fy=0.37 | YES=0.36/0.37 NO=0.63/0.64 | T-766s
[2m2026-03-15T05:32:16.352246Z[0m [32m INFO[0m ===================================================================
[2m2026-03-15T05:32:16.352250Z[0m [32m INFO[0m [SCANNER] signals=56472 settles=51 cl=65190 bn=30000 whales=0 markets=3 books=876 | http://0.0.0.0:8080
[2m2026-03-15T05:33:16.650394Z[0m [32m INFO[0m --- SCAN ----------------------------------------------------------
[2m2026-03-15T05:33:16.650420Z[0m [32m INFO[0m   btc-updown-15m-1773552600 | open=71639.61 cl=71633.63 bn=71624.42 d=-0.0083% | s=30.0% fy=0.48 | YES=0.44/0.45 NO=0.55/0.56 | T-706s
[2m2026-03-15T05:33:16.650423Z[0m [32m INFO[0m   eth-updown-15m-1773552600 | open=2109.64 cl=2109.92 bn=2109.48 d=+0.0134% | s=30.0% fy=0.54 | YES=0.46/0.47 NO=0.53/0.54 | T-706s
[2m2026-03-15T05:33:16.650427Z[0m [32m INFO[0m   sol-updown-15m-1773552600 | open=88.33 cl=88.38 bn=88.38 d=+0.0530% | s=30.0% fy=0.65 | YES=0.53/0.55 NO=0.45/0.47 | T-706s
[2m2026-03-15T05:33:16.650430Z[0m [32m INFO[0m ===================================================================
[2m2026-03-15T05:33:16.650435Z[0m [32m INFO[0m [SCANNER] signals=56817 settles=51 cl=65334 bn=30062 whales=0 markets=3 books=876 | http://0.0.0.0:8080
[2m2026-03-15T05:34:16.946569Z[0m [32m INFO[0m --- SCAN ----------------------------------------------------------
[2m2026-03-15T05:34:16.946597Z[0m [32m INFO[0m   btc-updown-15m-1773552600 | open=71639.61 cl=71655.25 bn=71645.41 d=+0.0218% | s=30.0% fy=0.56 | YES=0.52/0.53 NO=0.47/0.48 | T-646s
[2m2026-03-15T05:34:16.946600Z[0m [32m INFO[0m   eth-updown-15m-1773552600 | open=2109.64 cl=2110.92 bn=2110.68 d=+0.0609% | s=30.0% fy=0.67 | YES=0.57/0.58 NO=0.42/0.43 | T-646s
[2m2026-03-15T05:34:16.946603Z[0m [32m INFO[0m   sol-updown-15m-1773552600 | open=88.33 cl=88.43 bn=88.43 d=+0.1140% | s=30.0% fy=0.80 | YES=0.67/0.68 NO=0.32/0.33 | T-646s
[2m2026-03-15T05:34:16.946606Z[0m [32m INFO[0m ===================================================================
[2m2026-03-15T05:34:16.946610Z[0m [32m INFO[0m [SCANNER] signals=57162 settles=51 cl=65481 bn=30142 whales=0 markets=3 books=876 | http://0.0.0.0:8080
[2m2026-03-15T05:34:39.297026Z[0m [32m INFO[0m [WHALE] Leaderboard loaded from https://data-api.polymarket.com/v1/leaderboard?category=CRYPTO&orderBy=PNL&limit=50 (50 entries)
[2m2026-03-15T05:34:39.297359Z[0m [32m INFO[0m [WHALE] Tracking 50 wallets (top by PNL)
[2m2026-03-15T05:35:14.747108Z[0m [32m INFO[0m [DISCOVER] New market: btc-updown-5m-1773552900
[2m2026-03-15T05:35:16.248938Z[0m [32m INFO[0m [DISCOVER] New market: eth-updown-5m-1773552900
[2m2026-03-15T05:35:17.751178Z[0m [32m INFO[0m [DISCOVER] New market: sol-updown-5m-1773552900
[2m2026-03-15T05:35:18.746340Z[0m [33m WARN[0m [OPEN] sol-updown-5m-1773552900 skipped: joined 14s late (grace=5s), CL has drifted
[2m2026-03-15T05:35:18.746379Z[0m [33m WARN[0m [OPEN] btc-updown-5m-1773552900 skipped: joined 14s late (grace=5s), CL has drifted
[2m2026-03-15T05:35:18.746722Z[0m [33m WARN[0m [OPEN] eth-updown-5m-1773552900 skipped: joined 14s late (grace=5s), CL has drifted
[2m2026-03-15T05:35:18.746944Z[0m [32m INFO[0m --- SCAN ----------------------------------------------------------
[2m2026-03-15T05:35:18.746950Z[0m [32m INFO[0m   btc-updown-15m-1773552600 | open=71639.61 cl=71621.93 bn=71613.31 d=-0.0247% | s=30.0% fy=0.42 | YES=0.38/0.39 NO=0.61/0.62 | T-585s
[2m2026-03-15T05:35:18.746952Z[0m [32m INFO[0m   eth-updown-15m-1773552600 | open=2109.64 cl=2110.36 bn=2110.18 d=+0.0341% | s=30.0% fy=0.60 | YES=0.51/0.52 NO=0.48/0.49 | T-585s
[2m2026-03-15T05:35:18.746955Z[0m [32m INFO[0m   sol-updown-15m-1773552600 | open=88.33 cl=88.42 bn=88.41 d=+0.0930% | s=31.4% fy=0.75 | YES=0.64/0.65 NO=0.35/0.36 | T-585s
[2m2026-03-15T05:35:18.746957Z[0m [32m INFO[0m ===================================================================
[2m2026-03-15T05:35:18.746960Z[0m [32m INFO[0m [SCANNER] signals=57507 settles=51 cl=65632 bn=30215 whales=0 markets=3 books=876 | http://0.0.0.0:8080
[2m2026-03-15T05:36:17.546499Z[0m [32m INFO[0m --- SCAN ----------------------------------------------------------
[2m2026-03-15T05:36:17.546523Z[0m [32m INFO[0m   btc-updown-15m-1773552600 | open=71639.61 cl=71619.69 bn=71614.00 d=-0.0278% | s=30.0% fy=0.41 | YES=0.40/0.41 NO=0.59/0.60 | T-525s
[2m2026-03-15T05:36:17.546527Z[0m [32m INFO[0m   eth-updown-15m-1773552600 | open=2109.64 cl=2110.17 bn=2110.06 d=+0.0254% | s=30.0% fy=0.58 | YES=0.52/0.53 NO=0.47/0.48 | T-525s
[2m2026-03-15T05:36:17.546530Z[0m [32m INFO[0m   sol-updown-15m-1773552600 | open=88.33 cl=88.40 bn=88.39 d=+0.0725% | s=31.6% fy=0.71 | YES=0.60/0.61 NO=0.39/0.40 | T-525s
[2m2026-03-15T05:36:17.546533Z[0m [32m INFO[0m ===================================================================
[2m2026-03-15T05:36:17.546537Z[0m [32m INFO[0m [SCANNER] signals=57843 settles=51 cl=65781 bn=30265 whales=0 markets=3 books=882 | http://0.0.0.0:8080
[2m2026-03-15T05:37:15.235283Z[0m [32m INFO[0m [PRUNE] Removed 3 expired markets
[2m2026-03-15T05:37:17.958004Z[0m [32m INFO[0m --- SCAN ----------------------------------------------------------
[2m2026-03-15T05:37:17.958022Z[0m [32m INFO[0m   btc-updown-15m-1773552600 | open=71639.61 cl=71616.92 bn=71606.02 d=-0.0317% | s=30.0% fy=0.39 | YES=0.36/0.37 NO=0.63/0.64 | T-465s
[2m2026-03-15T05:37:17.958024Z[0m [32m INFO[0m   eth-updown-15m-1773552600 | open=2109.64 cl=2110.49 bn=2110.02 d=+0.0405% | s=30.0% fy=0.64 | YES=0.54/0.55 NO=0.45/0.46 | T-465s
[2m2026-03-15T05:37:17.958026Z[0m [32m INFO[0m   sol-updown-15m-1773552600 | open=88.33 cl=88.46 bn=88.46 d=+0.1408% | s=48.8% fy=0.77 | YES=0.72/0.73 NO=0.27/0.28 | T-465s
[2m2026-03-15T05:37:17.958028Z[0m [32m INFO[0m ===================================================================
[2m2026-03-15T05:37:17.958030Z[0m [32m INFO[0m [SCANNER] signals=58188 settles=51 cl=65934 bn=30345 whales=0 markets=3 books=882 | http://0.0.0.0:8080
[2m2026-03-15T05:38:18.253564Z[0m [32m INFO[0m --- SCAN ----------------------------------------------------------
[2m2026-03-15T05:38:18.253583Z[0m [32m INFO[0m   btc-updown-15m-1773552600 | open=71639.61 cl=71605.44 bn=71597.33 d=-0.0477% | s=30.0% fy=0.33 | YES=0.29/0.30 NO=0.70/0.71 | T-404s
[2m2026-03-15T05:38:18.253585Z[0m [32m INFO[0m   eth-updown-15m-1773552600 | open=2109.64 cl=2110.47 bn=2110.20 d=+0.0397% | s=30.0% fy=0.64 | YES=0.57/0.58 NO=0.42/0.43 | T-404s
[2m2026-03-15T05:38:18.253587Z[0m [32m INFO[0m   sol-updown-15m-1773552600 | open=88.33 cl=88.50 bn=88.50 d=+0.1930% | s=51.2% fy=0.85 | YES=0.83/0.84 NO=0.16/0.17 | T-404s
[2m2026-03-15T05:38:18.253589Z[0m [32m INFO[0m ===================================================================
[2m2026-03-15T05:38:18.253591Z[0m [32m INFO[0m [SCANNER] signals=58533 settles=51 cl=66074 bn=30415 whales=0 markets=3 books=882 | http://0.0.0.0:8080
[2m2026-03-15T05:39:18.551038Z[0m [32m INFO[0m --- SCAN ----------------------------------------------------------
[2m2026-03-15T05:39:18.551066Z[0m [32m INFO[0m   btc-updown-15m-1773552600 | open=71639.61 cl=71624.49 bn=71627.15 d=-0.0211% | s=30.0% fy=0.42 | YES=0.40/0.41 NO=0.59/0.60 | T-344s
[2m2026-03-15T05:39:18.551076Z[0m [32m INFO[0m   eth-updown-15m-1773552600 | open=2109.64 cl=2111.56 bn=2111.77 d=+0.0911% | s=30.0% fy=0.82 | YES=0.75/0.76 NO=0.24/0.25 | T-344s
[2m2026-03-15T05:39:18.551079Z[0m [32m INFO[0m   sol-updown-15m-1773552600 | open=88.33 cl=88.53 bn=88.53 d=+0.2184% | s=48.6% fy=0.91 | YES=0.90/0.91 NO=0.09/0.10 | T-344s
[2m2026-03-15T05:39:18.551082Z[0m [32m INFO[0m ===================================================================
[2m2026-03-15T05:39:18.551085Z[0m [32m INFO[0m [SCANNER] signals=58878 settles=51 cl=66197 bn=30471 whales=0 markets=3 books=882 | http://0.0.0.0:8080
[2m2026-03-15T05:39:48.026530Z[0m [32m INFO[0m [WHALE] Leaderboard loaded from https://data-api.polymarket.com/v1/leaderboard?category=CRYPTO&orderBy=PNL&limit=50 (50 entries)
[2m2026-03-15T05:39:48.026875Z[0m [32m INFO[0m [WHALE] Tracking 50 wallets (top by PNL)
[2m2026-03-15T05:40:16.351477Z[0m [32m INFO[0m [DISCOVER] New market: btc-updown-5m-1773553200
[2m2026-03-15T05:40:17.852560Z[0m [32m INFO[0m [DISCOVER] New market: eth-updown-5m-1773553200
[2m2026-03-15T05:40:19.365423Z[0m [32m INFO[0m [DISCOVER] New market: sol-updown-5m-1773553200
[2m2026-03-15T05:40:20.353588Z[0m [33m WARN[0m [OPEN] btc-updown-5m-1773553200 skipped: joined 16s late (grace=5s), CL has drifted
[2m2026-03-15T05:40:20.353715Z[0m [33m WARN[0m [OPEN] sol-updown-5m-1773553200 skipped: joined 16s late (grace=5s), CL has drifted
[2m2026-03-15T05:40:20.353837Z[0m [33m WARN[0m [OPEN] eth-updown-5m-1773553200 skipped: joined 16s late (grace=5s), CL has drifted
[2m2026-03-15T05:40:20.353870Z[0m [32m INFO[0m --- SCAN ----------------------------------------------------------
[2m2026-03-15T05:40:20.353873Z[0m [32m INFO[0m   btc-updown-15m-1773552600 | open=71639.61 cl=71673.02 bn=71698.39 d=+0.0466% | s=30.0% fy=0.68 | YES=0.70/0.71 NO=0.29/0.30 | T-284s
[2m2026-03-15T05:40:20.353875Z[0m [32m INFO[0m   eth-updown-15m-1773552600 | open=2109.64 cl=2114.48 bn=2115.55 d=+0.2298% | s=30.0% fy=0.99 | YES=0.96/0.97 NO=0.03/0.04 | T-284s
[2m2026-03-15T05:40:20.353876Z[0m [32m INFO[0m   sol-updown-15m-1773552600 | open=88.33 cl=88.57 bn=88.60 d=+0.2693% | s=48.0% fy=0.97 | YES=0.96/0.97 NO=0.03/0.04 | T-284s
[2m2026-03-15T05:40:20.353878Z[0m [32m INFO[0m ===================================================================
[2m2026-03-15T05:40:20.353881Z[0m [32m INFO[0m [SCANNER] signals=59223 settles=51 cl=66339 bn=30536 whales=0 markets=3 books=882 | http://0.0.0.0:8080
[2m2026-03-15T05:41:19.178788Z[0m [32m INFO[0m --- SCAN ----------------------------------------------------------
[2m2026-03-15T05:41:19.178809Z[0m [32m INFO[0m   btc-updown-15m-1773552600 | open=71639.61 cl=71700.77 bn=71690.47 d=+0.0854% | s=30.0% fy=0.80 | YES=0.84/0.85 NO=0.15/0.16 | T-223s
[2m2026-03-15T05:41:19.178811Z[0m [32m INFO[0m   eth-updown-15m-1773552600 | open=2109.64 cl=2115.42 bn=2115.18 d=+0.2739% | s=30.0% fy=1.00 | YES=0.98/0.99 NO=0.00/0.01 | T-223s
[2m2026-03-15T05:41:19.178813Z[0m [32m INFO[0m   sol-updown-15m-1773552600 | open=88.33 cl=88.60 bn=88.59 d=+0.3016% | s=49.8% fy=0.99 | YES=0.98/0.99 NO=0.01/0.02 | T-223s
[2m2026-03-15T05:41:19.178815Z[0m [32m INFO[0m ===================================================================
[2m2026-03-15T05:41:19.178818Z[0m [32m INFO[0m [SCANNER] signals=59559 settles=51 cl=66487 bn=30617 whales=0 markets=3 books=888 | http://0.0.0.0:8080
[2m2026-03-15T05:42:16.873561Z[0m [32m INFO[0m [PRUNE] Removed 3 expired markets
[2m2026-03-15T05:42:19.601876Z[0m [32m INFO[0m --- SCAN ----------------------------------------------------------
[2m2026-03-15T05:42:19.601892Z[0m [32m INFO[0m   btc-updown-15m-1773552600 | open=71639.61 cl=71680.99 bn=71674.64 d=+0.0578% | s=30.0% fy=0.72 | YES=0.88/0.89 NO=0.11/0.12 | T-163s
[2m2026-03-15T05:42:19.601894Z[0m [32m INFO[0m   eth-updown-15m-1773552600 | open=2109.64 cl=2115.09 bn=2114.83 d=+0.2584% | s=30.0% fy=1.00 | YES=0.98/0.99 NO=0.00/0.01 | T-163s
[2m2026-03-15T05:42:19.601900Z[0m [32m INFO[0m   sol-updown-15m-1773552600 | open=88.33 cl=88.57 bn=88.57 d=+0.2694% | s=33.2% fy=1.00 | YES=0.98/0.99 NO=0.00/0.01 | T-163s
[2m2026-03-15T05:42:19.601901Z[0m [32m INFO[0m ===================================================================
[2m2026-03-15T05:42:19.601903Z[0m [32m INFO[0m [SCANNER] signals=59904 settles=51 cl=66609 bn=30680 whales=0 markets=3 books=888 | http://0.0.0.0:8080
[2m2026-03-15T05:43:19.892898Z[0m [32m INFO[0m --- SCAN ----------------------------------------------------------
[2m2026-03-15T05:43:19.892919Z[0m [32m INFO[0m   btc-updown-15m-1773552600 | open=71639.61 cl=71660.31 bn=71651.82 d=+0.0289% | s=30.0% fy=0.61 | YES=0.73/0.74 NO=0.26/0.27 | T-103s
[2m2026-03-15T05:43:19.892921Z[0m [32m INFO[0m   eth-updown-15m-1773552600 | open=2109.64 cl=2114.29 bn=2114.00 d=+0.2206% | s=30.0% fy=0.99 | YES=1.00/1.00 NO=0.00/0.00 | T-103s
[2m2026-03-15T05:43:19.892923Z[0m [32m INFO[0m   sol-updown-15m-1773552600 | open=88.33 cl=88.54 bn=88.53 d=+0.2359% | s=30.0% fy=0.99 | YES=0.99/1.00 NO=0.00/0.01 | T-103s
[2m2026-03-15T05:43:19.892925Z[0m [32m INFO[0m ===================================================================
[2m2026-03-15T05:43:19.892928Z[0m [32m INFO[0m [SCANNER] signals=60249 settles=51 cl=66761 bn=30744 whales=0 markets=3 books=888 | http://0.0.0.0:8080
[2m2026-03-15T05:44:20.190346Z[0m [32m INFO[0m --- SCAN ----------------------------------------------------------
[2m2026-03-15T05:44:20.190365Z[0m [32m INFO[0m   btc-updown-15m-1773552600 | open=71639.61 cl=71626.79 bn=71619.95 d=-0.0179% | s=30.0% fy=0.43 | YES=0.32/0.42 NO=0.58/0.68 | T-42s
[2m2026-03-15T05:44:20.190367Z[0m [32m INFO[0m   eth-updown-15m-1773552600 | open=2109.64 cl=2112.59 bn=2112.25 d=+0.1400% | s=30.0% fy=0.92 | YES=1.00/1.00 NO=0.00/0.00 | T-42s
[2m2026-03-15T05:44:20.190369Z[0m [32m INFO[0m   sol-updown-15m-1773552600 | open=88.33 cl=88.47 bn=88.47 d=+0.1530% | s=30.0% fy=0.94 | YES=0.99/1.00 NO=0.00/0.01 | T-42s
[2m2026-03-15T05:44:20.190371Z[0m [32m INFO[0m ===================================================================
[2m2026-03-15T05:44:20.190373Z[0m [32m INFO[0m [SCANNER] signals=60594 settles=51 cl=66893 bn=30800 whales=0 markets=3 books=888 | http://0.0.0.0:8080
[2m2026-03-15T05:44:57.233121Z[0m [32m INFO[0m [WHALE] Leaderboard loaded from https://data-api.polymarket.com/v1/leaderboard?category=CRYPTO&orderBy=PNL&limit=50 (50 entries)
[2m2026-03-15T05:44:57.233346Z[0m [32m INFO[0m [WHALE] Tracking 50 wallets (top by PNL)
[2m2026-03-15T05:45:01.299035Z[0m [32m INFO[0m [CL_CLOSE] sol-updown-15m-1773552600 snap=88.50
[2m2026-03-15T05:45:01.299094Z[0m [32m INFO[0m [CL_CLOSE] eth-updown-15m-1773552600 snap=2113.01
[2m2026-03-15T05:45:01.299100Z[0m [32m INFO[0m [CL_CLOSE] btc-updown-15m-1773552600 snap=71652.55
[2m2026-03-15T05:45:05.310862Z[0m [32m INFO[0m [SETTLE] sol-updown-15m-1773552600 cl=88.50 bn=88.48 open=88.33 d=+0.1913% -> YES
[2m2026-03-15T05:45:05.310953Z[0m [32m INFO[0m [SETTLE] eth-updown-15m-1773552600 cl=2113.01 bn=2112.39 open=2109.64 d=+0.1597% -> YES
[2m2026-03-15T05:45:05.310967Z[0m [32m INFO[0m [SETTLE] btc-updown-15m-1773552600 cl=71652.55 bn=71643.82 open=71639.61 d=+0.0181% -> YES
[2m2026-03-15T05:45:17.953480Z[0m [32m INFO[0m [DISCOVER] New market: btc-updown-5m-1773553500
[2m2026-03-15T05:45:18.458195Z[0m [32m INFO[0m [DISCOVER] New market: btc-updown-15m-1773553500
[2m2026-03-15T05:45:19.956249Z[0m [32m INFO[0m [DISCOVER] New market: eth-updown-5m-1773553500
[2m2026-03-15T05:45:20.459324Z[0m [32m INFO[0m [DISCOVER] New market: eth-updown-15m-1773553500
[2m2026-03-15T05:45:21.963185Z[0m [32m INFO[0m [DISCOVER] New market: sol-updown-5m-1773553500
[2m2026-03-15T05:45:22.467203Z[0m [32m INFO[0m [DISCOVER] New market: sol-updown-15m-1773553500
[2m2026-03-15T05:45:23.459273Z[0m [33m WARN[0m [OPEN] sol-updown-15m-1773553500 skipped: joined 17s late (grace=15s), CL has drifted
[2m2026-03-15T05:45:23.459354Z[0m [33m WARN[0m [OPEN] btc-updown-5m-1773553500 skipped: joined 17s late (grace=5s), CL has drifted
[2m2026-03-15T05:45:23.459357Z[0m [33m WARN[0m [OPEN] eth-updown-15m-1773553500 skipped: joined 17s late (grace=15s), CL has drifted
[2m2026-03-15T05:45:23.459359Z[0m [33m WARN[0m [OPEN] btc-updown-15m-1773553500 skipped: joined 17s late (grace=15s), CL has drifted
[2m2026-03-15T05:45:23.459360Z[0m [33m WARN[0m [OPEN] eth-updown-5m-1773553500 skipped: joined 17s late (grace=5s), CL has drifted
[2m2026-03-15T05:45:23.459362Z[0m [33m WARN[0m [OPEN] sol-updown-5m-1773553500 skipped: joined 17s late (grace=5s), CL has drifted
[2m2026-03-15T05:45:23.459364Z[0m [32m INFO[0m [SCANNER] signals=60651 settles=54 cl=67043 bn=30853 whales=0 markets=0 books=888 | http://0.0.0.0:8080
[2m2026-03-15T05:46:20.691549Z[0m [32m INFO[0m [SCANNER] signals=60651 settles=54 cl=67158 bn=30898 whales=0 markets=0 books=900 | http://0.0.0.0:8080
[2m2026-03-15T05:47:18.327721Z[0m [32m INFO[0m [PRUNE] Removed 6 expired markets
[2m2026-03-15T05:47:21.052295Z[0m [32m INFO[0m [SCANNER] signals=60651 settles=54 cl=67298 bn=30959 whales=0 markets=0 books=900 | http://0.0.0.0:8080
[2m2026-03-15T05:48:21.295775Z[0m [32m INFO[0m [SCANNER] signals=60651 settles=54 cl=67424 bn=31007 whales=0 markets=0 books=900 | http://0.0.0.0:8080
[2m2026-03-15T05:49:21.549728Z[0m [32m INFO[0m [SCANNER] signals=60651 settles=54 cl=67551 bn=31085 whales=0 markets=0 books=900 | http://0.0.0.0:8080
[2m2026-03-15T05:50:04.464458Z[0m [32m INFO[0m [WHALE] Leaderboard loaded from https://data-api.polymarket.com/v1/leaderboard?category=CRYPTO&orderBy=PNL&limit=50 (50 entries)
[2m2026-03-15T05:50:04.464741Z[0m [32m INFO[0m [WHALE] Tracking 50 wallets (top by PNL)
[2m2026-03-15T05:50:19.298339Z[0m [32m INFO[0m [DISCOVER] New market: btc-updown-5m-1773553800
[2m2026-03-15T05:50:20.795732Z[0m [32m INFO[0m [DISCOVER] New market: eth-updown-5m-1773553800
[2m2026-03-15T05:50:22.302711Z[0m [32m INFO[0m [DISCOVER] New market: sol-updown-5m-1773553800
[2m2026-03-15T05:50:23.294735Z[0m [33m WARN[0m [OPEN] eth-updown-5m-1773553800 skipped: joined 19s late (grace=5s), CL has drifted
[2m2026-03-15T05:50:23.294797Z[0m [33m WARN[0m [OPEN] sol-updown-5m-1773553800 skipped: joined 19s late (grace=5s), CL has drifted
[2m2026-03-15T05:50:23.294803Z[0m [33m WARN[0m [OPEN] btc-updown-5m-1773553800 skipped: joined 19s late (grace=5s), CL has drifted
[2m2026-03-15T05:50:23.294808Z[0m [32m INFO[0m [SCANNER] signals=60651 settles=54 cl=67698 bn=31167 whales=0 markets=0 books=900 | http://0.0.0.0:8080
[2m2026-03-15T05:51:22.029714Z[0m [32m INFO[0m [SCANNER] signals=60651 settles=54 cl=67824 bn=31237 whales=0 markets=0 books=906 | http://0.0.0.0:8080
[2m2026-03-15T05:52:19.665403Z[0m [32m INFO[0m [PRUNE] Removed 3 expired markets
[2m2026-03-15T05:52:22.389598Z[0m [32m INFO[0m [SCANNER] signals=60651 settles=54 cl=67965 bn=31301 whales=0 markets=0 books=906 | http://0.0.0.0:8080
[2m2026-03-15T05:53:22.632366Z[0m [32m INFO[0m [SCANNER] signals=60651 settles=54 cl=68097 bn=31363 whales=0 markets=0 books=906 | http://0.0.0.0:8080
[2m2026-03-15T05:54:22.875686Z[0m [32m INFO[0m [SCANNER] signals=60651 settles=54 cl=68240 bn=31438 whales=0 markets=0 books=906 | http://0.0.0.0:8080
[2m2026-03-15T05:55:07.823310Z[0m [32m INFO[0m [WHALE] Leaderboard loaded from https://data-api.polymarket.com/v1/leaderboard?category=CRYPTO&orderBy=PNL&limit=50 (50 entries)
[2m2026-03-15T05:55:07.823625Z[0m [32m INFO[0m [WHALE] Tracking 50 wallets (top by PNL)
[2m2026-03-15T05:55:20.632627Z[0m [32m INFO[0m [DISCOVER] New market: btc-updown-5m-1773554100
[2m2026-03-15T05:55:22.131493Z[0m [32m INFO[0m [DISCOVER] New market: eth-updown-5m-1773554100
[2m2026-03-15T05:55:23.632103Z[0m [32m INFO[0m [DISCOVER] New market: sol-updown-5m-1773554100
[2m2026-03-15T05:55:24.626614Z[0m [33m WARN[0m [OPEN] eth-updown-5m-1773554100 skipped: joined 20s late (grace=5s), CL has drifted
[2m2026-03-15T05:55:24.626666Z[0m [33m WARN[0m [OPEN] sol-updown-5m-1773554100 skipped: joined 20s late (grace=5s), CL has drifted
[2m2026-03-15T05:55:24.626670Z[0m [33m WARN[0m [OPEN] btc-updown-5m-1773554100 skipped: joined 20s late (grace=5s), CL has drifted
[2m2026-03-15T05:55:24.626673Z[0m [32m INFO[0m [SCANNER] signals=60651 settles=54 cl=68378 bn=31514 whales=0 markets=0 books=906 | http://0.0.0.0:8080
[2m2026-03-15T05:56:23.368576Z[0m [32m INFO[0m [SCANNER] signals=60651 settles=54 cl=68483 bn=31567 whales=0 markets=0 books=912 | http://0.0.0.0:8080
[2m2026-03-15T05:57:21.007797Z[0m [32m INFO[0m [PRUNE] Removed 3 expired markets
[2m2026-03-15T05:57:23.736082Z[0m [32m INFO[0m [SCANNER] signals=60651 settles=54 cl=68622 bn=31622 whales=0 markets=0 books=912 | http://0.0.0.0:8080
[2m2026-03-15T05:58:23.971939Z[0m [32m INFO[0m [SCANNER] signals=60651 settles=54 cl=68756 bn=31659 whales=0 markets=0 books=912 | http://0.0.0.0:8080
[2m2026-03-15T05:59:24.212269Z[0m [32m INFO[0m [SCANNER] signals=60651 settles=54 cl=68874 bn=31688 whales=0 markets=0 books=912 | http://0.0.0.0:8080
[2m2026-03-15T06:00:11.147849Z[0m [32m INFO[0m [WHALE] Leaderboard loaded from https://data-api.polymarket.com/v1/leaderboard?category=CRYPTO&orderBy=PNL&limit=50 (50 entries)
[2m2026-03-15T06:00:11.148105Z[0m [32m INFO[0m [WHALE] Tracking 50 wallets (top by PNL)
[2m2026-03-15T06:00:21.971157Z[0m [32m INFO[0m [DISCOVER] New market: btc-updown-5m-1773554400
[2m2026-03-15T06:00:22.470973Z[0m [32m INFO[0m [DISCOVER] New market: btc-updown-15m-1773554400
[2m2026-03-15T06:00:23.975779Z[0m [32m INFO[0m [DISCOVER] New market: eth-updown-5m-1773554400
[2m2026-03-15T06:00:24.475140Z[0m [32m INFO[0m [DISCOVER] New market: eth-updown-15m-1773554400
[2m2026-03-15T06:00:25.977551Z[0m [32m INFO[0m [DISCOVER] New market: sol-updown-5m-1773554400
[2m2026-03-15T06:00:26.482388Z[0m [32m INFO[0m [DISCOVER] New market: sol-updown-15m-1773554400
[2m2026-03-15T06:00:27.480679Z[0m [33m WARN[0m [OPEN] btc-updown-5m-1773554400 skipped: joined 21s late (grace=5s), CL has drifted
[2m2026-03-15T06:00:27.480711Z[0m [33m WARN[0m [OPEN] eth-updown-5m-1773554400 skipped: joined 21s late (grace=5s), CL has drifted
[2m2026-03-15T06:00:27.480714Z[0m [33m WARN[0m [OPEN] sol-updown-5m-1773554400 skipped: joined 21s late (grace=5s), CL has drifted
[2m2026-03-15T06:00:27.480716Z[0m [33m WARN[0m [OPEN] btc-updown-15m-1773554400 skipped: joined 21s late (grace=15s), CL has drifted
[2m2026-03-15T06:00:27.480718Z[0m [33m WARN[0m [OPEN] sol-updown-15m-1773554400 skipped: joined 21s late (grace=15s), CL has drifted
[2m2026-03-15T06:00:27.480721Z[0m [33m WARN[0m [OPEN] eth-updown-15m-1773554400 skipped: joined 21s late (grace=15s), CL has drifted
[2m2026-03-15T06:00:27.480724Z[0m [32m INFO[0m [SCANNER] signals=60651 settles=54 cl=69012 bn=31752 whales=0 markets=0 books=912 | http://0.0.0.0:8080
[2m2026-03-15T06:01:24.722722Z[0m [32m INFO[0m [SCANNER] signals=60651 settles=54 cl=69117 bn=31798 whales=0 markets=0 books=924 | http://0.0.0.0:8080
[2m2026-03-15T06:02:22.365194Z[0m [32m INFO[0m [PRUNE] Removed 6 expired markets
[2m2026-03-15T06:02:25.089670Z[0m [32m INFO[0m [SCANNER] signals=60651 settles=54 cl=69238 bn=31853 whales=0 markets=0 books=924 | http://0.0.0.0:8080
[2m2026-03-15T06:03:25.334565Z[0m [32m INFO[0m [SCANNER] signals=60651 settles=54 cl=69378 bn=31925 whales=0 markets=0 books=924 | http://0.0.0.0:8080
[2m2026-03-15T06:04:25.578814Z[0m [32m INFO[0m [SCANNER] signals=60651 settles=54 cl=69512 bn=31972 whales=0 markets=0 books=924 | http://0.0.0.0:8080
[2m2026-03-15T06:05:16.516597Z[0m [32m INFO[0m [WHALE] Leaderboard loaded from https://data-api.polymarket.com/v1/leaderboard?category=CRYPTO&orderBy=PNL&limit=50 (50 entries)
[2m2026-03-15T06:05:16.516844Z[0m [32m INFO[0m [WHALE] Tracking 50 wallets (top by PNL)
[2m2026-03-15T06:05:23.336497Z[0m [32m INFO[0m [DISCOVER] New market: btc-updown-5m-1773554700
[2m2026-03-15T06:05:24.839127Z[0m [32m INFO[0m [DISCOVER] New market: eth-updown-5m-1773554700
[2m2026-03-15T06:05:26.343435Z[0m [32m INFO[0m [DISCOVER] New market: sol-updown-5m-1773554700
[2m2026-03-15T06:05:27.333636Z[0m [33m WARN[0m [OPEN] sol-updown-5m-1773554700 skipped: joined 23s late (grace=5s), CL has drifted
[2m2026-03-15T06:05:27.333668Z[0m [33m WARN[0m [OPEN] btc-updown-5m-1773554700 skipped: joined 23s late (grace=5s), CL has drifted
[2m2026-03-15T06:05:27.333671Z[0m [33m WARN[0m [OPEN] eth-updown-5m-1773554700 skipped: joined 23s late (grace=5s), CL has drifted
[2m2026-03-15T06:05:27.333674Z[0m [32m INFO[0m [SCANNER] signals=60651 settles=54 cl=69663 bn=32048 whales=0 markets=0 books=924 | http://0.0.0.0:8080
[2m2026-03-15T06:06:26.075652Z[0m [32m INFO[0m [SCANNER] signals=60651 settles=54 cl=69784 bn=32086 whales=0 markets=0 books=930 | http://0.0.0.0:8080
[2m2026-03-15T06:07:23.722281Z[0m [32m INFO[0m [PRUNE] Removed 3 expired markets
[2m2026-03-15T06:07:26.452673Z[0m [32m INFO[0m [SCANNER] signals=60651 settles=54 cl=69876 bn=32122 whales=0 markets=0 books=930 | http://0.0.0.0:8080
[2m2026-03-15T06:08:26.706921Z[0m [32m INFO[0m [SCANNER] signals=60651 settles=54 cl=69995 bn=32170 whales=0 markets=0 books=930 | http://0.0.0.0:8080
[2m2026-03-15T06:09:26.953276Z[0m [32m INFO[0m [SCANNER] signals=60651 settles=54 cl=70102 bn=32215 whales=0 markets=0 books=930 | http://0.0.0.0:8080
[2m2026-03-15T06:10:19.351195Z[0m [32m INFO[0m [WHALE] Leaderboard loaded from https://data-api.polymarket.com/v1/leaderboard?category=CRYPTO&orderBy=PNL&limit=50 (50 entries)
[2m2026-03-15T06:10:19.351502Z[0m [32m INFO[0m [WHALE] Tracking 50 wallets (top by PNL)
[2m2026-03-15T06:10:24.709623Z[0m [32m INFO[0m [DISCOVER] New market: btc-updown-5m-1773555000
[2m2026-03-15T06:10:26.213923Z[0m [32m INFO[0m [DISCOVER] New market: eth-updown-5m-1773555000
[2m2026-03-15T06:10:27.721964Z[0m [32m INFO[0m [DISCOVER] New market: sol-updown-5m-1773555000
[2m2026-03-15T06:10:28.707959Z[0m [33m WARN[0m [OPEN] btc-updown-5m-1773555000 skipped: joined 24s late (grace=5s), CL has drifted
[2m2026-03-15T06:10:28.708009Z[0m [33m WARN[0m [OPEN] sol-updown-5m-1773555000 skipped: joined 24s late (grace=5s), CL has drifted
[2m2026-03-15T06:10:28.708012Z[0m [33m WARN[0m [OPEN] eth-updown-5m-1773555000 skipped: joined 24s late (grace=5s), CL has drifted
[2m2026-03-15T06:10:28.708016Z[0m [32m INFO[0m [SCANNER] signals=60651 settles=54 cl=70228 bn=32255 whales=0 markets=0 books=930 | http://0.0.0.0:8080
[2m2026-03-15T06:11:27.455278Z[0m [32m INFO[0m [SCANNER] signals=60651 settles=54 cl=70346 bn=32289 whales=0 markets=0 books=936 | http://0.0.0.0:8080
[2m2026-03-15T06:12:25.099891Z[0m [32m INFO[0m [PRUNE] Removed 3 expired markets
[2m2026-03-15T06:12:27.822254Z[0m [32m INFO[0m [SCANNER] signals=60651 settles=54 cl=70463 bn=32334 whales=0 markets=0 books=936 | http://0.0.0.0:8080
[2m2026-03-15T06:13:28.069967Z[0m [32m INFO[0m [SCANNER] signals=60651 settles=54 cl=70567 bn=32377 whales=0 markets=0 books=936 | http://0.0.0.0:8080
[2m2026-03-15T06:14:28.322787Z[0m [32m INFO[0m [SCANNER] signals=60651 settles=54 cl=70687 bn=32427 whales=0 markets=0 books=936 | http://0.0.0.0:8080
[2m2026-03-15T06:15:22.597905Z[0m [32m INFO[0m [WHALE] Leaderboard loaded from https://data-api.polymarket.com/v1/leaderboard?category=CRYPTO&orderBy=PNL&limit=50 (50 entries)
[2m2026-03-15T06:15:22.598242Z[0m [32m INFO[0m [WHALE] Tracking 50 wallets (top by PNL)
[2m2026-03-15T06:15:26.088346Z[0m [32m INFO[0m [DISCOVER] New market: btc-updown-5m-1773555300
[2m2026-03-15T06:15:26.581255Z[0m [32m INFO[0m [DISCOVER] New market: btc-updown-15m-1773555300
[2m2026-03-15T06:15:28.083533Z[0m [32m INFO[0m [DISCOVER] New market: eth-updown-5m-1773555300
[2m2026-03-15T06:15:28.582032Z[0m [32m INFO[0m [DISCOVER] New market: eth-updown-15m-1773555300
[2m2026-03-15T06:15:30.084509Z[0m [32m INFO[0m [DISCOVER] New market: sol-updown-5m-1773555300
[2m2026-03-15T06:15:30.590010Z[0m [32m INFO[0m [DISCOVER] New market: sol-updown-15m-1773555300
[2m2026-03-15T06:15:31.580056Z[0m [33m WARN[0m [OPEN] eth-updown-15m-1773555300 skipped: joined 25s late (grace=15s), CL has drifted
[2m2026-03-15T06:15:31.580083Z[0m [33m WARN[0m [OPEN] sol-updown-15m-1773555300 skipped: joined 25s late (grace=15s), CL has drifted
[2m2026-03-15T06:15:31.580086Z[0m [33m WARN[0m [OPEN] btc-updown-5m-1773555300 skipped: joined 25s late (grace=5s), CL has drifted
[2m2026-03-15T06:15:31.580088Z[0m [33m WARN[0m [OPEN] btc-updown-15m-1773555300 skipped: joined 25s late (grace=15s), CL has drifted
[2m2026-03-15T06:15:31.580090Z[0m [33m WARN[0m [OPEN] eth-updown-5m-1773555300 skipped: joined 25s late (grace=5s), CL has drifted
[2m2026-03-15T06:15:31.580091Z[0m [33m WARN[0m [OPEN] sol-updown-5m-1773555300 skipped: joined 25s late (grace=5s), CL has drifted
[2m2026-03-15T06:15:31.580094Z[0m [32m INFO[0m [SCANNER] signals=60651 settles=54 cl=70821 bn=32485 whales=0 markets=0 books=936 | http://0.0.0.0:8080
[2m2026-03-15T06:16:28.824591Z[0m [32m INFO[0m [SCANNER] signals=60651 settles=54 cl=70930 bn=32533 whales=0 markets=0 books=948 | http://0.0.0.0:8080
[2m2026-03-15T06:17:26.462374Z[0m [32m INFO[0m [PRUNE] Removed 6 expired markets
[2m2026-03-15T06:17:29.197522Z[0m [32m INFO[0m [SCANNER] signals=60651 settles=54 cl=71052 bn=32592 whales=0 markets=0 books=948 | http://0.0.0.0:8080
[2m2026-03-15T06:18:29.450808Z[0m [32m INFO[0m [SCANNER] signals=60651 settles=54 cl=71171 bn=32636 whales=0 markets=0 books=948 | http://0.0.0.0:8080
[2m2026-03-15T06:19:29.688204Z[0m [32m INFO[0m [SCANNER] signals=60651 settles=54 cl=71298 bn=32695 whales=0 markets=0 books=948 | http://0.0.0.0:8080
[2m2026-03-15T06:20:27.440524Z[0m [32m INFO[0m [DISCOVER] New market: btc-updown-5m-1773555600
[2m2026-03-15T06:20:28.943088Z[0m [32m INFO[0m [DISCOVER] New market: eth-updown-5m-1773555600
[2m2026-03-15T06:20:29.054843Z[0m [32m INFO[0m [WHALE] Leaderboard loaded from https://data-api.polymarket.com/v1/leaderboard?category=CRYPTO&orderBy=PNL&limit=50 (50 entries)
[2m2026-03-15T06:20:29.055204Z[0m [32m INFO[0m [WHALE] Tracking 50 wallets (top by PNL)
[2m2026-03-15T06:20:30.452509Z[0m [32m INFO[0m [DISCOVER] New market: sol-updown-5m-1773555600
[2m2026-03-15T06:20:31.441733Z[0m [33m WARN[0m [OPEN] eth-updown-5m-1773555600 skipped: joined 27s late (grace=5s), CL has drifted
[2m2026-03-15T06:20:31.441800Z[0m [33m WARN[0m [OPEN] sol-updown-5m-1773555600 skipped: joined 27s late (grace=5s), CL has drifted
[2m2026-03-15T06:20:31.441805Z[0m [33m WARN[0m [OPEN] btc-updown-5m-1773555600 skipped: joined 27s late (grace=5s), CL has drifted
[2m2026-03-15T06:20:31.441816Z[0m [32m INFO[0m [SCANNER] signals=60651 settles=54 cl=71426 bn=32753 whales=0 markets=0 books=948 | http://0.0.0.0:8080
[2m2026-03-15T06:21:30.180186Z[0m [32m INFO[0m [SCANNER] signals=60651 settles=54 cl=71549 bn=32819 whales=0 markets=0 books=954 | http://0.0.0.0:8080
[2m2026-03-15T06:22:27.822441Z[0m [32m INFO[0m [PRUNE] Removed 3 expired markets
[2m2026-03-15T06:22:30.549856Z[0m [32m INFO[0m [SCANNER] signals=60651 settles=54 cl=71676 bn=32877 whales=0 markets=0 books=954 | http://0.0.0.0:8080
[2m2026-03-15T06:23:30.796493Z[0m [32m INFO[0m [SCANNER] signals=60651 settles=54 cl=71793 bn=32925 whales=0 markets=0 books=954 | http://0.0.0.0:8080
[2m2026-03-15T06:24:31.038990Z[0m [32m INFO[0m [SCANNER] signals=60651 settles=54 cl=71905 bn=32987 whales=0 markets=0 books=954 | http://0.0.0.0:8080
[2m2026-03-15T06:25:28.788966Z[0m [32m INFO[0m [DISCOVER] New market: btc-updown-5m-1773555900
[2m2026-03-15T06:25:30.292957Z[0m [32m INFO[0m [DISCOVER] New market: eth-updown-5m-1773555900
[2m2026-03-15T06:25:31.792480Z[0m [32m INFO[0m [DISCOVER] New market: sol-updown-5m-1773555900
[2m2026-03-15T06:25:31.827592Z[0m [32m INFO[0m [WHALE] Leaderboard loaded from https://data-api.polymarket.com/v1/leaderboard?category=CRYPTO&orderBy=PNL&limit=50 (50 entries)
[2m2026-03-15T06:25:31.827893Z[0m [32m INFO[0m [WHALE] Tracking 50 wallets (top by PNL)
[2m2026-03-15T06:25:32.785590Z[0m [33m WARN[0m [OPEN] sol-updown-5m-1773555900 skipped: joined 28s late (grace=5s), CL has drifted
[2m2026-03-15T06:25:32.785626Z[0m [33m WARN[0m [OPEN] btc-updown-5m-1773555900 skipped: joined 28s late (grace=5s), CL has drifted
[2m2026-03-15T06:25:32.785628Z[0m [33m WARN[0m [OPEN] eth-updown-5m-1773555900 skipped: joined 28s late (grace=5s), CL has drifted
[2m2026-03-15T06:25:32.785631Z[0m [32m INFO[0m [SCANNER] signals=60651 settles=54 cl=72034 bn=33030 whales=0 markets=0 books=954 | http://0.0.0.0:8080
[2m2026-03-15T06:26:31.536979Z[0m [32m INFO[0m [SCANNER] signals=60651 settles=54 cl=72141 bn=33081 whales=0 markets=0 books=960 | http://0.0.0.0:8080
[2m2026-03-15T06:27:29.182461Z[0m [32m INFO[0m [PRUNE] Removed 3 expired markets
[2m2026-03-15T06:27:31.907678Z[0m [32m INFO[0m [SCANNER] signals=60651 settles=54 cl=72274 bn=33128 whales=0 markets=0 books=960 | http://0.0.0.0:8080
[2m2026-03-15T06:28:32.156458Z[0m [32m INFO[0m [SCANNER] signals=60651 settles=54 cl=72403 bn=33181 whales=0 markets=0 books=960 | http://0.0.0.0:8080
[2m2026-03-15T06:29:32.400732Z[0m [32m INFO[0m [SCANNER] signals=60651 settles=54 cl=72540 bn=33243 whales=0 markets=0 books=960 | http://0.0.0.0:8080
[2m2026-03-15T06:30:30.145157Z[0m [32m INFO[0m [DISCOVER] New market: btc-updown-5m-1773556200
[2m2026-03-15T06:30:30.647014Z[0m [32m INFO[0m [DISCOVER] New market: btc-updown-15m-1773556200
[2m2026-03-15T06:30:32.148073Z[0m [32m INFO[0m [DISCOVER] New market: eth-updown-5m-1773556200
[2m2026-03-15T06:30:32.649600Z[0m [32m INFO[0m [DISCOVER] New market: eth-updown-15m-1773556200
[2m2026-03-15T06:30:34.158741Z[0m [32m INFO[0m [DISCOVER] New market: sol-updown-5m-1773556200
[2m2026-03-15T06:30:34.636261Z[0m [32m INFO[0m [WHALE] Leaderboard loaded from https://data-api.polymarket.com/v1/leaderboard?category=CRYPTO&orderBy=PNL&limit=50 (50 entries)
[2m2026-03-15T06:30:34.636591Z[0m [32m INFO[0m [WHALE] Tracking 50 wallets (top by PNL)
[2m2026-03-15T06:30:34.654587Z[0m [32m INFO[0m [DISCOVER] New market: sol-updown-15m-1773556200
[2m2026-03-15T06:30:35.649125Z[0m [33m WARN[0m [OPEN] eth-updown-5m-1773556200 skipped: joined 30s late (grace=5s), CL has drifted
[2m2026-03-15T06:30:35.649157Z[0m [33m WARN[0m [OPEN] sol-updown-5m-1773556200 skipped: joined 30s late (grace=5s), CL has drifted
[2m2026-03-15T06:30:35.649161Z[0m [33m WARN[0m [OPEN] btc-updown-15m-1773556200 skipped: joined 30s late (grace=15s), CL has drifted
[2m2026-03-15T06:30:35.649163Z[0m [33m WARN[0m [OPEN] btc-updown-5m-1773556200 skipped: joined 30s late (grace=5s), CL has drifted
[2m2026-03-15T06:30:35.649165Z[0m [33m WARN[0m [OPEN] sol-updown-15m-1773556200 skipped: joined 30s late (grace=15s), CL has drifted
[2m2026-03-15T06:30:35.649167Z[0m [33m WARN[0m [OPEN] eth-updown-15m-1773556200 skipped: joined 30s late (grace=15s), CL has drifted
[2m2026-03-15T06:30:35.649171Z[0m [32m INFO[0m [SCANNER] signals=60651 settles=54 cl=72662 bn=33295 whales=0 markets=0 books=960 | http://0.0.0.0:8080
[2m2026-03-15T06:31:32.896090Z[0m [32m INFO[0m [SCANNER] signals=60651 settles=54 cl=72761 bn=33347 whales=0 markets=0 books=972 | http://0.0.0.0:8080
[2m2026-03-15T06:32:30.537741Z[0m [32m INFO[0m [PRUNE] Removed 6 expired markets
[2m2026-03-15T06:32:33.265781Z[0m [32m INFO[0m [SCANNER] signals=60651 settles=54 cl=72878 bn=33402 whales=0 markets=0 books=972 | http://0.0.0.0:8080
[2m2026-03-15T06:33:33.513317Z[0m [32m INFO[0m [SCANNER] signals=60651 settles=54 cl=73011 bn=33470 whales=0 markets=0 books=972 | http://0.0.0.0:8080
[2m2026-03-15T06:34:33.759136Z[0m [32m INFO[0m [SCANNER] signals=60651 settles=54 cl=73122 bn=33541 whales=0 markets=0 books=972 | http://0.0.0.0:8080
[2m2026-03-15T06:35:31.517779Z[0m [32m INFO[0m [DISCOVER] New market: btc-updown-5m-1773556500
[2m2026-03-15T06:35:33.010741Z[0m [32m INFO[0m [DISCOVER] New market: eth-updown-5m-1773556500
[2m2026-03-15T06:35:34.514094Z[0m [32m INFO[0m [DISCOVER] New market: sol-updown-5m-1773556500
[2m2026-03-15T06:35:35.509033Z[0m [33m WARN[0m [OPEN] sol-updown-5m-1773556500 skipped: joined 31s late (grace=5s), CL has drifted
[2m2026-03-15T06:35:35.509064Z[0m [33m WARN[0m [OPEN] btc-updown-5m-1773556500 skipped: joined 31s late (grace=5s), CL has drifted
[2m2026-03-15T06:35:35.509067Z[0m [33m WARN[0m [OPEN] eth-updown-5m-1773556500 skipped: joined 31s late (grace=5s), CL has drifted
[2m2026-03-15T06:35:35.509070Z[0m [32m INFO[0m [SCANNER] signals=60651 settles=54 cl=73243 bn=33588 whales=0 markets=0 books=972 | http://0.0.0.0:8080
[2m2026-03-15T06:35:40.133651Z[0m [32m INFO[0m [WHALE] Leaderboard loaded from https://data-api.polymarket.com/v1/leaderboard?category=CRYPTO&orderBy=PNL&limit=50 (50 entries)
[2m2026-03-15T06:35:40.134427Z[0m [32m INFO[0m [WHALE] Tracking 50 wallets (top by PNL)
[2m2026-03-15T06:36:34.252671Z[0m [32m INFO[0m [SCANNER] signals=60651 settles=54 cl=73372 bn=33637 whales=0 markets=0 books=978 | http://0.0.0.0:8080
[2m2026-03-15T06:37:31.890627Z[0m [32m INFO[0m [PRUNE] Removed 3 expired markets
[2m2026-03-15T06:37:34.625909Z[0m [32m INFO[0m [SCANNER] signals=60651 settles=54 cl=73498 bn=33674 whales=0 markets=0 books=978 | http://0.0.0.0:8080
[2m2026-03-15T06:38:34.867326Z[0m [32m INFO[0m [SCANNER] signals=60651 settles=54 cl=73603 bn=33730 whales=0 markets=0 books=978 | http://0.0.0.0:8080
[2m2026-03-15T06:39:35.114604Z[0m [32m INFO[0m [SCANNER] signals=60651 settles=54 cl=73720 bn=33783 whales=0 markets=0 books=978 | http://0.0.0.0:8080
[2m2026-03-15T06:40:32.859890Z[0m [32m INFO[0m [DISCOVER] New market: btc-updown-5m-1773556800
[2m2026-03-15T06:40:34.362454Z[0m [32m INFO[0m [DISCOVER] New market: eth-updown-5m-1773556800
[2m2026-03-15T06:40:35.870164Z[0m [32m INFO[0m [DISCOVER] New market: sol-updown-5m-1773556800
[2m2026-03-15T06:40:36.859706Z[0m [33m WARN[0m [OPEN] sol-updown-5m-1773556800 skipped: joined 32s late (grace=5s), CL has drifted
[2m2026-03-15T06:40:36.859746Z[0m [33m WARN[0m [OPEN] eth-updown-5m-1773556800 skipped: joined 32s late (grace=5s), CL has drifted
[2m2026-03-15T06:40:36.859777Z[0m [33m WARN[0m [OPEN] btc-updown-5m-1773556800 skipped: joined 32s late (grace=5s), CL has drifted
[2m2026-03-15T06:40:36.859783Z[0m [32m INFO[0m [SCANNER] signals=60651 settles=54 cl=73844 bn=33835 whales=0 markets=0 books=978 | http://0.0.0.0:8080
[2m2026-03-15T06:40:43.429141Z[0m [32m INFO[0m [WHALE] Leaderboard loaded from https://data-api.polymarket.com/v1/leaderboard?category=CRYPTO&orderBy=PNL&limit=50 (50 entries)
[2m2026-03-15T06:40:43.429412Z[0m [32m INFO[0m [WHALE] Tracking 50 wallets (top by PNL)
[2m2026-03-15T06:41:35.588432Z[0m [32m INFO[0m [SCANNER] signals=60651 settles=54 cl=73953 bn=33869 whales=0 markets=0 books=984 | http://0.0.0.0:8080
[2m2026-03-15T06:42:33.234728Z[0m [32m INFO[0m [PRUNE] Removed 3 expired markets
[2m2026-03-15T06:42:35.956934Z[0m [32m INFO[0m [SCANNER] signals=60651 settles=54 cl=74078 bn=33928 whales=0 markets=0 books=984 | http://0.0.0.0:8080
[2m2026-03-15T06:42:56.496371Z[0m [33m WARN[0m [BOOK] batch failed: CLOB batch book JSON parse failed
[2m2026-03-15T06:43:01.505782Z[0m [33m WARN[0m [BOOK] batch failed: CLOB batch book JSON parse failed
[2m2026-03-15T06:43:06.516406Z[0m [33m WARN[0m [BOOK] batch failed: CLOB batch book request failed
[2m2026-03-15T06:43:11.530397Z[0m [33m WARN[0m [BOOK] batch failed: CLOB batch book request failed
[2m2026-03-15T06:43:16.540581Z[0m [33m WARN[0m [BOOK] batch failed: CLOB batch book request failed
[2m2026-03-15T06:43:21.551366Z[0m [33m WARN[0m [BOOK] batch failed: CLOB batch book request failed
[2m2026-03-15T06:43:26.564184Z[0m [33m WARN[0m [BOOK] batch failed: CLOB batch book request failed
[2m2026-03-15T06:43:31.578454Z[0m [33m WARN[0m [BOOK] batch failed: CLOB batch book request failed
[2m2026-03-15T06:43:36.201735Z[0m [32m INFO[0m [SCANNER] signals=60651 settles=54 cl=74127 bn=33941 whales=0 markets=0 books=984 | http://0.0.0.0:8080
[2m2026-03-15T06:43:36.591703Z[0m [33m WARN[0m [BOOK] batch failed: CLOB batch book request failed
[2m2026-03-15T06:43:37.902148Z[0m [33m WARN[0m [BOOK] batch failed: CLOB batch book request failed
[2m2026-03-15T06:44:36.438290Z[0m [32m INFO[0m [SCANNER] signals=60651 settles=54 cl=74228 bn=33985 whales=0 markets=0 books=984 | http://0.0.0.0:8080
[2m2026-03-15T06:45:34.189246Z[0m [32m INFO[0m [DISCOVER] New market: btc-updown-5m-1773557100
[2m2026-03-15T06:45:34.694606Z[0m [32m INFO[0m [DISCOVER] New market: btc-updown-15m-1773557100
[2m2026-03-15T06:45:36.192965Z[0m [32m INFO[0m [DISCOVER] New market: eth-updown-5m-1773557100
[2m2026-03-15T06:45:36.695813Z[0m [32m INFO[0m [DISCOVER] New market: eth-updown-15m-1773557100
[2m2026-03-15T06:45:38.198614Z[0m [32m INFO[0m [DISCOVER] New market: sol-updown-5m-1773557100
[2m2026-03-15T06:45:38.699072Z[0m [32m INFO[0m [DISCOVER] New market: sol-updown-15m-1773557100
[2m2026-03-15T06:45:39.695538Z[0m [33m WARN[0m [OPEN] btc-updown-15m-1773557100 skipped: joined 34s late (grace=15s), CL has drifted
[2m2026-03-15T06:45:39.695576Z[0m [33m WARN[0m [OPEN] eth-updown-5m-1773557100 skipped: joined 34s late (grace=5s), CL has drifted
[2m2026-03-15T06:45:39.695580Z[0m [33m WARN[0m [OPEN] eth-updown-15m-1773557100 skipped: joined 34s late (grace=15s), CL has drifted
[2m2026-03-15T06:45:39.695584Z[0m [33m WARN[0m [OPEN] sol-updown-15m-1773557100 skipped: joined 34s late (grace=15s), CL has drifted
[2m2026-03-15T06:45:39.695587Z[0m [33m WARN[0m [OPEN] sol-updown-5m-1773557100 skipped: joined 34s late (grace=5s), CL has drifted
[2m2026-03-15T06:45:39.695590Z[0m [33m WARN[0m [OPEN] btc-updown-5m-1773557100 skipped: joined 34s late (grace=5s), CL has drifted
[2m2026-03-15T06:45:39.695596Z[0m [32m INFO[0m [SCANNER] signals=60651 settles=54 cl=74340 bn=34046 whales=0 markets=0 books=984 | http://0.0.0.0:8080
[2m2026-03-15T06:45:44.082399Z[0m [32m INFO[0m [WHALE] Leaderboard loaded from https://data-api.polymarket.com/v1/leaderboard?category=CRYPTO&orderBy=PNL&limit=50 (50 entries)
[2m2026-03-15T06:45:44.082591Z[0m [32m INFO[0m [WHALE] Tracking 50 wallets (top by PNL)
[2m2026-03-15T06:46:36.936532Z[0m [32m INFO[0m [SCANNER] signals=60651 settles=54 cl=74434 bn=34075 whales=0 markets=0 books=996 | http://0.0.0.0:8080
[2m2026-03-15T06:47:34.578514Z[0m [32m INFO[0m [PRUNE] Removed 6 expired markets
[2m2026-03-15T06:47:37.314092Z[0m [32m INFO[0m [SCANNER] signals=60651 settles=54 cl=74552 bn=34124 whales=0 markets=0 books=996 | http://0.0.0.0:8080
[2m2026-03-15T06:48:37.563229Z[0m [32m INFO[0m [SCANNER] signals=60651 settles=54 cl=74644 bn=34153 whales=0 markets=0 books=996 | http://0.0.0.0:8080
[2m2026-03-15T06:49:37.799931Z[0m [32m INFO[0m [SCANNER] signals=60651 settles=54 cl=74748 bn=34184 whales=0 markets=0 books=996 | http://0.0.0.0:8080
[2m2026-03-15T06:50:35.542041Z[0m [32m INFO[0m [DISCOVER] New market: btc-updown-5m-1773557400
[2m2026-03-15T06:50:37.044274Z[0m [32m INFO[0m [DISCOVER] New market: eth-updown-5m-1773557400
[2m2026-03-15T06:50:38.548699Z[0m [32m INFO[0m [DISCOVER] New market: sol-updown-5m-1773557400
[2m2026-03-15T06:50:39.544170Z[0m [33m WARN[0m [OPEN] eth-updown-5m-1773557400 skipped: joined 35s late (grace=5s), CL has drifted
[2m2026-03-15T06:50:39.544206Z[0m [33m WARN[0m [OPEN] btc-updown-5m-1773557400 skipped: joined 35s late (grace=5s), CL has drifted
[2m2026-03-15T06:50:39.544209Z[0m [33m WARN[0m [OPEN] sol-updown-5m-1773557400 skipped: joined 35s late (grace=5s), CL has drifted
[2m2026-03-15T06:50:39.544212Z[0m [32m INFO[0m [SCANNER] signals=60651 settles=54 cl=74873 bn=34237 whales=0 markets=0 books=996 | http://0.0.0.0:8080
[2m2026-03-15T06:50:45.192822Z[0m [32m INFO[0m [WHALE] Leaderboard loaded from https://data-api.polymarket.com/v1/leaderboard?category=CRYPTO&orderBy=PNL&limit=50 (50 entries)
[2m2026-03-15T06:50:45.193064Z[0m [32m INFO[0m [WHALE] Tracking 50 wallets (top by PNL)
[2m2026-03-15T06:51:38.289448Z[0m [32m INFO[0m [SCANNER] signals=60651 settles=54 cl=74974 bn=34285 whales=0 markets=0 books=1002 | http://0.0.0.0:8080
[2m2026-03-15T06:52:35.930116Z[0m [32m INFO[0m [PRUNE] Removed 3 expired markets
[2m2026-03-15T06:52:38.655391Z[0m [32m INFO[0m [SCANNER] signals=60651 settles=54 cl=75075 bn=34318 whales=0 markets=0 books=1002 | http://0.0.0.0:8080
[2m2026-03-15T06:53:38.906480Z[0m [32m INFO[0m [SCANNER] signals=60651 settles=54 cl=75198 bn=34363 whales=0 markets=0 books=1002 | http://0.0.0.0:8080
[2m2026-03-15T06:54:39.146385Z[0m [32m INFO[0m [SCANNER] signals=60651 settles=54 cl=75315 bn=34416 whales=0 markets=0 books=1002 | http://0.0.0.0:8080
[2m2026-03-15T06:55:36.901305Z[0m [32m INFO[0m [DISCOVER] New market: btc-updown-5m-1773557700
[2m2026-03-15T06:55:38.407911Z[0m [32m INFO[0m [DISCOVER] New market: eth-updown-5m-1773557700
[2m2026-03-15T06:55:39.902490Z[0m [32m INFO[0m [DISCOVER] New market: sol-updown-5m-1773557700
[2m2026-03-15T06:55:40.899294Z[0m [33m WARN[0m [OPEN] eth-updown-5m-1773557700 skipped: joined 36s late (grace=5s), CL has drifted
[2m2026-03-15T06:55:40.899327Z[0m [33m WARN[0m [OPEN] btc-updown-5m-1773557700 skipped: joined 36s late (grace=5s), CL has drifted
[2m2026-03-15T06:55:40.899332Z[0m [33m WARN[0m [OPEN] sol-updown-5m-1773557700 skipped: joined 36s late (grace=5s), CL has drifted
[2m2026-03-15T06:55:40.899336Z[0m [32m INFO[0m [SCANNER] signals=60651 settles=54 cl=75440 bn=34454 whales=0 markets=0 books=1002 | http://0.0.0.0:8080
[2m2026-03-15T06:55:45.890039Z[0m [32m INFO[0m [WHALE] Leaderboard loaded from https://data-api.polymarket.com/v1/leaderboard?category=CRYPTO&orderBy=PNL&limit=50 (50 entries)
[2m2026-03-15T06:55:45.890369Z[0m [32m INFO[0m [WHALE] Tracking 50 wallets (top by PNL)
[2m2026-03-15T06:56:39.642515Z[0m [32m INFO[0m [SCANNER] signals=60651 settles=54 cl=75550 bn=34501 whales=0 markets=0 books=1008 | http://0.0.0.0:8080
[2m2026-03-15T06:57:37.288149Z[0m [32m INFO[0m [PRUNE] Removed 3 expired markets
[2m2026-03-15T06:57:40.013154Z[0m [32m INFO[0m [SCANNER] signals=60651 settles=54 cl=75681 bn=34554 whales=0 markets=0 books=1008 | http://0.0.0.0:8080
[2m2026-03-15T06:58:40.268480Z[0m [32m INFO[0m [SCANNER] signals=60651 settles=54 cl=75792 bn=34601 whales=0 markets=0 books=1008 | http://0.0.0.0:8080
[2m2026-03-15T06:59:40.514558Z[0m [32m INFO[0m [SCANNER] signals=60651 settles=54 cl=75907 bn=34637 whales=0 markets=0 books=1008 | http://0.0.0.0:8080
[2m2026-03-15T07:00:38.281878Z[0m [32m INFO[0m [DISCOVER] New market: btc-updown-5m-1773558000
[2m2026-03-15T07:00:38.777001Z[0m [32m INFO[0m [DISCOVER] New market: btc-updown-15m-1773558000
[2m2026-03-15T07:00:40.275791Z[0m [32m INFO[0m [DISCOVER] New market: eth-updown-5m-1773558000
[2m2026-03-15T07:00:40.773670Z[0m [32m INFO[0m [DISCOVER] New market: eth-updown-15m-1773558000
[2m2026-03-15T07:00:42.280816Z[0m [32m INFO[0m [DISCOVER] New market: sol-updown-5m-1773558000
[2m2026-03-15T07:00:42.784051Z[0m [32m INFO[0m [DISCOVER] New market: sol-updown-15m-1773558000
[2m2026-03-15T07:00:43.782139Z[0m [33m WARN[0m [OPEN] eth-updown-5m-1773558000 skipped: joined 38s late (grace=5s), CL has drifted
[2m2026-03-15T07:00:43.782183Z[0m [33m WARN[0m [OPEN] btc-updown-5m-1773558000 skipped: joined 38s late (grace=5s), CL has drifted
[2m2026-03-15T07:00:43.782187Z[0m [33m WARN[0m [OPEN] sol-updown-5m-1773558000 skipped: joined 38s late (grace=5s), CL has drifted
[2m2026-03-15T07:00:43.782190Z[0m [33m WARN[0m [OPEN] sol-updown-15m-1773558000 skipped: joined 38s late (grace=15s), CL has drifted
[2m2026-03-15T07:00:43.782193Z[0m [33m WARN[0m [OPEN] btc-updown-15m-1773558000 skipped: joined 38s late (grace=15s), CL has drifted
[2m2026-03-15T07:00:43.782197Z[0m [33m WARN[0m [OPEN] eth-updown-15m-1773558000 skipped: joined 38s late (grace=15s), CL has drifted
[2m2026-03-15T07:00:43.782201Z[0m [32m INFO[0m [SCANNER] signals=60651 settles=54 cl=76038 bn=34694 whales=0 markets=0 books=1008 | http://0.0.0.0:8080
[2m2026-03-15T07:00:46.519571Z[0m [32m INFO[0m [WHALE] Leaderboard loaded from https://data-api.polymarket.com/v1/leaderboard?category=CRYPTO&orderBy=PNL&limit=50 (50 entries)
[2m2026-03-15T07:00:46.519971Z[0m [32m INFO[0m [WHALE] Tracking 50 wallets (top by PNL)
[2m2026-03-15T07:01:41.021871Z[0m [32m INFO[0m [SCANNER] signals=60651 settles=54 cl=76159 bn=34758 whales=0 markets=0 books=1020 | http://0.0.0.0:8080
[2m2026-03-15T07:02:38.666021Z[0m [32m INFO[0m [PRUNE] Removed 6 expired markets
[2m2026-03-15T07:02:41.390926Z[0m [32m INFO[0m [SCANNER] signals=60651 settles=54 cl=76295 bn=34827 whales=0 markets=0 books=1020 | http://0.0.0.0:8080
[2m2026-03-15T07:03:41.643150Z[0m [32m INFO[0m [SCANNER] signals=60651 settles=54 cl=76419 bn=34893 whales=0 markets=0 books=1020 | http://0.0.0.0:8080
[2m2026-03-15T07:04:41.886862Z[0m [32m INFO[0m [SCANNER] signals=60651 settles=54 cl=76536 bn=34931 whales=0 markets=0 books=1020 | http://0.0.0.0:8080
[2m2026-03-15T07:05:39.633827Z[0m [32m INFO[0m [DISCOVER] New market: btc-updown-5m-1773558300
[2m2026-03-15T07:05:41.133314Z[0m [32m INFO[0m [DISCOVER] New market: eth-updown-5m-1773558300
[2m2026-03-15T07:05:42.647456Z[0m [32m INFO[0m [DISCOVER] New market: sol-updown-5m-1773558300
[2m2026-03-15T07:05:43.629789Z[0m [33m WARN[0m [OPEN] sol-updown-5m-1773558300 skipped: joined 39s late (grace=5s), CL has drifted
[2m2026-03-15T07:05:43.629833Z[0m [33m WARN[0m [OPEN] eth-updown-5m-1773558300 skipped: joined 39s late (grace=5s), CL has drifted
[2m2026-03-15T07:05:43.629838Z[0m [33m WARN[0m [OPEN] btc-updown-5m-1773558300 skipped: joined 39s late (grace=5s), CL has drifted
[2m2026-03-15T07:05:43.629844Z[0m [32m INFO[0m [SCANNER] signals=60651 settles=54 cl=76673 bn=34989 whales=0 markets=0 books=1020 | http://0.0.0.0:8080
[2m2026-03-15T07:05:47.739860Z[0m [32m INFO[0m [WHALE] Leaderboard loaded from https://data-api.polymarket.com/v1/leaderboard?category=CRYPTO&orderBy=PNL&limit=50 (50 entries)
[2m2026-03-15T07:05:47.740139Z[0m [32m INFO[0m [WHALE] Tracking 50 wallets (top by PNL)
[2m2026-03-15T07:06:42.372852Z[0m [32m INFO[0m [SCANNER] signals=60651 settles=54 cl=76793 bn=35053 whales=0 markets=0 books=1026 | http://0.0.0.0:8080
[2m2026-03-15T07:07:40.006676Z[0m [32m INFO[0m [PRUNE] Removed 3 expired markets
[2m2026-03-15T07:07:42.740647Z[0m [32m INFO[0m [SCANNER] signals=60651 settles=54 cl=76935 bn=35133 whales=0 markets=0 books=1026 | http://0.0.0.0:8080
[2m2026-03-15T07:08:42.990478Z[0m [32m INFO[0m [SCANNER] signals=60651 settles=54 cl=77065 bn=35189 whales=0 markets=0 books=1026 | http://0.0.0.0:8080
[2m2026-03-15T07:09:43.230008Z[0m [32m INFO[0m [SCANNER] signals=60651 settles=54 cl=77192 bn=35255 whales=0 markets=0 books=1026 | http://0.0.0.0:8080
[2m2026-03-15T07:10:40.974278Z[0m [32m INFO[0m [DISCOVER] New market: btc-updown-5m-1773558600
[2m2026-03-15T07:10:42.476206Z[0m [32m INFO[0m [DISCOVER] New market: eth-updown-5m-1773558600
[2m2026-03-15T07:10:43.975656Z[0m [32m INFO[0m [DISCOVER] New market: sol-updown-5m-1773558600
[2m2026-03-15T07:10:44.968423Z[0m [33m WARN[0m [OPEN] btc-updown-5m-1773558600 skipped: joined 40s late (grace=5s), CL has drifted
[2m2026-03-15T07:10:44.968456Z[0m [33m WARN[0m [OPEN] eth-updown-5m-1773558600 skipped: joined 40s late (grace=5s), CL has drifted
[2m2026-03-15T07:10:44.968459Z[0m [33m WARN[0m [OPEN] sol-updown-5m-1773558600 skipped: joined 40s late (grace=5s), CL has drifted
[2m2026-03-15T07:10:44.968462Z[0m [32m INFO[0m [SCANNER] signals=60651 settles=54 cl=77318 bn=35306 whales=0 markets=0 books=1026 | http://0.0.0.0:8080
[2m2026-03-15T07:10:48.572569Z[0m [32m INFO[0m [WHALE] Leaderboard loaded from https://data-api.polymarket.com/v1/leaderboard?category=CRYPTO&orderBy=PNL&limit=50 (50 entries)
[2m2026-03-15T07:10:48.572823Z[0m [32m INFO[0m [WHALE] Tracking 50 wallets (top by PNL)
[2m2026-03-15T07:11:43.703102Z[0m [32m INFO[0m [SCANNER] signals=60651 settles=54 cl=77444 bn=35380 whales=0 markets=0 books=1032 | http://0.0.0.0:8080
[2m2026-03-15T07:12:41.344226Z[0m [32m INFO[0m [PRUNE] Removed 3 expired markets
[2m2026-03-15T07:12:44.076472Z[0m [32m INFO[0m [SCANNER] signals=60651 settles=54 cl=77602 bn=35494 whales=0 markets=0 books=1032 | http://0.0.0.0:8080
[2m2026-03-15T07:13:44.319249Z[0m [32m INFO[0m [SCANNER] signals=60651 settles=54 cl=77759 bn=35571 whales=0 markets=0 books=1032 | http://0.0.0.0:8080
[2m2026-03-15T07:14:44.566737Z[0m [32m INFO[0m [SCANNER] signals=60651 settles=54 cl=77891 bn=35632 whales=0 markets=0 books=1032 | http://0.0.0.0:8080
[2m2026-03-15T07:15:42.329371Z[0m [32m INFO[0m [DISCOVER] New market: btc-updown-5m-1773558900
[2m2026-03-15T07:15:42.827495Z[0m [32m INFO[0m [DISCOVER] New market: btc-updown-15m-1773558900
[2m2026-03-15T07:15:44.331021Z[0m [32m INFO[0m [DISCOVER] New market: eth-updown-5m-1773558900
[2m2026-03-15T07:15:44.835865Z[0m [32m INFO[0m [DISCOVER] New market: eth-updown-15m-1773558900
[2m2026-03-15T07:15:46.336100Z[0m [32m INFO[0m [DISCOVER] New market: sol-updown-5m-1773558900
[2m2026-03-15T07:15:46.837713Z[0m [32m INFO[0m [DISCOVER] New market: sol-updown-15m-1773558900
[2m2026-03-15T07:15:47.829924Z[0m [33m WARN[0m [OPEN] btc-updown-5m-1773558900 skipped: joined 42s late (grace=5s), CL has drifted
[2m2026-03-15T07:15:47.829962Z[0m [33m WARN[0m [OPEN] eth-updown-15m-1773558900 skipped: joined 42s late (grace=15s), CL has drifted
[2m2026-03-15T07:15:47.829966Z[0m [33m WARN[0m [OPEN] sol-updown-15m-1773558900 skipped: joined 42s late (grace=15s), CL has drifted
[2m2026-03-15T07:15:47.829969Z[0m [33m WARN[0m [OPEN] btc-updown-15m-1773558900 skipped: joined 42s late (grace=15s), CL has drifted
[2m2026-03-15T07:15:47.829973Z[0m [33m WARN[0m [OPEN] sol-updown-5m-1773558900 skipped: joined 42s late (grace=5s), CL has drifted
[2m2026-03-15T07:15:47.829976Z[0m [33m WARN[0m [OPEN] eth-updown-5m-1773558900 skipped: joined 42s late (grace=5s), CL has drifted
[2m2026-03-15T07:15:47.829981Z[0m [32m INFO[0m [SCANNER] signals=60651 settles=54 cl=78037 bn=35699 whales=0 markets=0 books=1032 | http://0.0.0.0:8080
[2m2026-03-15T07:15:49.237592Z[0m [32m INFO[0m [WHALE] Leaderboard loaded from https://data-api.polymarket.com/v1/leaderboard?category=CRYPTO&orderBy=PNL&limit=50 (50 entries)
[2m2026-03-15T07:15:49.237937Z[0m [32m INFO[0m [WHALE] Tracking 50 wallets (top by PNL)
[2m2026-03-15T07:16:45.073504Z[0m [32m INFO[0m [SCANNER] signals=60651 settles=54 cl=78166 bn=35751 whales=0 markets=0 books=1044 | http://0.0.0.0:8080
[2m2026-03-15T07:17:42.717877Z[0m [32m INFO[0m [PRUNE] Removed 6 expired markets
[2m2026-03-15T07:17:45.442419Z[0m [32m INFO[0m [SCANNER] signals=60651 settles=54 cl=78270 bn=35794 whales=0 markets=0 books=1044 | http://0.0.0.0:8080
[2m2026-03-15T07:18:45.682450Z[0m [32m INFO[0m [SCANNER] signals=60651 settles=54 cl=78411 bn=35833 whales=0 markets=0 books=1044 | http://0.0.0.0:8080
[2m2026-03-15T07:19:45.936032Z[0m [32m INFO[0m [SCANNER] signals=60651 settles=54 cl=78543 bn=35882 whales=0 markets=0 books=1044 | http://0.0.0.0:8080
[2m2026-03-15T07:20:43.688744Z[0m [32m INFO[0m [DISCOVER] New market: btc-updown-5m-1773559200
[2m2026-03-15T07:20:45.190722Z[0m [32m INFO[0m [DISCOVER] New market: eth-updown-5m-1773559200
[2m2026-03-15T07:20:46.690598Z[0m [32m INFO[0m [DISCOVER] New market: sol-updown-5m-1773559200
[2m2026-03-15T07:20:47.689681Z[0m [33m WARN[0m [OPEN] btc-updown-5m-1773559200 skipped: joined 43s late (grace=5s), CL has drifted
[2m2026-03-15T07:20:47.689714Z[0m [33m WARN[0m [OPEN] sol-updown-5m-1773559200 skipped: joined 43s late (grace=5s), CL has drifted
[2m2026-03-15T07:20:47.689717Z[0m [33m WARN[0m [OPEN] eth-updown-5m-1773559200 skipped: joined 43s late (grace=5s), CL has drifted
[2m2026-03-15T07:20:47.689722Z[0m [32m INFO[0m [SCANNER] signals=60651 settles=54 cl=78655 bn=35932 whales=0 markets=0 books=1044 | http://0.0.0.0:8080
[2m2026-03-15T07:20:50.364397Z[0m [32m INFO[0m [WHALE] Leaderboard loaded from https://data-api.polymarket.com/v1/leaderboard?category=CRYPTO&orderBy=PNL&limit=50 (50 entries)
[2m2026-03-15T07:20:50.364706Z[0m [32m INFO[0m [WHALE] Tracking 50 wallets (top by PNL)
[2m2026-03-15T07:21:05.174249Z[0m [33m WARN[0m [CL] Feed closed cleanly, reconnecting...
[2m2026-03-15T07:21:10.175163Z[0m [32m INFO[0m [CL] Connecting to wss://ws-live-data.polymarket.com
[2m2026-03-15T07:21:10.322254Z[0m [32m INFO[0m [CL] Feed connected
[2m2026-03-15T07:21:43.319558Z[0m [33m WARN[0m [BOOK] batch failed: CLOB batch book JSON parse failed
[2m2026-03-15T07:21:46.437687Z[0m [32m INFO[0m [SCANNER] signals=60651 settles=54 cl=78731 bn=35976 whales=0 markets=0 books=1050 | http://0.0.0.0:8080
[2m2026-03-15T07:21:47.864538Z[0m [31mERROR[0m [CL] WebSocket error: IO error: Connection reset by peer (os error 104)
[2m2026-03-15T07:21:47.866429Z[0m [33m WARN[0m [CL] Feed closed cleanly, reconnecting...
[2m2026-03-15T07:21:48.330832Z[0m [33m WARN[0m [BOOK] batch failed: CLOB batch book request failed
[2m2026-03-15T07:21:49.094382Z[0m [33m WARN[0m [BOOK] batch failed: CLOB batch book request failed
[2m2026-03-15T07:21:52.867582Z[0m [32m INFO[0m [CL] Connecting to wss://ws-live-data.polymarket.com
[2m2026-03-15T07:22:00.897366Z[0m [31mERROR[0m [CL] Feed error: CL WS connect failed, reconnecting in 5s
[2m2026-03-15T07:22:05.899318Z[0m [32m INFO[0m [CL] Connecting to wss://ws-live-data.polymarket.com
[2m2026-03-15T07:22:06.047477Z[0m [32m INFO[0m [CL] Feed connected
[2m2026-03-15T07:22:44.084902Z[0m [32m INFO[0m [PRUNE] Removed 3 expired markets
[2m2026-03-15T07:22:46.827078Z[0m [32m INFO[0m [SCANNER] signals=60651 settles=54 cl=78808 bn=36019 whales=0 markets=0 books=1050 | http://0.0.0.0:8080
[2m2026-03-15T07:23:06.052817Z[0m [31mERROR[0m [CL] WebSocket error: IO error: Connection reset by peer (os error 104)
[2m2026-03-15T07:23:06.054181Z[0m [33m WARN[0m [CL] Feed closed cleanly, reconnecting...
[2m2026-03-15T07:23:11.055385Z[0m [32m INFO[0m [CL] Connecting to wss://ws-live-data.polymarket.com
[2m2026-03-15T07:23:11.212032Z[0m [32m INFO[0m [CL] Feed connected
[2m2026-03-15T07:23:18.294907Z[0m [31mERROR[0m [CL] WebSocket error: IO error: Connection reset by peer (os error 104)
[2m2026-03-15T07:23:18.296589Z[0m [33m WARN[0m [CL] Feed closed cleanly, reconnecting...
[2m2026-03-15T07:23:23.297546Z[0m [32m INFO[0m [CL] Connecting to wss://ws-live-data.polymarket.com
[2m2026-03-15T07:23:23.449372Z[0m [32m INFO[0m [CL] Feed connected
[2m2026-03-15T07:23:47.067772Z[0m [32m INFO[0m [SCANNER] signals=60651 settles=54 cl=78902 bn=36091 whales=0 markets=0 books=1050 | http://0.0.0.0:8080
[2m2026-03-15T07:24:47.314771Z[0m [32m INFO[0m [SCANNER] signals=60651 settles=54 cl=79009 bn=36145 whales=0 markets=0 books=1050 | http://0.0.0.0:8080
[2m2026-03-15T07:25:45.069444Z[0m [32m INFO[0m [DISCOVER] New market: btc-updown-5m-1773559500
[2m2026-03-15T07:25:46.572647Z[0m [32m INFO[0m [DISCOVER] New market: eth-updown-5m-1773559500
[2m2026-03-15T07:25:48.072992Z[0m [32m INFO[0m [DISCOVER] New market: sol-updown-5m-1773559500
[2m2026-03-15T07:25:49.067490Z[0m [33m WARN[0m [OPEN] btc-updown-5m-1773559500 skipped: joined 44s late (grace=5s), CL has drifted
[2m2026-03-15T07:25:49.067522Z[0m [33m WARN[0m [OPEN] sol-updown-5m-1773559500 skipped: joined 44s late (grace=5s), CL has drifted
[2m2026-03-15T07:25:49.067526Z[0m [33m WARN[0m [OPEN] eth-updown-5m-1773559500 skipped: joined 44s late (grace=5s), CL has drifted
[2m2026-03-15T07:25:49.067530Z[0m [32m INFO[0m [SCANNER] signals=60651 settles=54 cl=79128 bn=36186 whales=0 markets=0 books=1050 | http://0.0.0.0:8080
[2m2026-03-15T07:26:00.391018Z[0m [32m INFO[0m [WHALE] Leaderboard loaded from https://data-api.polymarket.com/v1/leaderboard?category=CRYPTO&orderBy=PNL&limit=50 (50 entries)
[2m2026-03-15T07:26:00.391389Z[0m [32m INFO[0m [WHALE] Tracking 50 wallets (top by PNL)
[2m2026-03-15T07:26:47.816117Z[0m [32m INFO[0m [SCANNER] signals=60651 settles=54 cl=79246 bn=36236 whales=0 markets=0 books=1056 | http://0.0.0.0:8080
[2m2026-03-15T07:27:45.457899Z[0m [32m INFO[0m [PRUNE] Removed 3 expired markets
[2m2026-03-15T07:27:48.185289Z[0m [32m INFO[0m [SCANNER] signals=60651 settles=54 cl=79376 bn=36304 whales=0 markets=0 books=1056 | http://0.0.0.0:8080
[2m2026-03-15T07:28:48.428969Z[0m [32m INFO[0m [SCANNER] signals=60651 settles=54 cl=79488 bn=36349 whales=0 markets=0 books=1056 | http://0.0.0.0:8080
[2m2026-03-15T07:29:48.682513Z[0m [32m INFO[0m [SCANNER] signals=60651 settles=54 cl=79601 bn=36385 whales=0 markets=0 books=1056 | http://0.0.0.0:8080
[2m2026-03-15T07:30:46.431100Z[0m [32m INFO[0m [DISCOVER] New market: btc-updown-5m-1773559800
[2m2026-03-15T07:30:46.930886Z[0m [32m INFO[0m [DISCOVER] New market: btc-updown-15m-1773559800
[2m2026-03-15T07:30:48.434654Z[0m [32m INFO[0m [DISCOVER] New market: eth-updown-5m-1773559800
[2m2026-03-15T07:30:48.936907Z[0m [32m INFO[0m [DISCOVER] New market: eth-updown-15m-1773559800
[2m2026-03-15T07:30:50.442660Z[0m [32m INFO[0m [DISCOVER] New market: sol-updown-5m-1773559800
[2m2026-03-15T07:30:50.945445Z[0m [32m INFO[0m [DISCOVER] New market: sol-updown-15m-1773559800
[2m2026-03-15T07:30:51.936481Z[0m [33m WARN[0m [OPEN] btc-updown-15m-1773559800 skipped: joined 46s late (grace=15s), CL has drifted
[2m2026-03-15T07:30:51.936514Z[0m [33m WARN[0m [OPEN] eth-updown-5m-1773559800 skipped: joined 46s late (grace=5s), CL has drifted
[2m2026-03-15T07:30:51.936517Z[0m [33m WARN[0m [OPEN] btc-updown-5m-1773559800 skipped: joined 46s late (grace=5s), CL has drifted
[2m2026-03-15T07:30:51.936519Z[0m [33m WARN[0m [OPEN] sol-updown-5m-1773559800 skipped: joined 46s late (grace=5s), CL has drifted
[2m2026-03-15T07:30:51.936521Z[0m [33m WARN[0m [OPEN] sol-updown-15m-1773559800 skipped: joined 46s late (grace=15s), CL has drifted
[2m2026-03-15T07:30:51.936523Z[0m [33m WARN[0m [OPEN] eth-updown-15m-1773559800 skipped: joined 46s late (grace=15s), CL has drifted
[2m2026-03-15T07:30:51.936527Z[0m [32m INFO[0m [SCANNER] signals=60651 settles=54 cl=79751 bn=36462 whales=0 markets=0 books=1056 | http://0.0.0.0:8080
[2m2026-03-15T07:31:04.118975Z[0m [32m INFO[0m [WHALE] Leaderboard loaded from https://data-api.polymarket.com/v1/leaderboard?category=CRYPTO&orderBy=PNL&limit=50 (50 entries)
[2m2026-03-15T07:31:04.119248Z[0m [32m INFO[0m [WHALE] Tracking 50 wallets (top by PNL)
[2m2026-03-15T07:31:49.166277Z[0m [32m INFO[0m [SCANNER] signals=60651 settles=54 cl=79855 bn=36509 whales=0 markets=0 books=1068 | http://0.0.0.0:8080
[2m2026-03-15T07:32:46.805640Z[0m [32m INFO[0m [PRUNE] Removed 6 expired markets
[2m2026-03-15T07:32:49.540075Z[0m [32m INFO[0m [SCANNER] signals=60651 settles=54 cl=79954 bn=36564 whales=0 markets=0 books=1068 | http://0.0.0.0:8080
[2m2026-03-15T07:33:49.792146Z[0m [32m INFO[0m [SCANNER] signals=60651 settles=54 cl=80093 bn=36633 whales=0 markets=0 books=1068 | http://0.0.0.0:8080
[2m2026-03-15T07:34:50.034932Z[0m [32m INFO[0m [SCANNER] signals=60651 settles=54 cl=80195 bn=36681 whales=0 markets=0 books=1068 | http://0.0.0.0:8080
[2m2026-03-15T07:35:47.788152Z[0m [32m INFO[0m [DISCOVER] New market: btc-updown-5m-1773560100
[2m2026-03-15T07:35:49.296104Z[0m [32m INFO[0m [DISCOVER] New market: eth-updown-5m-1773560100
[2m2026-03-15T07:35:50.796507Z[0m [32m INFO[0m [DISCOVER] New market: sol-updown-5m-1773560100
[2m2026-03-15T07:35:51.786006Z[0m [33m WARN[0m [OPEN] eth-updown-5m-1773560100 skipped: joined 47s late (grace=5s), CL has drifted
[2m2026-03-15T07:35:51.786125Z[0m [33m WARN[0m [OPEN] btc-updown-5m-1773560100 skipped: joined 47s late (grace=5s), CL has drifted
[2m2026-03-15T07:35:51.786130Z[0m [33m WARN[0m [OPEN] sol-updown-5m-1773560100 skipped: joined 47s late (grace=5s), CL has drifted
[2m2026-03-15T07:35:51.786136Z[0m [32m INFO[0m [SCANNER] signals=60651 settles=54 cl=80296 bn=36735 whales=0 markets=0 books=1068 | http://0.0.0.0:8080
[2m2026-03-15T07:36:09.822056Z[0m [32m INFO[0m [WHALE] Leaderboard loaded from https://data-api.polymarket.com/v1/leaderboard?category=CRYPTO&orderBy=PNL&limit=50 (50 entries)
[2m2026-03-15T07:36:09.822305Z[0m [32m INFO[0m [WHALE] Tracking 50 wallets (top by PNL)
[2m2026-03-15T07:36:50.524244Z[0m [32m INFO[0m [SCANNER] signals=60651 settles=54 cl=80423 bn=36777 whales=0 markets=0 books=1074 | http://0.0.0.0:8080
[2m2026-03-15T07:37:48.164459Z[0m [32m INFO[0m [PRUNE] Removed 3 expired markets
[2m2026-03-15T07:37:50.888281Z[0m [32m INFO[0m [SCANNER] signals=60651 settles=54 cl=80534 bn=36830 whales=0 markets=0 books=1074 | http://0.0.0.0:8080
[2m2026-03-15T07:38:51.120196Z[0m [32m INFO[0m [SCANNER] signals=60651 settles=54 cl=80636 bn=36864 whales=0 markets=0 books=1074 | http://0.0.0.0:8080
[2m2026-03-15T07:39:51.371256Z[0m [32m INFO[0m [SCANNER] signals=60651 settles=54 cl=80771 bn=36917 whales=0 markets=0 books=1074 | http://0.0.0.0:8080
[2m2026-03-15T07:40:49.121840Z[0m [32m INFO[0m [DISCOVER] New market: btc-updown-5m-1773560400
[2m2026-03-15T07:40:50.628957Z[0m [32m INFO[0m [DISCOVER] New market: eth-updown-5m-1773560400
[2m2026-03-15T07:40:52.131535Z[0m [32m INFO[0m [DISCOVER] New market: sol-updown-5m-1773560400
[2m2026-03-15T07:40:53.121490Z[0m [33m WARN[0m [OPEN] sol-updown-5m-1773560400 skipped: joined 49s late (grace=5s), CL has drifted
[2m2026-03-15T07:40:53.121526Z[0m [33m WARN[0m [OPEN] btc-updown-5m-1773560400 skipped: joined 49s late (grace=5s), CL has drifted
[2m2026-03-15T07:40:53.121529Z[0m [33m WARN[0m [OPEN] eth-updown-5m-1773560400 skipped: joined 49s late (grace=5s), CL has drifted
[2m2026-03-15T07:40:53.121532Z[0m [32m INFO[0m [SCANNER] signals=60651 settles=54 cl=80884 bn=36960 whales=0 markets=0 books=1074 | http://0.0.0.0:8080
[2m2026-03-15T07:41:12.527677Z[0m [32m INFO[0m [WHALE] Leaderboard loaded from https://data-api.polymarket.com/v1/leaderboard?category=CRYPTO&orderBy=PNL&limit=50 (50 entries)
[2m2026-03-15T07:41:12.528040Z[0m [32m INFO[0m [WHALE] Tracking 50 wallets (top by PNL)
[2m2026-03-15T07:41:51.867729Z[0m [32m INFO[0m [SCANNER] signals=60651 settles=54 cl=80993 bn=37004 whales=0 markets=0 books=1080 | http://0.0.0.0:8080
[2m2026-03-15T07:42:49.503053Z[0m [32m INFO[0m [PRUNE] Removed 3 expired markets
[2m2026-03-15T07:42:52.227116Z[0m [32m INFO[0m [SCANNER] signals=60651 settles=54 cl=81121 bn=37052 whales=0 markets=0 books=1080 | http://0.0.0.0:8080
[2m2026-03-15T07:43:52.464019Z[0m [32m INFO[0m [SCANNER] signals=60651 settles=54 cl=81245 bn=37091 whales=0 markets=0 books=1080 | http://0.0.0.0:8080
[2m2026-03-15T07:44:52.711874Z[0m [32m INFO[0m [SCANNER] signals=60651 settles=54 cl=81349 bn=37134 whales=0 markets=0 books=1080 | http://0.0.0.0:8080
[2m2026-03-15T07:45:50.458225Z[0m [32m INFO[0m [DISCOVER] New market: btc-updown-5m-1773560700
[2m2026-03-15T07:45:50.960682Z[0m [32m INFO[0m [DISCOVER] New market: btc-updown-15m-1773560700
[2m2026-03-15T07:45:52.471574Z[0m [32m INFO[0m [DISCOVER] New market: eth-updown-5m-1773560700
[2m2026-03-15T07:45:52.962208Z[0m [32m INFO[0m [DISCOVER] New market: eth-updown-15m-1773560700
[2m2026-03-15T07:45:54.467851Z[0m [32m INFO[0m [DISCOVER] New market: sol-updown-5m-1773560700
[2m2026-03-15T07:45:54.965505Z[0m [32m INFO[0m [DISCOVER] New market: sol-updown-15m-1773560700
[2m2026-03-15T07:45:55.962024Z[0m [33m WARN[0m [OPEN] eth-updown-5m-1773560700 skipped: joined 50s late (grace=5s), CL has drifted
[2m2026-03-15T07:45:55.962058Z[0m [33m WARN[0m [OPEN] btc-updown-15m-1773560700 skipped: joined 50s late (grace=15s), CL has drifted
[2m2026-03-15T07:45:55.962060Z[0m [33m WARN[0m [OPEN] eth-updown-15m-1773560700 skipped: joined 50s late (grace=15s), CL has drifted
[2m2026-03-15T07:45:55.962063Z[0m [33m WARN[0m [OPEN] sol-updown-5m-1773560700 skipped: joined 50s late (grace=5s), CL has drifted
[2m2026-03-15T07:45:55.962065Z[0m [33m WARN[0m [OPEN] sol-updown-15m-1773560700 skipped: joined 50s late (grace=15s), CL has drifted
[2m2026-03-15T07:45:55.962067Z[0m [33m WARN[0m [OPEN] btc-updown-5m-1773560700 skipped: joined 50s late (grace=5s), CL has drifted
[2m2026-03-15T07:45:55.962070Z[0m [32m INFO[0m [SCANNER] signals=60651 settles=54 cl=81448 bn=37183 whales=0 markets=0 books=1080 | http://0.0.0.0:8080
[2m2026-03-15T07:46:15.690844Z[0m [32m INFO[0m [WHALE] Leaderboard loaded from https://data-api.polymarket.com/v1/leaderboard?category=CRYPTO&orderBy=PNL&limit=50 (50 entries)
[2m2026-03-15T07:46:15.691191Z[0m [32m INFO[0m [WHALE] Tracking 50 wallets (top by PNL)
[2m2026-03-15T07:46:53.195732Z[0m [32m INFO[0m [SCANNER] signals=60651 settles=54 cl=81579 bn=37248 whales=0 markets=0 books=1092 | http://0.0.0.0:8080
[2m2026-03-15T07:47:50.830834Z[0m [32m INFO[0m [PRUNE] Removed 6 expired markets
[2m2026-03-15T07:47:53.564670Z[0m [32m INFO[0m [SCANNER] signals=60651 settles=54 cl=81713 bn=37299 whales=0 markets=0 books=1092 | http://0.0.0.0:8080
[2m2026-03-15T07:48:53.816495Z[0m [32m INFO[0m [SCANNER] signals=60651 settles=54 cl=81839 bn=37349 whales=0 markets=0 books=1092 | http://0.0.0.0:8080
[2m2026-03-15T07:49:54.063893Z[0m [32m INFO[0m [SCANNER] signals=60651 settles=54 cl=81934 bn=37403 whales=0 markets=0 books=1092 | http://0.0.0.0:8080
[2m2026-03-15T07:50:51.824557Z[0m [32m INFO[0m [DISCOVER] New market: btc-updown-5m-1773561000
[2m2026-03-15T07:50:53.322847Z[0m [32m INFO[0m [DISCOVER] New market: eth-updown-5m-1773561000
[2m2026-03-15T07:50:54.824916Z[0m [32m INFO[0m [DISCOVER] New market: sol-updown-5m-1773561000
[2m2026-03-15T07:50:55.817969Z[0m [33m WARN[0m [OPEN] btc-updown-5m-1773561000 skipped: joined 51s late (grace=5s), CL has drifted
[2m2026-03-15T07:50:55.818002Z[0m [33m WARN[0m [OPEN] eth-updown-5m-1773561000 skipped: joined 51s late (grace=5s), CL has drifted
[2m2026-03-15T07:50:55.818006Z[0m [33m WARN[0m [OPEN] sol-updown-5m-1773561000 skipped: joined 51s late (grace=5s), CL has drifted
[2m2026-03-15T07:50:55.818011Z[0m [32m INFO[0m [SCANNER] signals=60651 settles=54 cl=82058 bn=37451 whales=0 markets=0 books=1092 | http://0.0.0.0:8080
[2m2026-03-15T07:51:20.917618Z[0m [32m INFO[0m [WHALE] Leaderboard loaded from https://data-api.polymarket.com/v1/leaderboard?category=CRYPTO&orderBy=PNL&limit=50 (50 entries)
[2m2026-03-15T07:51:20.917866Z[0m [32m INFO[0m [WHALE] Tracking 50 wallets (top by PNL)
[2m2026-03-15T07:51:54.548944Z[0m [32m INFO[0m [SCANNER] signals=60651 settles=54 cl=82174 bn=37497 whales=0 markets=0 books=1098 | http://0.0.0.0:8080
[2m2026-03-15T07:52:52.183968Z[0m [32m INFO[0m [PRUNE] Removed 3 expired markets
[2m2026-03-15T07:52:54.910614Z[0m [32m INFO[0m [SCANNER] signals=60651 settles=54 cl=82287 bn=37553 whales=0 markets=0 books=1098 | http://0.0.0.0:8080
[2m2026-03-15T07:53:49.852964Z[0m [31mERROR[0m [CL] WebSocket error: IO error: Connection reset by peer (os error 104)
[2m2026-03-15T07:53:49.854372Z[0m [33m WARN[0m [CL] Feed closed cleanly, reconnecting...
[2m2026-03-15T07:53:54.856245Z[0m [32m INFO[0m [CL] Connecting to wss://ws-live-data.polymarket.com
[2m2026-03-15T07:53:55.204125Z[0m [32m INFO[0m [SCANNER] signals=60651 settles=54 cl=82383 bn=37603 whales=0 markets=0 books=1098 | http://0.0.0.0:8080
[2m2026-03-15T07:54:13.811689Z[0m [32m INFO[0m [CL] Feed connected
[2m2026-03-15T07:54:55.442220Z[0m [32m INFO[0m [SCANNER] signals=60651 settles=54 cl=82443 bn=37631 whales=0 markets=0 books=1098 | http://0.0.0.0:8080
[2m2026-03-15T07:55:47.963089Z[0m [31mERROR[0m [CL] WebSocket error: IO error: Connection reset by peer (os error 104)
[2m2026-03-15T07:55:47.964487Z[0m [33m WARN[0m [CL] Feed closed cleanly, reconnecting...
[2m2026-03-15T07:55:52.966284Z[0m [32m INFO[0m [CL] Connecting to wss://ws-live-data.polymarket.com
[2m2026-03-15T07:55:53.125543Z[0m [32m INFO[0m [CL] Feed connected
[2m2026-03-15T07:55:53.189202Z[0m [32m INFO[0m [DISCOVER] New market: btc-updown-5m-1773561300
[2m2026-03-15T07:55:54.691159Z[0m [32m INFO[0m [DISCOVER] New market: eth-updown-5m-1773561300
[2m2026-03-15T07:55:56.196264Z[0m [32m INFO[0m [DISCOVER] New market: sol-updown-5m-1773561300
[2m2026-03-15T07:55:57.184707Z[0m [33m WARN[0m [OPEN] btc-updown-5m-1773561300 skipped: joined 53s late (grace=5s), CL has drifted
[2m2026-03-15T07:55:57.184819Z[0m [33m WARN[0m [OPEN] sol-updown-5m-1773561300 skipped: joined 53s late (grace=5s), CL has drifted
[2m2026-03-15T07:55:57.184823Z[0m [33m WARN[0m [OPEN] eth-updown-5m-1773561300 skipped: joined 53s late (grace=5s), CL has drifted
[2m2026-03-15T07:55:57.184828Z[0m [32m INFO[0m [SCANNER] signals=60651 settles=54 cl=82539 bn=37692 whales=0 markets=0 books=1098 | http://0.0.0.0:8080
[2m2026-03-15T07:56:24.045501Z[0m [32m INFO[0m [WHALE] Leaderboard loaded from https://data-api.polymarket.com/v1/leaderboard?category=CRYPTO&orderBy=PNL&limit=50 (50 entries)
[2m2026-03-15T07:56:24.045830Z[0m [32m INFO[0m [WHALE] Tracking 50 wallets (top by PNL)
[2m2026-03-15T07:56:55.931681Z[0m [32m INFO[0m [SCANNER] signals=60651 settles=54 cl=82631 bn=37735 whales=0 markets=0 books=1104 | http://0.0.0.0:8080
[2m2026-03-15T07:57:53.567818Z[0m [32m INFO[0m [PRUNE] Removed 3 expired markets
[2m2026-03-15T07:57:56.296552Z[0m [32m INFO[0m [SCANNER] signals=60651 settles=54 cl=82730 bn=37778 whales=0 markets=0 books=1104 | http://0.0.0.0:8080
[2m2026-03-15T07:58:56.544009Z[0m [32m INFO[0m [SCANNER] signals=60651 settles=54 cl=82821 bn=37815 whales=0 markets=0 books=1104 | http://0.0.0.0:8080
[2m2026-03-15T07:59:56.791933Z[0m [32m INFO[0m [SCANNER] signals=60651 settles=54 cl=82932 bn=37854 whales=0 markets=0 books=1104 | http://0.0.0.0:8080
[2m2026-03-15T08:00:54.551117Z[0m [32m INFO[0m [DISCOVER] New market: btc-updown-5m-1773561600
[2m2026-03-15T08:00:55.049048Z[0m [32m INFO[0m [DISCOVER] New market: btc-updown-15m-1773561600
[2m2026-03-15T08:00:56.558144Z[0m [32m INFO[0m [DISCOVER] New market: eth-updown-5m-1773561600
[2m2026-03-15T08:00:57.058688Z[0m [32m INFO[0m [DISCOVER] New market: eth-updown-15m-1773561600
[2m2026-03-15T08:00:58.560643Z[0m [32m INFO[0m [DISCOVER] New market: sol-updown-5m-1773561600
[2m2026-03-15T08:00:59.063042Z[0m [32m INFO[0m [DISCOVER] New market: sol-updown-15m-1773561600
[2m2026-03-15T08:01:00.063960Z[0m [33m WARN[0m [OPEN] btc-updown-5m-1773561600 skipped: joined 54s late (grace=5s), CL has drifted
[2m2026-03-15T08:01:00.063994Z[0m [33m WARN[0m [OPEN] btc-updown-15m-1773561600 skipped: joined 54s late (grace=15s), CL has drifted
[2m2026-03-15T08:01:00.063997Z[0m [33m WARN[0m [OPEN] eth-updown-5m-1773561600 skipped: joined 54s late (grace=5s), CL has drifted
[2m2026-03-15T08:01:00.064000Z[0m [33m WARN[0m [OPEN] sol-updown-5m-1773561600 skipped: joined 54s late (grace=5s), CL has drifted
[2m2026-03-15T08:01:00.064002Z[0m [33m WARN[0m [OPEN] sol-updown-15m-1773561600 skipped: joined 54s late (grace=15s), CL has drifted
[2m2026-03-15T08:01:00.064004Z[0m [33m WARN[0m [OPEN] eth-updown-15m-1773561600 skipped: joined 54s late (grace=15s), CL has drifted
[2m2026-03-15T08:01:00.064007Z[0m [32m INFO[0m [SCANNER] signals=60651 settles=54 cl=83096 bn=37950 whales=0 markets=0 books=1104 | http://0.0.0.0:8080
[2m2026-03-15T08:01:28.177299Z[0m [32m INFO[0m [WHALE] Leaderboard loaded from https://data-api.polymarket.com/v1/leaderboard?category=CRYPTO&orderBy=PNL&limit=50 (50 entries)
[2m2026-03-15T08:01:28.177525Z[0m [32m INFO[0m [WHALE] Tracking 50 wallets (top by PNL)
[2m2026-03-15T08:01:57.303142Z[0m [32m INFO[0m [SCANNER] signals=60651 settles=54 cl=83225 bn=38009 whales=0 markets=0 books=1116 | http://0.0.0.0:8080
[2m2026-03-15T08:02:54.937687Z[0m [32m INFO[0m [PRUNE] Removed 6 expired markets
[2m2026-03-15T08:02:57.552311Z[0m [32m INFO[0m [SCANNER] signals=60651 settles=54 cl=83358 bn=38061 whales=0 markets=0 books=1116 | http://0.0.0.0:8080
[2m2026-03-15T08:03:57.798119Z[0m [32m INFO[0m [SCANNER] signals=60651 settles=54 cl=83488 bn=38103 whales=0 markets=0 books=1116 | http://0.0.0.0:8080
[2m2026-03-15T08:04:58.046205Z[0m [32m INFO[0m [SCANNER] signals=60651 settles=54 cl=83625 bn=38140 whales=0 markets=0 books=1116 | http://0.0.0.0:8080
[2m2026-03-15T08:05:55.805829Z[0m [32m INFO[0m [DISCOVER] New market: btc-updown-5m-1773561900
[2m2026-03-15T08:05:57.304997Z[0m [32m INFO[0m [DISCOVER] New market: eth-updown-5m-1773561900
[2m2026-03-15T08:05:58.818114Z[0m [32m INFO[0m [DISCOVER] New market: sol-updown-5m-1773561900
[2m2026-03-15T08:05:59.802225Z[0m [33m WARN[0m [OPEN] eth-updown-5m-1773561900 skipped: joined 55s late (grace=5s), CL has drifted
[2m2026-03-15T08:05:59.802285Z[0m [33m WARN[0m [OPEN] sol-updown-5m-1773561900 skipped: joined 55s late (grace=5s), CL has drifted
[2m2026-03-15T08:05:59.802288Z[0m [33m WARN[0m [OPEN] btc-updown-5m-1773561900 skipped: joined 55s late (grace=5s), CL has drifted
[2m2026-03-15T08:05:59.802291Z[0m [32m INFO[0m [SCANNER] signals=60651 settles=54 cl=83751 bn=38212 whales=0 markets=0 books=1116 | http://0.0.0.0:8080
[2m2026-03-15T08:06:32.851058Z[0m [32m INFO[0m [WHALE] Leaderboard loaded from https://data-api.polymarket.com/v1/leaderboard?category=CRYPTO&orderBy=PNL&limit=50 (50 entries)
[2m2026-03-15T08:06:32.851287Z[0m [32m INFO[0m [WHALE] Tracking 50 wallets (top by PNL)
[2m2026-03-15T08:06:58.541446Z[0m [32m INFO[0m [SCANNER] signals=60651 settles=54 cl=83848 bn=38247 whales=0 markets=0 books=1122 | http://0.0.0.0:8080
[2m2026-03-15T08:07:56.193164Z[0m [32m INFO[0m [PRUNE] Removed 3 expired markets
[2m2026-03-15T08:07:58.806711Z[0m [32m INFO[0m [SCANNER] signals=60651 settles=54 cl=83967 bn=38285 whales=0 markets=0 books=1122 | http://0.0.0.0:8080
[2m2026-03-15T08:08:59.041246Z[0m [32m INFO[0m [SCANNER] signals=60651 settles=54 cl=84085 bn=38331 whales=0 markets=0 books=1122 | http://0.0.0.0:8080
[2m2026-03-15T08:09:59.278381Z[0m [32m INFO[0m [SCANNER] signals=60651 settles=54 cl=84190 bn=38356 whales=0 markets=0 books=1122 | http://0.0.0.0:8080
[2m2026-03-15T08:10:57.031007Z[0m [32m INFO[0m [DISCOVER] New market: btc-updown-5m-1773562200
[2m2026-03-15T08:10:58.526992Z[0m [32m INFO[0m [DISCOVER] New market: eth-updown-5m-1773562200
[2m2026-03-15T08:11:00.031894Z[0m [32m INFO[0m [DISCOVER] New market: sol-updown-5m-1773562200
[2m2026-03-15T08:11:01.028197Z[0m [33m WARN[0m [OPEN] btc-updown-5m-1773562200 skipped: joined 56s late (grace=5s), CL has drifted
[2m2026-03-15T08:11:01.028231Z[0m [33m WARN[0m [OPEN] eth-updown-5m-1773562200 skipped: joined 56s late (grace=5s), CL has drifted
[2m2026-03-15T08:11:01.028234Z[0m [33m WARN[0m [OPEN] sol-updown-5m-1773562200 skipped: joined 56s late (grace=5s), CL has drifted
[2m2026-03-15T08:11:01.028238Z[0m [32m INFO[0m [SCANNER] signals=60651 settles=54 cl=84300 bn=38388 whales=0 markets=0 books=1122 | http://0.0.0.0:8080
[2m2026-03-15T08:11:36.043551Z[0m [32m INFO[0m [WHALE] Leaderboard loaded from https://data-api.polymarket.com/v1/leaderboard?category=CRYPTO&orderBy=PNL&limit=50 (50 entries)
[2m2026-03-15T08:11:36.043827Z[0m [32m INFO[0m [WHALE] Tracking 50 wallets (top by PNL)
[2m2026-03-15T08:11:59.774940Z[0m [32m INFO[0m [SCANNER] signals=60651 settles=54 cl=84397 bn=38418 whales=0 markets=0 books=1128 | http://0.0.0.0:8080
[2m2026-03-15T08:12:57.407409Z[0m [32m INFO[0m [PRUNE] Removed 3 expired markets
[2m2026-03-15T08:13:00.023884Z[0m [32m INFO[0m [SCANNER] signals=60651 settles=54 cl=84544 bn=38492 whales=0 markets=0 books=1128 | http://0.0.0.0:8080
[2m2026-03-15T08:14:00.265488Z[0m [32m INFO[0m [SCANNER] signals=60651 settles=54 cl=84678 bn=38560 whales=0 markets=0 books=1128 | http://0.0.0.0:8080
[2m2026-03-15T08:15:00.515691Z[0m [32m INFO[0m [SCANNER] signals=60651 settles=54 cl=84800 bn=38622 whales=0 markets=0 books=1128 | http://0.0.0.0:8080
[2m2026-03-15T08:15:58.271547Z[0m [32m INFO[0m [DISCOVER] New market: btc-updown-5m-1773562500
[2m2026-03-15T08:15:58.771480Z[0m [32m INFO[0m [DISCOVER] New market: btc-updown-15m-1773562500
[2m2026-03-15T08:16:00.269139Z[0m [32m INFO[0m [DISCOVER] New market: eth-updown-5m-1773562500
[2m2026-03-15T08:16:00.772665Z[0m [32m INFO[0m [DISCOVER] New market: eth-updown-15m-1773562500
[2m2026-03-15T08:16:02.279742Z[0m [32m INFO[0m [DISCOVER] New market: sol-updown-5m-1773562500
[2m2026-03-15T08:16:02.778639Z[0m [32m INFO[0m [DISCOVER] New market: sol-updown-15m-1773562500
[2m2026-03-15T08:16:03.773054Z[0m [33m WARN[0m [OPEN] eth-updown-15m-1773562500 skipped: joined 58s late (grace=15s), CL has drifted
[2m2026-03-15T08:16:03.773105Z[0m [33m WARN[0m [OPEN] sol-updown-15m-1773562500 skipped: joined 58s late (grace=15s), CL has drifted
[2m2026-03-15T08:16:03.773107Z[0m [33m WARN[0m [OPEN] eth-updown-5m-1773562500 skipped: joined 58s late (grace=5s), CL has drifted
[2m2026-03-15T08:16:03.773110Z[0m [33m WARN[0m [OPEN] btc-updown-5m-1773562500 skipped: joined 58s late (grace=5s), CL has drifted
[2m2026-03-15T08:16:03.773111Z[0m [33m WARN[0m [OPEN] sol-updown-5m-1773562500 skipped: joined 58s late (grace=5s), CL has drifted
[2m2026-03-15T08:16:03.773113Z[0m [33m WARN[0m [OPEN] btc-updown-15m-1773562500 skipped: joined 58s late (grace=15s), CL has drifted
[2m2026-03-15T08:16:03.773116Z[0m [32m INFO[0m [SCANNER] signals=60651 settles=54 cl=84928 bn=38673 whales=0 markets=0 books=1128 | http://0.0.0.0:8080
[2m2026-03-15T08:16:40.713333Z[0m [32m INFO[0m [WHALE] Leaderboard loaded from https://data-api.polymarket.com/v1/leaderboard?category=CRYPTO&orderBy=PNL&limit=50 (50 entries)
[2m2026-03-15T08:16:40.713589Z[0m [32m INFO[0m [WHALE] Tracking 50 wallets (top by PNL)
[2m2026-03-15T08:17:01.004051Z[0m [32m INFO[0m [SCANNER] signals=60651 settles=54 cl=85067 bn=38748 whales=0 markets=0 books=1140 | http://0.0.0.0:8080
[2m2026-03-15T08:17:58.648228Z[0m [32m INFO[0m [PRUNE] Removed 6 expired markets
[2m2026-03-15T08:18:01.360009Z[0m [32m INFO[0m [SCANNER] signals=60651 settles=54 cl=85186 bn=38789 whales=0 markets=0 books=1140 | http://0.0.0.0:8080
[2m2026-03-15T08:19:01.604235Z[0m [32m INFO[0m [SCANNER] signals=60651 settles=54 cl=85314 bn=38831 whales=0 markets=0 books=1140 | http://0.0.0.0:8080
[2m2026-03-15T08:20:01.854900Z[0m [32m INFO[0m [SCANNER] signals=60651 settles=54 cl=85413 bn=38879 whales=0 markets=0 books=1140 | http://0.0.0.0:8080
[2m2026-03-15T08:20:59.596362Z[0m [32m INFO[0m [DISCOVER] New market: btc-updown-5m-1773562800
[2m2026-03-15T08:21:01.103030Z[0m [32m INFO[0m [DISCOVER] New market: eth-updown-5m-1773562800
[2m2026-03-15T08:21:02.612195Z[0m [32m INFO[0m [DISCOVER] New market: sol-updown-5m-1773562800
[2m2026-03-15T08:21:03.613002Z[0m [33m WARN[0m [OPEN] sol-updown-5m-1773562800 skipped: joined 59s late (grace=5s), CL has drifted
[2m2026-03-15T08:21:03.613041Z[0m [33m WARN[0m [OPEN] btc-updown-5m-1773562800 skipped: joined 59s late (grace=5s), CL has drifted
[2m2026-03-15T08:21:03.613045Z[0m [33m WARN[0m [OPEN] eth-updown-5m-1773562800 skipped: joined 59s late (grace=5s), CL has drifted
[2m2026-03-15T08:21:03.613064Z[0m [32m INFO[0m [SCANNER] signals=60651 settles=54 cl=85526 bn=38922 whales=0 markets=0 books=1140 | http://0.0.0.0:8080
[2m2026-03-15T08:21:44.348377Z[0m [32m INFO[0m [WHALE] Leaderboard loaded from https://data-api.polymarket.com/v1/leaderboard?category=CRYPTO&orderBy=PNL&limit=50 (50 entries)
[2m2026-03-15T08:21:44.348648Z[0m [32m INFO[0m [WHALE] Tracking 50 wallets (top by PNL)
[2m2026-03-15T08:22:02.349696Z[0m [32m INFO[0m [SCANNER] signals=60651 settles=54 cl=85632 bn=38978 whales=0 markets=0 books=1146 | http://0.0.0.0:8080
[2m2026-03-15T08:22:59.989418Z[0m [32m INFO[0m [PRUNE] Removed 3 expired markets
[2m2026-03-15T08:23:02.713253Z[0m [32m INFO[0m [SCANNER] signals=60651 settles=54 cl=85753 bn=39020 whales=0 markets=0 books=1146 | http://0.0.0.0:8080
[2m2026-03-15T08:24:02.955581Z[0m [32m INFO[0m [SCANNER] signals=60651 settles=54 cl=85879 bn=39057 whales=0 markets=0 books=1146 | http://0.0.0.0:8080
[2m2026-03-15T08:25:00.708740Z[0m [32m INFO[0m [DISCOVER] New market: btc-updown-5m-1773563100
[2m2026-03-15T08:25:02.203020Z[0m [32m INFO[0m [DISCOVER] New market: eth-updown-5m-1773563100
[2m2026-03-15T08:25:03.707044Z[0m [32m INFO[0m [DISCOVER] New market: sol-updown-5m-1773563100
[2m2026-03-15T08:25:04.702263Z[0m [32m INFO[0m [OPEN] sol-updown-5m-1773563100 open_price=88.44
[2m2026-03-15T08:25:04.702480Z[0m [32m INFO[0m [OPEN] btc-updown-5m-1773563100 open_price=71643.90
[2m2026-03-15T08:25:04.702483Z[0m [32m INFO[0m [OPEN] eth-updown-5m-1773563100 open_price=2110.55
[2m2026-03-15T08:25:04.702980Z[0m [32m INFO[0m --- SCAN ----------------------------------------------------------
[2m2026-03-15T08:25:04.702986Z[0m [32m INFO[0m   btc-updown-5m-1773563100 | open=71643.90 cl=71643.90 bn=71638.08 d=+0.0000% | s=30.0% fy=0.50 | YES=--/-- NO=--/-- | T-299s
[2m2026-03-15T08:25:04.702987Z[0m [32m INFO[0m   eth-updown-5m-1773563100 | open=2110.55 cl=2110.55 bn=2110.20 d=+0.0000% | s=30.0% fy=0.50 | YES=--/-- NO=--/-- | T-299s
[2m2026-03-15T08:25:04.702989Z[0m [32m INFO[0m   sol-updown-5m-1773563100 | open=88.44 cl=88.44 bn=88.43 d=+0.0000% | s=30.0% fy=0.50 | YES=--/-- NO=--/-- | T-299s
[2m2026-03-15T08:25:04.702990Z[0m [32m INFO[0m ===================================================================
[2m2026-03-15T08:25:04.702993Z[0m [32m INFO[0m [SCANNER] signals=60651 settles=54 cl=85999 bn=39093 whales=0 markets=3 books=1146 | http://0.0.0.0:8080
[2m2026-03-15T08:25:48.602798Z[0m [31mERROR[0m [CL] WebSocket error: IO error: Connection reset by peer (os error 104)
[2m2026-03-15T08:25:48.604210Z[0m [33m WARN[0m [CL] Feed closed cleanly, reconnecting...
[2m2026-03-15T08:25:53.604980Z[0m [32m INFO[0m [CL] Connecting to wss://ws-live-data.polymarket.com
[2m2026-03-15T08:26:03.497345Z[0m [32m INFO[0m --- SCAN ----------------------------------------------------------
[2m2026-03-15T08:26:03.497369Z[0m [32m INFO[0m   btc-updown-5m-1773563100 | open=71643.90 cl=71631.85 bn=71621.25 d=-0.0168% | s=30.0% fy=0.43 | YES=0.16/0.17 NO=0.83/0.84 | T-239s
[2m2026-03-15T08:26:03.497373Z[0m [32m INFO[0m   eth-updown-5m-1773563100 | open=2110.55 cl=2110.09 bn=2109.74 d=-0.0217% | s=30.0% fy=0.41 | YES=0.19/0.20 NO=0.80/0.81 | T-239s
[2m2026-03-15T08:26:03.497376Z[0m [32m INFO[0m   sol-updown-5m-1773563100 | open=88.44 cl=88.43 bn=88.41 d=-0.0191% | s=30.0% fy=0.42 | YES=0.30/0.31 NO=0.69/0.70 | T-239s
[2m2026-03-15T08:26:03.497380Z[0m [32m INFO[0m ===================================================================
[2m2026-03-15T08:26:03.497384Z[0m [32m INFO[0m [SCANNER] signals=60984 settles=54 cl=86084 bn=39127 whales=0 markets=3 books=1152 | http://0.0.0.0:8080
[2m2026-03-15T08:26:11.630427Z[0m [31mERROR[0m [CL] Feed error: CL WS connect failed, reconnecting in 5s
[2m2026-03-15T08:26:16.632159Z[0m [32m INFO[0m [CL] Connecting to wss://ws-live-data.polymarket.com
[2m2026-03-15T08:26:16.784263Z[0m [32m INFO[0m [CL] Feed connected
[2m2026-03-15T08:26:50.744810Z[0m [32m INFO[0m [WHALE] Leaderboard loaded from https://data-api.polymarket.com/v1/leaderboard?category=CRYPTO&orderBy=PNL&limit=50 (50 entries)
[2m2026-03-15T08:26:50.745052Z[0m [32m INFO[0m [WHALE] Tracking 50 wallets (top by PNL)
[2m2026-03-15T08:27:01.186236Z[0m [32m INFO[0m [PRUNE] Removed 3 expired markets
[2m2026-03-15T08:27:03.795240Z[0m [32m INFO[0m --- SCAN ----------------------------------------------------------
[2m2026-03-15T08:27:03.795256Z[0m [32m INFO[0m   btc-updown-5m-1773563100 | open=71643.90 cl=71585.50 bn=71578.00 d=-0.0815% | s=30.0% fy=0.21 | YES=0.10/0.11 NO=0.89/0.90 | T-179s
[2m2026-03-15T08:27:03.795259Z[0m [32m INFO[0m   eth-updown-5m-1773563100 | open=2110.55 cl=2108.90 bn=2108.53 d=-0.0780% | s=30.0% fy=0.22 | YES=0.06/0.07 NO=0.93/0.94 | T-179s
[2m2026-03-15T08:27:03.795261Z[0m [32m INFO[0m   sol-updown-5m-1773563100 | open=88.44 cl=88.35 bn=88.34 d=-0.1061% | s=30.0% fy=0.14 | YES=0.05/0.08 NO=0.92/0.95 | T-179s
[2m2026-03-15T08:27:03.795263Z[0m [32m INFO[0m ===================================================================
[2m2026-03-15T08:27:03.795265Z[0m [32m INFO[0m [SCANNER] signals=61329 settles=54 cl=86181 bn=39182 whales=0 markets=3 books=1152 | http://0.0.0.0:8080
[2m2026-03-15T08:28:04.196620Z[0m [32m INFO[0m --- SCAN ----------------------------------------------------------
[2m2026-03-15T08:28:04.196643Z[0m [32m INFO[0m   btc-updown-5m-1773563100 | open=71643.90 cl=71594.24 bn=71588.83 d=-0.0693% | s=30.0% fy=0.24 | YES=0.09/0.10 NO=0.90/0.91 | T-119s
[2m2026-03-15T08:28:04.196645Z[0m [32m INFO[0m   eth-updown-5m-1773563100 | open=2110.55 cl=2108.81 bn=2108.42 d=-0.0822% | s=30.0% fy=0.21 | YES=0.04/0.05 NO=0.95/0.96 | T-119s
[2m2026-03-15T08:28:04.196647Z[0m [32m INFO[0m   sol-updown-5m-1773563100 | open=88.44 cl=88.33 bn=88.32 d=-0.1244% | s=30.0% fy=0.11 | YES=0.06/0.08 NO=0.92/0.94 | T-119s
[2m2026-03-15T08:28:04.196648Z[0m [32m INFO[0m ===================================================================
[2m2026-03-15T08:28:04.196650Z[0m [32m INFO[0m [SCANNER] signals=61674 settles=54 cl=86288 bn=39221 whales=0 markets=3 books=1152 | http://0.0.0.0:8080
[2m2026-03-15T08:29:04.483905Z[0m [32m INFO[0m --- SCAN ----------------------------------------------------------
[2m2026-03-15T08:29:04.483921Z[0m [32m INFO[0m   btc-updown-5m-1773563100 | open=71643.90 cl=71612.19 bn=71608.41 d=-0.0443% | s=30.0% fy=0.33 | YES=0.05/0.06 NO=0.94/0.95 | T-58s
[2m2026-03-15T08:29:04.483924Z[0m [32m INFO[0m   eth-updown-5m-1773563100 | open=2110.55 cl=2110.39 bn=2110.07 d=-0.0075% | s=30.0% fy=0.47 | YES=0.19/0.20 NO=0.80/0.81 | T-58s
[2m2026-03-15T08:29:04.483926Z[0m [32m INFO[0m   sol-updown-5m-1773563100 | open=88.44 cl=88.37 bn=88.35 d=-0.0876% | s=30.0% fy=0.19 | YES=0.04/0.07 NO=0.93/0.96 | T-58s
[2m2026-03-15T08:29:04.483927Z[0m [32m INFO[0m ===================================================================
[2m2026-03-15T08:29:04.483930Z[0m [32m INFO[0m [SCANNER] signals=62019 settles=54 cl=86397 bn=39270 whales=0 markets=3 books=1152 | http://0.0.0.0:8080
[2m2026-03-15T08:30:01.142517Z[0m [32m INFO[0m [CL_CLOSE] sol-updown-5m-1773563100 snap=88.35
[2m2026-03-15T08:30:01.142571Z[0m [32m INFO[0m [CL_CLOSE] btc-updown-5m-1773563100 snap=71595.85
[2m2026-03-15T08:30:01.142576Z[0m [32m INFO[0m [CL_CLOSE] eth-updown-5m-1773563100 snap=2109.48
[2m2026-03-15T08:30:02.257223Z[0m [32m INFO[0m [DISCOVER] New market: btc-updown-5m-1773563400
[2m2026-03-15T08:30:02.758697Z[0m [32m INFO[0m [DISCOVER] New market: btc-updown-15m-1773563400
[2m2026-03-15T08:30:04.258693Z[0m [32m INFO[0m [DISCOVER] New market: eth-updown-5m-1773563400
[2m2026-03-15T08:30:04.759264Z[0m [32m INFO[0m [DISCOVER] New market: eth-updown-15m-1773563400
[2m2026-03-15T08:30:06.264774Z[0m [32m INFO[0m [DISCOVER] New market: sol-updown-5m-1773563400
[2m2026-03-15T08:30:06.767768Z[0m [32m INFO[0m [DISCOVER] New market: sol-updown-15m-1773563400
[2m2026-03-15T08:30:07.761162Z[0m [32m INFO[0m [OPEN] btc-updown-15m-1773563400 open_price=71595.75
[2m2026-03-15T08:30:07.761239Z[0m [32m INFO[0m [OPEN] eth-updown-15m-1773563400 open_price=2109.54
[2m2026-03-15T08:30:07.761244Z[0m [32m INFO[0m [OPEN] eth-updown-5m-1773563400 open_price=2109.54
[2m2026-03-15T08:30:07.761248Z[0m [32m INFO[0m [OPEN] sol-updown-5m-1773563400 open_price=88.35
[2m2026-03-15T08:30:07.761251Z[0m [32m INFO[0m [OPEN] sol-updown-15m-1773563400 open_price=88.35
[2m2026-03-15T08:30:07.761255Z[0m [32m INFO[0m [OPEN] btc-updown-5m-1773563400 open_price=71595.75
[2m2026-03-15T08:30:07.761392Z[0m [32m INFO[0m --- SCAN ----------------------------------------------------------
[2m2026-03-15T08:30:07.761400Z[0m [32m INFO[0m   btc-updown-15m-1773563400 | open=71595.75 cl=71595.75 bn=71586.21 d=+0.0000% | s=30.0% fy=0.50 | YES=--/-- NO=--/-- | T-898s
[2m2026-03-15T08:30:07.761402Z[0m [32m INFO[0m   btc-updown-5m-1773563400 | open=71595.75 cl=71595.75 bn=71586.21 d=+0.0000% | s=30.0% fy=0.50 | YES=--/-- NO=--/-- | T-298s
[2m2026-03-15T08:30:07.761404Z[0m [32m INFO[0m   eth-updown-15m-1773563400 | open=2109.54 cl=2109.54 bn=2108.97 d=+0.0000% | s=30.0% fy=0.50 | YES=--/-- NO=--/-- | T-898s
[2m2026-03-15T08:30:07.761406Z[0m [32m INFO[0m   eth-updown-5m-1773563400 | open=2109.54 cl=2109.54 bn=2108.97 d=+0.0000% | s=30.0% fy=0.50 | YES=--/-- NO=--/-- | T-298s
[2m2026-03-15T08:30:07.761425Z[0m [32m INFO[0m   sol-updown-15m-1773563400 | open=88.35 cl=88.35 bn=88.33 d=+0.0000% | s=30.0% fy=0.50 | YES=--/-- NO=--/-- | T-898s
[2m2026-03-15T08:30:07.761426Z[0m [32m INFO[0m   sol-updown-5m-1773563400 | open=88.35 cl=88.35 bn=88.33 d=+0.0000% | s=30.0% fy=0.50 | YES=--/-- NO=--/-- | T-298s
[2m2026-03-15T08:30:07.761428Z[0m [32m INFO[0m ===================================================================
[2m2026-03-15T08:30:07.761430Z[0m [32m INFO[0m [SCANNER] signals=62169 settles=54 cl=86526 bn=39314 whales=0 markets=9 books=1152 | http://0.0.0.0:8080
[2m2026-03-15T08:30:08.263359Z[0m [32m INFO[0m [SETTLE] sol-updown-5m-1773563100 cl=88.35 bn=88.33 open=88.44 d=-0.1092% -> NO
[2m2026-03-15T08:30:08.263899Z[0m [32m INFO[0m [SETTLE] btc-updown-5m-1773563100 cl=71595.85 bn=71586.22 open=71643.90 d=-0.0671% -> NO
[2m2026-03-15T08:30:08.263916Z[0m [32m INFO[0m [SETTLE] eth-updown-5m-1773563100 cl=2109.48 bn=2108.97 open=2110.55 d=-0.0504% -> NO
[2m2026-03-15T08:31:05.078893Z[0m [32m INFO[0m --- SCAN ----------------------------------------------------------
[2m2026-03-15T08:31:05.078914Z[0m [32m INFO[0m   btc-updown-15m-1773563400 | open=71595.75 cl=71583.71 bn=71570.57 d=-0.0168% | s=30.0% fy=0.46 | YES=0.48/0.49 NO=0.59/0.60 | T-838s
[2m2026-03-15T08:31:05.078917Z[0m [32m INFO[0m   btc-updown-5m-1773563400 | open=71595.75 cl=71583.71 bn=71570.57 d=-0.0168% | s=30.0% fy=0.43 | YES=0.50/0.52 NO=0.48/0.50 | T-238s
[2m2026-03-15T08:31:05.078920Z[0m [32m INFO[0m   eth-updown-15m-1773563400 | open=2109.54 cl=2109.82 bn=2109.23 d=+0.0132% | s=30.0% fy=0.53 | YES=0.52/0.53 NO=0.47/0.48 | T-838s
[2m2026-03-15T08:31:05.078923Z[0m [32m INFO[0m   eth-updown-5m-1773563400 | open=2109.54 cl=2109.82 bn=2109.23 d=+0.0132% | s=30.0% fy=0.55 | YES=0.58/0.60 NO=0.40/0.42 | T-238s
[2m2026-03-15T08:31:05.078926Z[0m [32m INFO[0m   sol-updown-15m-1773563400 | open=88.35 cl=88.34 bn=88.32 d=-0.0078% | s=30.0% fy=0.48 | YES=0.47/0.48 NO=0.52/0.53 | T-838s
[2m2026-03-15T08:31:05.078928Z[0m [32m INFO[0m   sol-updown-5m-1773563400 | open=88.35 cl=88.34 bn=88.32 d=-0.0078% | s=30.0% fy=0.47 | YES=0.44/0.54 NO=0.46/0.56 | T-238s
[2m2026-03-15T08:31:05.078931Z[0m [32m INFO[0m ===================================================================
[2m2026-03-15T08:31:05.078935Z[0m [32m INFO[0m [SCANNER] signals=62805 settles=57 cl=86620 bn=39366 whales=0 markets=6 books=1164 | http://0.0.0.0:8080
[2m2026-03-15T08:31:51.938747Z[0m [32m INFO[0m [WHALE] Leaderboard loaded from https://data-api.polymarket.com/v1/leaderboard?category=CRYPTO&orderBy=PNL&limit=50 (50 entries)
[2m2026-03-15T08:31:51.939003Z[0m [32m INFO[0m [WHALE] Tracking 50 wallets (top by PNL)
[2m2026-03-15T08:32:02.798833Z[0m [32m INFO[0m [PRUNE] Removed 6 expired markets
[2m2026-03-15T08:32:05.405868Z[0m [32m INFO[0m --- SCAN ----------------------------------------------------------
[2m2026-03-15T08:32:05.405882Z[0m [32m INFO[0m   btc-updown-15m-1773563400 | open=71595.75 cl=71560.64 bn=71554.17 d=-0.0490% | s=30.0% fy=0.37 | YES=0.32/0.33 NO=0.67/0.68 | T-777s
[2m2026-03-15T08:32:05.405884Z[0m [32m INFO[0m   btc-updown-5m-1773563400 | open=71595.75 cl=71560.64 bn=71554.17 d=-0.0490% | s=30.0% fy=0.31 | YES=0.18/0.19 NO=0.81/0.82 | T-177s
[2m2026-03-15T08:32:05.405886Z[0m [32m INFO[0m   eth-updown-15m-1773563400 | open=2109.54 cl=2108.74 bn=2108.18 d=-0.0376% | s=30.0% fy=0.40 | YES=0.37/0.39 NO=0.61/0.63 | T-777s
[2m2026-03-15T08:32:05.405888Z[0m [32m INFO[0m   eth-updown-5m-1773563400 | open=2109.54 cl=2108.74 bn=2108.18 d=-0.0376% | s=30.0% fy=0.35 | YES=0.29/0.30 NO=0.70/0.71 | T-177s
[2m2026-03-15T08:32:05.405890Z[0m [32m INFO[0m   sol-updown-15m-1773563400 | open=88.35 cl=88.29 bn=88.27 d=-0.0628% | s=30.0% fy=0.34 | YES=0.29/0.32 NO=0.68/0.71 | T-777s
[2m2026-03-15T08:32:05.405892Z[0m [32m INFO[0m   sol-updown-5m-1773563400 | open=88.35 cl=88.29 bn=88.27 d=-0.0628% | s=30.0% fy=0.27 | YES=0.17/0.20 NO=0.80/0.83 | T-177s
[2m2026-03-15T08:32:05.405894Z[0m [32m INFO[0m ===================================================================
[2m2026-03-15T08:32:05.405900Z[0m [32m INFO[0m [SCANNER] signals=63495 settles=57 cl=86740 bn=39412 whales=0 markets=6 books=1164 | http://0.0.0.0:8080
[2m2026-03-15T08:33:05.833267Z[0m [32m INFO[0m --- SCAN ----------------------------------------------------------
[2m2026-03-15T08:33:05.833288Z[0m [32m INFO[0m   btc-updown-15m-1773563400 | open=71595.75 cl=71576.45 bn=71569.82 d=-0.0270% | s=30.0% fy=0.43 | YES=0.39/0.40 NO=0.60/0.61 | T-717s
[2m2026-03-15T08:33:05.833290Z[0m [32m INFO[0m   btc-updown-5m-1773563400 | open=71595.75 cl=71576.45 bn=71569.82 d=-0.0270% | s=30.0% fy=0.39 | YES=0.23/0.24 NO=0.76/0.77 | T-117s
[2m2026-03-15T08:33:05.833293Z[0m [32m INFO[0m   eth-updown-15m-1773563400 | open=2109.54 cl=2109.32 bn=2108.74 d=-0.0102% | s=30.0% fy=0.47 | YES=0.46/0.47 NO=0.53/0.54 | T-717s
[2m2026-03-15T08:33:05.833294Z[0m [32m INFO[0m   eth-updown-5m-1773563400 | open=2109.54 cl=2109.32 bn=2108.74 d=-0.0102% | s=30.0% fy=0.46 | YES=0.45/0.46 NO=0.54/0.55 | T-117s
[2m2026-03-15T08:33:05.833296Z[0m [32m INFO[0m   sol-updown-15m-1773563400 | open=88.35 cl=88.32 bn=88.30 d=-0.0347% | s=30.0% fy=0.40 | YES=0.36/0.37 NO=0.63/0.64 | T-717s
[2m2026-03-15T08:33:05.833298Z[0m [32m INFO[0m   sol-updown-5m-1773563400 | open=88.35 cl=88.32 bn=88.30 d=-0.0347% | s=30.0% fy=0.36 | YES=0.25/0.28 NO=0.72/0.75 | T-117s
[2m2026-03-15T08:33:05.833300Z[0m [32m INFO[0m ===================================================================
[2m2026-03-15T08:33:05.833302Z[0m [32m INFO[0m [SCANNER] signals=64185 settles=57 cl=86825 bn=39446 whales=0 markets=6 books=1164 | http://0.0.0.0:8080
[2m2026-03-15T08:34:06.159303Z[0m [32m INFO[0m --- SCAN ----------------------------------------------------------
[2m2026-03-15T08:34:06.159336Z[0m [32m INFO[0m   btc-updown-15m-1773563400 | open=71595.75 cl=71565.38 bn=71548.02 d=-0.0424% | s=30.0% fy=0.38 | YES=0.31/0.32 NO=0.68/0.69 | T-656s
[2m2026-03-15T08:34:06.159340Z[0m [32m INFO[0m   btc-updown-5m-1773563400 | open=71595.75 cl=71565.38 bn=71548.02 d=-0.0424% | s=30.0% fy=0.34 | YES=0.06/0.07 NO=0.93/0.94 | T-56s
[2m2026-03-15T08:34:06.159343Z[0m [32m INFO[0m   eth-updown-15m-1773563400 | open=2109.54 cl=2109.23 bn=2108.69 d=-0.0147% | s=30.0% fy=0.46 | YES=0.45/0.46 NO=0.54/0.55 | T-656s
[2m2026-03-15T08:34:06.159346Z[0m [32m INFO[0m   eth-updown-5m-1773563400 | open=2109.54 cl=2109.23 bn=2108.69 d=-0.0147% | s=30.0% fy=0.44 | YES=0.42/0.43 NO=0.57/0.58 | T-56s
[2m2026-03-15T08:34:06.159349Z[0m [32m INFO[0m   sol-updown-15m-1773563400 | open=88.35 cl=88.30 bn=88.28 d=-0.0567% | s=30.0% fy=0.34 | YES=0.31/0.32 NO=0.68/0.69 | T-656s
[2m2026-03-15T08:34:06.159352Z[0m [32m INFO[0m   sol-updown-5m-1773563400 | open=88.35 cl=88.30 bn=88.28 d=-0.0567% | s=30.0% fy=0.29 | YES=0.09/0.10 NO=0.90/0.91 | T-56s
[2m2026-03-15T08:34:06.159355Z[0m [32m INFO[0m ===================================================================
[2m2026-03-15T08:34:06.159359Z[0m [32m INFO[0m [SCANNER] signals=64875 settles=57 cl=86917 bn=39484 whales=0 markets=6 books=1164 | http://0.0.0.0:8080
[2m2026-03-15T08:35:01.359153Z[0m [32m INFO[0m [CL_CLOSE] eth-updown-5m-1773563400 snap=2108.93
[2m2026-03-15T08:35:01.359206Z[0m [32m INFO[0m [CL_CLOSE] sol-updown-5m-1773563400 snap=88.29
[2m2026-03-15T08:35:01.359212Z[0m [32m INFO[0m [CL_CLOSE] btc-updown-5m-1773563400 snap=71548.19
[2m2026-03-15T08:35:03.975960Z[0m [32m INFO[0m [DISCOVER] New market: btc-updown-5m-1773563700
[2m2026-03-15T08:35:05.476773Z[0m [32m INFO[0m [DISCOVER] New market: eth-updown-5m-1773563700
[2m2026-03-15T08:35:06.982547Z[0m [32m INFO[0m [DISCOVER] New market: sol-updown-5m-1773563700
[2m2026-03-15T08:35:07.976909Z[0m [32m INFO[0m [OPEN] btc-updown-5m-1773563700 open_price=71544.93
[2m2026-03-15T08:35:07.977017Z[0m [32m INFO[0m [OPEN] sol-updown-5m-1773563700 open_price=88.30
[2m2026-03-15T08:35:07.977020Z[0m [32m INFO[0m [OPEN] eth-updown-5m-1773563700 open_price=2108.81
[2m2026-03-15T08:35:07.977077Z[0m [32m INFO[0m --- SCAN ----------------------------------------------------------
[2m2026-03-15T08:35:07.977079Z[0m [32m INFO[0m   btc-updown-15m-1773563400 | open=71595.75 cl=71544.93 bn=71534.25 d=-0.0710% | s=30.0% fy=0.29 | YES=0.21/0.22 NO=0.78/0.79 | T-596s
[2m2026-03-15T08:35:07.977080Z[0m [32m INFO[0m   btc-updown-5m-1773563700 | open=71544.93 cl=71544.93 bn=71534.25 d=+0.0000% | s=30.0% fy=0.50 | YES=--/-- NO=--/-- | T-296s
[2m2026-03-15T08:35:07.977082Z[0m [32m INFO[0m   eth-updown-15m-1773563400 | open=2109.54 cl=2108.81 bn=2108.31 d=-0.0344% | s=30.0% fy=0.40 | YES=0.34/0.35 NO=0.65/0.66 | T-596s
[2m2026-03-15T08:35:07.977083Z[0m [32m INFO[0m   eth-updown-5m-1773563700 | open=2108.81 cl=2108.81 bn=2108.31 d=+0.0000% | s=30.0% fy=0.50 | YES=--/-- NO=--/-- | T-296s
[2m2026-03-15T08:35:07.977084Z[0m [32m INFO[0m   sol-updown-15m-1773563400 | open=88.35 cl=88.30 bn=88.29 d=-0.0544% | s=30.0% fy=0.34 | YES=0.25/0.26 NO=0.74/0.75 | T-596s
[2m2026-03-15T08:35:07.977085Z[0m [32m INFO[0m   sol-updown-5m-1773563700 | open=88.30 cl=88.30 bn=88.29 d=+0.0000% | s=30.0% fy=0.50 | YES=--/-- NO=--/-- | T-296s
[2m2026-03-15T08:35:07.977087Z[0m [32m INFO[0m ===================================================================
[2m2026-03-15T08:35:07.977088Z[0m [32m INFO[0m [SCANNER] signals=65361 settles=57 cl=87023 bn=39537 whales=0 markets=9 books=1164 | http://0.0.0.0:8080
[2m2026-03-15T08:35:08.477967Z[0m [32m INFO[0m [SETTLE] eth-updown-5m-1773563400 cl=2108.93 bn=2108.30 open=2109.54 d=-0.0287% -> NO
[2m2026-03-15T08:35:08.478035Z[0m [32m INFO[0m [SETTLE] sol-updown-5m-1773563400 cl=88.29 bn=88.28 open=88.35 d=-0.0630% -> NO
[2m2026-03-15T08:35:08.478042Z[0m [32m INFO[0m [SETTLE] btc-updown-5m-1773563400 cl=71548.19 bn=71534.25 open=71595.75 d=-0.0664% -> NO
[2m2026-03-15T08:36:06.801367Z[0m [32m INFO[0m --- SCAN ----------------------------------------------------------
[2m2026-03-15T08:36:06.801386Z[0m [32m INFO[0m   btc-updown-15m-1773563400 | open=71595.75 cl=71526.77 bn=71518.30 d=-0.0963% | s=30.0% fy=0.22 | YES=0.17/0.18 NO=0.82/0.83 | T-536s
[2m2026-03-15T08:36:06.801389Z[0m [32m INFO[0m   btc-updown-5m-1773563700 | open=71544.93 cl=71526.77 bn=71518.30 d=-0.0254% | s=30.0% fy=0.40 | YES=0.30/0.31 NO=0.69/0.70 | T-236s
[2m2026-03-15T08:36:06.801391Z[0m [32m INFO[0m   eth-updown-15m-1773563400 | open=2109.54 cl=2108.62 bn=2108.34 d=-0.0436% | s=30.0% fy=0.36 | YES=0.32/0.33 NO=0.67/0.68 | T-536s
[2m2026-03-15T08:36:06.801392Z[0m [32m INFO[0m   eth-updown-5m-1773563700 | open=2108.81 cl=2108.62 bn=2108.34 d=-0.0092% | s=30.0% fy=0.46 | YES=0.42/0.44 NO=0.56/0.58 | T-236s
[2m2026-03-15T08:36:06.801394Z[0m [32m INFO[0m   sol-updown-15m-1773563400 | open=88.35 cl=88.27 bn=88.26 d=-0.0824% | s=30.0% fy=0.25 | YES=0.22/0.23 NO=0.77/0.78 | T-536s
[2m2026-03-15T08:36:06.801396Z[0m [32m INFO[0m   sol-updown-5m-1773563700 | open=88.30 cl=88.27 bn=88.26 d=-0.0280% | s=30.0% fy=0.39 | YES=0.40/0.43 NO=0.57/0.60 | T-236s
[2m2026-03-15T08:36:06.801398Z[0m [32m INFO[0m ===================================================================
[2m2026-03-15T08:36:06.801401Z[0m [32m INFO[0m [SCANNER] signals=66030 settles=60 cl=87129 bn=39589 whales=0 markets=6 books=1170 | http://0.0.0.0:8080
[2m2026-03-15T08:37:02.774046Z[0m [32m INFO[0m [WHALE] Leaderboard loaded from https://data-api.polymarket.com/v1/leaderboard?category=CRYPTO&orderBy=PNL&limit=50 (50 entries)
[2m2026-03-15T08:37:02.774440Z[0m [32m INFO[0m [WHALE] Tracking 50 wallets (top by PNL)
[2m2026-03-15T08:37:04.521081Z[0m [32m INFO[0m [PRUNE] Removed 3 expired markets
[2m2026-03-15T08:37:07.124707Z[0m [32m INFO[0m --- SCAN ----------------------------------------------------------
[2m2026-03-15T08:37:07.124722Z[0m [32m INFO[0m   btc-updown-15m-1773563400 | open=71595.75 cl=71521.53 bn=71511.70 d=-0.1037% | s=30.0% fy=0.19 | YES=0.16/0.17 NO=0.83/0.84 | T-475s
[2m2026-03-15T08:37:07.124724Z[0m [32m INFO[0m   btc-updown-5m-1773563700 | open=71544.93 cl=71521.53 bn=71511.70 d=-0.0327% | s=30.0% fy=0.37 | YES=0.21/0.22 NO=0.78/0.79 | T-175s
[2m2026-03-15T08:37:07.124730Z[0m [32m INFO[0m   eth-updown-15m-1773563400 | open=2109.54 cl=2108.42 bn=2108.00 d=-0.0530% | s=30.0% fy=0.32 | YES=0.27/0.28 NO=0.72/0.73 | T-475s
[2m2026-03-15T08:37:07.124731Z[0m [32m INFO[0m   eth-updown-5m-1773563700 | open=2108.81 cl=2108.42 bn=2108.00 d=-0.0187% | s=30.0% fy=0.43 | YES=0.29/0.30 NO=0.70/0.71 | T-175s
[2m2026-03-15T08:37:07.124733Z[0m [32m INFO[0m   sol-updown-15m-1773563400 | open=88.35 cl=88.27 bn=88.25 d=-0.0889% | s=30.0% fy=0.22 | YES=0.20/0.21 NO=0.79/0.80 | T-475s
[2m2026-03-15T08:37:07.124734Z[0m [32m INFO[0m   sol-updown-5m-1773563700 | open=88.30 cl=88.27 bn=88.25 d=-0.0346% | s=30.0% fy=0.36 | YES=0.30/0.31 NO=0.69/0.70 | T-175s
[2m2026-03-15T08:37:07.124735Z[0m [32m INFO[0m ===================================================================
[2m2026-03-15T08:37:07.124737Z[0m [32m INFO[0m [SCANNER] signals=66720 settles=60 cl=87263 bn=39646 whales=0 markets=6 books=1170 | http://0.0.0.0:8080
[2m2026-03-15T08:38:07.544952Z[0m [32m INFO[0m --- SCAN ----------------------------------------------------------
[2m2026-03-15T08:38:07.544975Z[0m [32m INFO[0m   btc-updown-15m-1773563400 | open=71595.75 cl=71544.63 bn=71535.87 d=-0.0714% | s=30.0% fy=0.26 | YES=0.28/0.29 NO=0.71/0.72 | T-415s
[2m2026-03-15T08:38:07.544978Z[0m [32m INFO[0m   btc-updown-5m-1773563700 | open=71544.93 cl=71544.63 bn=71535.87 d=-0.0004% | s=30.0% fy=0.50 | YES=0.44/0.48 NO=0.52/0.56 | T-115s
[2m2026-03-15T08:38:07.544981Z[0m [32m INFO[0m   eth-updown-15m-1773563400 | open=2109.54 cl=2108.66 bn=2108.15 d=-0.0414% | s=30.0% fy=0.35 | YES=0.34/0.35 NO=0.65/0.66 | T-415s
[2m2026-03-15T08:38:07.544984Z[0m [32m INFO[0m   eth-updown-5m-1773563700 | open=2108.81 cl=2108.66 bn=2108.15 d=-0.0070% | s=30.0% fy=0.47 | YES=0.38/0.40 NO=0.60/0.62 | T-115s
[2m2026-03-15T08:38:07.544987Z[0m [32m INFO[0m   sol-updown-15m-1773563400 | open=88.35 cl=88.30 bn=88.28 d=-0.0545% | s=30.0% fy=0.31 | YES=0.29/0.30 NO=0.70/0.71 | T-415s
[2m2026-03-15T08:38:07.544990Z[0m [32m INFO[0m   sol-updown-5m-1773563700 | open=88.30 cl=88.30 bn=88.28 d=-0.0001% | s=30.0% fy=0.50 | YES=0.56/0.61 NO=0.39/0.44 | T-115s
[2m2026-03-15T08:38:07.544993Z[0m [32m INFO[0m ===================================================================
[2m2026-03-15T08:38:07.544996Z[0m [32m INFO[0m [SCANNER] signals=67410 settles=60 cl=87373 bn=39695 whales=0 markets=6 books=1170 | http://0.0.0.0:8080
[2m2026-03-15T08:39:07.878022Z[0m [32m INFO[0m --- SCAN ----------------------------------------------------------
[2m2026-03-15T08:39:07.878042Z[0m [32m INFO[0m   btc-updown-15m-1773563400 | open=71595.75 cl=71561.67 bn=71553.90 d=-0.0476% | s=30.0% fy=0.32 | YES=0.33/0.34 NO=0.66/0.67 | T-355s
[2m2026-03-15T08:39:07.878045Z[0m [32m INFO[0m   btc-updown-5m-1773563700 | open=71544.93 cl=71561.67 bn=71553.90 d=+0.0234% | s=30.0% fy=0.59 | YES=0.76/0.77 NO=0.23/0.24 | T-55s
[2m2026-03-15T08:39:07.878047Z[0m [32m INFO[0m   eth-updown-15m-1773563400 | open=2109.54 cl=2108.90 bn=2108.59 d=-0.0303% | s=30.0% fy=0.38 | YES=0.36/0.37 NO=0.63/0.64 | T-355s
[2m2026-03-15T08:39:07.878049Z[0m [32m INFO[0m   eth-updown-5m-1773563700 | open=2108.81 cl=2108.90 bn=2108.59 d=+0.0041% | s=30.0% fy=0.52 | YES=0.51/0.52 NO=0.48/0.49 | T-55s
[2m2026-03-15T08:39:07.878051Z[0m [32m INFO[0m   sol-updown-15m-1773563400 | open=88.35 cl=88.30 bn=88.29 d=-0.0563% | s=30.0% fy=0.29 | YES=0.26/0.27 NO=0.73/0.74 | T-355s
[2m2026-03-15T08:39:07.878053Z[0m [32m INFO[0m   sol-updown-5m-1773563700 | open=88.30 cl=88.30 bn=88.29 d=-0.0019% | s=30.0% fy=0.49 | YES=0.56/0.58 NO=0.42/0.44 | T-55s
[2m2026-03-15T08:39:07.878055Z[0m [32m INFO[0m ===================================================================
[2m2026-03-15T08:39:07.878057Z[0m [32m INFO[0m [SCANNER] signals=68100 settles=60 cl=87498 bn=39755 whales=0 markets=6 books=1170 | http://0.0.0.0:8080
[2m2026-03-15T08:40:01.069368Z[0m [32m INFO[0m [CL_CLOSE] btc-updown-5m-1773563700 snap=71569.64
[2m2026-03-15T08:40:01.069454Z[0m [32m INFO[0m [CL_CLOSE] sol-updown-5m-1773563700 snap=88.31
[2m2026-03-15T08:40:01.069457Z[0m [32m INFO[0m [CL_CLOSE] eth-updown-5m-1773563700 snap=2109.23
[2m2026-03-15T08:40:05.084325Z[0m [32m INFO[0m [SETTLE] btc-updown-5m-1773563700 cl=71569.64 bn=71560.74 open=71544.93 d=+0.0345% -> YES
[2m2026-03-15T08:40:05.084388Z[0m [32m INFO[0m [SETTLE] sol-updown-5m-1773563700 cl=88.31 bn=88.30 open=88.30 d=+0.0065% -> YES
[2m2026-03-15T08:40:05.084413Z[0m [32m INFO[0m [SETTLE] eth-updown-5m-1773563700 cl=2109.23 bn=2108.69 open=2108.81 d=+0.0197% -> YES
[2m2026-03-15T08:40:05.695182Z[0m [32m INFO[0m [DISCOVER] New market: btc-updown-5m-1773564000
[2m2026-03-15T08:40:07.198481Z[0m [32m INFO[0m [DISCOVER] New market: eth-updown-5m-1773564000
[2m2026-03-15T08:40:08.698776Z[0m [32m INFO[0m [DISCOVER] New market: sol-updown-5m-1773564000
[2m2026-03-15T08:40:09.693085Z[0m [32m INFO[0m [OPEN] sol-updown-5m-1773564000 open_price=88.31
[2m2026-03-15T08:40:09.693416Z[0m [32m INFO[0m [OPEN] btc-updown-5m-1773564000 open_price=71567.74
[2m2026-03-15T08:40:09.693420Z[0m [32m INFO[0m [OPEN] eth-updown-5m-1773564000 open_price=2109.21
[2m2026-03-15T08:40:09.693580Z[0m [32m INFO[0m --- SCAN ----------------------------------------------------------
[2m2026-03-15T08:40:09.693583Z[0m [32m INFO[0m   btc-updown-15m-1773563400 | open=71595.75 cl=71567.74 bn=71560.74 d=-0.0391% | s=30.0% fy=0.35 | YES=0.35/0.36 NO=0.64/0.65 | T-294s
[2m2026-03-15T08:40:09.693585Z[0m [32m INFO[0m   btc-updown-5m-1773564000 | open=71567.74 cl=71567.74 bn=71560.74 d=+0.0000% | s=30.0% fy=0.50 | YES=--/-- NO=--/-- | T-294s
[2m2026-03-15T08:40:09.693586Z[0m [32m INFO[0m   eth-updown-15m-1773563400 | open=2109.54 cl=2109.21 bn=2108.70 d=-0.0156% | s=30.0% fy=0.44 | YES=0.40/0.41 NO=0.59/0.60 | T-294s
[2m2026-03-15T08:40:09.693587Z[0m [32m INFO[0m   eth-updown-5m-1773564000 | open=2109.21 cl=2109.21 bn=2108.70 d=+0.0000% | s=30.0% fy=0.50 | YES=--/-- NO=--/-- | T-294s
[2m2026-03-15T08:40:09.693588Z[0m [32m INFO[0m   sol-updown-15m-1773563400 | open=88.35 cl=88.31 bn=88.29 d=-0.0467% | s=30.0% fy=0.32 | YES=0.30/0.31 NO=0.69/0.70 | T-294s
[2m2026-03-15T08:40:09.693589Z[0m [32m INFO[0m   sol-updown-5m-1773564000 | open=88.31 cl=88.31 bn=88.29 d=+0.0000% | s=30.0% fy=0.50 | YES=--/-- NO=--/-- | T-294s
[2m2026-03-15T08:40:09.693591Z[0m [32m INFO[0m ===================================================================
[2m2026-03-15T08:40:09.693593Z[0m [32m INFO[0m [SCANNER] signals=68577 settles=63 cl=87595 bn=39795 whales=0 markets=6 books=1170 | http://0.0.0.0:8080
[2m2026-03-15T08:41:08.510986Z[0m [32m INFO[0m --- SCAN ----------------------------------------------------------
[2m2026-03-15T08:41:08.511013Z[0m [32m INFO[0m   btc-updown-15m-1773563400 | open=71595.75 cl=71559.82 bn=71546.46 d=-0.0502% | s=30.0% fy=0.31 | YES=0.19/0.20 NO=0.80/0.81 | T-234s
[2m2026-03-15T08:41:08.511017Z[0m [32m INFO[0m   btc-updown-5m-1773564000 | open=71567.74 cl=71559.82 bn=71546.46 d=-0.0111% | s=30.0% fy=0.46 | YES=0.37/0.38 NO=0.62/0.63 | T-234s
[2m2026-03-15T08:41:08.511020Z[0m [32m INFO[0m   eth-updown-15m-1773563400 | open=2109.54 cl=2109.13 bn=2108.70 d=-0.0194% | s=30.0% fy=0.42 | YES=0.33/0.34 NO=0.66/0.67 | T-234s
[2m2026-03-15T08:41:08.511023Z[0m [32m INFO[0m   eth-updown-5m-1773564000 | open=2109.21 cl=2109.13 bn=2108.70 d=-0.0038% | s=30.0% fy=0.49 | YES=0.45/0.46 NO=0.54/0.55 | T-234s
[2m2026-03-15T08:41:08.511026Z[0m [32m INFO[0m   sol-updown-15m-1773563400 | open=88.35 cl=88.30 bn=88.27 d=-0.0576% | s=30.0% fy=0.28 | YES=0.21/0.22 NO=0.78/0.79 | T-234s
[2m2026-03-15T08:41:08.511028Z[0m [32m INFO[0m   sol-updown-5m-1773564000 | open=88.31 cl=88.30 bn=88.27 d=-0.0109% | s=30.0% fy=0.46 | YES=0.42/0.43 NO=0.57/0.58 | T-234s
[2m2026-03-15T08:41:08.511031Z[0m [32m INFO[0m ===================================================================
[2m2026-03-15T08:41:08.511047Z[0m [32m INFO[0m [SCANNER] signals=69246 settles=63 cl=87693 bn=39820 whales=0 markets=6 books=1176 | http://0.0.0.0:8080
[2m2026-03-15T08:42:06.242140Z[0m [32m INFO[0m [PRUNE] Removed 3 expired markets
[2m2026-03-15T08:42:08.847059Z[0m [32m INFO[0m --- SCAN ----------------------------------------------------------
[2m2026-03-15T08:42:08.847074Z[0m [32m INFO[0m   btc-updown-15m-1773563400 | open=71595.75 cl=71554.48 bn=71546.46 d=-0.0576% | s=30.0% fy=0.28 | YES=0.12/0.13 NO=0.87/0.88 | T-174s
[2m2026-03-15T08:42:08.847077Z[0m [32m INFO[0m   btc-updown-5m-1773564000 | open=71567.74 cl=71554.48 bn=71546.46 d=-0.0185% | s=30.0% fy=0.43 | YES=0.32/0.33 NO=0.67/0.68 | T-174s
[2m2026-03-15T08:42:08.847079Z[0m [32m INFO[0m   eth-updown-15m-1773563400 | open=2109.54 cl=2108.88 bn=2108.53 d=-0.0313% | s=30.0% fy=0.38 | YES=0.21/0.22 NO=0.78/0.79 | T-174s
[2m2026-03-15T08:42:08.847080Z[0m [32m INFO[0m   eth-updown-5m-1773564000 | open=2109.21 cl=2108.88 bn=2108.53 d=-0.0157% | s=30.0% fy=0.44 | YES=0.34/0.35 NO=0.65/0.66 | T-174s
[2m2026-03-15T08:42:08.847082Z[0m [32m INFO[0m   sol-updown-15m-1773563400 | open=88.35 cl=88.29 bn=88.29 d=-0.0596% | s=30.0% fy=0.28 | YES=0.19/0.22 NO=0.78/0.81 | T-174s
[2m2026-03-15T08:42:08.847084Z[0m [32m INFO[0m   sol-updown-5m-1773564000 | open=88.31 cl=88.29 bn=88.29 d=-0.0130% | s=30.0% fy=0.45 | YES=0.45/0.47 NO=0.53/0.55 | T-174s
[2m2026-03-15T08:42:08.847086Z[0m [32m INFO[0m ===================================================================
[2m2026-03-15T08:42:08.847088Z[0m [32m INFO[0m [SCANNER] signals=69936 settles=63 cl=87779 bn=39856 whales=0 markets=6 books=1176 | http://0.0.0.0:8080
[2m2026-03-15T08:42:10.966043Z[0m [32m INFO[0m [WHALE] Leaderboard loaded from https://data-api.polymarket.com/v1/leaderboard?category=CRYPTO&orderBy=PNL&limit=50 (50 entries)
[2m2026-03-15T08:42:10.966429Z[0m [32m INFO[0m [WHALE] Tracking 50 wallets (top by PNL)
[2m2026-03-15T08:43:09.321266Z[0m [32m INFO[0m --- SCAN ----------------------------------------------------------
[2m2026-03-15T08:43:09.321324Z[0m [32m INFO[0m   btc-updown-15m-1773563400 | open=71595.75 cl=71554.48 bn=71546.46 d=-0.0576% | s=30.0% fy=0.28 | YES=0.06/0.07 NO=0.93/0.94 | T-113s
[2m2026-03-15T08:43:09.321328Z[0m [32m INFO[0m   btc-updown-5m-1773564000 | open=71567.74 cl=71554.48 bn=71546.46 d=-0.0185% | s=30.0% fy=0.43 | YES=0.26/0.27 NO=0.73/0.74 | T-113s
[2m2026-03-15T08:43:09.321331Z[0m [32m INFO[0m   eth-updown-15m-1773563400 | open=2109.54 cl=2108.88 bn=2108.54 d=-0.0313% | s=30.0% fy=0.38 | YES=0.16/0.18 NO=0.82/0.84 | T-113s
[2m2026-03-15T08:43:09.321334Z[0m [32m INFO[0m   eth-updown-5m-1773564000 | open=2109.21 cl=2108.88 bn=2108.54 d=-0.0157% | s=30.0% fy=0.44 | YES=0.31/0.32 NO=0.68/0.69 | T-113s
[2m2026-03-15T08:43:09.321337Z[0m [32m INFO[0m   sol-updown-15m-1773563400 | open=88.35 cl=88.29 bn=88.30 d=-0.0596% | s=30.0% fy=0.28 | YES=0.13/0.15 NO=0.85/0.87 | T-113s
[2m2026-03-15T08:43:09.321340Z[0m [32m INFO[0m   sol-updown-5m-1773564000 | open=88.31 cl=88.29 bn=88.30 d=-0.0130% | s=30.0% fy=0.45 | YES=0.46/0.48 NO=0.52/0.54 | T-113s
[2m2026-03-15T08:43:09.321343Z[0m [32m INFO[0m ===================================================================
[2m2026-03-15T08:43:09.321347Z[0m [32m INFO[0m [SCANNER] signals=70626 settles=63 cl=87779 bn=39888 whales=0 markets=6 books=1176 | http://0.0.0.0:8080
[2m2026-03-15T08:44:09.656504Z[0m [32m INFO[0m --- SCAN ----------------------------------------------------------
[2m2026-03-15T08:44:09.656530Z[0m [32m INFO[0m   btc-updown-15m-1773563400 | open=71595.75 cl=71554.48 bn=71556.69 d=-0.0576% | s=30.0% fy=0.28 | YES=0.05/0.06 NO=0.94/0.95 | T-53s
[2m2026-03-15T08:44:09.656534Z[0m [32m INFO[0m   btc-updown-5m-1773564000 | open=71567.74 cl=71554.48 bn=71556.69 d=-0.0185% | s=30.0% fy=0.43 | YES=0.48/0.49 NO=0.51/0.52 | T-53s
[2m2026-03-15T08:44:09.656537Z[0m [32m INFO[0m   eth-updown-15m-1773563400 | open=2109.54 cl=2108.88 bn=2109.21 d=-0.0313% | s=30.0% fy=0.38 | YES=0.62/0.63 NO=0.37/0.38 | T-53s
[2m2026-03-15T08:44:09.656655Z[0m [32m INFO[0m   eth-updown-5m-1773564000 | open=2109.21 cl=2108.88 bn=2109.21 d=-0.0157% | s=30.0% fy=0.44 | YES=0.79/0.80 NO=0.20/0.21 | T-53s
[2m2026-03-15T08:44:09.656658Z[0m [32m INFO[0m   sol-updown-15m-1773563400 | open=88.35 cl=88.29 bn=88.34 d=-0.0596% | s=30.0% fy=0.28 | YES=0.41/0.42 NO=0.58/0.59 | T-53s
[2m2026-03-15T08:44:09.656660Z[0m [32m INFO[0m   sol-updown-5m-1773564000 | open=88.31 cl=88.29 bn=88.34 d=-0.0130% | s=30.0% fy=0.45 | YES=0.94/0.96 NO=0.04/0.06 | T-53s
[2m2026-03-15T08:44:09.656662Z[0m [32m INFO[0m ===================================================================
[2m2026-03-15T08:44:09.656665Z[0m [32m INFO[0m [SCANNER] signals=71316 settles=63 cl=87779 bn=39920 whales=0 markets=6 books=1176 | http://0.0.0.0:8080
[2m2026-03-15T08:45:01.330171Z[0m [32m INFO[0m [CL_CLOSE] sol-updown-5m-1773564000 snap=88.29
[2m2026-03-15T08:45:01.330225Z[0m [32m INFO[0m [CL_CLOSE] btc-updown-15m-1773563400 snap=71554.48
[2m2026-03-15T08:45:01.330230Z[0m [32m INFO[0m [CL_CLOSE] eth-updown-15m-1773563400 snap=2108.88
[2m2026-03-15T08:45:01.330234Z[0m [32m INFO[0m [CL_CLOSE] btc-updown-5m-1773564000 snap=71554.48
[2m2026-03-15T08:45:01.330237Z[0m [32m INFO[0m [CL_CLOSE] eth-updown-5m-1773564000 snap=2108.88
[2m2026-03-15T08:45:01.330242Z[0m [32m INFO[0m [CL_CLOSE] sol-updown-15m-1773563400 snap=88.29
[2m2026-03-15T08:45:05.341447Z[0m [32m INFO[0m [SETTLE] sol-updown-5m-1773564000 cl=88.29 bn=88.41 open=88.31 d=-0.0130% -> NO
[2m2026-03-15T08:45:05.341513Z[0m [32m INFO[0m [SETTLE] btc-updown-15m-1773563400 cl=71554.48 bn=71592.86 open=71595.75 d=-0.0576% -> NO
[2m2026-03-15T08:45:05.341524Z[0m [32m INFO[0m [SETTLE] eth-updown-15m-1773563400 cl=2108.88 bn=2110.30 open=2109.54 d=-0.0313% -> NO
[2m2026-03-15T08:45:05.341532Z[0m [32m INFO[0m [SETTLE] btc-updown-5m-1773564000 cl=71554.48 bn=71592.86 open=71567.74 d=-0.0185% -> NO
[2m2026-03-15T08:45:05.341540Z[0m [32m INFO[0m [SETTLE] eth-updown-5m-1773564000 cl=2108.88 bn=2110.30 open=2109.21 d=-0.0157% -> NO
[2m2026-03-15T08:45:05.341548Z[0m [32m INFO[0m [SETTLE] sol-updown-15m-1773563400 cl=88.29 bn=88.41 open=88.35 d=-0.0596% -> NO
[2m2026-03-15T08:45:07.457141Z[0m [32m INFO[0m [DISCOVER] New market: btc-updown-5m-1773564300
[2m2026-03-15T08:45:07.958173Z[0m [32m INFO[0m [DISCOVER] New market: btc-updown-15m-1773564300
[2m2026-03-15T08:45:09.457637Z[0m [32m INFO[0m [DISCOVER] New market: eth-updown-5m-1773564300
[2m2026-03-15T08:45:09.960262Z[0m [32m INFO[0m [DISCOVER] New market: eth-updown-15m-1773564300
[2m2026-03-15T08:45:11.467653Z[0m [32m INFO[0m [DISCOVER] New market: sol-updown-5m-1773564300
[2m2026-03-15T08:45:11.964017Z[0m [32m INFO[0m [DISCOVER] New market: sol-updown-15m-1773564300
[2m2026-03-15T08:45:12.959195Z[0m [32m INFO[0m [OPEN] btc-updown-15m-1773564300 open_price=71554.48
[2m2026-03-15T08:45:12.959233Z[0m [33m WARN[0m [OPEN] btc-updown-5m-1773564300 skipped: joined 7s late (grace=5s), CL has drifted
[2m2026-03-15T08:45:12.959238Z[0m [33m WARN[0m [OPEN] eth-updown-5m-1773564300 skipped: joined 7s late (grace=5s), CL has drifted
[2m2026-03-15T08:45:12.959242Z[0m [33m WARN[0m [OPEN] sol-updown-5m-1773564300 skipped: joined 7s late (grace=5s), CL has drifted
[2m2026-03-15T08:45:12.959244Z[0m [32m INFO[0m [OPEN] sol-updown-15m-1773564300 open_price=88.29
[2m2026-03-15T08:45:12.959247Z[0m [32m INFO[0m [OPEN] eth-updown-15m-1773564300 open_price=2108.88
[2m2026-03-15T08:45:12.959309Z[0m [32m INFO[0m --- SCAN ----------------------------------------------------------
[2m2026-03-15T08:45:12.959312Z[0m [32m INFO[0m   btc-updown-15m-1773564300 | open=71554.48 cl=71554.48 bn=71615.72 d=+0.0000% | s=30.0% fy=0.50 | YES=--/-- NO=--/-- | T-893s
[2m2026-03-15T08:45:12.959315Z[0m [32m INFO[0m   eth-updown-15m-1773564300 | open=2108.88 cl=2108.88 bn=2111.19 d=+0.0000% | s=30.0% fy=0.50 | YES=--/-- NO=--/-- | T-893s
[2m2026-03-15T08:45:12.959318Z[0m [32m INFO[0m   sol-updown-15m-1773564300 | open=88.29 cl=88.29 bn=88.45 d=+0.0000% | s=30.0% fy=0.50 | YES=--/-- NO=--/-- | T-893s
[2m2026-03-15T08:45:12.959341Z[0m [32m INFO[0m ===================================================================
[2m2026-03-15T08:45:12.959344Z[0m [32m INFO[0m [SCANNER] signals=71556 settles=69 cl=87779 bn=39983 whales=0 markets=3 books=1176 | http://0.0.0.0:8080
[2m2026-03-15T08:46:10.238157Z[0m [32m INFO[0m --- SCAN ----------------------------------------------------------
[2m2026-03-15T08:46:10.238198Z[0m [32m INFO[0m   btc-updown-15m-1773564300 | open=71554.48 cl=71554.48 bn=71638.63 d=+0.0000% | s=30.0% fy=0.50 | YES=0.78/0.79 NO=0.21/0.22 | T-832s
[2m2026-03-15T08:46:10.238201Z[0m [32m INFO[0m   eth-updown-15m-1773564300 | open=2108.88 cl=2108.88 bn=2112.26 d=+0.0000% | s=30.0% fy=0.50 | YES=0.80/0.81 NO=0.19/0.20 | T-832s
[2m2026-03-15T08:46:10.238204Z[0m [32m INFO[0m   sol-updown-15m-1773564300 | open=88.29 cl=88.29 bn=88.46 d=+0.0000% | s=30.0% fy=0.50 | YES=0.72/0.73 NO=0.27/0.28 | T-832s
[2m2026-03-15T08:46:10.238211Z[0m [32m INFO[0m ===================================================================
[2m2026-03-15T08:46:10.238215Z[0m [32m INFO[0m [SCANNER] signals=71874 settles=69 cl=87779 bn=40057 whales=0 markets=3 books=1188 | http://0.0.0.0:8080
[2m2026-03-15T08:47:07.952057Z[0m [32m INFO[0m [PRUNE] Removed 6 expired markets
[2m2026-03-15T08:47:10.557034Z[0m [32m INFO[0m --- SCAN ----------------------------------------------------------
[2m2026-03-15T08:47:10.557052Z[0m [32m INFO[0m   btc-updown-15m-1773564300 | open=71554.48 cl=71554.48 bn=71657.33 d=+0.0000% | s=50.0% fy=0.50 | YES=0.75/0.76 NO=0.24/0.25 | T-772s
[2m2026-03-15T08:47:10.557056Z[0m [32m INFO[0m   eth-updown-15m-1773564300 | open=2108.88 cl=2108.88 bn=2112.41 d=+0.0000% | s=50.0% fy=0.50 | YES=0.79/0.81 NO=0.19/0.21 | T-772s
[2m2026-03-15T08:47:10.557060Z[0m [32m INFO[0m   sol-updown-15m-1773564300 | open=88.29 cl=88.29 bn=88.48 d=+0.0000% | s=50.0% fy=0.50 | YES=0.73/0.75 NO=0.25/0.27 | T-772s
[2m2026-03-15T08:47:10.557063Z[0m [32m INFO[0m ===================================================================
[2m2026-03-15T08:47:10.557067Z[0m [32m INFO[0m [SCANNER] signals=72219 settles=69 cl=87779 bn=40119 whales=0 markets=3 books=1188 | http://0.0.0.0:8080
[2m2026-03-15T08:47:16.338775Z[0m [32m INFO[0m [WHALE] Leaderboard loaded from https://data-api.polymarket.com/v1/leaderboard?category=CRYPTO&orderBy=PNL&limit=50 (50 entries)
[2m2026-03-15T08:47:16.339043Z[0m [32m INFO[0m [WHALE] Tracking 50 wallets (top by PNL)
[2m2026-03-15T08:48:10.919215Z[0m [32m INFO[0m --- SCAN ----------------------------------------------------------
[2m2026-03-15T08:48:10.919238Z[0m [32m INFO[0m   btc-updown-15m-1773564300 | open=71554.48 cl=71554.48 bn=71684.03 d=+0.0000% | s=50.0% fy=0.50 | YES=0.86/0.87 NO=0.13/0.14 | T-712s
[2m2026-03-15T08:48:10.919240Z[0m [32m INFO[0m   eth-updown-15m-1773564300 | open=2108.88 cl=2108.88 bn=2112.78 d=+0.0000% | s=50.0% fy=0.50 | YES=0.86/0.87 NO=0.13/0.14 | T-712s
[2m2026-03-15T08:48:10.919242Z[0m [32m INFO[0m   sol-updown-15m-1773564300 | open=88.29 cl=88.29 bn=88.51 d=+0.0000% | s=50.0% fy=0.50 | YES=0.81/0.82 NO=0.18/0.19 | T-712s
[2m2026-03-15T08:48:10.919244Z[0m [32m INFO[0m ===================================================================
[2m2026-03-15T08:48:10.919247Z[0m [32m INFO[0m [SCANNER] signals=72564 settles=69 cl=87779 bn=40191 whales=0 markets=3 books=1188 | http://0.0.0.0:8080
[2m2026-03-15T08:49:11.214313Z[0m [32m INFO[0m --- SCAN ----------------------------------------------------------
[2m2026-03-15T08:49:11.214331Z[0m [32m INFO[0m   btc-updown-15m-1773564300 | open=71554.48 cl=71554.48 bn=71646.91 d=+0.0000% | s=50.0% fy=0.50 | YES=0.84/0.85 NO=0.15/0.16 | T-651s
[2m2026-03-15T08:49:11.214333Z[0m [32m INFO[0m   eth-updown-15m-1773564300 | open=2108.88 cl=2108.88 bn=2111.49 d=+0.0000% | s=50.0% fy=0.50 | YES=0.77/0.78 NO=0.22/0.23 | T-651s
[2m2026-03-15T08:49:11.214335Z[0m [32m INFO[0m   sol-updown-15m-1773564300 | open=88.29 cl=88.29 bn=88.42 d=+0.0000% | s=50.0% fy=0.50 | YES=0.64/0.65 NO=0.35/0.36 | T-651s
[2m2026-03-15T08:49:11.214340Z[0m [32m INFO[0m ===================================================================
[2m2026-03-15T08:49:11.214342Z[0m [32m INFO[0m [SCANNER] signals=72909 settles=69 cl=87779 bn=40262 whales=0 markets=3 books=1188 | http://0.0.0.0:8080
[2m2026-03-15T08:50:09.011788Z[0m [32m INFO[0m [DISCOVER] New market: btc-updown-5m-1773564600
[2m2026-03-15T08:50:10.514234Z[0m [32m INFO[0m [DISCOVER] New market: eth-updown-5m-1773564600
[2m2026-03-15T08:50:12.019876Z[0m [32m INFO[0m [DISCOVER] New market: sol-updown-5m-1773564600
[2m2026-03-15T08:50:13.007524Z[0m [33m WARN[0m [OPEN] eth-updown-5m-1773564600 skipped: joined 8s late (grace=5s), CL has drifted
[2m2026-03-15T08:50:13.007631Z[0m [33m WARN[0m [OPEN] btc-updown-5m-1773564600 skipped: joined 8s late (grace=5s), CL has drifted
[2m2026-03-15T08:50:13.007635Z[0m [33m WARN[0m [OPEN] sol-updown-5m-1773564600 skipped: joined 8s late (grace=5s), CL has drifted
[2m2026-03-15T08:50:13.007793Z[0m [32m INFO[0m --- SCAN ----------------------------------------------------------
[2m2026-03-15T08:50:13.007798Z[0m [32m INFO[0m   btc-updown-15m-1773564300 | open=71554.48 cl=71554.48 bn=71629.35 d=+0.0000% | s=50.0% fy=0.50 | YES=0.81/0.82 NO=0.18/0.19 | T-591s
[2m2026-03-15T08:50:13.007801Z[0m [32m INFO[0m   eth-updown-15m-1773564300 | open=2108.88 cl=2108.88 bn=2111.20 d=+0.0000% | s=50.0% fy=0.50 | YES=0.77/0.78 NO=0.22/0.23 | T-591s
[2m2026-03-15T08:50:13.007803Z[0m [32m INFO[0m   sol-updown-15m-1773564300 | open=88.29 cl=88.29 bn=88.45 d=+0.0000% | s=50.0% fy=0.50 | YES=0.70/0.72 NO=0.28/0.30 | T-591s
[2m2026-03-15T08:50:13.007805Z[0m [32m INFO[0m ===================================================================
[2m2026-03-15T08:50:13.007807Z[0m [32m INFO[0m [SCANNER] signals=73254 settles=69 cl=87779 bn=40316 whales=0 markets=3 books=1188 | http://0.0.0.0:8080
[2m2026-03-15T08:51:11.797915Z[0m [32m INFO[0m --- SCAN ----------------------------------------------------------
[2m2026-03-15T08:51:11.797935Z[0m [32m INFO[0m   btc-updown-15m-1773564300 | open=71554.48 cl=71554.48 bn=71628.87 d=+0.0000% | s=50.0% fy=0.50 | YES=0.80/0.81 NO=0.19/0.20 | T-531s
[2m2026-03-15T08:51:11.797937Z[0m [32m INFO[0m   eth-updown-15m-1773564300 | open=2108.88 cl=2108.88 bn=2111.66 d=+0.0000% | s=50.0% fy=0.50 | YES=0.83/0.84 NO=0.16/0.17 | T-531s
[2m2026-03-15T08:51:11.797939Z[0m [32m INFO[0m   sol-updown-15m-1773564300 | open=88.29 cl=88.29 bn=88.42 d=+0.0000% | s=50.0% fy=0.50 | YES=0.69/0.70 NO=0.30/0.31 | T-531s
[2m2026-03-15T08:51:11.797941Z[0m [32m INFO[0m ===================================================================
[2m2026-03-15T08:51:11.797944Z[0m [32m INFO[0m [SCANNER] signals=73590 settles=69 cl=87779 bn=40366 whales=0 markets=3 books=1194 | http://0.0.0.0:8080
[2m2026-03-15T08:52:09.485868Z[0m [32m INFO[0m [PRUNE] Removed 3 expired markets
[2m2026-03-15T08:52:12.097138Z[0m [32m INFO[0m --- SCAN ----------------------------------------------------------
[2m2026-03-15T08:52:12.097157Z[0m [32m INFO[0m   btc-updown-15m-1773564300 | open=71554.48 cl=71554.48 bn=71619.39 d=+0.0000% | s=50.0% fy=0.50 | YES=0.78/0.79 NO=0.21/0.22 | T-471s
[2m2026-03-15T08:52:12.097161Z[0m [32m INFO[0m   eth-updown-15m-1773564300 | open=2108.88 cl=2108.88 bn=2111.67 d=+0.0000% | s=50.0% fy=0.50 | YES=0.88/0.89 NO=0.11/0.12 | T-471s
[2m2026-03-15T08:52:12.097164Z[0m [32m INFO[0m   sol-updown-15m-1773564300 | open=88.29 cl=88.29 bn=88.43 d=+0.0000% | s=50.0% fy=0.50 | YES=0.73/0.74 NO=0.26/0.27 | T-471s
[2m2026-03-15T08:52:12.097168Z[0m [32m INFO[0m ===================================================================
[2m2026-03-15T08:52:12.097171Z[0m [32m INFO[0m [SCANNER] signals=73935 settles=69 cl=87779 bn=40408 whales=0 markets=3 books=1194 | http://0.0.0.0:8080
[2m2026-03-15T08:52:24.042841Z[0m [32m INFO[0m [WHALE] Leaderboard loaded from https://data-api.polymarket.com/v1/leaderboard?category=CRYPTO&orderBy=PNL&limit=50 (50 entries)
[2m2026-03-15T08:52:24.043187Z[0m [32m INFO[0m [WHALE] Tracking 50 wallets (top by PNL)
[2m2026-03-15T08:53:12.489197Z[0m [32m INFO[0m --- SCAN ----------------------------------------------------------
[2m2026-03-15T08:53:12.489223Z[0m [32m INFO[0m   btc-updown-15m-1773564300 | open=71554.48 cl=71554.48 bn=71608.18 d=+0.0000% | s=50.0% fy=0.50 | YES=0.73/0.75 NO=0.25/0.27 | T-410s
[2m2026-03-15T08:53:12.489227Z[0m [32m INFO[0m   eth-updown-15m-1773564300 | open=2108.88 cl=2108.88 bn=2110.96 d=+0.0000% | s=50.0% fy=0.50 | YES=0.82/0.83 NO=0.17/0.18 | T-410s
[2m2026-03-15T08:53:12.489229Z[0m [32m INFO[0m   sol-updown-15m-1773564300 | open=88.29 cl=88.29 bn=88.43 d=+0.0000% | s=50.0% fy=0.50 | YES=0.72/0.73 NO=0.27/0.28 | T-410s
[2m2026-03-15T08:53:12.489232Z[0m [32m INFO[0m ===================================================================
[2m2026-03-15T08:53:12.489236Z[0m [32m INFO[0m [SCANNER] signals=74280 settles=69 cl=87779 bn=40447 whales=0 markets=3 books=1194 | http://0.0.0.0:8080
[2m2026-03-15T08:54:12.777142Z[0m [32m INFO[0m --- SCAN ----------------------------------------------------------
[2m2026-03-15T08:54:12.777166Z[0m [32m INFO[0m   btc-updown-15m-1773564300 | open=71554.48 cl=71554.48 bn=71592.01 d=+0.0000% | s=50.0% fy=0.50 | YES=0.71/0.72 NO=0.28/0.29 | T-350s
[2m2026-03-15T08:54:12.777170Z[0m [32m INFO[0m   eth-updown-15m-1773564300 | open=2108.88 cl=2108.88 bn=2110.84 d=+0.0000% | s=50.0% fy=0.50 | YES=0.84/0.86 NO=0.14/0.16 | T-350s
[2m2026-03-15T08:54:12.777173Z[0m [32m INFO[0m   sol-updown-15m-1773564300 | open=88.29 cl=88.29 bn=88.41 d=+0.0000% | s=50.0% fy=0.50 | YES=0.73/0.74 NO=0.26/0.27 | T-350s
[2m2026-03-15T08:54:12.777176Z[0m [32m INFO[0m ===================================================================
[2m2026-03-15T08:54:12.777180Z[0m [32m INFO[0m [SCANNER] signals=74625 settles=69 cl=87779 bn=40482 whales=0 markets=3 books=1194 | http://0.0.0.0:8080
[2m2026-03-15T08:55:10.580392Z[0m [32m INFO[0m [DISCOVER] New market: btc-updown-5m-1773564900
[2m2026-03-15T08:55:12.093134Z[0m [32m INFO[0m [DISCOVER] New market: eth-updown-5m-1773564900
[2m2026-03-15T08:55:13.603777Z[0m [32m INFO[0m [DISCOVER] New market: sol-updown-5m-1773564900
[2m2026-03-15T08:55:14.579087Z[0m [33m WARN[0m [OPEN] eth-updown-5m-1773564900 skipped: joined 10s late (grace=5s), CL has drifted
[2m2026-03-15T08:55:14.579370Z[0m [33m WARN[0m [OPEN] btc-updown-5m-1773564900 skipped: joined 10s late (grace=5s), CL has drifted
[2m2026-03-15T08:55:14.579378Z[0m [33m WARN[0m [OPEN] sol-updown-5m-1773564900 skipped: joined 10s late (grace=5s), CL has drifted
[2m2026-03-15T08:55:14.579633Z[0m [32m INFO[0m --- SCAN ----------------------------------------------------------
[2m2026-03-15T08:55:14.579640Z[0m [32m INFO[0m   btc-updown-15m-1773564300 | open=71554.48 cl=71554.48 bn=71605.89 d=+0.0000% | s=50.0% fy=0.50 | YES=0.81/0.82 NO=0.18/0.19 | T-290s
[2m2026-03-15T08:55:14.579643Z[0m [32m INFO[0m   eth-updown-15m-1773564300 | open=2108.88 cl=2108.88 bn=2111.07 d=+0.0000% | s=50.0% fy=0.50 | YES=0.90/0.91 NO=0.09/0.10 | T-290s
[2m2026-03-15T08:55:14.579646Z[0m [32m INFO[0m   sol-updown-15m-1773564300 | open=88.29 cl=88.29 bn=88.41 d=+0.0000% | s=50.0% fy=0.50 | YES=0.73/0.74 NO=0.26/0.27 | T-290s
[2m2026-03-15T08:55:14.579649Z[0m [32m INFO[0m ===================================================================
[2m2026-03-15T08:55:14.579653Z[0m [32m INFO[0m [SCANNER] signals=74970 settles=69 cl=87779 bn=40534 whales=0 markets=3 books=1194 | http://0.0.0.0:8080
[2m2026-03-15T08:56:13.384025Z[0m [32m INFO[0m --- SCAN ----------------------------------------------------------
[2m2026-03-15T08:56:13.384050Z[0m [32m INFO[0m   btc-updown-15m-1773564300 | open=71554.48 cl=71554.48 bn=71636.47 d=+0.0000% | s=50.0% fy=0.50 | YES=0.96/0.97 NO=0.03/0.04 | T-229s
[2m2026-03-15T08:56:13.384053Z[0m [32m INFO[0m   eth-updown-15m-1773564300 | open=2108.88 cl=2108.88 bn=2111.80 d=+0.0000% | s=50.0% fy=0.50 | YES=0.97/0.98 NO=0.02/0.03 | T-229s
[2m2026-03-15T08:56:13.384059Z[0m [32m INFO[0m   sol-updown-15m-1773564300 | open=88.29 cl=88.29 bn=88.45 d=+0.0000% | s=50.0% fy=0.50 | YES=0.91/0.92 NO=0.08/0.09 | T-229s
[2m2026-03-15T08:56:13.384060Z[0m [32m INFO[0m ===================================================================
[2m2026-03-15T08:56:13.384063Z[0m [32m INFO[0m [SCANNER] signals=75306 settles=69 cl=87779 bn=40590 whales=0 markets=3 books=1200 | http://0.0.0.0:8080
[2m2026-03-15T08:57:11.066659Z[0m [32m INFO[0m [PRUNE] Removed 3 expired markets
[2m2026-03-15T08:57:13.670606Z[0m [32m INFO[0m --- SCAN ----------------------------------------------------------
[2m2026-03-15T08:57:13.670629Z[0m [32m INFO[0m   btc-updown-15m-1773564300 | open=71554.48 cl=71554.48 bn=71636.47 d=+0.0000% | s=50.0% fy=0.50 | YES=0.97/0.98 NO=0.02/0.03 | T-169s
[2m2026-03-15T08:57:13.670634Z[0m [32m INFO[0m   eth-updown-15m-1773564300 | open=2108.88 cl=2108.88 bn=2111.77 d=+0.0000% | s=50.0% fy=0.50 | YES=0.98/0.99 NO=0.00/0.01 | T-169s
[2m2026-03-15T08:57:13.670637Z[0m [32m INFO[0m   sol-updown-15m-1773564300 | open=88.29 cl=88.29 bn=88.43 d=+0.0000% | s=50.0% fy=0.50 | YES=0.91/0.92 NO=0.08/0.09 | T-169s
[2m2026-03-15T08:57:13.670640Z[0m [32m INFO[0m ===================================================================
[2m2026-03-15T08:57:13.670644Z[0m [32m INFO[0m [SCANNER] signals=75651 settles=69 cl=87779 bn=40642 whales=0 markets=3 books=1200 | http://0.0.0.0:8080
[2m2026-03-15T08:57:31.276701Z[0m [32m INFO[0m [WHALE] Leaderboard loaded from https://data-api.polymarket.com/v1/leaderboard?category=CRYPTO&orderBy=PNL&limit=50 (50 entries)
[2m2026-03-15T08:57:31.277036Z[0m [32m INFO[0m [WHALE] Tracking 50 wallets (top by PNL)
[2m2026-03-15T08:58:14.087997Z[0m [32m INFO[0m --- SCAN ----------------------------------------------------------
[2m2026-03-15T08:58:14.088018Z[0m [32m INFO[0m   btc-updown-15m-1773564300 | open=71554.48 cl=71554.48 bn=71633.99 d=+0.0000% | s=50.0% fy=0.50 | YES=0.98/0.99 NO=0.01/0.02 | T-109s
[2m2026-03-15T08:58:14.088020Z[0m [32m INFO[0m   eth-updown-15m-1773564300 | open=2108.88 cl=2108.88 bn=2111.34 d=+0.0000% | s=50.0% fy=0.50 | YES=1.00/1.00 NO=0.00/0.00 | T-109s
[2m2026-03-15T08:58:14.088022Z[0m [32m INFO[0m   sol-updown-15m-1773564300 | open=88.29 cl=88.29 bn=88.41 d=+0.0000% | s=50.0% fy=0.50 | YES=0.92/0.93 NO=0.07/0.08 | T-109s
[2m2026-03-15T08:58:14.088024Z[0m [32m INFO[0m ===================================================================
[2m2026-03-15T08:58:14.088027Z[0m [32m INFO[0m [SCANNER] signals=75996 settles=69 cl=87779 bn=40686 whales=0 markets=3 books=1200 | http://0.0.0.0:8080
[2m2026-03-15T08:59:14.383560Z[0m [32m INFO[0m --- SCAN ----------------------------------------------------------
[2m2026-03-15T08:59:14.383587Z[0m [32m INFO[0m   btc-updown-15m-1773564300 | open=71554.48 cl=71554.48 bn=71623.13 d=+0.0000% | s=50.0% fy=0.50 | YES=0.98/0.99 NO=0.00/0.01 | T-48s
[2m2026-03-15T08:59:14.383590Z[0m [32m INFO[0m   eth-updown-15m-1773564300 | open=2108.88 cl=2108.88 bn=2111.15 d=+0.0000% | s=50.0% fy=0.50 | YES=0.99/1.00 NO=0.00/0.01 | T-48s
[2m2026-03-15T08:59:14.383593Z[0m [32m INFO[0m   sol-updown-15m-1773564300 | open=88.29 cl=88.29 bn=88.40 d=+0.0000% | s=50.0% fy=0.50 | YES=0.93/0.94 NO=0.06/0.07 | T-48s
[2m2026-03-15T08:59:14.383597Z[0m [32m INFO[0m ===================================================================
[2m2026-03-15T08:59:14.383600Z[0m [32m INFO[0m [SCANNER] signals=76341 settles=69 cl=87779 bn=40736 whales=0 markets=3 books=1200 | http://0.0.0.0:8080
[2m2026-03-15T09:00:01.012708Z[0m [32m INFO[0m [CL_CLOSE] btc-updown-15m-1773564300 snap=71554.48
[2m2026-03-15T09:00:01.012783Z[0m [32m INFO[0m [CL_CLOSE] sol-updown-15m-1773564300 snap=88.29
[2m2026-03-15T09:00:01.012789Z[0m [32m INFO[0m [CL_CLOSE] eth-updown-15m-1773564300 snap=2108.88
[2m2026-03-15T09:00:05.024132Z[0m [32m INFO[0m [SETTLE] btc-updown-15m-1773564300 cl=71554.48 bn=71736.89 open=71554.48 d=+0.0000% -> NO
[2m2026-03-15T09:00:05.024218Z[0m [32m INFO[0m [SETTLE] sol-updown-15m-1773564300 cl=88.29 bn=88.52 open=88.29 d=+0.0000% -> NO
[2m2026-03-15T09:00:05.024230Z[0m [32m INFO[0m [SETTLE] eth-updown-15m-1773564300 cl=2108.88 bn=2113.64 open=2108.88 d=+0.0000% -> NO
[2m2026-03-15T09:00:12.147485Z[0m [32m INFO[0m [DISCOVER] New market: btc-updown-5m-1773565200
[2m2026-03-15T09:00:12.647144Z[0m [32m INFO[0m [DISCOVER] New market: btc-updown-15m-1773565200
[2m2026-03-15T09:00:14.155738Z[0m [32m INFO[0m [DISCOVER] New market: eth-updown-5m-1773565200
[2m2026-03-15T09:00:14.656854Z[0m [32m INFO[0m [DISCOVER] New market: eth-updown-15m-1773565200
[2m2026-03-15T09:00:16.161064Z[0m [32m INFO[0m [DISCOVER] New market: sol-updown-5m-1773565200
[2m2026-03-15T09:00:16.657499Z[0m [32m INFO[0m [DISCOVER] New market: sol-updown-15m-1773565200
[2m2026-03-15T09:00:17.650354Z[0m [32m INFO[0m [OPEN] btc-updown-15m-1773565200 open_price=71554.48
[2m2026-03-15T09:00:17.650388Z[0m [32m INFO[0m [OPEN] eth-updown-15m-1773565200 open_price=2108.88
[2m2026-03-15T09:00:17.650390Z[0m [32m INFO[0m [OPEN] sol-updown-15m-1773565200 open_price=88.29
[2m2026-03-15T09:00:17.650392Z[0m [33m WARN[0m [OPEN] sol-updown-5m-1773565200 skipped: joined 12s late (grace=5s), CL has drifted
[2m2026-03-15T09:00:17.650435Z[0m [33m WARN[0m [OPEN] btc-updown-5m-1773565200 skipped: joined 12s late (grace=5s), CL has drifted
[2m2026-03-15T09:00:17.650437Z[0m [33m WARN[0m [OPEN] eth-updown-5m-1773565200 skipped: joined 12s late (grace=5s), CL has drifted
[2m2026-03-15T09:00:17.650476Z[0m [32m INFO[0m --- SCAN ----------------------------------------------------------
[2m2026-03-15T09:00:17.650478Z[0m [32m INFO[0m   btc-updown-15m-1773565200 | open=71554.48 cl=71554.48 bn=71732.62 d=+0.0000% | s=50.0% fy=0.50 | YES=--/-- NO=--/-- | T-888s
[2m2026-03-15T09:00:17.650479Z[0m [32m INFO[0m   eth-updown-15m-1773565200 | open=2108.88 cl=2108.88 bn=2113.46 d=+0.0000% | s=50.0% fy=0.50 | YES=--/-- NO=--/-- | T-888s
[2m2026-03-15T09:00:17.650481Z[0m [32m INFO[0m   sol-updown-15m-1773565200 | open=88.29 cl=88.29 bn=88.51 d=+0.0000% | s=50.0% fy=0.50 | YES=--/-- NO=--/-- | T-888s
[2m2026-03-15T09:00:17.650482Z[0m [32m INFO[0m ===================================================================
[2m2026-03-15T09:00:17.650484Z[0m [32m INFO[0m [SCANNER] signals=76434 settles=72 cl=87779 bn=40833 whales=0 markets=3 books=1200 | http://0.0.0.0:8080
[2m2026-03-15T09:01:14.939296Z[0m [32m INFO[0m --- SCAN ----------------------------------------------------------
[2m2026-03-15T09:01:14.939314Z[0m [32m INFO[0m   btc-updown-15m-1773565200 | open=71554.48 cl=71554.48 bn=71808.40 d=+0.0000% | s=50.0% fy=0.50 | YES=0.72/0.73 NO=0.27/0.28 | T-828s
[2m2026-03-15T09:01:14.939317Z[0m [32m INFO[0m   eth-updown-15m-1773565200 | open=2108.88 cl=2108.88 bn=2115.46 d=+0.0000% | s=50.0% fy=0.50 | YES=0.67/0.68 NO=0.31/0.32 | T-828s
[2m2026-03-15T09:01:14.939319Z[0m [32m INFO[0m   sol-updown-15m-1773565200 | open=88.29 cl=88.29 bn=88.65 d=+0.0000% | s=50.0% fy=0.50 | YES=0.70/0.74 NO=0.26/0.30 | T-828s
[2m2026-03-15T09:01:14.939321Z[0m [32m INFO[0m ===================================================================
[2m2026-03-15T09:01:14.939324Z[0m [32m INFO[0m [SCANNER] signals=76752 settles=72 cl=87779 bn=40944 whales=0 markets=3 books=1212 | http://0.0.0.0:8080
[2m2026-03-15T09:02:12.633778Z[0m [32m INFO[0m [PRUNE] Removed 6 expired markets
[2m2026-03-15T09:02:15.239575Z[0m [32m INFO[0m --- SCAN ----------------------------------------------------------
[2m2026-03-15T09:02:15.239620Z[0m [32m INFO[0m   btc-updown-15m-1773565200 | open=71554.48 cl=71554.48 bn=71840.08 d=+0.0000% | s=50.0% fy=0.50 | YES=0.79/0.80 NO=0.20/0.21 | T-767s
[2m2026-03-15T09:02:15.239622Z[0m [32m INFO[0m   eth-updown-15m-1773565200 | open=2108.88 cl=2108.88 bn=2115.75 d=+0.0000% | s=50.0% fy=0.50 | YES=0.71/0.72 NO=0.28/0.29 | T-767s
[2m2026-03-15T09:02:15.239629Z[0m [32m INFO[0m   sol-updown-15m-1773565200 | open=88.29 cl=88.29 bn=88.67 d=+0.0000% | s=50.0% fy=0.50 | YES=0.74/0.77 NO=0.23/0.26 | T-767s
[2m2026-03-15T09:02:15.239631Z[0m [32m INFO[0m ===================================================================
[2m2026-03-15T09:02:15.239633Z[0m [32m INFO[0m [SCANNER] signals=77097 settles=72 cl=87779 bn=41055 whales=0 markets=3 books=1212 | http://0.0.0.0:8080
[2m2026-03-15T09:02:39.950408Z[0m [32m INFO[0m [WHALE] Leaderboard loaded from https://data-api.polymarket.com/v1/leaderboard?category=CRYPTO&orderBy=PNL&limit=50 (50 entries)
[2m2026-03-15T09:02:39.950638Z[0m [32m INFO[0m [WHALE] Tracking 50 wallets (top by PNL)
[2m2026-03-15T09:03:15.625657Z[0m [32m INFO[0m --- SCAN ----------------------------------------------------------
[2m2026-03-15T09:03:15.625676Z[0m [32m INFO[0m   btc-updown-15m-1773565200 | open=71554.48 cl=71554.48 bn=71830.28 d=+0.0000% | s=50.0% fy=0.50 | YES=0.78/0.79 NO=0.21/0.22 | T-707s
[2m2026-03-15T09:03:15.625679Z[0m [32m INFO[0m   eth-updown-15m-1773565200 | open=2108.88 cl=2108.88 bn=2116.19 d=+0.0000% | s=50.0% fy=0.50 | YES=0.75/0.76 NO=0.24/0.25 | T-707s
[2m2026-03-15T09:03:15.625681Z[0m [32m INFO[0m   sol-updown-15m-1773565200 | open=88.29 cl=88.29 bn=88.67 d=+0.0000% | s=50.0% fy=0.50 | YES=0.78/0.80 NO=0.20/0.22 | T-707s
[2m2026-03-15T09:03:15.625683Z[0m [32m INFO[0m ===================================================================
[2m2026-03-15T09:03:15.625685Z[0m [32m INFO[0m [SCANNER] signals=77442 settles=72 cl=87779 bn=41154 whales=0 markets=3 books=1212 | http://0.0.0.0:8080
[2m2026-03-15T09:04:15.916601Z[0m [32m INFO[0m --- SCAN ----------------------------------------------------------
[2m2026-03-15T09:04:15.916623Z[0m [32m INFO[0m   btc-updown-15m-1773565200 | open=71554.48 cl=71554.48 bn=71836.08 d=+0.0000% | s=50.0% fy=0.50 | YES=0.79/0.80 NO=0.20/0.21 | T-647s
[2m2026-03-15T09:04:15.916626Z[0m [32m INFO[0m   eth-updown-15m-1773565200 | open=2108.88 cl=2108.88 bn=2115.80 d=+0.0000% | s=50.0% fy=0.50 | YES=0.77/0.78 NO=0.22/0.23 | T-647s
[2m2026-03-15T09:04:15.916629Z[0m [32m INFO[0m   sol-updown-15m-1773565200 | open=88.29 cl=88.29 bn=88.68 d=+0.0000% | s=50.0% fy=0.50 | YES=0.79/0.80 NO=0.20/0.21 | T-647s
[2m2026-03-15T09:04:15.916632Z[0m [32m INFO[0m ===================================================================
[2m2026-03-15T09:04:15.916635Z[0m [32m INFO[0m [SCANNER] signals=77787 settles=72 cl=87779 bn=41252 whales=0 markets=3 books=1212 | http://0.0.0.0:8080
[2m2026-03-15T09:05:13.713767Z[0m [32m INFO[0m [DISCOVER] New market: btc-updown-5m-1773565500
[2m2026-03-15T09:05:15.215046Z[0m [32m INFO[0m [DISCOVER] New market: eth-updown-5m-1773565500
[2m2026-03-15T09:05:16.719884Z[0m [32m INFO[0m [DISCOVER] New market: sol-updown-5m-1773565500
[2m2026-03-15T09:05:17.716517Z[0m [33m WARN[0m [OPEN] sol-updown-5m-1773565500 skipped: joined 13s late (grace=5s), CL has drifted
[2m2026-03-15T09:05:17.716536Z[0m [33m WARN[0m [OPEN] eth-updown-5m-1773565500 skipped: joined 13s late (grace=5s), CL has drifted
[2m2026-03-15T09:05:17.716539Z[0m [33m WARN[0m [OPEN] btc-updown-5m-1773565500 skipped: joined 13s late (grace=5s), CL has drifted
[2m2026-03-15T09:05:17.716570Z[0m [32m INFO[0m --- SCAN ----------------------------------------------------------
[2m2026-03-15T09:05:17.716572Z[0m [32m INFO[0m   btc-updown-15m-1773565200 | open=71554.48 cl=71554.48 bn=71893.81 d=+0.0000% | s=50.0% fy=0.50 | YES=0.92/0.93 NO=0.07/0.08 | T-586s
[2m2026-03-15T09:05:17.716574Z[0m [32m INFO[0m   eth-updown-15m-1773565200 | open=2108.88 cl=2108.88 bn=2117.06 d=+0.0000% | s=50.0% fy=0.50 | YES=0.87/0.88 NO=0.12/0.13 | T-586s
[2m2026-03-15T09:05:17.716576Z[0m [32m INFO[0m   sol-updown-15m-1773565200 | open=88.29 cl=88.29 bn=88.76 d=+0.0000% | s=50.0% fy=0.50 | YES=0.91/0.92 NO=0.08/0.09 | T-586s
[2m2026-03-15T09:05:17.716577Z[0m [32m INFO[0m ===================================================================
[2m2026-03-15T09:05:17.716587Z[0m [32m INFO[0m [SCANNER] signals=78132 settles=72 cl=87779 bn=41310 whales=0 markets=3 books=1212 | http://0.0.0.0:8080
[2m2026-03-15T09:06:16.514540Z[0m [32m INFO[0m --- SCAN ----------------------------------------------------------
[2m2026-03-15T09:06:16.514564Z[0m [32m INFO[0m   btc-updown-15m-1773565200 | open=71554.48 cl=71554.48 bn=71885.47 d=+0.0000% | s=50.0% fy=0.50 | YES=0.95/0.96 NO=0.04/0.05 | T-526s
[2m2026-03-15T09:06:16.514568Z[0m [32m INFO[0m   eth-updown-15m-1773565200 | open=2108.88 cl=2108.88 bn=2116.09 d=+0.0000% | s=50.0% fy=0.50 | YES=0.88/0.89 NO=0.11/0.12 | T-526s
[2m2026-03-15T09:06:16.514571Z[0m [32m INFO[0m   sol-updown-15m-1773565200 | open=88.29 cl=88.29 bn=88.72 d=+0.0000% | s=50.0% fy=0.50 | YES=0.90/0.92 NO=0.08/0.10 | T-526s
[2m2026-03-15T09:06:16.514575Z[0m [32m INFO[0m ===================================================================
[2m2026-03-15T09:06:16.514579Z[0m [32m INFO[0m [SCANNER] signals=78468 settles=72 cl=87779 bn=41408 whales=0 markets=3 books=1218 | http://0.0.0.0:8080
[2m2026-03-15T09:07:14.209062Z[0m [32m INFO[0m [PRUNE] Removed 3 expired markets
[2m2026-03-15T09:07:16.814220Z[0m [32m INFO[0m --- SCAN ----------------------------------------------------------
[2m2026-03-15T09:07:16.814238Z[0m [32m INFO[0m   btc-updown-15m-1773565200 | open=71554.48 cl=71554.48 bn=71862.65 d=+0.0000% | s=50.0% fy=0.50 | YES=0.91/0.92 NO=0.08/0.09 | T-466s
[2m2026-03-15T09:07:16.814240Z[0m [32m INFO[0m   eth-updown-15m-1773565200 | open=2108.88 cl=2108.88 bn=2115.40 d=+0.0000% | s=50.0% fy=0.50 | YES=0.82/0.83 NO=0.17/0.18 | T-466s
[2m2026-03-15T09:07:16.814242Z[0m [32m INFO[0m   sol-updown-15m-1773565200 | open=88.29 cl=88.29 bn=88.67 d=+0.0000% | s=50.0% fy=0.50 | YES=0.85/0.86 NO=0.14/0.15 | T-466s
[2m2026-03-15T09:07:16.814244Z[0m [32m INFO[0m ===================================================================
[2m2026-03-15T09:07:16.814246Z[0m [32m INFO[0m [SCANNER] signals=78813 settles=72 cl=87779 bn=41484 whales=0 markets=3 books=1218 | http://0.0.0.0:8080
[2m2026-03-15T09:07:47.121021Z[0m [32m INFO[0m [WHALE] Leaderboard loaded from https://data-api.polymarket.com/v1/leaderboard?category=CRYPTO&orderBy=PNL&limit=50 (50 entries)
[2m2026-03-15T09:07:47.121247Z[0m [32m INFO[0m [WHALE] Tracking 50 wallets (top by PNL)
[2m2026-03-15T09:08:17.210989Z[0m [32m INFO[0m --- SCAN ----------------------------------------------------------
[2m2026-03-15T09:08:17.211012Z[0m [32m INFO[0m   btc-updown-15m-1773565200 | open=71554.48 cl=71554.48 bn=71869.54 d=+0.0000% | s=50.0% fy=0.50 | YES=0.95/0.96 NO=0.04/0.05 | T-405s
[2m2026-03-15T09:08:17.211015Z[0m [32m INFO[0m   eth-updown-15m-1773565200 | open=2108.88 cl=2108.88 bn=2118.65 d=+0.0000% | s=50.0% fy=0.50 | YES=0.97/0.98 NO=0.02/0.03 | T-405s
[2m2026-03-15T09:08:17.211017Z[0m [32m INFO[0m   sol-updown-15m-1773565200 | open=88.29 cl=88.29 bn=88.74 d=+0.0000% | s=50.0% fy=0.50 | YES=0.95/0.96 NO=0.04/0.05 | T-405s
[2m2026-03-15T09:08:17.211019Z[0m [32m INFO[0m ===================================================================
[2m2026-03-15T09:08:17.211021Z[0m [32m INFO[0m [SCANNER] signals=79158 settles=72 cl=87779 bn=41578 whales=0 markets=3 books=1218 | http://0.0.0.0:8080
[2m2026-03-15T09:09:17.509172Z[0m [32m INFO[0m --- SCAN ----------------------------------------------------------
[2m2026-03-15T09:09:17.509192Z[0m [32m INFO[0m   btc-updown-15m-1773565200 | open=71554.48 cl=71554.48 bn=71893.28 d=+0.0000% | s=50.0% fy=0.50 | YES=0.96/0.97 NO=0.03/0.04 | T-345s
[2m2026-03-15T09:09:17.509194Z[0m [32m INFO[0m   eth-updown-15m-1773565200 | open=2108.88 cl=2108.88 bn=2121.97 d=+0.0000% | s=50.0% fy=0.50 | YES=0.98/0.99 NO=0.00/0.01 | T-345s
[2m2026-03-15T09:09:17.509196Z[0m [32m INFO[0m   sol-updown-15m-1773565200 | open=88.29 cl=88.29 bn=88.83 d=+0.0000% | s=50.0% fy=0.50 | YES=0.98/0.99 NO=0.00/0.01 | T-345s
[2m2026-03-15T09:09:17.509198Z[0m [32m INFO[0m ===================================================================
[2m2026-03-15T09:09:17.509441Z[0m [32m INFO[0m [SCANNER] signals=79503 settles=72 cl=87779 bn=41671 whales=0 markets=3 books=1218 | http://0.0.0.0:8080
[2m2026-03-15T09:10:15.326157Z[0m [32m INFO[0m [DISCOVER] New market: btc-updown-5m-1773565800
[2m2026-03-15T09:10:16.829480Z[0m [32m INFO[0m [DISCOVER] New market: eth-updown-5m-1773565800
[2m2026-03-15T09:10:18.327647Z[0m [32m INFO[0m [DISCOVER] New market: sol-updown-5m-1773565800
[2m2026-03-15T09:10:19.323800Z[0m [33m WARN[0m [OPEN] eth-updown-5m-1773565800 skipped: joined 15s late (grace=5s), CL has drifted
[2m2026-03-15T09:10:19.324198Z[0m [33m WARN[0m [OPEN] btc-updown-5m-1773565800 skipped: joined 15s late (grace=5s), CL has drifted
[2m2026-03-15T09:10:19.324204Z[0m [33m WARN[0m [OPEN] sol-updown-5m-1773565800 skipped: joined 15s late (grace=5s), CL has drifted
[2m2026-03-15T09:10:19.324227Z[0m [32m INFO[0m --- SCAN ----------------------------------------------------------
[2m2026-03-15T09:10:19.324230Z[0m [32m INFO[0m   btc-updown-15m-1773565200 | open=71554.48 cl=71554.48 bn=71859.10 d=+0.0000% | s=50.0% fy=0.50 | YES=0.98/0.99 NO=0.01/0.02 | T-285s
[2m2026-03-15T09:10:19.324232Z[0m [32m INFO[0m   eth-updown-15m-1773565200 | open=2108.88 cl=2108.88 bn=2120.81 d=+0.0000% | s=50.0% fy=0.50 | YES=1.00/1.00 NO=0.00/0.00 | T-285s
[2m2026-03-15T09:10:19.324233Z[0m [32m INFO[0m   sol-updown-15m-1773565200 | open=88.29 cl=88.29 bn=88.76 d=+0.0000% | s=50.0% fy=0.50 | YES=0.98/0.99 NO=0.01/0.02 | T-285s
[2m2026-03-15T09:10:19.324235Z[0m [32m INFO[0m ===================================================================
[2m2026-03-15T09:10:19.324238Z[0m [32m INFO[0m [SCANNER] signals=79848 settles=72 cl=87779 bn=41791 whales=0 markets=3 books=1218 | http://0.0.0.0:8080
[2m2026-03-15T09:11:18.111434Z[0m [32m INFO[0m --- SCAN ----------------------------------------------------------
[2m2026-03-15T09:11:18.111456Z[0m [32m INFO[0m   btc-updown-15m-1773565200 | open=71554.48 cl=71554.48 bn=71838.05 d=+0.0000% | s=50.0% fy=0.50 | YES=0.98/0.99 NO=0.01/0.02 | T-224s
[2m2026-03-15T09:11:18.111459Z[0m [32m INFO[0m   eth-updown-15m-1773565200 | open=2108.88 cl=2108.88 bn=2120.42 d=+0.0000% | s=50.0% fy=0.50 | YES=1.00/1.00 NO=0.00/0.00 | T-224s
[2m2026-03-15T09:11:18.111461Z[0m [32m INFO[0m   sol-updown-15m-1773565200 | open=88.29 cl=88.29 bn=88.75 d=+0.0000% | s=50.0% fy=0.50 | YES=0.98/0.99 NO=0.00/0.01 | T-224s
[2m2026-03-15T09:11:18.111462Z[0m [32m INFO[0m ===================================================================
[2m2026-03-15T09:11:18.111465Z[0m [32m INFO[0m [SCANNER] signals=80184 settles=72 cl=87779 bn=41875 whales=0 markets=3 books=1224 | http://0.0.0.0:8080
[2m2026-03-15T09:12:15.801628Z[0m [32m INFO[0m [PRUNE] Removed 3 expired markets
[2m2026-03-15T09:12:18.406505Z[0m [32m INFO[0m --- SCAN ----------------------------------------------------------
[2m2026-03-15T09:12:18.406519Z[0m [32m INFO[0m   btc-updown-15m-1773565200 | open=71554.48 cl=71554.48 bn=71859.18 d=+0.0000% | s=50.0% fy=0.50 | YES=0.98/0.99 NO=0.00/0.01 | T-164s
[2m2026-03-15T09:12:18.406522Z[0m [32m INFO[0m   eth-updown-15m-1773565200 | open=2108.88 cl=2108.88 bn=2120.55 d=+0.0000% | s=50.0% fy=0.50 | YES=1.00/1.00 NO=0.00/0.00 | T-164s
[2m2026-03-15T09:12:18.406524Z[0m [32m INFO[0m   sol-updown-15m-1773565200 | open=88.29 cl=88.29 bn=88.78 d=+0.0000% | s=50.0% fy=0.50 | YES=0.98/0.99 NO=0.00/0.01 | T-164s
[2m2026-03-15T09:12:18.406526Z[0m [32m INFO[0m ===================================================================
[2m2026-03-15T09:12:18.406528Z[0m [32m INFO[0m [SCANNER] signals=80529 settles=72 cl=87779 bn=41945 whales=0 markets=3 books=1224 | http://0.0.0.0:8080
[2m2026-03-15T09:12:54.381885Z[0m [32m INFO[0m [WHALE] Leaderboard loaded from https://data-api.polymarket.com/v1/leaderboard?category=CRYPTO&orderBy=PNL&limit=50 (50 entries)
[2m2026-03-15T09:12:54.382261Z[0m [32m INFO[0m [WHALE] Tracking 50 wallets (top by PNL)
[2m2026-03-15T09:13:18.802465Z[0m [32m INFO[0m --- SCAN ----------------------------------------------------------
[2m2026-03-15T09:13:18.802488Z[0m [32m INFO[0m   btc-updown-15m-1773565200 | open=71554.48 cl=71554.48 bn=71845.21 d=+0.0000% | s=50.0% fy=0.50 | YES=0.98/0.99 NO=0.00/0.01 | T-104s
[2m2026-03-15T09:13:18.802490Z[0m [32m INFO[0m   eth-updown-15m-1773565200 | open=2108.88 cl=2108.88 bn=2120.17 d=+0.0000% | s=50.0% fy=0.50 | YES=1.00/1.00 NO=0.00/0.00 | T-104s
[2m2026-03-15T09:13:18.802491Z[0m [32m INFO[0m   sol-updown-15m-1773565200 | open=88.29 cl=88.29 bn=88.75 d=+0.0000% | s=50.0% fy=0.50 | YES=0.98/0.99 NO=0.00/0.01 | T-104s
[2m2026-03-15T09:13:18.802493Z[0m [32m INFO[0m ===================================================================
[2m2026-03-15T09:13:18.802495Z[0m [32m INFO[0m [SCANNER] signals=80874 settles=72 cl=87779 bn=42022 whales=0 markets=3 books=1224 | http://0.0.0.0:8080
[2m2026-03-15T09:14:19.091707Z[0m [32m INFO[0m --- SCAN ----------------------------------------------------------
[2m2026-03-15T09:14:19.091732Z[0m [32m INFO[0m   btc-updown-15m-1773565200 | open=71554.48 cl=71554.48 bn=71829.72 d=+0.0000% | s=50.0% fy=0.50 | YES=1.00/1.00 NO=0.00/0.00 | T-44s
[2m2026-03-15T09:14:19.091735Z[0m [32m INFO[0m   eth-updown-15m-1773565200 | open=2108.88 cl=2108.88 bn=2119.59 d=+0.0000% | s=50.0% fy=0.50 | YES=0.99/1.00 NO=0.00/0.00 | T-44s
[2m2026-03-15T09:14:19.091738Z[0m [32m INFO[0m   sol-updown-15m-1773565200 | open=88.29 cl=88.29 bn=88.74 d=+0.0000% | s=50.0% fy=0.50 | YES=1.00/1.00 NO=0.00/0.00 | T-44s
[2m2026-03-15T09:14:19.091741Z[0m [32m INFO[0m ===================================================================
[2m2026-03-15T09:14:19.091744Z[0m [32m INFO[0m [SCANNER] signals=81219 settles=72 cl=87779 bn=42083 whales=0 markets=3 books=1224 | http://0.0.0.0:8080
[2m2026-03-15T09:15:01.207243Z[0m [32m INFO[0m [CL_CLOSE] btc-updown-15m-1773565200 snap=71554.48
[2m2026-03-15T09:15:01.207284Z[0m [32m INFO[0m [CL_CLOSE] eth-updown-15m-1773565200 snap=2108.88
[2m2026-03-15T09:15:01.207288Z[0m [32m INFO[0m [CL_CLOSE] sol-updown-15m-1773565200 snap=88.29
[2m2026-03-15T09:15:05.220375Z[0m [32m INFO[0m [SETTLE] btc-updown-15m-1773565200 cl=71554.48 bn=71817.05 open=71554.48 d=+0.0000% -> NO
[2m2026-03-15T09:15:05.220434Z[0m [32m INFO[0m [SETTLE] eth-updown-15m-1773565200 cl=2108.88 bn=2119.00 open=2108.88 d=+0.0000% -> NO
[2m2026-03-15T09:15:05.220446Z[0m [32m INFO[0m [SETTLE] sol-updown-15m-1773565200 cl=88.29 bn=88.75 open=88.29 d=+0.0000% -> NO
[2m2026-03-15T09:15:16.862057Z[0m [32m INFO[0m [DISCOVER] New market: btc-updown-5m-1773566100
[2m2026-03-15T09:15:17.360088Z[0m [32m INFO[0m [DISCOVER] New market: btc-updown-15m-1773566100
[2m2026-03-15T09:15:18.870542Z[0m [32m INFO[0m [DISCOVER] New market: eth-updown-5m-1773566100
[2m2026-03-15T09:15:19.367250Z[0m [32m INFO[0m [DISCOVER] New market: eth-updown-15m-1773566100
[2m2026-03-15T09:15:20.873702Z[0m [32m INFO[0m [DISCOVER] New market: sol-updown-5m-1773566100
[2m2026-03-15T09:15:21.369476Z[0m [32m INFO[0m [DISCOVER] New market: sol-updown-15m-1773566100
[2m2026-03-15T09:15:22.362533Z[0m [33m WARN[0m [OPEN] sol-updown-15m-1773566100 skipped: joined 16s late (grace=15s), CL has drifted
[2m2026-03-15T09:15:22.362566Z[0m [33m WARN[0m [OPEN] eth-updown-15m-1773566100 skipped: joined 16s late (grace=15s), CL has drifted
[2m2026-03-15T09:15:22.362568Z[0m [33m WARN[0m [OPEN] eth-updown-5m-1773566100 skipped: joined 16s late (grace=5s), CL has drifted
[2m2026-03-15T09:15:22.362571Z[0m [33m WARN[0m [OPEN] btc-updown-15m-1773566100 skipped: joined 16s late (grace=15s), CL has drifted
[2m2026-03-15T09:15:22.362573Z[0m [33m WARN[0m [OPEN] btc-updown-5m-1773566100 skipped: joined 16s late (grace=5s), CL has drifted
[2m2026-03-15T09:15:22.362575Z[0m [33m WARN[0m [OPEN] sol-updown-5m-1773566100 skipped: joined 16s late (grace=5s), CL has drifted
[2m2026-03-15T09:15:22.362578Z[0m [32m INFO[0m [SCANNER] signals=81282 settles=75 cl=87779 bn=42171 whales=0 markets=0 books=1224 | http://0.0.0.0:8080
[2m2026-03-15T09:16:19.597142Z[0m [32m INFO[0m [SCANNER] signals=81282 settles=75 cl=87779 bn=42259 whales=0 markets=0 books=1236 | http://0.0.0.0:8080
[2m2026-03-15T09:17:17.239139Z[0m [32m INFO[0m [PRUNE] Removed 6 expired markets
[2m2026-03-15T09:17:19.843488Z[0m [32m INFO[0m [SCANNER] signals=81282 settles=75 cl=87779 bn=42315 whales=0 markets=0 books=1236 | http://0.0.0.0:8080
[2m2026-03-15T09:17:57.064243Z[0m [32m INFO[0m [WHALE] Leaderboard loaded from https://data-api.polymarket.com/v1/leaderboard?category=CRYPTO&orderBy=PNL&limit=50 (50 entries)
[2m2026-03-15T09:17:57.064569Z[0m [32m INFO[0m [WHALE] Tracking 50 wallets (top by PNL)
[2m2026-03-15T09:18:20.186496Z[0m [32m INFO[0m [SCANNER] signals=81282 settles=75 cl=87779 bn=42374 whales=0 markets=0 books=1236 | http://0.0.0.0:8080
[2m2026-03-15T09:19:20.438470Z[0m [32m INFO[0m [SCANNER] signals=81282 settles=75 cl=87779 bn=42437 whales=0 markets=0 books=1236 | http://0.0.0.0:8080
[2m2026-03-15T09:20:18.194459Z[0m [32m INFO[0m [DISCOVER] New market: btc-updown-5m-1773566400
[2m2026-03-15T09:20:19.694597Z[0m [32m INFO[0m [DISCOVER] New market: eth-updown-5m-1773566400
[2m2026-03-15T09:20:21.199400Z[0m [32m INFO[0m [DISCOVER] New market: sol-updown-5m-1773566400
[2m2026-03-15T09:20:22.193936Z[0m [33m WARN[0m [OPEN] btc-updown-5m-1773566400 skipped: joined 18s late (grace=5s), CL has drifted
[2m2026-03-15T09:20:22.193967Z[0m [33m WARN[0m [OPEN] eth-updown-5m-1773566400 skipped: joined 18s late (grace=5s), CL has drifted
[2m2026-03-15T09:20:22.193971Z[0m [33m WARN[0m [OPEN] sol-updown-5m-1773566400 skipped: joined 18s late (grace=5s), CL has drifted
[2m2026-03-15T09:20:22.193976Z[0m [32m INFO[0m [SCANNER] signals=81282 settles=75 cl=87779 bn=42500 whales=0 markets=0 books=1236 | http://0.0.0.0:8080
[2m2026-03-15T09:21:20.937578Z[0m [32m INFO[0m [SCANNER] signals=81282 settles=75 cl=87779 bn=42559 whales=0 markets=0 books=1242 | http://0.0.0.0:8080
[2m2026-03-15T09:22:18.567269Z[0m [32m INFO[0m [PRUNE] Removed 3 expired markets
[2m2026-03-15T09:22:21.172680Z[0m [32m INFO[0m [SCANNER] signals=81282 settles=75 cl=87779 bn=42656 whales=0 markets=0 books=1242 | http://0.0.0.0:8080
[2m2026-03-15T09:23:00.216318Z[0m [32m INFO[0m [WHALE] Leaderboard loaded from https://data-api.polymarket.com/v1/leaderboard?category=CRYPTO&orderBy=PNL&limit=50 (50 entries)
[2m2026-03-15T09:23:00.216631Z[0m [32m INFO[0m [WHALE] Tracking 50 wallets (top by PNL)
[2m2026-03-15T09:23:21.510417Z[0m [32m INFO[0m [SCANNER] signals=81282 settles=75 cl=87779 bn=42749 whales=0 markets=0 books=1242 | http://0.0.0.0:8080
[2m2026-03-15T09:24:21.752285Z[0m [32m INFO[0m [SCANNER] signals=81282 settles=75 cl=87779 bn=42805 whales=0 markets=0 books=1242 | http://0.0.0.0:8080
[2m2026-03-15T09:25:19.497797Z[0m [32m INFO[0m [DISCOVER] New market: btc-updown-5m-1773566700
[2m2026-03-15T09:25:20.998563Z[0m [32m INFO[0m [DISCOVER] New market: eth-updown-5m-1773566700
[2m2026-03-15T09:25:22.504969Z[0m [32m INFO[0m [DISCOVER] New market: sol-updown-5m-1773566700
[2m2026-03-15T09:25:23.495641Z[0m [33m WARN[0m [OPEN] btc-updown-5m-1773566700 skipped: joined 19s late (grace=5s), CL has drifted
[2m2026-03-15T09:25:23.495702Z[0m [33m WARN[0m [OPEN] eth-updown-5m-1773566700 skipped: joined 19s late (grace=5s), CL has drifted
[2m2026-03-15T09:25:23.495706Z[0m [33m WARN[0m [OPEN] sol-updown-5m-1773566700 skipped: joined 19s late (grace=5s), CL has drifted
[2m2026-03-15T09:25:23.495710Z[0m [32m INFO[0m [SCANNER] signals=81282 settles=75 cl=87779 bn=42872 whales=0 markets=0 books=1242 | http://0.0.0.0:8080
[2m2026-03-15T09:26:22.238686Z[0m [32m INFO[0m [SCANNER] signals=81282 settles=75 cl=87779 bn=42963 whales=0 markets=0 books=1248 | http://0.0.0.0:8080
[2m2026-03-15T09:27:19.883131Z[0m [32m INFO[0m [PRUNE] Removed 3 expired markets
[2m2026-03-15T09:27:22.489123Z[0m [32m INFO[0m [SCANNER] signals=81282 settles=75 cl=87779 bn=43044 whales=0 markets=0 books=1248 | http://0.0.0.0:8080
[2m2026-03-15T09:28:02.831234Z[0m [32m INFO[0m [WHALE] Leaderboard loaded from https://data-api.polymarket.com/v1/leaderboard?category=CRYPTO&orderBy=PNL&limit=50 (50 entries)
[2m2026-03-15T09:28:02.831516Z[0m [32m INFO[0m [WHALE] Tracking 50 wallets (top by PNL)
[2m2026-03-15T09:28:22.835595Z[0m [32m INFO[0m [SCANNER] signals=81282 settles=75 cl=87779 bn=43100 whales=0 markets=0 books=1248 | http://0.0.0.0:8080
[2m2026-03-15T09:29:23.085672Z[0m [32m INFO[0m [SCANNER] signals=81282 settles=75 cl=87779 bn=43153 whales=0 markets=0 books=1248 | http://0.0.0.0:8080
[2m2026-03-15T09:30:20.840477Z[0m [32m INFO[0m [DISCOVER] New market: btc-updown-5m-1773567000
[2m2026-03-15T09:30:21.342818Z[0m [32m INFO[0m [DISCOVER] New market: btc-updown-15m-1773567000
[2m2026-03-15T09:30:22.844928Z[0m [32m INFO[0m [DISCOVER] New market: eth-updown-5m-1773567000
[2m2026-03-15T09:30:23.351565Z[0m [32m INFO[0m [DISCOVER] New market: eth-updown-15m-1773567000
[2m2026-03-15T09:30:24.849037Z[0m [32m INFO[0m [DISCOVER] New market: sol-updown-5m-1773567000
[2m2026-03-15T09:30:25.351579Z[0m [32m INFO[0m [DISCOVER] New market: sol-updown-15m-1773567000
[2m2026-03-15T09:30:26.343985Z[0m [33m WARN[0m [OPEN] btc-updown-15m-1773567000 skipped: joined 20s late (grace=15s), CL has drifted
[2m2026-03-15T09:30:26.344022Z[0m [33m WARN[0m [OPEN] btc-updown-5m-1773567000 skipped: joined 20s late (grace=5s), CL has drifted
[2m2026-03-15T09:30:26.344025Z[0m [33m WARN[0m [OPEN] eth-updown-15m-1773567000 skipped: joined 20s late (grace=15s), CL has drifted
[2m2026-03-15T09:30:26.344028Z[0m [33m WARN[0m [OPEN] sol-updown-5m-1773567000 skipped: joined 20s late (grace=5s), CL has drifted
[2m2026-03-15T09:30:26.344030Z[0m [33m WARN[0m [OPEN] sol-updown-15m-1773567000 skipped: joined 20s late (grace=15s), CL has drifted
[2m2026-03-15T09:30:26.344032Z[0m [33m WARN[0m [OPEN] eth-updown-5m-1773567000 skipped: joined 20s late (grace=5s), CL has drifted
[2m2026-03-15T09:30:26.344035Z[0m [32m INFO[0m [SCANNER] signals=81282 settles=75 cl=87779 bn=43221 whales=0 markets=0 books=1248 | http://0.0.0.0:8080
[2m2026-03-15T09:31:23.581784Z[0m [32m INFO[0m [SCANNER] signals=81282 settles=75 cl=87779 bn=43276 whales=0 markets=0 books=1260 | http://0.0.0.0:8080
[2m2026-03-15T09:32:21.212522Z[0m [32m INFO[0m [PRUNE] Removed 6 expired markets
[2m2026-03-15T09:32:23.819083Z[0m [32m INFO[0m [SCANNER] signals=81282 settles=75 cl=87779 bn=43331 whales=0 markets=0 books=1260 | http://0.0.0.0:8080
[2m2026-03-15T09:33:08.020507Z[0m [32m INFO[0m [WHALE] Leaderboard loaded from https://data-api.polymarket.com/v1/leaderboard?category=CRYPTO&orderBy=PNL&limit=50 (50 entries)
[2m2026-03-15T09:33:08.020859Z[0m [32m INFO[0m [WHALE] Tracking 50 wallets (top by PNL)
[2m2026-03-15T09:33:24.163611Z[0m [32m INFO[0m [SCANNER] signals=81282 settles=75 cl=87779 bn=43383 whales=0 markets=0 books=1260 | http://0.0.0.0:8080
[2m2026-03-15T09:34:24.414905Z[0m [32m INFO[0m [SCANNER] signals=81282 settles=75 cl=87779 bn=43458 whales=0 markets=0 books=1260 | http://0.0.0.0:8080
[2m2026-03-15T09:35:22.175388Z[0m [32m INFO[0m [DISCOVER] New market: btc-updown-5m-1773567300
[2m2026-03-15T09:35:23.672832Z[0m [32m INFO[0m [DISCOVER] New market: eth-updown-5m-1773567300
[2m2026-03-15T09:35:25.181706Z[0m [32m INFO[0m [DISCOVER] New market: sol-updown-5m-1773567300
[2m2026-03-15T09:35:26.171615Z[0m [33m WARN[0m [OPEN] eth-updown-5m-1773567300 skipped: joined 22s late (grace=5s), CL has drifted
[2m2026-03-15T09:35:26.171649Z[0m [33m WARN[0m [OPEN] btc-updown-5m-1773567300 skipped: joined 22s late (grace=5s), CL has drifted
[2m2026-03-15T09:35:26.171652Z[0m [33m WARN[0m [OPEN] sol-updown-5m-1773567300 skipped: joined 22s late (grace=5s), CL has drifted
[2m2026-03-15T09:35:26.171656Z[0m [32m INFO[0m [SCANNER] signals=81282 settles=75 cl=87779 bn=43532 whales=0 markets=0 books=1260 | http://0.0.0.0:8080
[2m2026-03-15T09:36:24.909055Z[0m [32m INFO[0m [SCANNER] signals=81282 settles=75 cl=87779 bn=43572 whales=0 markets=0 books=1266 | http://0.0.0.0:8080
[2m2026-03-15T09:37:22.542968Z[0m [32m INFO[0m [PRUNE] Removed 3 expired markets
[2m2026-03-15T09:37:25.149019Z[0m [32m INFO[0m [SCANNER] signals=81282 settles=75 cl=87779 bn=43643 whales=0 markets=0 books=1266 | http://0.0.0.0:8080
[2m2026-03-15T09:38:11.201380Z[0m [32m INFO[0m [WHALE] Leaderboard loaded from https://data-api.polymarket.com/v1/leaderboard?category=CRYPTO&orderBy=PNL&limit=50 (50 entries)
[2m2026-03-15T09:38:11.201623Z[0m [32m INFO[0m [WHALE] Tracking 50 wallets (top by PNL)
[2m2026-03-15T09:38:25.494875Z[0m [32m INFO[0m [SCANNER] signals=81282 settles=75 cl=87779 bn=43701 whales=0 markets=0 books=1266 | http://0.0.0.0:8080
[2m2026-03-15T09:39:25.739376Z[0m [32m INFO[0m [SCANNER] signals=81282 settles=75 cl=87779 bn=43753 whales=0 markets=0 books=1266 | http://0.0.0.0:8080
[2m2026-03-15T09:40:23.486562Z[0m [32m INFO[0m [DISCOVER] New market: btc-updown-5m-1773567600
[2m2026-03-15T09:40:24.984856Z[0m [32m INFO[0m [DISCOVER] New market: eth-updown-5m-1773567600
[2m2026-03-15T09:40:26.487457Z[0m [32m INFO[0m [DISCOVER] New market: sol-updown-5m-1773567600
[2m2026-03-15T09:40:27.480763Z[0m [33m WARN[0m [OPEN] eth-updown-5m-1773567600 skipped: joined 23s late (grace=5s), CL has drifted
[2m2026-03-15T09:40:27.480796Z[0m [33m WARN[0m [OPEN] btc-updown-5m-1773567600 skipped: joined 23s late (grace=5s), CL has drifted
[2m2026-03-15T09:40:27.480799Z[0m [33m WARN[0m [OPEN] sol-updown-5m-1773567600 skipped: joined 23s late (grace=5s), CL has drifted
[2m2026-03-15T09:40:27.480803Z[0m [32m INFO[0m [SCANNER] signals=81282 settles=75 cl=87779 bn=43779 whales=0 markets=0 books=1266 | http://0.0.0.0:8080
[2m2026-03-15T09:41:26.229126Z[0m [32m INFO[0m [SCANNER] signals=81282 settles=75 cl=87779 bn=43834 whales=0 markets=0 books=1272 | http://0.0.0.0:8080
[2m2026-03-15T09:42:23.866534Z[0m [32m INFO[0m [PRUNE] Removed 3 expired markets
[2m2026-03-15T09:42:26.471930Z[0m [32m INFO[0m [SCANNER] signals=81282 settles=75 cl=87779 bn=43874 whales=0 markets=0 books=1272 | http://0.0.0.0:8080
[2m2026-03-15T09:43:14.418610Z[0m [32m INFO[0m [WHALE] Leaderboard loaded from https://data-api.polymarket.com/v1/leaderboard?category=CRYPTO&orderBy=PNL&limit=50 (50 entries)
[2m2026-03-15T09:43:14.418981Z[0m [32m INFO[0m [WHALE] Tracking 50 wallets (top by PNL)
[2m2026-03-15T09:43:26.816525Z[0m [32m INFO[0m [SCANNER] signals=81282 settles=75 cl=87779 bn=43912 whales=0 markets=0 books=1272 | http://0.0.0.0:8080
[2m2026-03-15T09:44:27.055157Z[0m [32m INFO[0m [SCANNER] signals=81282 settles=75 cl=87779 bn=43983 whales=0 markets=0 books=1272 | http://0.0.0.0:8080
[2m2026-03-15T09:45:24.805346Z[0m [32m INFO[0m [DISCOVER] New market: btc-updown-5m-1773567900
[2m2026-03-15T09:45:25.307065Z[0m [32m INFO[0m [DISCOVER] New market: btc-updown-15m-1773567900
[2m2026-03-15T09:45:26.812484Z[0m [32m INFO[0m [DISCOVER] New market: eth-updown-5m-1773567900
[2m2026-03-15T09:45:27.315696Z[0m [32m INFO[0m [DISCOVER] New market: eth-updown-15m-1773567900
[2m2026-03-15T09:45:28.818300Z[0m [32m INFO[0m [DISCOVER] New market: sol-updown-5m-1773567900
[2m2026-03-15T09:45:29.320897Z[0m [32m INFO[0m [DISCOVER] New market: sol-updown-15m-1773567900
[2m2026-03-15T09:45:30.310810Z[0m [33m WARN[0m [OPEN] sol-updown-15m-1773567900 skipped: joined 24s late (grace=15s), CL has drifted
[2m2026-03-15T09:45:30.310845Z[0m [33m WARN[0m [OPEN] btc-updown-5m-1773567900 skipped: joined 24s late (grace=5s), CL has drifted
[2m2026-03-15T09:45:30.310849Z[0m [33m WARN[0m [OPEN] btc-updown-15m-1773567900 skipped: joined 24s late (grace=15s), CL has drifted
[2m2026-03-15T09:45:30.310852Z[0m [33m WARN[0m [OPEN] eth-updown-5m-1773567900 skipped: joined 24s late (grace=5s), CL has drifted
[2m2026-03-15T09:45:30.310855Z[0m [33m WARN[0m [OPEN] eth-updown-15m-1773567900 skipped: joined 24s late (grace=15s), CL has drifted
[2m2026-03-15T09:45:30.310858Z[0m [33m WARN[0m [OPEN] sol-updown-5m-1773567900 skipped: joined 24s late (grace=5s), CL has drifted
[2m2026-03-15T09:45:30.310878Z[0m [32m INFO[0m [SCANNER] signals=81282 settles=75 cl=87779 bn=44040 whales=0 markets=0 books=1272 | http://0.0.0.0:8080
[2m2026-03-15T09:46:27.551604Z[0m [32m INFO[0m [SCANNER] signals=81282 settles=75 cl=87779 bn=44091 whales=0 markets=0 books=1284 | http://0.0.0.0:8080
[2m2026-03-15T09:47:25.198038Z[0m [32m INFO[0m [PRUNE] Removed 6 expired markets
[2m2026-03-15T09:47:27.802934Z[0m [32m INFO[0m [SCANNER] signals=81282 settles=75 cl=87779 bn=44130 whales=0 markets=0 books=1284 | http://0.0.0.0:8080
[2m2026-03-15T09:48:19.538352Z[0m [32m INFO[0m [WHALE] Leaderboard loaded from https://data-api.polymarket.com/v1/leaderboard?category=CRYPTO&orderBy=PNL&limit=50 (50 entries)
[2m2026-03-15T09:48:19.538689Z[0m [32m INFO[0m [WHALE] Tracking 50 wallets (top by PNL)
[2m2026-03-15T09:48:28.157404Z[0m [32m INFO[0m [SCANNER] signals=81282 settles=75 cl=87779 bn=44185 whales=0 markets=0 books=1284 | http://0.0.0.0:8080
[2m2026-03-15T09:49:28.400564Z[0m [32m INFO[0m [SCANNER] signals=81282 settles=75 cl=87779 bn=44246 whales=0 markets=0 books=1284 | http://0.0.0.0:8080
[2m2026-03-15T09:50:26.145325Z[0m [32m INFO[0m [DISCOVER] New market: btc-updown-5m-1773568200
[2m2026-03-15T09:50:27.650657Z[0m [32m INFO[0m [DISCOVER] New market: eth-updown-5m-1773568200
[2m2026-03-15T09:50:29.155496Z[0m [32m INFO[0m [DISCOVER] New market: sol-updown-5m-1773568200
[2m2026-03-15T09:50:30.145840Z[0m [33m WARN[0m [OPEN] eth-updown-5m-1773568200 skipped: joined 26s late (grace=5s), CL has drifted
[2m2026-03-15T09:50:30.145874Z[0m [33m WARN[0m [OPEN] sol-updown-5m-1773568200 skipped: joined 26s late (grace=5s), CL has drifted
[2m2026-03-15T09:50:30.145877Z[0m [33m WARN[0m [OPEN] btc-updown-5m-1773568200 skipped: joined 26s late (grace=5s), CL has drifted
[2m2026-03-15T09:50:30.145881Z[0m [32m INFO[0m [SCANNER] signals=81282 settles=75 cl=87779 bn=44289 whales=0 markets=0 books=1284 | http://0.0.0.0:8080
[2m2026-03-15T09:51:28.885898Z[0m [32m INFO[0m [SCANNER] signals=81282 settles=75 cl=87779 bn=44340 whales=0 markets=0 books=1290 | http://0.0.0.0:8080
[2m2026-03-15T09:52:26.528715Z[0m [32m INFO[0m [PRUNE] Removed 3 expired markets
[2m2026-03-15T09:52:29.147258Z[0m [32m INFO[0m [SCANNER] signals=81282 settles=75 cl=87779 bn=44386 whales=0 markets=0 books=1290 | http://0.0.0.0:8080
[2m2026-03-15T09:53:20.156518Z[0m [32m INFO[0m [WHALE] Leaderboard loaded from https://data-api.polymarket.com/v1/leaderboard?category=CRYPTO&orderBy=PNL&limit=50 (50 entries)
[2m2026-03-15T09:53:20.156799Z[0m [32m INFO[0m [WHALE] Tracking 50 wallets (top by PNL)
[2m2026-03-15T09:53:29.482655Z[0m [32m INFO[0m [SCANNER] signals=81282 settles=75 cl=87779 bn=44458 whales=0 markets=0 books=1290 | http://0.0.0.0:8080
[2m2026-03-15T09:54:29.729037Z[0m [32m INFO[0m [SCANNER] signals=81282 settles=75 cl=87779 bn=44496 whales=0 markets=0 books=1290 | http://0.0.0.0:8080
[2m2026-03-15T09:55:27.486167Z[0m [32m INFO[0m [DISCOVER] New market: btc-updown-5m-1773568500
[2m2026-03-15T09:55:28.987426Z[0m [32m INFO[0m [DISCOVER] New market: eth-updown-5m-1773568500
[2m2026-03-15T09:55:30.490286Z[0m [32m INFO[0m [DISCOVER] New market: sol-updown-5m-1773568500
[2m2026-03-15T09:55:31.481384Z[0m [33m WARN[0m [OPEN] sol-updown-5m-1773568500 skipped: joined 27s late (grace=5s), CL has drifted
[2m2026-03-15T09:55:31.481426Z[0m [33m WARN[0m [OPEN] eth-updown-5m-1773568500 skipped: joined 27s late (grace=5s), CL has drifted
[2m2026-03-15T09:55:31.481432Z[0m [33m WARN[0m [OPEN] btc-updown-5m-1773568500 skipped: joined 27s late (grace=5s), CL has drifted
[2m2026-03-15T09:55:31.481437Z[0m [32m INFO[0m [SCANNER] signals=81282 settles=75 cl=87779 bn=44536 whales=0 markets=0 books=1290 | http://0.0.0.0:8080
[2m2026-03-15T09:56:30.231722Z[0m [32m INFO[0m [SCANNER] signals=81282 settles=75 cl=87779 bn=44599 whales=0 markets=0 books=1296 | http://0.0.0.0:8080
[2m2026-03-15T09:57:27.867732Z[0m [32m INFO[0m [PRUNE] Removed 3 expired markets
[2m2026-03-15T09:57:30.470041Z[0m [32m INFO[0m [SCANNER] signals=81282 settles=75 cl=87779 bn=44646 whales=0 markets=0 books=1296 | http://0.0.0.0:8080
[2m2026-03-15T09:58:20.763398Z[0m [32m INFO[0m [WHALE] Leaderboard loaded from https://data-api.polymarket.com/v1/leaderboard?category=CRYPTO&orderBy=PNL&limit=50 (50 entries)
[2m2026-03-15T09:58:20.763677Z[0m [32m INFO[0m [WHALE] Tracking 50 wallets (top by PNL)
[2m2026-03-15T09:58:30.818048Z[0m [32m INFO[0m [SCANNER] signals=81282 settles=75 cl=87779 bn=44686 whales=0 markets=0 books=1296 | http://0.0.0.0:8080
[2m2026-03-15T09:59:31.055251Z[0m [32m INFO[0m [SCANNER] signals=81282 settles=75 cl=87779 bn=44737 whales=0 markets=0 books=1296 | http://0.0.0.0:8080
[2m2026-03-15T10:00:28.806010Z[0m [32m INFO[0m [DISCOVER] New market: btc-updown-5m-1773568800
[2m2026-03-15T10:00:29.303526Z[0m [32m INFO[0m [DISCOVER] New market: btc-updown-15m-1773568800
[2m2026-03-15T10:00:30.808943Z[0m [32m INFO[0m [DISCOVER] New market: eth-updown-5m-1773568800
[2m2026-03-15T10:00:31.307435Z[0m [32m INFO[0m [DISCOVER] New market: eth-updown-15m-1773568800
[2m2026-03-15T10:00:32.814478Z[0m [32m INFO[0m [DISCOVER] New market: sol-updown-5m-1773568800
[2m2026-03-15T10:00:33.340787Z[0m [32m INFO[0m [DISCOVER] New market: sol-updown-15m-1773568800
[2m2026-03-15T10:00:34.309486Z[0m [33m WARN[0m [OPEN] btc-updown-15m-1773568800 skipped: joined 28s late (grace=15s), CL has drifted
[2m2026-03-15T10:00:34.309522Z[0m [33m WARN[0m [OPEN] eth-updown-5m-1773568800 skipped: joined 28s late (grace=5s), CL has drifted
[2m2026-03-15T10:00:34.309525Z[0m [33m WARN[0m [OPEN] sol-updown-15m-1773568800 skipped: joined 28s late (grace=15s), CL has drifted
[2m2026-03-15T10:00:34.309527Z[0m [33m WARN[0m [OPEN] eth-updown-15m-1773568800 skipped: joined 28s late (grace=15s), CL has drifted
[2m2026-03-15T10:00:34.309529Z[0m [33m WARN[0m [OPEN] sol-updown-5m-1773568800 skipped: joined 28s late (grace=5s), CL has drifted
[2m2026-03-15T10:00:34.309531Z[0m [33m WARN[0m [OPEN] btc-updown-5m-1773568800 skipped: joined 28s late (grace=5s), CL has drifted
[2m2026-03-15T10:00:34.309535Z[0m [32m INFO[0m [SCANNER] signals=81282 settles=75 cl=87779 bn=44806 whales=0 markets=0 books=1296 | http://0.0.0.0:8080
[2m2026-03-15T10:01:31.550540Z[0m [32m INFO[0m [SCANNER] signals=81282 settles=75 cl=87779 bn=44880 whales=0 markets=0 books=1308 | http://0.0.0.0:8080
[2m2026-03-15T10:02:00.112255Z[0m [33m WARN[0m [BOOK] batch failed: CLOB batch book JSON parse failed
[2m2026-03-15T10:02:29.196597Z[0m [32m INFO[0m [PRUNE] Removed 6 expired markets
[2m2026-03-15T10:02:31.800583Z[0m [32m INFO[0m [SCANNER] signals=81282 settles=75 cl=87779 bn=44933 whales=0 markets=0 books=1308 | http://0.0.0.0:8080
[2m2026-03-15T10:03:21.831920Z[0m [32m INFO[0m [WHALE] Leaderboard loaded from https://data-api.polymarket.com/v1/leaderboard?category=CRYPTO&orderBy=PNL&limit=50 (50 entries)
[2m2026-03-15T10:03:21.832137Z[0m [32m INFO[0m [WHALE] Tracking 50 wallets (top by PNL)
[2m2026-03-15T10:03:32.129726Z[0m [32m INFO[0m [SCANNER] signals=81282 settles=75 cl=87779 bn=44999 whales=0 markets=0 books=1308 | http://0.0.0.0:8080
[2m2026-03-15T10:04:32.369774Z[0m [32m INFO[0m [SCANNER] signals=81282 settles=75 cl=87779 bn=45073 whales=0 markets=0 books=1308 | http://0.0.0.0:8080
[2m2026-03-15T10:05:30.118953Z[0m [32m INFO[0m [DISCOVER] New market: btc-updown-5m-1773569100
[2m2026-03-15T10:05:31.617243Z[0m [32m INFO[0m [DISCOVER] New market: eth-updown-5m-1773569100
[2m2026-03-15T10:05:33.120045Z[0m [32m INFO[0m [DISCOVER] New market: sol-updown-5m-1773569100
[2m2026-03-15T10:05:34.111148Z[0m [33m WARN[0m [OPEN] btc-updown-5m-1773569100 skipped: joined 30s late (grace=5s), CL has drifted
[2m2026-03-15T10:05:34.111190Z[0m [33m WARN[0m [OPEN] sol-updown-5m-1773569100 skipped: joined 30s late (grace=5s), CL has drifted
[2m2026-03-15T10:05:34.111194Z[0m [33m WARN[0m [OPEN] eth-updown-5m-1773569100 skipped: joined 30s late (grace=5s), CL has drifted
[2m2026-03-15T10:05:34.111221Z[0m [32m INFO[0m [SCANNER] signals=81282 settles=75 cl=87779 bn=45149 whales=0 markets=0 books=1308 | http://0.0.0.0:8080
[2m2026-03-15T10:06:32.847821Z[0m [32m INFO[0m [SCANNER] signals=81282 settles=75 cl=87779 bn=45203 whales=0 markets=0 books=1314 | http://0.0.0.0:8080
[2m2026-03-15T10:07:30.479297Z[0m [32m INFO[0m [PRUNE] Removed 3 expired markets
[2m2026-03-15T10:07:33.086890Z[0m [32m INFO[0m [SCANNER] signals=81282 settles=75 cl=87779 bn=45285 whales=0 markets=0 books=1314 | http://0.0.0.0:8080
[2m2026-03-15T10:08:22.542064Z[0m [32m INFO[0m [WHALE] Leaderboard loaded from https://data-api.polymarket.com/v1/leaderboard?category=CRYPTO&orderBy=PNL&limit=50 (50 entries)
[2m2026-03-15T10:08:22.542469Z[0m [32m INFO[0m [WHALE] Tracking 50 wallets (top by PNL)
[2m2026-03-15T10:08:33.446121Z[0m [32m INFO[0m [SCANNER] signals=81282 settles=75 cl=87779 bn=45352 whales=0 markets=0 books=1314 | http://0.0.0.0:8080
[2m2026-03-15T10:09:33.685164Z[0m [32m INFO[0m [SCANNER] signals=81282 settles=75 cl=87779 bn=45417 whales=0 markets=0 books=1314 | http://0.0.0.0:8080
[2m2026-03-15T10:10:31.437235Z[0m [32m INFO[0m [DISCOVER] New market: btc-updown-5m-1773569400
